Zona eleitoral;Seção;Nº local;Local de votação;Bairro;Zona administrativa;Eleitores aptos;Votos válidos;Votos Omar Aziz (55);% válidos Omar Aziz;Votos Professora Maria do Carmo (22);% válidos Professora Maria do Carmo
1;550;2291;"E. M. SERGIO ALFREDO PESSOA FIGUEIREDO";"Presidente Vargas";"Sul";363;295;88;29,83;100;33,90
1;616;2399;"E. E. RIBEIRO DA CUNHA";"Centro";"Sul";260;172;63;36,63;60;34,88
1;640;2429;"E. E. CARVALHO LEAL";"Cachoeirinha";"Sul";347;268;107;39,93;76;28,36
1;641;2089;"ESCOLA SUPERIOR DE CIENCIAS DA SAUDE - UEA";"Cachoeirinha";"Sul";316;246;88;35,77;94;38,21
1;642;2321;"E. E. MILBURGES BEZERRA DE ARAUJO";"Raiz";"Sul";313;251;84;33,47;67;26,69
1;643;2054;"E. E. 1º DE MAIO";"Praça 14 de Janeiro";"Sul";321;262;95;36,26;91;34,73
1;644;2402;"E. E. SOLON DE LUCENA";"São Geraldo";"Centro-Sul";340;282;100;35,46;87;30,85
1;645;2267;"SESC CENTRO";"Centro";"Sul";335;259;91;35,14;83;32,05
1;646;2437;"E. E. PRINCESA ISABEL (SEÇÕES IEA 646/702/723/749)";"Centro";"Sul";269;203;86;42,36;62;30,54
1;647;2135;"E. E. ANGELO RAMAZZOTTI";"Adrianópolis";"Centro-Sul";272;211;48;22,75;96;45,50
1;648;2348;"CENTRO ESTADUAL DE CONVIVÊNCIA DO IDOSO - CECI APARECIDA";"Nossa Senhora Aparecida";"Sul";344;255;105;41,18;75;29,41
1;649;2194;"PARQUE MUNICIPAL DO IDOSO 2";"Nossa Senhora das Graças";"Centro-Sul";304;233;83;35,62;80;34,33
1;650;2305;"E.E. ANTONIO TELLES DE SOUZA";"Presidente Vargas";"Sul";286;227;94;41,41;73;32,16
1;651;2178;"ESCOLA DE ENFERMAGEM DE MANAUS - UFAM";"Adrianópolis";"Centro-Sul";266;206;65;31,55;82;39,81
1;652;2453;"COLEGIO NOSSA SENHORA AUXILIADORA";"Centro";"Sul";396;306;116;37,91;89;29,08
1;653;2160;"ESCOLA SUPERIOR DE ARTES E TURISMO - UEA";"Praça 14 de Janeiro";"Sul";274;222;91;40,99;62;27,93
1;654;2100;"JUCEA - SEÇÕES 654 692 714 745 E E NOSSA SENHORA DAS GRAÇAS";"Nossa Senhora das Graças";"Centro-Sul";301;250;83;33,20;69;27,60
1;655;2119;"FACULDADE DE MEDICINA - UFAM";"Centro";"Sul";293;235;78;33,19;88;37,45
1;657;2208;"ESCOLA SUPERIOR DE CIÊNCIAS SOCIAIS - UEA";"Cachoeirinha";"Sul";270;214;76;35,51;78;36,45
1;658;2445;"COLÉGIO SANTA DOROTEIA";"Centro";"Sul";328;248;99;39,92;67;27,02
1;659;2470;"SENAI";"Cachoeirinha";"Sul";362;284;93;32,75;82;28,87
1;660;2275;"E. E. CONEGO AZEVEDO";"Nossa Senhora Aparecida";"Sul";255;211;96;45,50;51;24,17
1;661;2046;"E. E. PLÁCIDO SERRANO";"Praça 14 de Janeiro";"Sul";281;238;81;34,03;88;36,97
1;662;2399;"E. E. RIBEIRO DA CUNHA";"Centro";"Sul";265;192;53;27,60;77;40,10
1;663;2380;"E. E. SEN. CUNHA MELO";"Raiz";"Sul";317;245;73;29,80;67;27,35
1;664;2372;"E. M. SAGRADO CORAÇÃO DE JESUS";"Centro";"Sul";304;247;93;37,65;96;38,87
1;665;2020;"E. E. FARIAS BRITO";"Centro";"Sul";308;251;86;34,26;73;29,08
1;666;2488;"E. M. JOSÉ CARLOS MARTINS MESTRINHO";"Nossa Senhora das Graças";"Centro-Sul";392;306;112;36,60;103;33,66
1;667;1996;"IFAM - INST FED DE EDUCAÇÃO CIÊNCIA E TECNOLOGIA DO AMAZONAS";"Centro";"Sul";302;238;70;29,41;79;33,19
1;668;2062;"SENAI";"Cachoeirinha";"Sul";342;286;86;30,07;101;35,31
1;669;2496;"COLÉGIO LATO SENSU UNIDADE ADRIANÓPOLIS";"Adrianópolis";"Centro-Sul";347;279;90;32,26;101;36,20
1;670;2313;"E. E. VICENTE SCHETTINI";"Nossa Senhora Aparecida";"Sul";284;235;94;40,00;76;32,34
1;671;2240;"E. M. SERGIO ALFREDO PESSOA FIGUEIREDO";"Presidente Vargas";"Sul";294;250;97;38,80;71;28,40
1;672;2232;"E. E. SOLON DE LUCENA";"São Geraldo";"Centro-Sul";265;215;63;29,30;79;36,74
1;673;2186;"IFAM - INST FED DE EDUCAÇÃO CIÊNCIA E TECNOLOGIA DO AMAZONAS";"Centro";"Sul";272;219;57;26,03;91;41,55
1;674;2445;"COLÉGIO SANTA DOROTEIA";"Centro";"Sul";333;261;102;39,08;90;34,48
1;675;2437;"E. E. PRINCESA ISABEL (SEÇÕES IEA 646/702/723/749)";"Centro";"Sul";273;217;91;41,94;63;29,03
1;676;2496;"COLÉGIO LATO SENSU UNIDADE ADRIANÓPOLIS";"Adrianópolis";"Centro-Sul";338;266;85;31,95;95;35,71
1;677;2259;"SESC CENTRO";"Centro";"Sul";233;191;66;34,55;72;37,70
1;678;2097;"E. E. ARTHUR ARAUJO";"Nossa Senhora das Graças";"Centro-Sul";301;244;100;40,98;62;25,41
1;679;2224;"E. M. LORIS CORDOVIL";"Praça 14 de Janeiro";"Sul";320;262;87;33,21;90;34,35
1;681;2216;"E. M. DE EDUCACAO ESPECIAL ANDRE VIDAL DE ARAUJO";"Nossa Senhora das Graças";"Centro-Sul";303;249;92;36,95;84;33,73
1;682;2330;"CENTRO DE REFERÊNCIA DA FAMÍLIA ANDRÉ ARAÚJO - CECF";"Raiz";"Sul";265;208;83;39,90;58;27,88
1;683;2348;"CENTRO ESTADUAL DE CONVIVÊNCIA DO IDOSO - CECI APARECIDA";"Nossa Senhora Aparecida";"Sul";335;267;101;37,83;82;30,71
1;684;2135;"E. E. ANGELO RAMAZZOTTI";"Adrianópolis";"Centro-Sul";276;221;79;35,75;84;38,01
1;685;2283;"INSTITUTO DE EDUCACAO DO AMAZONAS";"Centro";"Sul";264;197;81;41,12;66;33,50
1;686;2429;"E. E. CARVALHO LEAL";"Cachoeirinha";"Sul";313;246;98;39,84;60;24,39
1;687;2453;"COLEGIO NOSSA SENHORA AUXILIADORA";"Centro";"Sul";394;311;115;36,98;84;27,01
1;688;1996;"IFAM - INST FED DE EDUCAÇÃO CIÊNCIA E TECNOLOGIA DO AMAZONAS";"Centro";"Sul";306;260;81;31,15;82;31,54
1;689;2321;"E. E. MILBURGES BEZERRA DE ARAUJO";"Raiz";"Sul";320;267;82;30,71;107;40,07
1;690;2054;"E. E. 1º DE MAIO";"Praça 14 de Janeiro";"Sul";320;276;117;42,39;75;27,17
1;691;2089;"ESCOLA SUPERIOR DE CIENCIAS DA SAUDE - UEA";"Cachoeirinha";"Sul";319;260;85;32,69;95;36,54
1;692;2100;"JUCEA - SEÇÕES 654 692 714 745 E E NOSSA SENHORA DAS GRAÇAS";"Nossa Senhora das Graças";"Centro-Sul";295;245;68;27,76;104;42,45
1;693;2380;"E. E. SEN. CUNHA MELO";"Raiz";"Sul";319;274;92;33,58;96;35,04
1;694;2194;"PARQUE MUNICIPAL DO IDOSO 2";"Nossa Senhora das Graças";"Centro-Sul";309;248;75;30,24;100;40,32
1;695;2097;"E. E. ARTHUR ARAUJO";"Nossa Senhora das Graças";"Centro-Sul";304;245;89;36,33;72;29,39
1;696;2445;"COLÉGIO SANTA DOROTEIA";"Centro";"Sul";331;262;92;35,11;75;28,63
1;697;2135;"E. E. ANGELO RAMAZZOTTI";"Adrianópolis";"Centro-Sul";271;216;58;26,85;86;39,81
1;698;2020;"E. E. FARIAS BRITO";"Centro";"Sul";307;248;80;32,26;74;29,84
1;699;2305;"E.E. ANTONIO TELLES DE SOUZA";"Presidente Vargas";"Sul";283;233;96;41,20;70;30,04
1;700;2429;"E. E. CARVALHO LEAL";"Cachoeirinha";"Sul";316;255;89;34,90;76;29,80
1;701;2470;"SENAI";"Cachoeirinha";"Sul";366;292;116;39,73;97;33,22
1;702;2437;"E. E. PRINCESA ISABEL (SEÇÕES IEA 646/702/723/749)";"Centro";"Sul";265;216;94;43,52;68;31,48
1;703;2178;"ESCOLA DE ENFERMAGEM DE MANAUS - UFAM";"Adrianópolis";"Centro-Sul";270;218;60;27,52;95;43,58
1;704;2453;"COLEGIO NOSSA SENHORA AUXILIADORA";"Centro";"Sul";398;303;116;38,28;97;32,01
1;705;2399;"E. E. RIBEIRO DA CUNHA";"Centro";"Sul";263;208;75;36,06;60;28,85
1;706;1996;"IFAM - INST FED DE EDUCAÇÃO CIÊNCIA E TECNOLOGIA DO AMAZONAS";"Centro";"Sul";305;245;72;29,39;82;33,47
1;707;2267;"SESC CENTRO";"Centro";"Sul";336;252;95;37,70;102;40,48
1;708;2321;"E. E. MILBURGES BEZERRA DE ARAUJO";"Raiz";"Sul";320;269;77;28,62;88;32,71
1;709;2160;"ESCOLA SUPERIOR DE ARTES E TURISMO - UEA";"Praça 14 de Janeiro";"Sul";260;208;79;37,98;72;34,62
1;710;2135;"E. E. ANGELO RAMAZZOTTI";"Adrianópolis";"Centro-Sul";250;208;75;36,06;80;38,46
1;711;2054;"E. E. 1º DE MAIO";"Praça 14 de Janeiro";"Sul";320;256;84;32,81;94;36,72
1;712;2313;"E. E. VICENTE SCHETTINI";"Nossa Senhora Aparecida";"Sul";286;240;92;38,33;79;32,92
1;713;2380;"E. E. SEN. CUNHA MELO";"Raiz";"Sul";318;250;82;32,80;86;34,40
1;714;2100;"JUCEA - SEÇÕES 654 692 714 745 E E NOSSA SENHORA DAS GRAÇAS";"Nossa Senhora das Graças";"Centro-Sul";293;235;88;37,45;72;30,64
1;715;2046;"E. E. PLÁCIDO SERRANO";"Praça 14 de Janeiro";"Sul";272;221;75;33,94;82;37,10
1;716;2089;"ESCOLA SUPERIOR DE CIENCIAS DA SAUDE - UEA";"Cachoeirinha";"Sul";317;253;84;33,20;79;31,23
1;717;2232;"E. E. SOLON DE LUCENA";"São Geraldo";"Centro-Sul";259;204;81;39,71;56;27,45
1;718;2402;"E. E. SOLON DE LUCENA";"São Geraldo";"Centro-Sul";340;270;99;36,67;78;28,89
1;719;2429;"E. E. CARVALHO LEAL";"Cachoeirinha";"Sul";316;260;107;41,15;60;23,08
1;720;2348;"CENTRO ESTADUAL DE CONVIVÊNCIA DO IDOSO - CECI APARECIDA";"Nossa Senhora Aparecida";"Sul";343;273;92;33,70;92;33,70
1;721;2488;"E. M. JOSÉ CARLOS MARTINS MESTRINHO";"Nossa Senhora das Graças";"Centro-Sul";397;319;107;33,54;119;37,30
1;722;2372;"E. M. SAGRADO CORAÇÃO DE JESUS";"Centro";"Sul";306;250;77;30,80;106;42,40
1;723;2437;"E. E. PRINCESA ISABEL (SEÇÕES IEA 646/702/723/749)";"Centro";"Sul";265;220;90;40,91;66;30,00
1;724;2275;"E. E. CONEGO AZEVEDO";"Nossa Senhora Aparecida";"Sul";257;204;91;44,61;61;29,90
1;725;2453;"COLEGIO NOSSA SENHORA AUXILIADORA";"Centro";"Sul";399;303;114;37,62;102;33,66
1;726;2119;"FACULDADE DE MEDICINA - UFAM";"Centro";"Sul";298;239;87;36,40;86;35,98
1;727;2135;"E. E. ANGELO RAMAZZOTTI";"Adrianópolis";"Centro-Sul";275;213;59;27,70;101;47,42
1;728;2496;"COLÉGIO LATO SENSU UNIDADE ADRIANÓPOLIS";"Adrianópolis";"Centro-Sul";351;290;92;31,72;106;36,55
1;729;2194;"PARQUE MUNICIPAL DO IDOSO 2";"Nossa Senhora das Graças";"Centro-Sul";310;256;73;28,52;101;39,45
1;730;2321;"E. E. MILBURGES BEZERRA DE ARAUJO";"Raiz";"Sul";322;264;74;28,03;92;34,85
1;731;1996;"IFAM - INST FED DE EDUCAÇÃO CIÊNCIA E TECNOLOGIA DO AMAZONAS";"Centro";"Sul";304;252;93;36,90;97;38,49
1;732;2445;"COLÉGIO SANTA DOROTEIA";"Centro";"Sul";331;262;103;39,31;84;32,06
1;733;2054;"E. E. 1º DE MAIO";"Praça 14 de Janeiro";"Sul";321;263;83;31,56;77;29,28
1;734;2178;"ESCOLA DE ENFERMAGEM DE MANAUS - UFAM";"Adrianópolis";"Centro-Sul";261;214;60;28,04;89;41,59
1;735;2380;"E. E. SEN. CUNHA MELO";"Raiz";"Sul";320;256;88;34,38;77;30,08
1;736;2305;"E.E. ANTONIO TELLES DE SOUZA";"Presidente Vargas";"Sul";289;251;86;34,26;101;40,24
1;737;2445;"COLÉGIO SANTA DOROTEIA";"Centro";"Sul";334;265;102;38,49;93;35,09
1;738;2429;"E. E. CARVALHO LEAL";"Cachoeirinha";"Sul";319;251;86;34,26;67;26,69
1;739;2089;"ESCOLA SUPERIOR DE CIENCIAS DA SAUDE - UEA";"Cachoeirinha";"Sul";347;276;111;40,22;79;28,62
1;740;2020;"E. E. FARIAS BRITO";"Centro";"Sul";313;254;98;38,58;79;31,10
1;741;2097;"E. E. ARTHUR ARAUJO";"Nossa Senhora das Graças";"Centro-Sul";297;244;87;35,66;85;34,84
1;742;2453;"COLEGIO NOSSA SENHORA AUXILIADORA";"Centro";"Sul";393;316;123;38,92;97;30,70
1;743;2135;"E. E. ANGELO RAMAZZOTTI";"Adrianópolis";"Centro-Sul";277;224;74;33,04;82;36,61
1;744;2062;"SENAI";"Cachoeirinha";"Sul";346;285;110;38,60;91;31,93
1;745;2100;"JUCEA - SEÇÕES 654 692 714 745 E E NOSSA SENHORA DAS GRAÇAS";"Nossa Senhora das Graças";"Centro-Sul";293;246;87;35,37;78;31,71
1;746;2399;"E. E. RIBEIRO DA CUNHA";"Centro";"Sul";267;211;84;39,81;64;30,33
1;747;2470;"SENAI";"Cachoeirinha";"Sul";369;284;87;30,63;96;33,80
1;748;2267;"SESC CENTRO";"Centro";"Sul";330;241;82;34,02;89;36,93
1;749;2437;"E. E. PRINCESA ISABEL (SEÇÕES IEA 646/702/723/749)";"Centro";"Sul";272;226;77;34,07;83;36,73
1;750;2208;"ESCOLA SUPERIOR DE CIÊNCIAS SOCIAIS - UEA";"Cachoeirinha";"Sul";268;209;74;35,41;75;35,89
1;751;2240;"E. M. SERGIO ALFREDO PESSOA FIGUEIREDO";"Presidente Vargas";"Sul";294;249;92;36,95;63;25,30
1;752;2321;"E. E. MILBURGES BEZERRA DE ARAUJO";"Raiz";"Sul";321;265;95;35,85;82;30,94
1;753;2429;"E. E. CARVALHO LEAL";"Cachoeirinha";"Sul";318;256;94;36,72;77;30,08
1;754;2054;"E. E. 1º DE MAIO";"Praça 14 de Janeiro";"Sul";322;268;105;39,18;79;29,48
1;755;1996;"IFAM - INST FED DE EDUCAÇÃO CIÊNCIA E TECNOLOGIA DO AMAZONAS";"Centro";"Sul";304;242;86;35,54;87;35,95
1;756;2380;"E. E. SEN. CUNHA MELO";"Raiz";"Sul";320;273;97;35,53;101;37,00
1;757;2194;"PARQUE MUNICIPAL DO IDOSO 2";"Nossa Senhora das Graças";"Centro-Sul";301;256;63;24,61;101;39,45
1;758;2232;"E. E. SOLON DE LUCENA";"São Geraldo";"Centro-Sul";258;194;68;35,05;48;24,74
1;759;2046;"E. E. PLÁCIDO SERRANO";"Praça 14 de Janeiro";"Sul";266;228;80;35,09;72;31,58
1;760;2135;"E. E. ANGELO RAMAZZOTTI";"Adrianópolis";"Centro-Sul";261;221;64;28,96;89;40,27
1;761;2089;"ESCOLA SUPERIOR DE CIENCIAS DA SAUDE - UEA";"Cachoeirinha";"Sul";317;256;88;34,38;85;33,20
1;762;2160;"ESCOLA SUPERIOR DE ARTES E TURISMO - UEA";"Praça 14 de Janeiro";"Sul";300;233;91;39,06;70;30,04
1;763;2402;"E. E. SOLON DE LUCENA";"São Geraldo";"Centro-Sul";339;260;89;34,23;94;36,15
1;764;2020;"E. E. FARIAS BRITO";"Centro";"Sul";303;247;85;34,41;89;36,03
1;765;2453;"COLEGIO NOSSA SENHORA AUXILIADORA";"Centro";"Sul";395;297;117;39,39;75;25,25
1;766;2429;"E. E. CARVALHO LEAL";"Cachoeirinha";"Sul";314;255;79;30,98;81;31,76
1;767;2100;"CMEI PROF JOELMA SILVA DE OLIVEIRA";"Nossa Senhora das Graças";"Centro-Sul";295;236;70;29,66;88;37,29
1;768;2445;"COLÉGIO SANTA DOROTEIA";"Centro";"Sul";332;253;95;37,55;91;35,97
1;769;2305;"E.E. ANTONIO TELLES DE SOUZA";"Presidente Vargas";"Sul";285;229;93;40,61;70;30,57
1;770;2330;"CENTRO DE REFERÊNCIA DA FAMÍLIA ANDRÉ ARAÚJO - CECF";"Raiz";"Sul";265;215;55;25,58;72;33,49
1;771;2178;"ESCOLA DE ENFERMAGEM DE MANAUS - UFAM";"Adrianópolis";"Centro-Sul";266;207;74;35,75;80;38,65
1;772;2291;"E. M. SERGIO ALFREDO PESSOA FIGUEIREDO";"Presidente Vargas";"Sul";358;309;88;28,48;74;23,95
1;773;2488;"E. M. JOSÉ CARLOS MARTINS MESTRINHO";"Nossa Senhora das Graças";"Centro-Sul";389;305;103;33,77;105;34,43
1;774;2321;"E. E. MILBURGES BEZERRA DE ARAUJO";"Raiz";"Sul";320;263;75;28,52;77;29,28
1;775;2348;"CENTRO ESTADUAL DE CONVIVÊNCIA DO IDOSO - CECI APARECIDA";"Nossa Senhora Aparecida";"Sul";341;268;116;43,28;71;26,49
1;776;2380;"E. E. SEN. CUNHA MELO";"Raiz";"Sul";322;262;95;36,26;85;32,44
1;777;2283;"INSTITUTO DE EDUCACAO DO AMAZONAS";"Centro";"Sul";269;215;88;40,93;72;33,49
1;778;2216;"E. M. DE EDUCACAO ESPECIAL ANDRE VIDAL DE ARAUJO";"Nossa Senhora das Graças";"Centro-Sul";306;231;71;30,74;79;34,20
1;779;2372;"E. M. SAGRADO CORAÇÃO DE JESUS";"Centro";"Sul";303;248;92;37,10;89;35,89
1;780;2194;"PARQUE MUNICIPAL DO IDOSO 2";"Nossa Senhora das Graças";"Centro-Sul";300;237;77;32,49;96;40,51
1;781;2097;"E. E. ARTHUR ARAUJO";"Nossa Senhora das Graças";"Centro-Sul";294;236;75;31,78;79;33,47
1;782;1996;"IFAM - INST FED DE EDUCAÇÃO CIÊNCIA E TECNOLOGIA DO AMAZONAS";"Centro";"Sul";307;231;80;34,63;67;29,00
1;783;2470;"SENAI";"Cachoeirinha";"Sul";371;302;89;29,47;99;32,78
1;784;2089;"ESCOLA SUPERIOR DE CIENCIAS DA SAUDE - UEA";"Cachoeirinha";"Sul";316;250;89;35,60;74;29,60
1;785;2054;"E. E. 1º DE MAIO";"Praça 14 de Janeiro";"Sul";320;252;78;30,95;95;37,70
1;786;2186;"IFAM - INST FED DE EDUCAÇÃO CIÊNCIA E TECNOLOGIA DO AMAZONAS";"Centro";"Sul";378;284;77;27,11;100;35,21
1;787;2429;"E. E. CARVALHO LEAL";"Cachoeirinha";"Sul";315;251;103;41,04;79;31,47
1;788;2453;"COLEGIO NOSSA SENHORA AUXILIADORA";"Centro";"Sul";396;304;116;38,16;97;31,91
1;789;2267;"SESC CENTRO";"Centro";"Sul";338;249;86;34,54;98;39,36
1;790;2380;"E. E. SEN. CUNHA MELO";"Raiz";"Sul";322;251;67;26,69;92;36,65
1;791;2178;"ESCOLA DE ENFERMAGEM DE MANAUS - UFAM";"Adrianópolis";"Centro-Sul";254;201;51;25,37;95;47,26
1;792;2445;"COLÉGIO SANTA DOROTEIA";"Centro";"Sul";329;243;81;33,33;69;28,40
1;793;2321;"E. E. MILBURGES BEZERRA DE ARAUJO";"Raiz";"Sul";320;257;80;31,13;97;37,74
1;794;2283;"INSTITUTO DE EDUCACAO DO AMAZONAS";"Centro";"Sul";260;202;72;35,64;74;36,63
1;795;2020;"E. E. FARIAS BRITO";"Centro";"Sul";305;236;85;36,02;71;30,08
1;796;2399;"E. E. RIBEIRO DA CUNHA";"Centro";"Sul";272;199;76;38,19;67;33,67
1;797;1996;"IFAM - INST FED DE EDUCAÇÃO CIÊNCIA E TECNOLOGIA DO AMAZONAS";"Centro";"Sul";303;230;91;39,57;73;31,74
1;798;2062;"SENAI";"Cachoeirinha";"Sul";346;267;98;36,70;79;29,59
1;799;2119;"FACULDADE DE MEDICINA - UFAM";"Centro";"Sul";290;216;76;35,19;78;36,11
1;800;2313;"E. E. VICENTE SCHETTINI";"Nossa Senhora Aparecida";"Sul";283;218;89;40,83;65;29,82
1;801;2100;"CMEI PROF JOELMA SILVA DE OLIVEIRA";"Nossa Senhora das Graças";"Centro-Sul";285;217;87;40,09;70;32,26
1;802;2496;"COLÉGIO LATO SENSU UNIDADE ADRIANÓPOLIS";"Adrianópolis";"Centro-Sul";354;271;79;29,15;114;42,07
1;803;2445;"COLÉGIO SANTA DOROTEIA";"Centro";"Sul";324;250;96;38,40;80;32,00
1;804;2429;"E. E. CARVALHO LEAL";"Cachoeirinha";"Sul";316;255;73;28,63;101;39,61
1;805;2402;"E. E. SOLON DE LUCENA";"São Geraldo";"Centro-Sul";340;246;86;34,96;82;33,33
1;806;2232;"E. E. SOLON DE LUCENA";"São Geraldo";"Centro-Sul";277;217;71;32,72;68;31,34
1;807;2305;"E.E. ANTONIO TELLES DE SOUZA";"Presidente Vargas";"Sul";285;219;80;36,53;71;32,42
1;808;2275;"E. E. CONEGO AZEVEDO";"Nossa Senhora Aparecida";"Sul";253;206;91;44,17;54;26,21
1;809;2054;"E. E. 1º DE MAIO";"Praça 14 de Janeiro";"Sul";323;237;75;31,65;76;32,07
1;810;2178;"ESCOLA DE ENFERMAGEM DE MANAUS - UFAM";"Adrianópolis";"Centro-Sul";263;212;71;33,49;79;37,26
1;811;2453;"COLEGIO NOSSA SENHORA AUXILIADORA";"Centro";"Sul";399;314;120;38,22;105;33,44
1;812;2089;"ESCOLA SUPERIOR DE CIENCIAS DA SAUDE - UEA";"Cachoeirinha";"Sul";317;252;87;34,52;89;35,32
1;813;2380;"E. E. SEN. CUNHA MELO";"Raiz";"Sul";321;246;90;36,59;70;28,46
1;814;2488;"E. M. JOSÉ CARLOS MARTINS MESTRINHO";"Nossa Senhora das Graças";"Centro-Sul";384;300;78;26,00;116;38,67
1;815;2046;"E. E. PLÁCIDO SERRANO";"Praça 14 de Janeiro";"Sul";262;210;67;31,90;68;32,38
1;816;2097;"E. E. ARTHUR ARAUJO";"Nossa Senhora das Graças";"Centro-Sul";289;227;78;34,36;80;35,24
1;817;2160;"ESCOLA SUPERIOR DE ARTES E TURISMO - UEA";"Praça 14 de Janeiro";"Sul";263;195;69;35,38;61;31,28
1;818;2283;"INSTITUTO DE EDUCACAO DO AMAZONAS";"Centro";"Sul";267;208;89;42,79;75;36,06
1;819;2267;"SESC CENTRO";"Centro";"Sul";339;242;94;38,84;75;30,99
1;820;2470;"SENAI";"Cachoeirinha";"Sul";365;277;89;32,13;73;26,35
1;821;2321;"E. E. MILBURGES BEZERRA DE ARAUJO";"Raiz";"Sul";321;259;70;27,03;98;37,84
1;822;2429;"E. E. CARVALHO LEAL";"Cachoeirinha";"Sul";311;234;82;35,04;75;32,05
1;823;1996;"IFAM - INST FED DE EDUCAÇÃO CIÊNCIA E TECNOLOGIA DO AMAZONAS";"Centro";"Sul";306;248;76;30,65;77;31,05
1;824;2178;"ESCOLA DE ENFERMAGEM DE MANAUS - UFAM";"Adrianópolis";"Centro-Sul";281;214;71;33,18;79;36,92
1;825;2437;"E. E. PRINCESA ISABEL (SEÇÕES IEA 646/702/723/749)";"Centro";"Sul";261;211;85;40,28;64;30,33
1;826;2240;"E. M. SERGIO ALFREDO PESSOA FIGUEIREDO";"Presidente Vargas";"Sul";291;233;87;37,34;71;30,47
1;827;2348;"CENTRO ESTADUAL DE CONVIVÊNCIA DO IDOSO - CECI APARECIDA";"Nossa Senhora Aparecida";"Sul";338;240;83;34,58;83;34,58
1;828;2216;"E. M. DE EDUCACAO ESPECIAL ANDRE VIDAL DE ARAUJO";"Nossa Senhora das Graças";"Centro-Sul";332;249;76;30,52;93;37,35
1;829;2020;"E. E. FARIAS BRITO";"Centro";"Sul";309;248;85;34,27;94;37,90
1;830;2372;"E. M. SAGRADO CORAÇÃO DE JESUS";"Centro";"Sul";312;245;87;35,51;71;28,98
1;831;2100;"CMEI PROF JOELMA SILVA DE OLIVEIRA";"Nossa Senhora das Graças";"Centro-Sul";289;225;70;31,11;72;32,00
1;832;2402;"E. E. SOLON DE LUCENA";"São Geraldo";"Centro-Sul";340;253;79;31,23;98;38,74
1;833;2445;"COLÉGIO SANTA DOROTEIA";"Centro";"Sul";333;252;76;30,16;78;30,95
1;834;2380;"E. E. SEN. CUNHA MELO";"Raiz";"Sul";316;246;70;28,46;86;34,96
1;835;2089;"ESCOLA SUPERIOR DE CIENCIAS DA SAUDE - UEA";"Cachoeirinha";"Sul";321;259;87;33,59;82;31,66
1;836;2054;"E. E. 1º DE MAIO";"Praça 14 de Janeiro";"Sul";321;257;82;31,91;101;39,30
1;837;2178;"ESCOLA DE ENFERMAGEM DE MANAUS - UFAM";"Adrianópolis";"Centro-Sul";277;214;58;27,10;78;36,45
1;838;2283;"INSTITUTO DE EDUCACAO DO AMAZONAS";"Centro";"Sul";252;186;68;36,56;55;29,57
1;839;2429;"E. E. CARVALHO LEAL";"Cachoeirinha";"Sul";315;240;85;35,42;86;35,83
1;840;2321;"E. E. MILBURGES BEZERRA DE ARAUJO";"Raiz";"Sul";323;262;79;30,15;92;35,11
1;841;1996;"IFAM - INST FED DE EDUCAÇÃO CIÊNCIA E TECNOLOGIA DO AMAZONAS";"Centro";"Sul";304;229;101;44,10;67;29,26
1;842;2267;"SESC CENTRO";"Centro";"Sul";328;246;82;33,33;89;36,18
1;843;2488;"E. M. JOSÉ CARLOS MARTINS MESTRINHO";"Nossa Senhora das Graças";"Centro-Sul";394;295;100;33,90;101;34,24
1;844;2445;"COLÉGIO SANTA DOROTEIA";"Centro";"Sul";331;238;90;37,82;76;31,93
1;845;2046;"E. E. PLÁCIDO SERRANO";"Praça 14 de Janeiro";"Sul";441;340;108;31,76;119;35,00
1;846;2097;"E. E. ARTHUR ARAUJO";"Nossa Senhora das Graças";"Centro-Sul";286;220;77;35,00;74;33,64
1;847;2496;"COLÉGIO LATO SENSU UNIDADE ADRIANÓPOLIS";"Adrianópolis";"Centro-Sul";350;268;91;33,96;91;33,96
1;848;2496;"COLÉGIO LATO SENSU UNIDADE ADRIANÓPOLIS";"Adrianópolis";"Centro-Sul";352;269;89;33,09;104;38,66
1;849;2283;"INSTITUTO DE EDUCACAO DO AMAZONAS";"Centro";"Sul";250;196;78;39,80;62;31,63
1;850;2208;"ESCOLA SUPERIOR DE CIÊNCIAS SOCIAIS - UEA";"Cachoeirinha";"Sul";252;182;64;35,16;62;34,07
1;851;2089;"ESCOLA SUPERIOR DE CIENCIAS DA SAUDE - UEA";"Cachoeirinha";"Sul";317;241;72;29,88;80;33,20
1;852;2054;"E. E. 1º DE MAIO";"Praça 14 de Janeiro";"Sul";322;257;92;35,80;86;33,46
1;853;2429;"E. E. CARVALHO LEAL";"Cachoeirinha";"Sul";316;228;76;33,33;77;33,77
1;854;2380;"E. E. SEN. CUNHA MELO";"Raiz";"Sul";319;251;72;28,69;80;31,87
1;855;2160;"ESCOLA SUPERIOR DE ARTES E TURISMO - UEA";"Praça 14 de Janeiro";"Sul";260;208;61;29,33;64;30,77
1;856;2232;"E. E. SOLON DE LUCENA";"São Geraldo";"Centro-Sul";248;189;57;30,16;73;38,62
1;857;2470;"SENAI";"Cachoeirinha";"Sul";364;276;80;28,99;74;26,81
1;858;2445;"COLÉGIO SANTA DOROTEIA";"Centro";"Sul";326;254;91;35,83;87;34,25
1;859;2100;"CMEI PROF JOELMA SILVA DE OLIVEIRA";"Nossa Senhora das Graças";"Centro-Sul";294;247;68;27,53;83;33,60
1;860;2321;"E. E. MILBURGES BEZERRA DE ARAUJO";"Raiz";"Sul";316;247;85;34,41;81;32,79
1;861;2020;"E. E. FARIAS BRITO";"Centro";"Sul";305;240;79;32,92;96;40,00
1;862;2372;"E. M. SAGRADO CORAÇÃO DE JESUS";"Centro";"Sul";305;228;65;28,51;85;37,28
1;863;2402;"E. E. SOLON DE LUCENA";"São Geraldo";"Centro-Sul";342;255;76;29,80;91;35,69
1;864;2119;"FACULDADE DE MEDICINA - UFAM";"Centro";"Sul";279;212;74;34,91;73;34,43
1;865;2240;"E. M. SERGIO ALFREDO PESSOA FIGUEIREDO";"Presidente Vargas";"Sul";311;252;85;33,73;80;31,75
1;866;2062;"SENAI";"Cachoeirinha";"Sul";346;264;88;33,33;85;32,20
1;867;2348;"CENTRO ESTADUAL DE CONVIVÊNCIA DO IDOSO - CECI APARECIDA";"Nossa Senhora Aparecida";"Sul";343;250;106;42,40;76;30,40
1;868;2267;"SESC CENTRO";"Centro";"Sul";342;235;76;32,34;95;40,43
1;869;2216;"E. M. DE EDUCACAO ESPECIAL ANDRE VIDAL DE ARAUJO";"Nossa Senhora das Graças";"Centro-Sul";337;251;77;30,68;85;33,86
1;870;1996;"IFAM - INST FED DE EDUCAÇÃO CIÊNCIA E TECNOLOGIA DO AMAZONAS";"Centro";"Sul";303;222;80;36,04;79;35,59
1;871;2178;"ESCOLA DE ENFERMAGEM DE MANAUS - UFAM";"Adrianópolis";"Centro-Sul";244;180;47;26,11;71;39,44
1;872;2399;"E. E. RIBEIRO DA CUNHA";"Centro";"Sul";262;182;60;32,97;66;36,26
1;873;2305;"E.E. ANTONIO TELLES DE SOUZA";"Presidente Vargas";"Sul";282;228;84;36,84;74;32,46
1;874;2453;"COLEGIO NOSSA SENHORA AUXILIADORA";"Centro";"Sul";397;303;99;32,67;104;34,32
1;875;2283;"INSTITUTO DE EDUCACAO DO AMAZONAS";"Centro";"Sul";252;181;65;35,91;63;34,81
1;876;2429;"E. E. CARVALHO LEAL";"Cachoeirinha";"Sul";348;271;87;32,10;96;35,42
1;877;2135;"E. E. ANGELO RAMAZZOTTI";"Adrianópolis";"Centro-Sul";260;192;56;29,17;75;39,06
1;878;2380;"E. E. SEN. CUNHA MELO";"Raiz";"Sul";317;239;59;24,69;89;37,24
1;879;2488;"E. M. JOSÉ CARLOS MARTINS MESTRINHO";"Nossa Senhora das Graças";"Centro-Sul";395;297;91;30,64;115;38,72
1;880;2054;"E. E. 1º DE MAIO";"Praça 14 de Janeiro";"Sul";321;242;83;34,30;79;32,64
1;881;2097;"E. E. ARTHUR ARAUJO";"Nossa Senhora das Graças";"Centro-Sul";285;205;52;25,37;76;37,07
1;882;2089;"ESCOLA SUPERIOR DE CIENCIAS DA SAUDE - UEA";"Cachoeirinha";"Sul";346;264;92;34,85;70;26,52
1;884;2321;"E. E. MILBURGES BEZERRA DE ARAUJO";"Raiz";"Sul";361;295;110;37,29;72;24,41
1;885;2445;"COLÉGIO SANTA DOROTEIA";"Centro";"Sul";335;233;88;37,77;67;28,76
1;886;2313;"E. E. VICENTE SCHETTINI";"Nossa Senhora Aparecida";"Sul";277;201;76;37,81;63;31,34
1;887;2100;"CMEI PROF JOELMA SILVA DE OLIVEIRA";"Nossa Senhora das Graças";"Centro-Sul";290;222;82;36,94;65;29,28
1;888;2275;"E. E. CONEGO AZEVEDO";"Nossa Senhora Aparecida";"Sul";257;197;80;40,61;55;27,92
1;889;2046;"E. E. PLÁCIDO SERRANO";"Praça 14 de Janeiro";"Sul";243;173;59;34,10;57;32,95
1;890;2020;"E. E. FARIAS BRITO";"Centro";"Sul";305;218;74;33,94;67;30,73
1;891;2330;"CENTRO DE REFERÊNCIA DA FAMÍLIA ANDRÉ ARAÚJO - CECF";"Raiz";"Sul";269;191;55;28,80;57;29,84
1;892;2429;"E. E. CARVALHO LEAL";"Cachoeirinha";"Sul";317;237;62;26,16;74;31,22
1;893;2445;"COLÉGIO SANTA DOROTEIA";"Centro";"Sul";324;207;66;31,88;74;35,75
1;894;2135;"E. E. ANGELO RAMAZZOTTI";"Adrianópolis";"Centro-Sul";261;182;54;29,67;70;38,46
1;895;2283;"INSTITUTO DE EDUCACAO DO AMAZONAS";"Centro";"Sul";255;189;64;33,86;71;37,57
1;896;2380;"E. E. SEN. CUNHA MELO";"Raiz";"Sul";317;222;73;32,88;82;36,94
1;897;2453;"COLEGIO NOSSA SENHORA AUXILIADORA";"Centro";"Sul";397;294;90;30,61;111;37,76
1;898;2470;"SENAI";"Cachoeirinha";"Sul";368;264;80;30,30;77;29,17
1;899;2267;"SESC CENTRO";"Centro";"Sul";330;220;76;34,55;69;31,36
1;900;1996;"IFAM - INST FED DE EDUCAÇÃO CIÊNCIA E TECNOLOGIA DO AMAZONAS";"Centro";"Sul";321;254;100;39,37;68;26,77
1;901;2054;"E. E. 1º DE MAIO";"Praça 14 de Janeiro";"Sul";329;256;84;32,81;94;36,72
1;902;2232;"E. E. SOLON DE LUCENA";"São Geraldo";"Centro-Sul";240;165;48;29,09;56;33,94
1;904;2372;"E. M. SAGRADO CORAÇÃO DE JESUS";"Centro";"Sul";303;234;77;32,91;73;31,20
1;905;2445;"COLÉGIO SANTA DOROTEIA";"Centro";"Sul";328;223;73;32,74;70;31,39
1;907;2402;"E. E. SOLON DE LUCENA";"São Geraldo";"Centro-Sul";354;261;87;33,33;79;30,27
1;908;2089;"ESCOLA SUPERIOR DE CIENCIAS DA SAUDE - UEA";"Cachoeirinha";"Sul";341;247;81;32,79;86;34,82
1;910;2283;"INSTITUTO DE EDUCACAO DO AMAZONAS";"Centro";"Sul";254;191;62;32,46;55;28,80
1;912;2135;"E. E. ANGELO RAMAZZOTTI";"Adrianópolis";"Centro-Sul";253;178;58;32,58;59;33,15
1;918;2496;"COLÉGIO LATO SENSU UNIDADE ADRIANÓPOLIS";"Adrianópolis";"Centro-Sul";349;246;76;30,89;87;35,37
1;919;2453;"COLEGIO NOSSA SENHORA AUXILIADORA";"Centro";"Sul";391;280;98;35,00;90;32,14
1;920;2062;"SENAI";"Cachoeirinha";"Sul";346;250;94;37,60;67;26,80
1;921;2267;"SESC CENTRO";"Centro";"Sul";341;240;94;39,17;70;29,17
1;922;2470;"SENAI";"Cachoeirinha";"Sul";370;266;99;37,22;57;21,43
1;923;2178;"ESCOLA DE ENFERMAGEM DE MANAUS - UFAM";"Adrianópolis";"Centro-Sul";224;176;54;30,68;67;38,07
1;924;2216;"E. M. DE EDUCACAO ESPECIAL ANDRE VIDAL DE ARAUJO";"Nossa Senhora das Graças";"Centro-Sul";306;215;67;31,16;69;32,09
1;925;2194;"PARQUE MUNICIPAL DO IDOSO 2";"Nossa Senhora das Graças";"Centro-Sul";312;231;67;29,00;97;41,99
1;926;1996;"IFAM - INST FED DE EDUCAÇÃO CIÊNCIA E TECNOLOGIA DO AMAZONAS";"Centro";"Sul";308;235;87;37,02;71;30,21
1;927;2380;"E. E. SEN. CUNHA MELO";"Raiz";"Sul";320;232;80;34,48;70;30,17
1;928;2321;"E. E. MILBURGES BEZERRA DE ARAUJO";"Raiz";"Sul";323;250;67;26,80;90;36,00
1;929;2097;"E. E. ARTHUR ARAUJO";"Nossa Senhora das Graças";"Centro-Sul";291;207;70;33,82;56;27,05
1;930;2429;"E. E. CARVALHO LEAL";"Cachoeirinha";"Sul";319;242;93;38,43;69;28,51
1;931;2020;"E. E. FARIAS BRITO";"Centro";"Sul";299;224;72;32,14;67;29,91
1;932;2160;"ESCOLA SUPERIOR DE ARTES E TURISMO - UEA";"Praça 14 de Janeiro";"Sul";250;206;73;35,44;60;29,13
1;933;2100;"CMEI PROF JOELMA SILVA DE OLIVEIRA";"Nossa Senhora das Graças";"Centro-Sul";293;225;85;37,78;63;28,00
1;934;2305;"E.E. ANTONIO TELLES DE SOUZA";"Presidente Vargas";"Sul";280;212;93;43,87;52;24,53
1;935;2348;"CENTRO ESTADUAL DE CONVIVÊNCIA DO IDOSO - CECI APARECIDA";"Nossa Senhora Aparecida";"Sul";337;244;94;38,52;73;29,92
1;936;2488;"E. M. JOSÉ CARLOS MARTINS MESTRINHO";"Nossa Senhora das Graças";"Centro-Sul";391;300;94;31,33;114;38,00
1;937;2330;"CENTRO DE REFERÊNCIA DA FAMÍLIA ANDRÉ ARAÚJO - CECF";"Raiz";"Sul";265;205;82;40,00;50;24,39
1;938;2240;"E. M. SERGIO ALFREDO PESSOA FIGUEIREDO";"Presidente Vargas";"Sul";290;232;70;30,17;66;28,45
1;939;2224;"E. M. LORIS CORDOVIL";"Praça 14 de Janeiro";"Sul";325;237;83;35,02;64;27,00
1;941;2089;"ESCOLA SUPERIOR DE CIENCIAS DA SAUDE - UEA";"Cachoeirinha";"Sul";316;227;75;33,04;64;28,19
1;942;2054;"E. E. 1º DE MAIO";"Praça 14 de Janeiro";"Sul";321;230;85;36,96;67;29,13
1;943;2445;"COLÉGIO SANTA DOROTEIA";"Centro";"Sul";329;231;85;36,80;63;27,27
1;944;2445;"COLÉGIO SANTA DOROTEIA";"Centro";"Sul";330;222;81;36,49;68;30,63
1;945;2283;"INSTITUTO DE EDUCACAO DO AMAZONAS";"Centro";"Sul";251;170;59;34,71;53;31,18
1;946;2496;"COLÉGIO LATO SENSU UNIDADE ADRIANÓPOLIS";"Adrianópolis";"Centro-Sul";351;267;85;31,84;85;31,84
1;948;2267;"SESC CENTRO";"Centro";"Sul";334;236;89;37,71;62;26,27
1;949;2313;"E. E. VICENTE SCHETTINI";"Nossa Senhora Aparecida";"Sul";280;204;76;37,25;52;25,49
1;950;2402;"E. E. SOLON DE LUCENA";"São Geraldo";"Centro-Sul";362;257;76;29,57;78;30,35
1;951;2160;"ESCOLA SUPERIOR DE ARTES E TURISMO - UEA";"Praça 14 de Janeiro";"Sul";252;198;70;35,35;64;32,32
1;952;1996;"IFAM - INST FED DE EDUCAÇÃO CIÊNCIA E TECNOLOGIA DO AMAZONAS";"Centro";"Sul";347;257;104;40,47;66;25,68
1;953;2208;"ESCOLA SUPERIOR DE CIÊNCIAS SOCIAIS - UEA";"Cachoeirinha";"Sul";251;175;57;32,57;71;40,57
1;954;2119;"FACULDADE DE MEDICINA - UFAM";"Centro";"Sul";281;211;86;40,76;52;24,64
1;955;2410;"INSTITUTO DE EDUCACAO DO AMAZONAS";"Centro";"Sul";94;61;16;26,23;21;34,43
1;956;2461;"FACULDADE MARTHA FALCAO";"Adrianópolis";"Centro-Sul";370;279;92;32,97;93;33,33
1;957;2208;"ESCOLA SUPERIOR DE CIÊNCIAS SOCIAIS - UEA";"Cachoeirinha";"Sul";266;193;63;32,64;49;25,39
1;963;2402;"E. E. SOLON DE LUCENA";"São Geraldo";"Centro-Sul";342;253;80;31,62;70;27,67
1;964;1996;"IFAM - INST FED DE EDUCAÇÃO CIÊNCIA E TECNOLOGIA DO AMAZONAS";"Centro";"Sul";341;248;102;41,13;65;26,21
1;965;2208;"ESCOLA SUPERIOR DE CIÊNCIAS SOCIAIS - UEA";"Cachoeirinha";"Sul";373;273;99;36,26;63;23,08
1;966;2461;"FACULDADE MARTHA FALCAO";"Adrianópolis";"Centro-Sul";366;294;119;40,48;92;31,29
1;967;2216;"E. M. DE EDUCACAO ESPECIAL ANDRE VIDAL DE ARAUJO";"Nossa Senhora das Graças";"Centro-Sul";309;219;78;35,62;65;29,68
1;968;2402;"E. E. SOLON DE LUCENA";"São Geraldo";"Centro-Sul";341;256;100;39,06;67;26,17
1;969;2208;"ESCOLA SUPERIOR DE CIÊNCIAS SOCIAIS - UEA";"Cachoeirinha";"Sul";211;151;56;37,09;29;19,21
1;970;1996;"IFAM - INST FED DE EDUCAÇÃO CIÊNCIA E TECNOLOGIA DO AMAZONAS";"Centro";"Sul";343;264;116;43,94;70;26,52
1;972;2461;"FACULDADE MARTHA FALCAO";"Adrianópolis";"Centro-Sul";359;279;104;37,28;88;31,54
1;973;2470;"SENAI";"Cachoeirinha";"Sul";369;266;85;31,95;89;33,46
1;974;2496;"COLÉGIO LATO SENSU UNIDADE ADRIANÓPOLIS";"Adrianópolis";"Centro-Sul";352;285;105;36,84;83;29,12
1;975;2461;"FACULDADE MARTHA FALCAO";"Adrianópolis";"Centro-Sul";398;320;105;32,81;110;34,38
2;534;2011;"E. E. ALTAIR SEVERIANO NUNES";"Parque 10 de Novembro";"Centro-Sul";325;259;85;32,82;104;40,15
2;535;1902;"ESCOLA SUPERIOR DE TECNOLOGIA - UEA";"Parque 10 de Novembro";"Centro-Sul";393;309;106;34,30;111;35,92
2;536;1953;"E. E. PROF. ALDA BARATA";"Flores";"Centro-Sul";342;274;92;33,58;102;37,23
2;537;2135;"P.E. CRECHE INFANTE TIRADENTES (ANTIGO CIESA)";"Flores";"Centro-Sul";279;209;62;29,67;79;37,80
2;538;1996;"E. M. PROF. FRANCISCA PEREIRA DE ARAUJO";"Flores";"Centro-Sul";334;274;87;31,75;104;37,96
2;539;1899;"CSU HUMBERTO DE ALENCAR CASTELO BRANCO";"Parque 10 de Novembro";"Centro-Sul";349;275;86;31,27;106;38,55
2;540;2038;"ARENA GINÁSIO POLIESPORTIVA AMADEU TEIXEIRA";"Flores";"Centro-Sul";308;249;88;35,34;91;36,55
2;541;1856;"FACULDADE ESTÁCIO (ANTIGO CEL)";"Chapada";"Centro-Sul";345;275;93;33,82;92;33,45
2;542;1910;"UNIP";"Parque 10 de Novembro";"Centro-Sul";362;294;84;28,57;116;39,46
2;543;2135;"P.E. CRECHE INFANTE TIRADENTES (ANTIGO CIESA)";"Flores";"Centro-Sul";287;212;59;27,83;70;33,02
2;544;1988;"E. E. LIBERTADOR SIMON BOLIVAR";"Aleixo";"Centro-Sul";340;270;93;34,44;84;31,11
2;545;2038;"ARENA GINÁSIO POLIESPORTIVA AMADEU TEIXEIRA";"Flores";"Centro-Sul";297;193;56;29,02;62;32,12
2;546;1880;"E. E. JOSE BENTES MONTEIRO";"Aleixo";"Centro-Sul";346;269;82;30,48;81;30,11
2;547;2038;"ARENA GINÁSIO POLIESPORTIVA AMADEU TEIXEIRA";"Flores";"Centro-Sul";302;230;77;33,48;76;33,04
2;548;2003;"E. E. ADERSON DE MENEZES";"Parque 10 de Novembro";"Centro-Sul";359;300;92;30,67;104;34,67
2;549;2011;"E. E. ALTAIR SEVERIANO NUNES";"Parque 10 de Novembro";"Centro-Sul";311;246;92;37,40;89;36,18
2;550;1929;"E. E. ALICE SALERNO";"Parque 10 de Novembro";"Centro-Sul";351;267;91;34,08;96;35,96
2;551;2020;"E. E. PROF. AGENOR FERREIRA LIMA";"Aleixo";"Centro-Sul";321;237;72;30,38;83;35,02
2;552;1929;"E. E. ALICE SALERNO";"Parque 10 de Novembro";"Centro-Sul";359;292;114;39,04;94;32,19
2;553;1996;"E. M. PROF. FRANCISCA PEREIRA DE ARAUJO";"Flores";"Centro-Sul";340;273;85;31,14;116;42,49
2;554;1988;"E. E. LIBERTADOR SIMON BOLIVAR";"Aleixo";"Centro-Sul";351;279;90;32,26;94;33,69
2;555;1899;"CSU HUMBERTO DE ALENCAR CASTELO BRANCO";"Parque 10 de Novembro";"Centro-Sul";360;299;82;27,42;119;39,80
2;556;2135;"P.E. CRECHE INFANTE TIRADENTES (ANTIGO CIESA)";"Flores";"Centro-Sul";301;241;59;24,48;110;45,64
2;557;1880;"E. E. JOSE BENTES MONTEIRO";"Aleixo";"Centro-Sul";350;274;91;33,21;84;30,66
2;558;1856;"FACULDADE ESTÁCIO (ANTIGO CEL)";"Chapada";"Centro-Sul";346;278;79;28,42;106;38,13
2;559;2011;"E. E. ALTAIR SEVERIANO NUNES";"Parque 10 de Novembro";"Centro-Sul";315;256;82;32,03;94;36,72
2;560;2003;"E. E. ADERSON DE MENEZES";"Parque 10 de Novembro";"Centro-Sul";361;291;91;31,27;110;37,80
2;561;2011;"E. E. ALTAIR SEVERIANO NUNES";"Parque 10 de Novembro";"Centro-Sul";315;244;78;31,97;95;38,93
2;562;1929;"E. E. ALICE SALERNO";"Parque 10 de Novembro";"Centro-Sul";353;275;83;30,18;95;34,55
2;563;1929;"E. E. ALICE SALERNO";"Parque 10 de Novembro";"Centro-Sul";351;269;99;36,80;94;34,94
2;564;1899;"CSU HUMBERTO DE ALENCAR CASTELO BRANCO";"Parque 10 de Novembro";"Centro-Sul";349;286;99;34,62;91;31,82
2;565;1988;"E. E. LIBERTADOR SIMON BOLIVAR";"Aleixo";"Centro-Sul";337;272;91;33,46;90;33,09
2;566;1880;"E. E. JOSE BENTES MONTEIRO";"Aleixo";"Centro-Sul";348;271;75;27,68;95;35,06
2;567;1910;"UNIP";"Parque 10 de Novembro";"Centro-Sul";353;290;103;35,52;105;36,21
2;568;1996;"E. M. PROF. FRANCISCA PEREIRA DE ARAUJO";"Flores";"Centro-Sul";320;262;78;29,77;102;38,93
2;569;2135;"P.E. CRECHE INFANTE TIRADENTES (ANTIGO CIESA)";"Flores";"Centro-Sul";298;237;68;28,69;84;35,44
2;570;2020;"E. E. PROF. AGENOR FERREIRA LIMA";"Aleixo";"Centro-Sul";329;261;92;35,25;86;32,95
2;571;1856;"FACULDADE ESTÁCIO (ANTIGO CEL)";"Chapada";"Centro-Sul";349;280;97;34,64;98;35,00
2;572;1902;"ESCOLA SUPERIOR DE TECNOLOGIA - UEA";"Parque 10 de Novembro";"Centro-Sul";388;290;85;29,31;115;39,66
2;573;2003;"E. E. ADERSON DE MENEZES";"Parque 10 de Novembro";"Centro-Sul";358;291;91;31,27;97;33,33
2;574;1899;"CSU HUMBERTO DE ALENCAR CASTELO BRANCO";"Parque 10 de Novembro";"Centro-Sul";349;278;87;31,29;112;40,29
2;575;2011;"E. E. ALTAIR SEVERIANO NUNES";"Parque 10 de Novembro";"Centro-Sul";309;243;89;36,63;90;37,04
2;576;1988;"E. E. LIBERTADOR SIMON BOLIVAR";"Aleixo";"Centro-Sul";340;265;81;30,57;94;35,47
2;577;2135;"P.E. CRECHE INFANTE TIRADENTES (ANTIGO CIESA)";"Flores";"Centro-Sul";315;257;89;34,63;98;38,13
2;578;1996;"E. M. PROF. FRANCISCA PEREIRA DE ARAUJO";"Flores";"Centro-Sul";333;278;76;27,34;122;43,88
2;579;1929;"E. E. ALICE SALERNO";"Parque 10 de Novembro";"Centro-Sul";358;283;93;32,86;95;33,57
2;580;1880;"E. E. JOSE BENTES MONTEIRO";"Aleixo";"Centro-Sul";362;292;85;29,11;94;32,19
2;581;1899;"CSU HUMBERTO DE ALENCAR CASTELO BRANCO";"Parque 10 de Novembro";"Centro-Sul";352;286;75;26,22;117;40,91
2;582;1856;"FACULDADE ESTÁCIO (ANTIGO CEL)";"Chapada";"Centro-Sul";351;275;92;33,45;97;35,27
2;583;2135;"P.E. CRECHE INFANTE TIRADENTES (ANTIGO CIESA)";"Flores";"Centro-Sul";297;238;67;28,15;97;40,76
2;584;2038;"ARENA GINÁSIO POLIESPORTIVA AMADEU TEIXEIRA";"Flores";"Centro-Sul";306;243;75;30,86;98;40,33
2;585;2011;"E. E. ALTAIR SEVERIANO NUNES";"Parque 10 de Novembro";"Centro-Sul";312;254;90;35,43;89;35,04
2;586;2046;"CENTRO UNIVERSITÁRIO NILTON LINS";"Flores";"Centro-Sul";389;314;99;31,53;116;36,94
2;587;2054;"C. E. ADALBERTO VALLE - UNIDADE II MORADA DO SOL";"Aleixo";"Centro-Sul";373;298;96;32,21;125;41,95
2;588;2119;"E.E. PROFESSORA LEONILA MARINHO";"Parque 10 de Novembro";"Centro-Sul";302;232;80;34,48;89;38,36
2;589;2070;"E. M. ARTHUR CEZAR FERREIRA REIS";"Parque 10 de Novembro";"Centro-Sul";366;286;84;29,37;112;39,16
2;590;2003;"E. E. ADERSON DE MENEZES";"Parque 10 de Novembro";"Centro-Sul";359;288;76;26,39;111;38,54
2;591;1996;"E. M. PROF. FRANCISCA PEREIRA DE ARAUJO";"Flores";"Centro-Sul";335;264;87;32,95;80;30,30
2;592;1988;"E. E. LIBERTADOR SIMON BOLIVAR";"Aleixo";"Centro-Sul";344;275;85;30,91;84;30,55
2;593;2020;"E. E. PROF. AGENOR FERREIRA LIMA";"Aleixo";"Centro-Sul";316;238;70;29,41;90;37,82
2;594;1929;"E. E. ALICE SALERNO";"Parque 10 de Novembro";"Centro-Sul";356;270;76;28,15;92;34,07
2;595;1899;"CSU HUMBERTO DE ALENCAR CASTELO BRANCO";"Parque 10 de Novembro";"Centro-Sul";353;270;78;28,89;110;40,74
2;596;1910;"UNIP";"Parque 10 de Novembro";"Centro-Sul";357;285;98;34,39;104;36,49
2;597;2046;"CENTRO UNIVERSITÁRIO NILTON LINS";"Flores";"Centro-Sul";393;320;98;30,63;120;37,50
2;598;1902;"ESCOLA SUPERIOR DE TECNOLOGIA - UEA";"Parque 10 de Novembro";"Centro-Sul";393;296;91;30,74;97;32,77
2;599;1880;"E. E. JOSE BENTES MONTEIRO";"Aleixo";"Centro-Sul";353;289;80;27,68;121;41,87
2;600;1996;"E. M. PROF. FRANCISCA PEREIRA DE ARAUJO";"Flores";"Centro-Sul";338;278;89;32,01;97;34,89
2;601;1856;"FACULDADE ESTÁCIO (ANTIGO CEL)";"Chapada";"Centro-Sul";348;267;92;34,46;86;32,21
2;602;2046;"CENTRO UNIVERSITÁRIO NILTON LINS";"Flores";"Centro-Sul";394;308;108;35,06;112;36,36
2;603;2011;"E. E. ALTAIR SEVERIANO NUNES";"Parque 10 de Novembro";"Centro-Sul";310;241;88;36,51;79;32,78
2;604;1899;"CSU HUMBERTO DE ALENCAR CASTELO BRANCO";"Parque 10 de Novembro";"Centro-Sul";349;279;79;28,32;105;37,63
2;605;2135;"P.E. CRECHE INFANTE TIRADENTES (ANTIGO CIESA)";"Flores";"Centro-Sul";306;255;83;32,55;89;34,90
2;606;1953;"E. E. PROF. ALDA BARATA";"Flores";"Centro-Sul";343;246;96;39,02;91;36,99
2;607;1929;"E. E. ALICE SALERNO";"Parque 10 de Novembro";"Centro-Sul";359;272;87;31,99;90;33,09
2;608;2054;"C. E. ADALBERTO VALLE - UNIDADE II MORADA DO SOL";"Aleixo";"Centro-Sul";375;274;78;28,47;136;49,64
2;609;1988;"E. E. LIBERTADOR SIMON BOLIVAR";"Aleixo";"Centro-Sul";340;279;83;29,75;104;37,28
2;610;1880;"E. E. JOSE BENTES MONTEIRO";"Aleixo";"Centro-Sul";354;286;86;30,07;92;32,17
2;611;2046;"CENTRO UNIVERSITÁRIO NILTON LINS";"Flores";"Centro-Sul";397;324;121;37,35;118;36,42
2;612;1996;"E. M. PROF. FRANCISCA PEREIRA DE ARAUJO";"Flores";"Centro-Sul";331;260;72;27,69;95;36,54
2;613;2003;"E. E. ADERSON DE MENEZES";"Parque 10 de Novembro";"Centro-Sul";353;281;83;29,54;103;36,65
2;614;1899;"CSU HUMBERTO DE ALENCAR CASTELO BRANCO";"Parque 10 de Novembro";"Centro-Sul";347;259;73;28,19;113;43,63
2;615;1856;"FACULDADE ESTÁCIO (ANTIGO CEL)";"Chapada";"Centro-Sul";348;275;91;33,09;96;34,91
2;616;2046;"CENTRO UNIVERSITÁRIO NILTON LINS";"Flores";"Centro-Sul";396;330;80;24,24;130;39,39
2;617;2038;"ARENA GINÁSIO POLIESPORTIVA AMADEU TEIXEIRA";"Flores";"Centro-Sul";310;251;73;29,08;114;45,42
2;618;1996;"E. M. PROF. FRANCISCA PEREIRA DE ARAUJO";"Flores";"Centro-Sul";333;264;76;28,79;90;34,09
2;619;2011;"E. E. ALTAIR SEVERIANO NUNES";"Parque 10 de Novembro";"Centro-Sul";310;249;84;33,73;80;32,13
2;620;1929;"E. E. ALICE SALERNO";"Parque 10 de Novembro";"Centro-Sul";354;256;77;30,08;93;36,33
2;621;1902;"ESCOLA SUPERIOR DE TECNOLOGIA - UEA";"Parque 10 de Novembro";"Centro-Sul";388;301;103;34,22;106;35,22
2;622;2054;"C. E. ADALBERTO VALLE - UNIDADE II MORADA DO SOL";"Aleixo";"Centro-Sul";374;289;91;31,49;107;37,02
2;623;1880;"E. E. JOSE BENTES MONTEIRO";"Aleixo";"Centro-Sul";355;276;70;25,36;95;34,42
2;624;2046;"CENTRO UNIVERSITÁRIO NILTON LINS";"Flores";"Centro-Sul";387;293;93;31,74;125;42,66
2;625;2135;"P.E. CRECHE INFANTE TIRADENTES (ANTIGO CIESA)";"Flores";"Centro-Sul";303;249;68;27,31;114;45,78
2;626;1988;"E. E. LIBERTADOR SIMON BOLIVAR";"Aleixo";"Centro-Sul";343;275;87;31,64;88;32,00
2;627;1910;"UNIP";"Parque 10 de Novembro";"Centro-Sul";375;289;76;26,30;117;40,48
2;628;1996;"E. M. PROF. FRANCISCA PEREIRA DE ARAUJO";"Flores";"Centro-Sul";336;246;79;32,11;73;29,67
2;629;1899;"CSU HUMBERTO DE ALENCAR CASTELO BRANCO";"Parque 10 de Novembro";"Centro-Sul";341;253;78;30,83;101;39,92
2;630;2046;"CENTRO UNIVERSITÁRIO NILTON LINS";"Flores";"Centro-Sul";391;320;100;31,25;130;40,63
2;631;2038;"ARENA GINÁSIO POLIESPORTIVA AMADEU TEIXEIRA";"Flores";"Centro-Sul";289;222;71;31,98;90;40,54
2;632;1856;"FACULDADE ESTÁCIO (ANTIGO CEL)";"Chapada";"Centro-Sul";351;269;103;38,29;97;36,06
2;633;2003;"E. E. ADERSON DE MENEZES";"Parque 10 de Novembro";"Centro-Sul";353;286;76;26,57;106;37,06
2;634;1929;"E. E. ALICE SALERNO";"Parque 10 de Novembro";"Centro-Sul";353;273;83;30,40;91;33,33
2;635;2011;"E. E. ALTAIR SEVERIANO NUNES";"Parque 10 de Novembro";"Centro-Sul";314;251;96;38,25;76;30,28
2;636;2046;"CENTRO UNIVERSITÁRIO NILTON LINS";"Flores";"Centro-Sul";389;315;104;33,02;117;37,14
2;637;2054;"C. E. ADALBERTO VALLE - UNIDADE II MORADA DO SOL";"Aleixo";"Centro-Sul";373;294;99;33,67;112;38,10
2;638;1996;"E. M. PROF. FRANCISCA PEREIRA DE ARAUJO";"Flores";"Centro-Sul";336;264;92;34,85;88;33,33
2;639;1988;"E. E. LIBERTADOR SIMON BOLIVAR";"Aleixo";"Centro-Sul";338;266;94;35,34;92;34,59
2;640;1880;"E. E. JOSE BENTES MONTEIRO";"Aleixo";"Centro-Sul";352;285;100;35,09;90;31,58
2;641;2135;"P.E. CRECHE INFANTE TIRADENTES (ANTIGO CIESA)";"Flores";"Centro-Sul";293;231;68;29,44;81;35,06
2;642;2046;"CENTRO UNIVERSITÁRIO NILTON LINS";"Flores";"Centro-Sul";386;302;92;30,46;132;43,71
2;643;2020;"E. E. PROF. AGENOR FERREIRA LIMA";"Aleixo";"Centro-Sul";322;243;73;30,04;90;37,04
2;644;1856;"FACULDADE ESTÁCIO (ANTIGO CEL)";"Chapada";"Centro-Sul";346;276;100;36,23;97;35,14
2;645;2003;"E. E. ADERSON DE MENEZES";"Parque 10 de Novembro";"Centro-Sul";352;280;77;27,50;98;35,00
2;646;1929;"E. E. ALICE SALERNO";"Parque 10 de Novembro";"Centro-Sul";354;279;90;32,26;93;33,33
2;647;2011;"E. E. ALTAIR SEVERIANO NUNES";"Parque 10 de Novembro";"Centro-Sul";317;252;82;32,54;77;30,56
2;648;2119;"E.E. PROFESSORA LEONILA MARINHO";"Parque 10 de Novembro";"Centro-Sul";312;234;67;28,63;97;41,45
2;649;2046;"CENTRO UNIVERSITÁRIO NILTON LINS";"Flores";"Centro-Sul";393;306;100;32,68;106;34,64
2;650;1902;"ESCOLA SUPERIOR DE TECNOLOGIA - UEA";"Parque 10 de Novembro";"Centro-Sul";393;295;95;32,20;106;35,93
2;651;2054;"C. E. ADALBERTO VALLE - UNIDADE II MORADA DO SOL";"Aleixo";"Centro-Sul";376;296;83;28,04;125;42,23
2;652;1953;"E. E. PROF. ALDA BARATA";"Flores";"Centro-Sul";336;264;95;35,98;93;35,23
2;653;2046;"CENTRO UNIVERSITÁRIO NILTON LINS";"Flores";"Centro-Sul";391;316;107;33,86;113;35,76
2;654;1910;"UNIP";"Parque 10 de Novembro";"Centro-Sul";366;295;83;28,14;110;37,29
2;655;2135;"P.E. CRECHE INFANTE TIRADENTES (ANTIGO CIESA)";"Flores";"Centro-Sul";305;229;77;33,62;87;37,99
2;656;1880;"E. E. JOSE BENTES MONTEIRO";"Aleixo";"Centro-Sul";356;289;93;32,18;103;35,64
2;657;1929;"E. E. ALICE SALERNO";"Parque 10 de Novembro";"Centro-Sul";358;288;101;35,07;97;33,68
2;658;2046;"CENTRO UNIVERSITÁRIO NILTON LINS";"Flores";"Centro-Sul";390;310;96;30,97;123;39,68
2;659;1856;"FACULDADE ESTÁCIO (ANTIGO CEL)";"Chapada";"Centro-Sul";351;271;91;33,58;95;35,06
2;660;2003;"E. E. ADERSON DE MENEZES";"Parque 10 de Novembro";"Centro-Sul";364;293;68;23,21;119;40,61
2;661;1988;"E. E. LIBERTADOR SIMON BOLIVAR";"Aleixo";"Centro-Sul";343;273;82;30,04;103;37,73
2;662;2046;"CENTRO UNIVERSITÁRIO NILTON LINS";"Flores";"Centro-Sul";391;307;95;30,94;130;42,35
2;663;2046;"CENTRO UNIVERSITÁRIO NILTON LINS";"Flores";"Centro-Sul";393;298;98;32,89;107;35,91
2;664;2054;"C. E. ADALBERTO VALLE - UNIDADE II MORADA DO SOL";"Aleixo";"Centro-Sul";378;294;94;31,97;118;40,14
2;665;2135;"P.E. CRECHE INFANTE TIRADENTES (ANTIGO CIESA)";"Flores";"Centro-Sul";287;230;56;24,35;82;35,65
2;666;2046;"CENTRO UNIVERSITÁRIO NILTON LINS";"Flores";"Centro-Sul";395;319;101;31,66;127;39,81
2;667;2003;"E. E. ADERSON DE MENEZES";"Parque 10 de Novembro";"Centro-Sul";356;279;97;34,77;98;35,13
2;668;2119;"E.E. PROFESSORA LEONILA MARINHO";"Parque 10 de Novembro";"Centro-Sul";295;235;68;28,94;102;43,40
2;669;1880;"E. E. JOSE BENTES MONTEIRO";"Aleixo";"Centro-Sul";349;272;90;33,09;92;33,82
2;670;1856;"FACULDADE ESTÁCIO (ANTIGO CEL)";"Chapada";"Centro-Sul";350;273;91;33,33;100;36,63
2;671;2038;"ARENA GINÁSIO POLIESPORTIVA AMADEU TEIXEIRA";"Flores";"Centro-Sul";283;217;61;28,11;86;39,63
2;672;1910;"UNIP";"Parque 10 de Novembro";"Centro-Sul";362;282;95;33,69;105;37,23
2;673;2046;"CENTRO UNIVERSITÁRIO NILTON LINS";"Flores";"Centro-Sul";394;304;87;28,62;130;42,76
2;674;1988;"E. E. LIBERTADOR SIMON BOLIVAR";"Aleixo";"Centro-Sul";342;275;91;33,09;88;32,00
2;675;1902;"ESCOLA SUPERIOR DE TECNOLOGIA - UEA";"Parque 10 de Novembro";"Centro-Sul";387;297;106;35,69;100;33,67
2;676;2011;"E. E. ALTAIR SEVERIANO NUNES";"Parque 10 de Novembro";"Centro-Sul";312;232;59;25,43;90;38,79
2;677;2046;"CENTRO UNIVERSITÁRIO NILTON LINS";"Flores";"Centro-Sul";394;310;98;31,61;119;38,39
2;678;2003;"E. E. ADERSON DE MENEZES";"Parque 10 de Novembro";"Centro-Sul";355;276;80;28,99;104;37,68
2;679;2038;"ARENA GINÁSIO POLIESPORTIVA AMADEU TEIXEIRA";"Flores";"Centro-Sul";312;243;83;34,16;85;34,98
2;680;2135;"P.E. CRECHE INFANTE TIRADENTES (ANTIGO CIESA)";"Flores";"Centro-Sul";292;231;83;35,93;72;31,17
2;681;2046;"CENTRO UNIVERSITÁRIO NILTON LINS";"Flores";"Centro-Sul";393;303;99;32,67;118;38,94
2;682;2054;"C. E. ADALBERTO VALLE - UNIDADE II MORADA DO SOL";"Aleixo";"Centro-Sul";372;284;106;37,32;101;35,56
2;683;1953;"E. E. PROF. ALDA BARATA";"Flores";"Centro-Sul";332;260;83;31,92;81;31,15
2;684;2011;"E. E. ALTAIR SEVERIANO NUNES";"Parque 10 de Novembro";"Centro-Sul";315;250;80;32,00;100;40,00
2;685;2135;"P.E. CRECHE INFANTE TIRADENTES (ANTIGO CIESA)";"Flores";"Centro-Sul";301;220;64;29,09;75;34,09
2;686;2119;"E.E. PROFESSORA LEONILA MARINHO";"Parque 10 de Novembro";"Centro-Sul";313;239;85;35,56;87;36,40
2;687;2020;"E. E. PROF. AGENOR FERREIRA LIMA";"Aleixo";"Centro-Sul";319;241;70;29,05;77;31,95
2;688;2038;"ARENA GINÁSIO POLIESPORTIVA AMADEU TEIXEIRA";"Flores";"Centro-Sul";299;222;77;34,68;76;34,23
2;689;1910;"UNIP";"Parque 10 de Novembro";"Centro-Sul";362;288;117;40,63;91;31,60
2;690;1902;"ESCOLA SUPERIOR DE TECNOLOGIA - UEA";"Parque 10 de Novembro";"Centro-Sul";388;290;94;32,41;95;32,76
2;691;2011;"E. E. ALTAIR SEVERIANO NUNES";"Parque 10 de Novembro";"Centro-Sul";313;246;78;31,71;71;28,86
2;692;2054;"C. E. ADALBERTO VALLE - UNIDADE II MORADA DO SOL";"Aleixo";"Centro-Sul";377;287;67;23,34;132;45,99
2;693;2046;"CENTRO UNIVERSITÁRIO NILTON LINS";"Flores";"Centro-Sul";392;313;84;26,84;137;43,77
2;694;2046;"CENTRO UNIVERSITÁRIO NILTON LINS";"Flores";"Centro-Sul";392;286;88;30,77;108;37,76
2;695;2011;"E. E. ALTAIR SEVERIANO NUNES";"Parque 10 de Novembro";"Centro-Sul";313;260;82;31,54;85;32,69
2;696;2119;"E.E. PROFESSORA LEONILA MARINHO";"Parque 10 de Novembro";"Centro-Sul";312;246;88;35,77;80;32,52
2;697;2054;"C. E. ADALBERTO VALLE - UNIDADE II MORADA DO SOL";"Aleixo";"Centro-Sul";373;294;106;36,05;99;33,67
2;698;1910;"UNIP";"Parque 10 de Novembro";"Centro-Sul";362;272;93;34,19;100;36,76
2;699;2011;"E. E. ALTAIR SEVERIANO NUNES";"Parque 10 de Novembro";"Centro-Sul";316;244;73;29,92;73;29,92
2;700;2038;"ARENA GINÁSIO POLIESPORTIVA AMADEU TEIXEIRA";"Flores";"Centro-Sul";295;208;51;24,52;92;44,23
2;701;2135;"P.E. CRECHE INFANTE TIRADENTES (ANTIGO CIESA)";"Flores";"Centro-Sul";295;243;74;30,45;84;34,57
2;702;2011;"E. E. ALTAIR SEVERIANO NUNES";"Parque 10 de Novembro";"Centro-Sul";313;237;68;28,69;85;35,86
2;703;2054;"C. E. ADALBERTO VALLE - UNIDADE II MORADA DO SOL";"Aleixo";"Centro-Sul";373;294;98;33,33;96;32,65
2;704;1902;"ESCOLA SUPERIOR DE TECNOLOGIA - UEA";"Parque 10 de Novembro";"Centro-Sul";390;288;87;30,21;106;36,81
2;705;1953;"E. E. PROF. ALDA BARATA";"Flores";"Centro-Sul";335;248;83;33,47;90;36,29
2;706;1910;"UNIP";"Parque 10 de Novembro";"Centro-Sul";364;275;88;32,00;98;35,64
2;707;1856;"FACULDADE ESTÁCIO (ANTIGO CEL)";"Chapada";"Centro-Sul";345;257;83;32,30;84;32,68
2;708;2135;"P.E. CRECHE INFANTE TIRADENTES (ANTIGO CIESA)";"Flores";"Centro-Sul";292;232;69;29,74;98;42,24
2;709;2119;"E.E. PROFESSORA LEONILA MARINHO";"Parque 10 de Novembro";"Centro-Sul";300;229;73;31,88;88;38,43
2;711;2054;"C. E. ADALBERTO VALLE - UNIDADE II MORADA DO SOL";"Aleixo";"Centro-Sul";376;277;80;28,88;110;39,71
2;712;2038;"ARENA GINÁSIO POLIESPORTIVA AMADEU TEIXEIRA";"Flores";"Centro-Sul";290;217;70;32,26;82;37,79
2;713;2070;"E. M. ARTHUR CEZAR FERREIRA REIS";"Parque 10 de Novembro";"Centro-Sul";383;287;80;27,87;115;40,07
2;714;1910;"UNIP";"Parque 10 de Novembro";"Centro-Sul";365;271;85;31,37;105;38,75
2;715;2119;"E.E. PROFESSORA LEONILA MARINHO";"Parque 10 de Novembro";"Centro-Sul";303;247;89;36,03;90;36,44
2;716;1902;"ESCOLA SUPERIOR DE TECNOLOGIA - UEA";"Parque 10 de Novembro";"Centro-Sul";393;298;97;32,55;114;38,26
2;717;2054;"C. E. ADALBERTO VALLE - UNIDADE II MORADA DO SOL";"Aleixo";"Centro-Sul";374;279;83;29,75;120;43,01
2;718;1910;"UNIP";"Parque 10 de Novembro";"Centro-Sul";356;264;81;30,68;96;36,36
2;719;2119;"E.E. PROFESSORA LEONILA MARINHO";"Parque 10 de Novembro";"Centro-Sul";293;212;66;31,13;83;39,15
2;720;2135;"P.E. CRECHE INFANTE TIRADENTES (ANTIGO CIESA)";"Flores";"Centro-Sul";300;221;42;19,00;86;38,91
2;721;2046;"CENTRO UNIVERSITÁRIO NILTON LINS";"Flores";"Centro-Sul";394;300;92;30,67;113;37,67
2;722;2119;"E.E. PROFESSORA LEONILA MARINHO";"Parque 10 de Novembro";"Centro-Sul";297;231;68;29,44;82;35,50
2;723;2046;"CENTRO UNIVERSITÁRIO NILTON LINS";"Flores";"Centro-Sul";393;300;84;28,00;108;36,00
2;724;2038;"ARENA GINÁSIO POLIESPORTIVA AMADEU TEIXEIRA";"Flores";"Centro-Sul";289;208;61;29,33;91;43,75
2;725;1953;"E. E. PROF. ALDA BARATA";"Flores";"Centro-Sul";334;238;67;28,15;87;36,55
2;726;2054;"C. E. ADALBERTO VALLE - UNIDADE II MORADA DO SOL";"Aleixo";"Centro-Sul";375;284;97;34,15;113;39,79
2;727;2046;"CENTRO UNIVERSITÁRIO NILTON LINS";"Flores";"Centro-Sul";387;293;97;33,11;127;43,34
2;728;1910;"UNIP";"Parque 10 de Novembro";"Centro-Sul";360;280;73;26,07;106;37,86
2;729;1856;"FACULDADE ESTÁCIO (ANTIGO CEL)";"Chapada";"Centro-Sul";351;253;77;30,43;86;33,99
2;730;2046;"CENTRO UNIVERSITÁRIO NILTON LINS";"Flores";"Centro-Sul";393;302;90;29,80;128;42,38
2;731;2135;"P.E. CRECHE INFANTE TIRADENTES (ANTIGO CIESA)";"Flores";"Centro-Sul";279;205;40;19,51;83;40,49
2;732;1988;"E. E. LIBERTADOR SIMON BOLIVAR";"Aleixo";"Centro-Sul";344;260;88;33,85;82;31,54
2;733;1902;"ESCOLA SUPERIOR DE TECNOLOGIA - UEA";"Parque 10 de Novembro";"Centro-Sul";390;302;98;32,45;101;33,44
2;734;2046;"CENTRO UNIVERSITÁRIO NILTON LINS";"Flores";"Centro-Sul";395;300;82;27,33;120;40,00
2;735;2046;"CENTRO UNIVERSITÁRIO NILTON LINS";"Flores";"Centro-Sul";392;300;66;22,00;132;44,00
2;736;2046;"CENTRO UNIVERSITÁRIO NILTON LINS";"Flores";"Centro-Sul";394;294;91;30,95;115;39,12
2;737;1910;"UNIP";"Parque 10 de Novembro";"Centro-Sul";362;278;85;30,58;88;31,65
2;738;2054;"C. E. ADALBERTO VALLE - UNIDADE II MORADA DO SOL";"Aleixo";"Centro-Sul";383;297;90;30,30;118;39,73
2;739;2046;"CENTRO UNIVERSITÁRIO NILTON LINS";"Flores";"Centro-Sul";394;303;87;28,71;128;42,24
2;740;2119;"E.E. PROFESSORA LEONILA MARINHO";"Parque 10 de Novembro";"Centro-Sul";329;238;60;25,21;92;38,66
2;741;2046;"CENTRO UNIVERSITÁRIO NILTON LINS";"Flores";"Centro-Sul";394;289;81;28,03;110;38,06
2;742;2135;"P.E. CRECHE INFANTE TIRADENTES (ANTIGO CIESA)";"Flores";"Centro-Sul";287;210;56;26,67;88;41,90
2;743;2054;"C. E. ADALBERTO VALLE - UNIDADE II MORADA DO SOL";"Aleixo";"Centro-Sul";379;286;101;35,31;103;36,01
2;744;2046;"CENTRO UNIVERSITÁRIO NILTON LINS";"Flores";"Centro-Sul";388;295;98;33,22;114;38,64
2;745;1988;"E. E. LIBERTADOR SIMON BOLIVAR";"Aleixo";"Centro-Sul";332;237;66;27,85;85;35,86
2;746;2119;"E.E. PROFESSORA LEONILA MARINHO";"Parque 10 de Novembro";"Centro-Sul";297;219;68;31,05;83;37,90
2;747;1910;"UNIP";"Parque 10 de Novembro";"Centro-Sul";363;260;69;26,54;100;38,46
2;749;2135;"P.E. CRECHE INFANTE TIRADENTES (ANTIGO CIESA)";"Flores";"Centro-Sul";287;200;41;20,50;83;41,50
2;755;2020;"E. E. PROF. AGENOR FERREIRA LIMA";"Aleixo";"Centro-Sul";320;232;76;32,76;66;28,45
2;756;2038;"ARENA GINÁSIO POLIESPORTIVA AMADEU TEIXEIRA";"Flores";"Centro-Sul";289;173;54;31,21;69;39,88
2;757;2119;"E.E. PROFESSORA LEONILA MARINHO";"Parque 10 de Novembro";"Centro-Sul";296;214;83;38,79;64;29,91
2;758;1910;"UNIP";"Parque 10 de Novembro";"Centro-Sul";358;249;76;30,52;89;35,74
2;759;2070;"E. M. ARTHUR CEZAR FERREIRA REIS";"Parque 10 de Novembro";"Centro-Sul";373;274;82;29,93;101;36,86
2;760;2135;"P.E. CRECHE INFANTE TIRADENTES (ANTIGO CIESA)";"Flores";"Centro-Sul";284;200;65;32,50;69;34,50
2;762;1902;"ESCOLA SUPERIOR DE TECNOLOGIA - UEA";"Parque 10 de Novembro";"Centro-Sul";393;301;103;34,22;99;32,89
2;763;2054;"C. E. ADALBERTO VALLE - UNIDADE II MORADA DO SOL";"Aleixo";"Centro-Sul";372;286;111;38,81;95;33,22
2;764;1910;"UNIP";"Parque 10 de Novembro";"Centro-Sul";365;278;110;39,57;73;26,26
2;765;1953;"E. E. PROF. ALDA BARATA";"Flores";"Centro-Sul";335;235;70;29,79;77;32,77
2;766;1902;"ESCOLA SUPERIOR DE TECNOLOGIA - UEA";"Parque 10 de Novembro";"Centro-Sul";384;285;105;36,84;77;27,02
2;767;1856;"FACULDADE ESTÁCIO (ANTIGO CEL)";"Chapada";"Centro-Sul";351;247;83;33,60;80;32,39
2;768;1910;"UNIP";"Parque 10 de Novembro";"Centro-Sul";366;271;84;31,00;108;39,85
2;769;2070;"E. M. ARTHUR CEZAR FERREIRA REIS";"Parque 10 de Novembro";"Centro-Sul";378;283;94;33,22;88;31,10
2;770;1902;"ESCOLA SUPERIOR DE TECNOLOGIA - UEA";"Parque 10 de Novembro";"Centro-Sul";389;274;93;33,94;101;36,86
2;771;1910;"UNIP";"Parque 10 de Novembro";"Centro-Sul";361;259;88;33,98;91;35,14
2;772;1910;"UNIP";"Parque 10 de Novembro";"Centro-Sul";365;261;89;34,10;76;29,12
2;773;2054;"C. E. ADALBERTO VALLE - UNIDADE II MORADA DO SOL";"Aleixo";"Centro-Sul";372;279;100;35,84;66;23,66
2;774;1902;"ESCOLA SUPERIOR DE TECNOLOGIA - UEA";"Parque 10 de Novembro";"Centro-Sul";392;288;125;43,40;77;26,74
2;775;1953;"E. E. PROF. ALDA BARATA";"Flores";"Centro-Sul";334;220;74;33,64;78;35,45
2;776;1910;"UNIP";"Parque 10 de Novembro";"Centro-Sul";363;269;98;36,43;71;26,39
2;777;1902;"ESCOLA SUPERIOR DE TECNOLOGIA - UEA";"Parque 10 de Novembro";"Centro-Sul";392;296;113;38,18;64;21,62
2;778;2070;"E. M. ARTHUR CEZAR FERREIRA REIS";"Parque 10 de Novembro";"Centro-Sul";369;270;99;36,67;79;29,26
2;779;1910;"UNIP";"Parque 10 de Novembro";"Centro-Sul";363;272;112;41,18;79;29,04
2;780;1856;"FACULDADE ESTÁCIO (ANTIGO CEL)";"Chapada";"Centro-Sul";352;267;98;36,70;83;31,09
2;781;1910;"UNIP";"Parque 10 de Novembro";"Centro-Sul";360;267;96;35,96;79;29,59
2;782;1953;"E. E. PROF. ALDA BARATA";"Flores";"Centro-Sul";337;230;78;33,91;84;36,52
2;783;1902;"ESCOLA SUPERIOR DE TECNOLOGIA - UEA";"Parque 10 de Novembro";"Centro-Sul";395;300;120;40,00;91;30,33
2;784;2054;"C. E. ADALBERTO VALLE - UNIDADE II MORADA DO SOL";"Aleixo";"Centro-Sul";382;296;119;40,20;74;25,00
2;785;1910;"UNIP";"Parque 10 de Novembro";"Centro-Sul";359;273;102;37,36;92;33,70
2;786;1856;"FACULDADE ESTÁCIO (ANTIGO CEL)";"Chapada";"Centro-Sul";343;257;102;39,69;61;23,74
2;787;2054;"C. E. ADALBERTO VALLE - UNIDADE II MORADA DO SOL";"Aleixo";"Centro-Sul";377;292;125;42,81;82;28,08
2;788;1910;"UNIP";"Parque 10 de Novembro";"Centro-Sul";363;270;107;39,63;63;23,33
2;789;2070;"E. M. ARTHUR CEZAR FERREIRA REIS";"Parque 10 de Novembro";"Centro-Sul";373;289;99;34,26;101;34,95
2;790;1902;"ESCOLA SUPERIOR DE TECNOLOGIA - UEA";"Parque 10 de Novembro";"Centro-Sul";389;311;127;40,84;76;24,44
2;791;1953;"E. E. PROF. ALDA BARATA";"Flores";"Centro-Sul";333;249;78;31,33;90;36,14
2;792;2054;"C. E. ADALBERTO VALLE - UNIDADE II MORADA DO SOL";"Aleixo";"Centro-Sul";372;297;118;39,73;93;31,31
2;793;1910;"UNIP";"Parque 10 de Novembro";"Centro-Sul";360;271;96;35,42;91;33,58
2;794;1856;"FACULDADE ESTÁCIO (ANTIGO CEL)";"Chapada";"Centro-Sul";354;262;106;40,46;68;25,95
2;795;1902;"ESCOLA SUPERIOR DE TECNOLOGIA - UEA";"Parque 10 de Novembro";"Centro-Sul";395;301;132;43,85;71;23,59
2;796;1910;"UNIP";"Parque 10 de Novembro";"Centro-Sul";365;279;86;30,82;92;32,97
2;797;2070;"E. M. ARTHUR CEZAR FERREIRA REIS";"Parque 10 de Novembro";"Centro-Sul";363;254;70;27,56;92;36,22
2;798;2054;"C. E. ADALBERTO VALLE - UNIDADE II MORADA DO SOL";"Aleixo";"Centro-Sul";368;285;117;41,05;77;27,02
2;799;1910;"UNIP";"Parque 10 de Novembro";"Centro-Sul";356;254;98;38,58;80;31,50
2;800;1902;"ESCOLA SUPERIOR DE TECNOLOGIA - UEA";"Parque 10 de Novembro";"Centro-Sul";396;273;87;31,87;88;32,23
2;801;2070;"E. M. ARTHUR CEZAR FERREIRA REIS";"Parque 10 de Novembro";"Centro-Sul";373;290;96;33,10;93;32,07
2;802;2020;"E. E. PROF. AGENOR FERREIRA LIMA";"Aleixo";"Centro-Sul";326;253;78;30,83;73;28,85
2;803;1902;"ESCOLA SUPERIOR DE TECNOLOGIA - UEA";"Parque 10 de Novembro";"Centro-Sul";390;292;104;35,62;83;28,42
2;804;2100;"CENTRO EDUCACIONAL PINGO DE GENTE LAVINIENSE ENSINO INTEGRADO";"Aleixo";"Centro-Sul";329;273;102;37,36;78;28,57
2;805;1988;"E. E. LIBERTADOR SIMON BOLIVAR";"Aleixo";"Centro-Sul";373;273;93;34,07;65;23,81
2;806;2100;"CENTRO EDUCACIONAL PINGO DE GENTE LAVINIENSE ENSINO INTEGRADO";"Aleixo";"Centro-Sul";457;370;135;36,49;113;30,54
2;807;2097;"CENTRO EDUCACIONAL PINGO DE GENTE LAVINIENSE ENSINO INTEGRADO";"Aleixo";"Centro-Sul";293;232;72;31,03;86;37,07
2;809;1856;"FACULDADE ESTÁCIO (ANTIGO CEL)";"Chapada";"Centro-Sul";352;269;101;37,55;82;30,48
2;810;2127;"P.E. CRECHE INFANTE TIRADENTES (ANTIGO CIESA)";"Flores";"Centro-Sul";201;166;45;27,11;60;36,14
31;1;2232;"E. E. MACHADO DE ASSIS";"Educandos";"Sul";305;233;87;37,34;47;20,17
31;13;2151;"E. E. ESTELITA TAPAJÓS";"Educandos";"Sul";382;298;101;33,89;77;25,84
31;23;2003;"CETI GILBERTO MESTRINHO";"Educandos";"Sul";352;262;79;30,15;72;27,48
31;35;2194;"E. E. PROF. DIANA PINHEIRO";"Educandos";"Sul";373;266;81;30,45;82;30,83
31;44;2160;"E. E. J. G. ARAÚJO";"Santa Luzia";"Sul";275;207;62;29,95;54;26,09
31;46;2178;"E. E. LEOPOLDO NEVES";"Santa Luzia";"Sul";345;254;82;32,28;56;22,05
31;55;1910;"E. E. ISAAC BENZECRY";"Colônia Oliveira Machado";"Sul";300;231;66;28,57;78;33,77
31;56;1988;"E. E. PROF. ROXANA PEREIRA BONESSE";"Colônia Oliveira Machado";"Sul";341;268;108;40,30;77;28,73
31;62;2135;"E. E. ADALBERTO VALE";"Morro da Liberdade";"Sul";338;242;79;32,64;47;19,42
31;73;2186;"E. E. PAULA ANGELA FRASSINETTI";"Morro da Liberdade";"Sul";336;249;67;26,91;47;18,88
31;80;2127;"E. E. ANTOVILA MOURÃO VIEIRA";"São Lázaro";"Sul";381;274;75;27,37;84;30,66
31;84;2216;"E. M. ANASTÁCIO ASSUNÇÃO";"São Lázaro";"Sul";288;205;69;33,66;47;22,93
31;98;2208;"E. E. PROF. NELSON ALVES FERREIRA";"Betânia";"Sul";383;262;90;34,35;57;21,76
31;100;2143;"E. E. N. S. DA DIVINA PROVIDENCIA";"Betânia";"Sul";345;261;88;33,72;54;20,69
31;360;1929;"E. M. JOSE TAVARES DE MACEDO";"Santa Luzia";"Sul";471;365;125;34,25;91;24,93
31;384;1899;"E. E. ANTONIO LUCENA BITENCOURT";"Betânia";"Sul";366;258;70;27,13;55;21,32
31;386;1970;"E. M. IRMÃ IDELVIRA DE SOUTO CABRAL";"Morro da Liberdade";"Sul";427;326;94;28,83;73;22,39
31;408;1945;"E. M. NAZIRA CHAMMA DAOU";"Educandos";"Sul";343;259;67;25,87;62;23,94
31;424;1961;"CMEI CORAÇÃO DE JESUS";"Morro da Liberdade";"Sul";283;209;51;24,40;48;22,97
31;425;1953;"CMEI PROF. JOSE ERICO II";"Educandos";"Sul";353;280;90;32,14;92;32,86
31;427;1937;"E. E. BRIGADEIRO JOÃO CAMARÃO TELLES RIBEIRO";"São Lázaro";"Sul";353;244;75;30,74;76;31,15
31;447;1996;"ESCOLA DE FORMAÇÃO PROFISSIONAL ENF. FRANCISCA SAAVEDRA - CETAM";"Colônia Oliveira Machado";"Sul";284;228;84;36,84;75;32,89
31;466;2143;"E. E. N. S. DA DIVINA PROVIDENCIA";"Betânia";"Sul";189;129;38;29,46;45;34,88
31;479;2011;"E. E. PROF.  BENEDITO ALMEIDA";"Mauazinho";"Leste";357;255;77;30,20;89;34,90
31;484;2020;"E. E. ALMIRANTE ERNESTO DE MELLO BAPTISTA";"Vila Buriti";"Sul";445;231;37;16,02;122;52,81
31;489;2038;"E. E. BOM PASTOR";"Crespo";"Sul";351;262;79;30,15;87;33,21
31;493;2046;"E. E. DORVAL PORTO";"Crespo";"Sul";358;269;79;29,37;85;31,60
31;500;2054;"CMEI PADRE LUIS RUAS";"Mauazinho";"Leste";358;265;74;27,92;86;32,45
31;502;2070;"E. M. THALLES SILVESTRE";"Crespo";"Sul";216;155;54;34,84;47;30,32
31;507;2062;"E. M.  ANA MARIA DE SOUZA BARROS";"Mauazinho";"Leste";386;281;112;39,86;88;31,32
31;519;2089;"E. E. JOSE CARLOS MESTRINHO";"Crespo";"Sul";338;253;84;33,20;60;23,72
31;526;2097;"E. M. NOVA VIDA";"Mauazinho";"Leste";479;359;104;28,97;104;28,97
31;536;2100;"E. M. VILA DA FELICIDADE";"Mauazinho";"Leste";310;227;59;25,99;51;22,47
31;539;2119;"E. M. GRAZIELA RIBEIRO";"Crespo";"Sul";314;226;56;24,78;88;38,94
31;550;2224;"E. M. PADRE JOSÉ DE ANCHIETA";"Betânia";"Sul";413;327;110;33,64;88;26,91
31;552;1902;"E. M. JOÃO VALENTE";"Betânia";"Sul";359;277;82;29,60;86;31,05
31;553;1910;"E. E. ISAAC BENZECRY";"Colônia Oliveira Machado";"Sul";314;257;79;30,74;77;29,96
31;554;1899;"E. E. ANTONIO LUCENA BITENCOURT";"Betânia";"Sul";368;314;78;24,84;94;29,94
31;555;1937;"E. E. BRIGADEIRO JOÃO CAMARÃO TELLES RIBEIRO";"São Lázaro";"Sul";374;299;82;27,42;117;39,13
31;556;1929;"E. M. JOSE TAVARES DE MACEDO";"Santa Luzia";"Sul";325;279;87;31,18;71;25,45
31;557;1945;"E. M. NAZIRA CHAMMA DAOU";"Educandos";"Sul";362;297;90;30,30;86;28,96
31;558;2062;"E. M.  ANA MARIA DE SOUZA BARROS";"Mauazinho";"Leste";391;316;114;36,08;85;26,90
31;559;2046;"E. E. DORVAL PORTO";"Crespo";"Sul";366;305;91;29,84;103;33,77
31;560;2097;"E. M. NOVA VIDA";"Mauazinho";"Leste";397;302;97;32,12;91;30,13
31;561;2003;"CETI GILBERTO MESTRINHO";"Educandos";"Sul";338;256;100;39,06;64;25,00
31;562;2089;"E. E. JOSE CARLOS MESTRINHO";"Crespo";"Sul";339;256;88;34,38;71;27,73
31;563;2038;"E. E. BOM PASTOR";"Crespo";"Sul";349;285;80;28,07;93;32,63
31;564;2011;"E. E. PROF.  BENEDITO ALMEIDA";"Mauazinho";"Leste";357;286;99;34,62;80;27,97
31;565;2070;"E. M. THALLES SILVESTRE";"Crespo";"Sul";308;243;55;22,63;95;39,09
31;566;1902;"E. M. JOÃO VALENTE";"Betânia";"Sul";365;322;99;30,75;107;33,23
31;567;1988;"E. E. PROF. ROXANA PEREIRA BONESSE";"Colônia Oliveira Machado";"Sul";351;303;126;41,58;75;24,75
31;568;1996;"ESCOLA DE FORMAÇÃO PROFISSIONAL ENF. FRANCISCA SAAVEDRA - CETAM";"Colônia Oliveira Machado";"Sul";314;257;94;36,58;86;33,46
31;570;1880;"E. M. ESCRITOR ANISIO TEIXEIRA";"Mauazinho";"Leste";390;332;90;27,11;136;40,96
31;571;2100;"E. M. VILA DA FELICIDADE";"Mauazinho";"Leste";314;241;69;28,63;65;26,97
31;572;1961;"CMEI CORAÇÃO DE JESUS";"Morro da Liberdade";"Sul";313;259;72;27,80;71;27,41
31;573;2119;"E. M. GRAZIELA RIBEIRO";"Crespo";"Sul";314;268;77;28,73;93;34,70
31;574;2054;"CMEI PADRE LUIS RUAS";"Mauazinho";"Leste";362;285;82;28,77;91;31,93
31;575;1970;"E. M. IRMÃ IDELVIRA DE SOUTO CABRAL";"Morro da Liberdade";"Sul";307;244;69;28,28;77;31,56
31;576;2020;"E. E. ALMIRANTE ERNESTO DE MELLO BAPTISTA";"Vila Buriti";"Sul";231;130;30;23,08;58;44,62
31;577;2135;"E. E. ADALBERTO VALE";"Morro da Liberdade";"Sul";351;270;90;33,33;57;21,11
31;578;2127;"E. E. ANTOVILA MOURÃO VIEIRA";"São Lázaro";"Sul";390;304;105;34,54;87;28,62
31;579;2194;"E. E. PROF. DIANA PINHEIRO";"Educandos";"Sul";375;292;99;33,90;93;31,85
31;580;2151;"E. E. ESTELITA TAPAJÓS";"Educandos";"Sul";387;312;115;36,86;71;22,76
31;581;2178;"E. E. LEOPOLDO NEVES";"Santa Luzia";"Sul";349;294;99;33,67;60;20,41
31;582;2186;"E. E. PAULA ANGELA FRASSINETTI";"Morro da Liberdade";"Sul";335;261;65;24,90;65;24,90
31;583;2208;"E. E. PROF. NELSON ALVES FERREIRA";"Betânia";"Sul";382;322;97;30,12;100;31,06
31;584;2160;"E. E. J. G. ARAÚJO";"Santa Luzia";"Sul";309;254;93;36,61;72;28,35
31;585;2143;"E. E. N. S. DA DIVINA PROVIDENCIA";"Betânia";"Sul";364;300;105;35,00;87;29,00
31;586;2224;"E. M. PADRE JOSÉ DE ANCHIETA";"Betânia";"Sul";317;264;102;38,64;59;22,35
31;587;2216;"E. M. ANASTÁCIO ASSUNÇÃO";"São Lázaro";"Sul";318;254;77;30,31;68;26,77
31;588;2232;"E. E. MACHADO DE ASSIS";"Educandos";"Sul";310;252;86;34,13;70;27,78
31;589;2151;"E. E. ESTELITA TAPAJÓS";"Educandos";"Sul";390;313;101;32,27;76;24,28
31;590;2194;"E. E. PROF. DIANA PINHEIRO";"Educandos";"Sul";376;299;110;36,79;93;31,10
31;591;2062;"E. M.  ANA MARIA DE SOUZA BARROS";"Mauazinho";"Leste";392;302;93;30,79;92;30,46
31;592;2097;"E. M. NOVA VIDA";"Mauazinho";"Leste";392;292;80;27,40;103;35,27
31;593;1937;"E. E. BRIGADEIRO JOÃO CAMARÃO TELLES RIBEIRO";"São Lázaro";"Sul";371;295;94;31,86;97;32,88
31;594;2135;"E. E. ADALBERTO VALE";"Morro da Liberdade";"Sul";352;279;91;32,62;61;21,86
31;595;1899;"E. E. ANTONIO LUCENA BITENCOURT";"Betânia";"Sul";365;292;90;30,82;85;29,11
31;596;1988;"E. E. PROF. ROXANA PEREIRA BONESSE";"Colônia Oliveira Machado";"Sul";351;291;109;37,46;82;28,18
31;597;2046;"E. E. DORVAL PORTO";"Crespo";"Sul";361;284;89;31,34;90;31,69
31;598;1945;"E. M. NAZIRA CHAMMA DAOU";"Educandos";"Sul";355;291;97;33,33;72;24,74
31;599;2232;"E. E. MACHADO DE ASSIS";"Educandos";"Sul";319;254;72;28,35;80;31,50
31;600;2127;"E. E. ANTOVILA MOURÃO VIEIRA";"São Lázaro";"Sul";392;298;98;32,89;91;30,54
31;601;2143;"E. E. N. S. DA DIVINA PROVIDENCIA";"Betânia";"Sul";362;303;101;33,33;93;30,69
31;602;2208;"E. E. PROF. NELSON ALVES FERREIRA";"Betânia";"Sul";384;318;102;32,08;100;31,45
31;603;2011;"E. E. PROF.  BENEDITO ALMEIDA";"Mauazinho";"Leste";367;282;94;33,33;85;30,14
31;604;2089;"E. E. JOSE CARLOS MESTRINHO";"Crespo";"Sul";355;282;89;31,56;69;24,47
31;605;2062;"E. M.  ANA MARIA DE SOUZA BARROS";"Mauazinho";"Leste";394;313;105;33,55;90;28,75
31;606;2186;"E. E. PAULA ANGELA FRASSINETTI";"Morro da Liberdade";"Sul";333;275;60;21,82;59;21,45
31;607;2194;"E. E. PROF. DIANA PINHEIRO";"Educandos";"Sul";375;304;102;33,55;88;28,95
31;608;2097;"E. M. NOVA VIDA";"Mauazinho";"Leste";398;308;101;32,79;95;30,84
31;609;2151;"E. E. ESTELITA TAPAJÓS";"Educandos";"Sul";388;309;99;32,04;89;28,80
31;610;2216;"E. M. ANASTÁCIO ASSUNÇÃO";"São Lázaro";"Sul";317;246;82;33,33;54;21,95
31;611;1937;"E. E. BRIGADEIRO JOÃO CAMARÃO TELLES RIBEIRO";"São Lázaro";"Sul";373;296;75;25,34;100;33,78
31;612;2003;"CETI GILBERTO MESTRINHO";"Educandos";"Sul";348;280;104;37,14;75;26,79
31;613;2135;"E. E. ADALBERTO VALE";"Morro da Liberdade";"Sul";357;285;78;27,37;72;25,26
31;614;2178;"E. E. LEOPOLDO NEVES";"Santa Luzia";"Sul";350;273;83;30,40;91;33,33
31;615;1899;"E. E. ANTONIO LUCENA BITENCOURT";"Betânia";"Sul";368;294;81;27,55;74;25,17
31;616;2160;"E. E. J. G. ARAÚJO";"Santa Luzia";"Sul";314;266;87;32,71;69;25,94
31;617;2062;"E. M.  ANA MARIA DE SOUZA BARROS";"Mauazinho";"Leste";396;312;103;33,01;105;33,65
31;618;1988;"E. E. PROF. ROXANA PEREIRA BONESSE";"Colônia Oliveira Machado";"Sul";352;305;105;34,43;92;30,16
31;619;1945;"E. M. NAZIRA CHAMMA DAOU";"Educandos";"Sul";354;292;84;28,77;88;30,14
31;620;2127;"E. E. ANTOVILA MOURÃO VIEIRA";"São Lázaro";"Sul";389;318;90;28,30;99;31,13
31;621;1996;"ESCOLA DE FORMAÇÃO PROFISSIONAL ENF. FRANCISCA SAAVEDRA - CETAM";"Colônia Oliveira Machado";"Sul";309;252;87;34,52;80;31,75
31;622;2046;"E. E. DORVAL PORTO";"Crespo";"Sul";358;290;85;29,31;101;34,83
31;623;2097;"E. M. NOVA VIDA";"Mauazinho";"Leste";388;306;106;34,64;89;29,08
31;624;2194;"E. E. PROF. DIANA PINHEIRO";"Educandos";"Sul";378;271;86;31,73;78;28,78
31;625;2089;"E. E. JOSE CARLOS MESTRINHO";"Crespo";"Sul";348;283;103;36,40;64;22,61
31;626;2232;"E. E. MACHADO DE ASSIS";"Educandos";"Sul";308;245;80;32,65;71;28,98
31;627;2208;"E. E. PROF. NELSON ALVES FERREIRA";"Betânia";"Sul";386;295;85;28,81;91;30,85
31;628;1937;"E. E. BRIGADEIRO JOÃO CAMARÃO TELLES RIBEIRO";"São Lázaro";"Sul";374;307;104;33,88;94;30,62
31;629;2151;"E. E. ESTELITA TAPAJÓS";"Educandos";"Sul";389;315;104;33,02;91;28,89
31;630;2038;"E. E. BOM PASTOR";"Crespo";"Sul";350;289;91;31,49;81;28,03
31;631;2143;"E. E. N. S. DA DIVINA PROVIDENCIA";"Betânia";"Sul";364;278;88;31,65;95;34,17
31;632;2119;"E. M. GRAZIELA RIBEIRO";"Crespo";"Sul";313;246;76;30,89;87;35,37
31;633;2135;"E. E. ADALBERTO VALE";"Morro da Liberdade";"Sul";347;278;71;25,54;74;26,62
31;634;1929;"E. M. JOSE TAVARES DE MACEDO";"Santa Luzia";"Sul";311;255;79;30,98;67;26,27
31;635;2062;"E. M.  ANA MARIA DE SOUZA BARROS";"Mauazinho";"Leste";396;304;101;33,22;76;25,00
31;636;2011;"E. E. PROF.  BENEDITO ALMEIDA";"Mauazinho";"Leste";361;278;88;31,65;78;28,06
31;637;1899;"E. E. ANTONIO LUCENA BITENCOURT";"Betânia";"Sul";354;287;86;29,97;78;27,18
31;638;2186;"E. E. PAULA ANGELA FRASSINETTI";"Morro da Liberdade";"Sul";325;262;72;27,48;55;20,99
31;639;2097;"E. M. NOVA VIDA";"Mauazinho";"Leste";397;306;90;29,41;102;33,33
31;640;1970;"E. M. IRMÃ IDELVIRA DE SOUTO CABRAL";"Morro da Liberdade";"Sul";317;257;83;32,30;58;22,57
31;641;2046;"E. E. DORVAL PORTO";"Crespo";"Sul";354;280;71;25,36;74;26,43
31;642;1910;"E. E. ISAAC BENZECRY";"Colônia Oliveira Machado";"Sul";313;251;79;31,47;84;33,47
31;643;2127;"E. E. ANTOVILA MOURÃO VIEIRA";"São Lázaro";"Sul";394;323;93;28,79;94;29,10
31;644;2194;"E. E. PROF. DIANA PINHEIRO";"Educandos";"Sul";376;297;90;30,30;94;31,65
31;645;2178;"E. E. LEOPOLDO NEVES";"Santa Luzia";"Sul";348;273;81;29,67;71;26,01
31;646;2062;"E. M.  ANA MARIA DE SOUZA BARROS";"Mauazinho";"Leste";396;306;87;28,43;104;33,99
31;647;1937;"E. E. BRIGADEIRO JOÃO CAMARÃO TELLES RIBEIRO";"São Lázaro";"Sul";371;275;73;26,55;101;36,73
31;648;2216;"E. M. ANASTÁCIO ASSUNÇÃO";"São Lázaro";"Sul";311;242;65;26,86;71;29,34
31;649;1988;"E. E. PROF. ROXANA PEREIRA BONESSE";"Colônia Oliveira Machado";"Sul";357;290;96;33,10;98;33,79
31;650;2089;"E. E. JOSE CARLOS MESTRINHO";"Crespo";"Sul";347;279;88;31,54;70;25,09
31;651;1902;"E. M. JOÃO VALENTE";"Betânia";"Sul";323;264;68;25,76;101;38,26
31;652;2151;"E. E. ESTELITA TAPAJÓS";"Educandos";"Sul";389;311;95;30,55;83;26,69
31;653;1961;"CMEI CORAÇÃO DE JESUS";"Morro da Liberdade";"Sul";300;244;58;23,77;63;25,82
31;654;2070;"E. M. THALLES SILVESTRE";"Crespo";"Sul";296;232;66;28,45;83;35,78
31;655;1945;"E. M. NAZIRA CHAMMA DAOU";"Educandos";"Sul";352;274;85;31,02;71;25,91
31;656;2097;"E. M. NOVA VIDA";"Mauazinho";"Leste";393;297;94;31,65;98;33,00
31;657;2135;"E. E. ADALBERTO VALE";"Morro da Liberdade";"Sul";338;268;87;32,46;57;21,27
31;658;2011;"E. E. PROF.  BENEDITO ALMEIDA";"Mauazinho";"Leste";364;275;85;30,91;92;33,45
31;659;2208;"E. E. PROF. NELSON ALVES FERREIRA";"Betânia";"Sul";382;303;87;28,71;95;31,35
31;660;2100;"E. M. VILA DA FELICIDADE";"Mauazinho";"Leste";313;222;55;24,77;84;37,84
31;661;1899;"E. E. ANTONIO LUCENA BITENCOURT";"Betânia";"Sul";371;285;74;25,96;79;27,72
31;662;2062;"E. M.  ANA MARIA DE SOUZA BARROS";"Mauazinho";"Leste";390;285;96;33,68;92;32,28
31;663;2232;"E. E. MACHADO DE ASSIS";"Educandos";"Sul";307;244;79;32,38;61;25,00
31;664;2003;"CETI GILBERTO MESTRINHO";"Educandos";"Sul";345;251;98;39,04;57;22,71
31;665;2143;"E. E. N. S. DA DIVINA PROVIDENCIA";"Betânia";"Sul";361;286;86;30,07;103;36,01
31;666;2194;"E. E. PROF. DIANA PINHEIRO";"Educandos";"Sul";377;294;88;29,93;94;31,97
31;667;2160;"E. E. J. G. ARAÚJO";"Santa Luzia";"Sul";305;253;82;32,41;61;24,11
31;668;2046;"E. E. DORVAL PORTO";"Crespo";"Sul";358;281;74;26,33;100;35,59
31;670;2097;"E. M. NOVA VIDA";"Mauazinho";"Leste";398;312;91;29,17;107;34,29
31;671;1937;"E. E. BRIGADEIRO JOÃO CAMARÃO TELLES RIBEIRO";"São Lázaro";"Sul";365;256;74;28,91;103;40,23
31;672;2062;"E. M.  ANA MARIA DE SOUZA BARROS";"Mauazinho";"Leste";393;302;98;32,45;91;30,13
31;673;2151;"E. E. ESTELITA TAPAJÓS";"Educandos";"Sul";388;311;87;27,97;104;33,44
31;674;2127;"E. E. ANTOVILA MOURÃO VIEIRA";"São Lázaro";"Sul";392;316;94;29,75;95;30,06
31;675;1945;"E. M. NAZIRA CHAMMA DAOU";"Educandos";"Sul";354;289;99;34,26;73;25,26
31;676;2089;"E. E. JOSE CARLOS MESTRINHO";"Crespo";"Sul";348;288;84;29,17;81;28,13
31;677;1996;"ESCOLA DE FORMAÇÃO PROFISSIONAL ENF. FRANCISCA SAAVEDRA - CETAM";"Colônia Oliveira Machado";"Sul";291;229;80;34,93;75;32,75
31;678;2135;"E. E. ADALBERTO VALE";"Morro da Liberdade";"Sul";340;251;77;30,68;51;20,32
31;679;2186;"E. E. PAULA ANGELA FRASSINETTI";"Morro da Liberdade";"Sul";326;257;65;25,29;63;24,51
31;680;1988;"E. E. PROF. ROXANA PEREIRA BONESSE";"Colônia Oliveira Machado";"Sul";341;277;78;28,16;94;33,94
31;681;1899;"E. E. ANTONIO LUCENA BITENCOURT";"Betânia";"Sul";370;295;86;29,15;71;24,07
31;682;2194;"E. E. PROF. DIANA PINHEIRO";"Educandos";"Sul";380;283;88;31,10;90;31,80
31;683;1880;"E. M. ESCRITOR ANISIO TEIXEIRA";"Mauazinho";"Leste";395;308;93;30,19;115;37,34
31;684;2097;"E. M. NOVA VIDA";"Mauazinho";"Leste";400;296;95;32,09;86;29,05
31;685;2208;"E. E. PROF. NELSON ALVES FERREIRA";"Betânia";"Sul";382;288;77;26,74;85;29,51
31;686;2151;"E. E. ESTELITA TAPAJÓS";"Educandos";"Sul";390;313;97;30,99;82;26,20
31;687;2046;"E. E. DORVAL PORTO";"Crespo";"Sul";364;277;80;28,88;76;27,44
31;688;2232;"E. E. MACHADO DE ASSIS";"Educandos";"Sul";305;235;58;24,68;74;31,49
31;689;2178;"E. E. LEOPOLDO NEVES";"Santa Luzia";"Sul";346;272;87;31,99;62;22,79
31;690;2216;"E. M. ANASTÁCIO ASSUNÇÃO";"São Lázaro";"Sul";310;246;62;25,20;60;24,39
31;691;2062;"E. M.  ANA MARIA DE SOUZA BARROS";"Mauazinho";"Leste";395;300;89;29,67;84;28,00
31;692;1937;"E. E. BRIGADEIRO JOÃO CAMARÃO TELLES RIBEIRO";"São Lázaro";"Sul";365;269;74;27,51;94;34,94
31;693;2038;"E. E. BOM PASTOR";"Crespo";"Sul";350;277;78;28,16;87;31,41
31;694;2143;"E. E. N. S. DA DIVINA PROVIDENCIA";"Betânia";"Sul";361;279;86;30,82;71;25,45
31;695;2135;"E. E. ADALBERTO VALE";"Morro da Liberdade";"Sul";349;268;71;26,49;61;22,76
31;696;1945;"E. M. NAZIRA CHAMMA DAOU";"Educandos";"Sul";350;283;82;28,98;79;27,92
31;697;1899;"E. E. ANTONIO LUCENA BITENCOURT";"Betânia";"Sul";348;269;76;28,25;70;26,02
31;698;2089;"E. E. JOSE CARLOS MESTRINHO";"Crespo";"Sul";349;273;75;27,47;68;24,91
31;699;2194;"E. E. PROF. DIANA PINHEIRO";"Educandos";"Sul";377;274;82;29,93;85;31,02
31;700;2097;"E. M. NOVA VIDA";"Mauazinho";"Leste";381;294;95;32,31;95;32,31
31;701;2054;"CMEI PADRE LUIS RUAS";"Mauazinho";"Leste";356;261;67;25,67;94;36,02
31;702;2119;"E. M. GRAZIELA RIBEIRO";"Crespo";"Sul";313;228;64;28,07;70;30,70
31;703;2062;"E. M.  ANA MARIA DE SOUZA BARROS";"Mauazinho";"Leste";390;299;90;30,10;93;31,10
31;704;2003;"CETI GILBERTO MESTRINHO";"Educandos";"Sul";364;270;89;32,96;86;31,85
31;706;2127;"E. E. ANTOVILA MOURÃO VIEIRA";"São Lázaro";"Sul";398;298;95;31,88;67;22,48
31;707;2151;"E. E. ESTELITA TAPAJÓS";"Educandos";"Sul";390;308;76;24,68;94;30,52
31;708;1937;"E. E. BRIGADEIRO JOÃO CAMARÃO TELLES RIBEIRO";"São Lázaro";"Sul";366;283;66;23,32;101;35,69
31;709;1988;"E. E. PROF. ROXANA PEREIRA BONESSE";"Colônia Oliveira Machado";"Sul";354;270;72;26,67;94;34,81
31;710;2046;"E. E. DORVAL PORTO";"Crespo";"Sul";369;272;95;34,93;75;27,57
31;711;2160;"E. E. J. G. ARAÚJO";"Santa Luzia";"Sul";303;242;73;30,17;63;26,03
31;712;2097;"E. M. NOVA VIDA";"Mauazinho";"Leste";388;293;75;25,60;88;30,03
31;713;2135;"E. E. ADALBERTO VALE";"Morro da Liberdade";"Sul";349;257;79;30,74;55;21,40
31;714;2208;"E. E. PROF. NELSON ALVES FERREIRA";"Betânia";"Sul";385;297;75;25,25;105;35,35
31;715;2186;"E. E. PAULA ANGELA FRASSINETTI";"Morro da Liberdade";"Sul";320;252;63;25,00;38;15,08
31;717;1910;"E. E. ISAAC BENZECRY";"Colônia Oliveira Machado";"Sul";315;237;66;27,85;77;32,49
31;718;1899;"E. E. ANTONIO LUCENA BITENCOURT";"Betânia";"Sul";355;276;82;29,71;82;29,71
31;719;2232;"E. E. MACHADO DE ASSIS";"Educandos";"Sul";308;230;63;27,39;62;26,96
31;720;2194;"E. E. PROF. DIANA PINHEIRO";"Educandos";"Sul";380;283;80;28,27;93;32,86
31;721;2097;"E. M. NOVA VIDA";"Mauazinho";"Leste";405;302;98;32,45;82;27,15
31;722;1945;"E. M. NAZIRA CHAMMA DAOU";"Educandos";"Sul";345;263;84;31,94;65;24,71
31;724;2089;"E. E. JOSE CARLOS MESTRINHO";"Crespo";"Sul";344;267;91;34,08;75;28,09
31;725;1996;"ESCOLA DE FORMAÇÃO PROFISSIONAL ENF. FRANCISCA SAAVEDRA - CETAM";"Colônia Oliveira Machado";"Sul";280;215;67;31,16;82;38,14
31;726;2178;"E. E. LEOPOLDO NEVES";"Santa Luzia";"Sul";352;274;99;36,13;61;22,26
31;727;2151;"E. E. ESTELITA TAPAJÓS";"Educandos";"Sul";385;303;94;31,02;88;29,04
31;728;1937;"E. E. BRIGADEIRO JOÃO CAMARÃO TELLES RIBEIRO";"São Lázaro";"Sul";366;252;59;23,41;97;38,49
31;729;2100;"E. M. VILA DA FELICIDADE";"Mauazinho";"Leste";310;223;54;24,22;70;31,39
31;730;2097;"E. M. NOVA VIDA";"Mauazinho";"Leste";393;279;78;27,96;86;30,82
31;731;2216;"E. M. ANASTÁCIO ASSUNÇÃO";"São Lázaro";"Sul";286;216;60;27,78;54;25,00
31;732;2135;"E. E. ADALBERTO VALE";"Morro da Liberdade";"Sul";341;272;78;28,68;83;30,51
31;734;2046;"E. E. DORVAL PORTO";"Crespo";"Sul";350;264;84;31,82;79;29,92
31;736;2054;"CMEI PADRE LUIS RUAS";"Mauazinho";"Leste";360;253;94;37,15;71;28,06
31;737;2127;"E. E. ANTOVILA MOURÃO VIEIRA";"São Lázaro";"Sul";387;292;95;32,53;62;21,23
31;738;2208;"E. E. PROF. NELSON ALVES FERREIRA";"Betânia";"Sul";389;301;94;31,23;78;25,91
31;739;1988;"E. E. PROF. ROXANA PEREIRA BONESSE";"Colônia Oliveira Machado";"Sul";353;265;92;34,72;78;29,43
31;740;2194;"E. E. PROF. DIANA PINHEIRO";"Educandos";"Sul";379;284;85;29,93;88;30,99
31;741;1961;"CMEI CORAÇÃO DE JESUS";"Morro da Liberdade";"Sul";317;259;67;25,87;59;22,78
31;742;1945;"E. M. NAZIRA CHAMMA DAOU";"Educandos";"Sul";355;269;77;28,62;66;24,54
31;743;1937;"E. E. BRIGADEIRO JOÃO CAMARÃO TELLES RIBEIRO";"São Lázaro";"Sul";359;241;57;23,65;92;38,17
31;744;2151;"E. E. ESTELITA TAPAJÓS";"Educandos";"Sul";391;292;69;23,63;87;29,79
31;745;2054;"CMEI PADRE LUIS RUAS";"Mauazinho";"Leste";366;261;82;31,42;75;28,74
31;746;2135;"E. E. ADALBERTO VALE";"Morro da Liberdade";"Sul";341;260;83;31,92;52;20,00
31;747;2089;"E. E. JOSE CARLOS MESTRINHO";"Crespo";"Sul";348;262;77;29,39;69;26,34
31;814;1880;"E. M. ESCRITOR ANISIO TEIXEIRA";"Mauazinho";"Leste";396;293;75;25,60;103;35,15
31;815;2062;"E. M.  ANA MARIA DE SOUZA BARROS";"Mauazinho";"Leste";398;281;107;38,08;70;24,91
31;816;2097;"E. M. NOVA VIDA";"Mauazinho";"Leste";399;300;97;32,33;83;27,67
31;817;1937;"E. E. BRIGADEIRO JOÃO CAMARÃO TELLES RIBEIRO";"São Lázaro";"Sul";358;247;63;25,51;88;35,63
31;818;2003;"CETI GILBERTO MESTRINHO";"Educandos";"Sul";343;251;94;37,45;66;26,29
31;820;2267;"E. M. JOAQUIM DA SILVA PINTO";"Crespo";"Sul";283;221;66;29,86;44;19,91
31;821;2062;"E. M.  ANA MARIA DE SOUZA BARROS";"Mauazinho";"Leste";393;305;106;34,75;88;28,85
31;822;2259;"E. E. T. I. MADRE TEREZA DE CALCUTÁ";"Morro da Liberdade";"Sul";265;210;57;27,14;36;17,14
31;823;2011;"E. E. PROF.  BENEDITO ALMEIDA";"Mauazinho";"Leste";368;265;73;27,55;82;30,94
32;613;1899;"E. E. ANTONIO BITTENCOURT";"Glória";"Oeste";389;301;113;37,54;93;30,90
32;614;2208;"E. E. JOÃO BOSCO PANTOJA EVANGELISTA";"Compensa";"Oeste";385;320;91;28,44;99;30,94
32;615;2089;"E. M. PROF. ALBERTO MAKAREM";"Compensa";"Oeste";387;333;102;30,63;112;33,63
32;616;2216;"E. E. CORONEL PEDRO CÂMARA (CMPM VIII)";"Compensa";"Oeste";385;303;85;28,05;88;29,04
32;617;1937;"E. E. SANTO ANTONIO";"Santo Antônio";"Oeste";382;298;114;38,26;83;27,85
32;618;2054;"E. M. CARLOS GOMES";"Compensa";"Oeste";371;283;81;28,62;112;39,58
32;619;2160;"E. M. PROF. PERCILIA DO NASCIMENTO SOUZA";"Compensa";"Oeste";341;285;86;30,18;90;31,58
32;620;2372;"E. E. DUQUE DE CAXIAS";"Compensa";"Oeste";343;268;75;27,99;88;32,84
32;621;2100;"E. M. MONSENHOR FRANCISCO DA SILVEIRA PINTO";"Compensa";"Oeste";283;230;75;32,61;84;36,52
32;622;2046;"E. E. BENJAMIN MAGALHÃES BRANDÃO";"Compensa";"Oeste";390;296;96;32,43;88;29,73
32;623;2127;"E. E. PADRE PEDRO GISLANDY";"Compensa";"Oeste";413;303;103;33,99;80;26,40
32;624;1872;"E. E. MARQUÊS DE SANTA CRUZ";"São Raimundo";"Oeste";332;274;100;36,50;66;24,09
32;625;2143;"E. E. JULIA BITTENCOURT";"Compensa";"Oeste";415;321;109;33,96;98;30,53
32;626;1945;"E. E. PRESIDENTE CASTELO BRANCO";"São Jorge";"Oeste";367;273;82;30,04;78;28,57
32;627;1988;"E. M. SÃO DIMAS";"São Jorge";"Oeste";326;266;94;35,34;64;24,06
32;628;1929;"E. E. GOVERNADOR MELO E POVOAS";"Santo Antônio";"Oeste";375;293;102;34,81;90;30,72
32;629;2186;"E. M. PROF. SEBASTIÃO NORÕES";"Compensa";"Oeste";345;284;95;33,45;69;24,30
32;630;2097;"E. M. ELVIRA BORGES";"Compensa";"Oeste";412;316;90;28,48;86;27,22
32;631;2364;"C. E. DE EDUC. ESPECIAL JOANA RODRIGUES VIEIRA";"Glória";"Oeste";271;220;89;40,45;65;29,55
32;632;1953;"E. E. ZULMIRA BITTENCOURT";"São Jorge";"Oeste";324;274;94;34,31;84;30,66
32;633;2070;"E. E. SENADOR FLAVIO DA COSTA BRITO";"Compensa";"Oeste";397;308;114;37,01;110;35,71
32;634;2003;"E. M. PAULA FRASSINETTI";"Glória";"Oeste";300;250;105;42,00;75;30,00
32;635;2178;"E. M. SÃO PEDRO";"Compensa";"Oeste";392;300;89;29,67;87;29,00
32;636;2038;"C. E. AMAZÔNIA";"Santo Antônio";"Oeste";313;253;93;36,76;77;30,43
32;637;2119;"E. M. PROF. JOAQUIM GONZAGA PINHEIRO";"Vila da Prata";"Oeste";402;308;102;33,12;81;26,30
32;638;1880;"E. E. SAO LUIZ DE GONZAGA";"São Raimundo";"Oeste";362;295;116;39,32;79;26,78
32;639;2305;"E. DE EDUCAÇÃO PROFISSIONAL PADRE ESTÉLIO DALISON";"São Jorge";"Oeste";321;260;89;34,23;82;31,54
32;640;1996;"E. M. PADRE RAIMUNDO NONATO PINHEIRO";"Santo Antônio";"Oeste";333;290;82;28,28;91;31,38
32;641;2232;"E. M. FRANCISCA GOMES MENDES";"Compensa";"Oeste";339;278;93;33,45;78;28,06
32;642;1961;"E. E. ISAAC BENAYON SABBA";"São Jorge";"Oeste";274;236;83;35,17;62;26,27
32;643;2020;"E. M. GUILHERME BARBOSA BARKER";"Santo Antônio";"Oeste";370;296;99;33,45;101;34,12
32;644;2240;"E. M. MARIA MADALENA CORREA";"Vila da Prata";"Oeste";318;263;102;38,78;67;25,48
32;645;2151;"E. M. MINISTRO MARIO ANDREAZZA";"Compensa";"Oeste";378;300;102;34,00;81;27,00
32;646;1970;"E. E. GENERAL SAMPAIO";"São Jorge";"Oeste";346;272;79;29,04;99;36,40
32;647;2135;"E. M. MARIA FERNANDES";"Compensa";"Oeste";331;283;83;29,33;82;28,98
32;648;2194;"E. M. SÃO VICENTE DE PAULA";"Compensa";"Oeste";351;285;93;32,63;83;29,12
32;649;2062;"E. E. IRMÃ ADONAI POLITI";"Vila da Prata";"Oeste";331;273;97;35,53;80;29,30
32;650;2224;"E. E. WALDEMIRO PERES LUSTOZA";"Compensa";"Oeste";395;318;98;30,82;92;28,93
32;651;1910;"E. M. GENERAL ARISTIDES BARRETO";"Santo Antônio";"Oeste";304;254;85;33,46;84;33,07
32;652;2267;"E. E. PEDRO SILVESTRE";"São Raimundo";"Oeste";362;279;92;32,97;75;26,88
32;653;2216;"E. E. CORONEL PEDRO CÂMARA (CMPM VIII)";"Compensa";"Oeste";386;320;118;36,88;91;28,44
32;654;1872;"E. E. MARQUÊS DE SANTA CRUZ";"São Raimundo";"Oeste";336;270;110;40,74;64;23,70
32;655;1945;"E. E. PRESIDENTE CASTELO BRANCO";"São Jorge";"Oeste";375;307;94;30,62;108;35,18
32;656;2267;"E. E. PEDRO SILVESTRE";"São Raimundo";"Oeste";364;282;94;33,33;81;28,72
32;657;2127;"E. E. PADRE PEDRO GISLANDY";"Compensa";"Oeste";411;329;118;35,87;103;31,31
32;658;1899;"E. E. ANTONIO BITTENCOURT";"Glória";"Oeste";390;321;116;36,14;82;25,55
32;659;1937;"E. E. SANTO ANTONIO";"Santo Antônio";"Oeste";384;319;111;34,80;85;26,65
32;660;2046;"E. E. BENJAMIN MAGALHÃES BRANDÃO";"Compensa";"Oeste";410;315;91;28,89;108;34,29
32;661;2143;"E. E. JULIA BITTENCOURT";"Compensa";"Oeste";399;284;76;26,76;84;29,58
32;662;1929;"E. E. GOVERNADOR MELO E POVOAS";"Santo Antônio";"Oeste";376;311;101;32,48;97;31,19
32;663;2119;"E. M. PROF. JOAQUIM GONZAGA PINHEIRO";"Vila da Prata";"Oeste";406;329;100;30,40;120;36,47
32;664;1880;"E. E. SAO LUIZ DE GONZAGA";"São Raimundo";"Oeste";359;293;76;25,94;99;33,79
32;665;2208;"E. E. JOÃO BOSCO PANTOJA EVANGELISTA";"Compensa";"Oeste";388;317;92;29,02;90;28,39
32;666;2097;"E. M. ELVIRA BORGES";"Compensa";"Oeste";419;333;86;25,83;104;31,23
32;667;1970;"E. E. GENERAL SAMPAIO";"São Jorge";"Oeste";332;255;87;34,12;82;32,16
32;668;2054;"E. M. CARLOS GOMES";"Compensa";"Oeste";377;287;73;25,44;105;36,59
32;669;2216;"E. E. CORONEL PEDRO CÂMARA (CMPM VIII)";"Compensa";"Oeste";380;292;97;33,22;84;28,77
32;670;2038;"C. E. AMAZÔNIA";"Santo Antônio";"Oeste";310;256;93;36,33;75;29,30
32;671;2178;"E. M. SÃO PEDRO";"Compensa";"Oeste";386;296;105;35,47;77;26,01
32;672;1953;"E. E. ZULMIRA BITTENCOURT";"São Jorge";"Oeste";329;271;95;35,06;75;27,68
32;673;2119;"E. M. PROF. JOAQUIM GONZAGA PINHEIRO";"Vila da Prata";"Oeste";404;323;105;32,51;82;25,39
32;674;1945;"E. E. PRESIDENTE CASTELO BRANCO";"São Jorge";"Oeste";379;300;105;35,00;104;34,67
32;675;2046;"E. E. BENJAMIN MAGALHÃES BRANDÃO";"Compensa";"Oeste";403;312;104;33,33;106;33,97
32;676;2127;"E. E. PADRE PEDRO GISLANDY";"Compensa";"Oeste";408;329;100;30,40;110;33,43
32;677;1872;"E. E. MARQUÊS DE SANTA CRUZ";"São Raimundo";"Oeste";334;281;94;33,45;95;33,81
32;678;2267;"E. E. PEDRO SILVESTRE";"São Raimundo";"Oeste";357;277;93;33,57;83;29,96
32;679;2003;"E. M. PAULA FRASSINETTI";"Glória";"Oeste";302;243;91;37,45;68;27,98
32;680;2224;"E. E. WALDEMIRO PERES LUSTOZA";"Compensa";"Oeste";393;299;109;36,45;70;23,41
32;681;1899;"E. E. ANTONIO BITTENCOURT";"Glória";"Oeste";389;305;110;36,07;87;28,52
32;682;2143;"E. E. JULIA BITTENCOURT";"Compensa";"Oeste";413;310;90;29,03;105;33,87
32;683;1937;"E. E. SANTO ANTONIO";"Santo Antônio";"Oeste";384;307;109;35,50;84;27,36
32;684;2216;"E. E. CORONEL PEDRO CÂMARA (CMPM VIII)";"Compensa";"Oeste";384;313;97;30,99;100;31,95
32;685;1929;"E. E. GOVERNADOR MELO E POVOAS";"Santo Antônio";"Oeste";374;305;108;35,41;82;26,89
32;686;2160;"E. M. PROF. PERCILIA DO NASCIMENTO SOUZA";"Compensa";"Oeste";338;277;82;29,60;60;21,66
32;687;2020;"E. M. GUILHERME BARBOSA BARKER";"Santo Antônio";"Oeste";369;309;85;27,51;99;32,04
32;688;1945;"E. E. PRESIDENTE CASTELO BRANCO";"São Jorge";"Oeste";373;294;88;29,93;109;37,07
32;689;1961;"E. E. ISAAC BENAYON SABBA";"São Jorge";"Oeste";275;237;75;31,65;67;28,27
32;690;2119;"E. M. PROF. JOAQUIM GONZAGA PINHEIRO";"Vila da Prata";"Oeste";406;309;107;34,63;81;26,21
32;691;2097;"E. M. ELVIRA BORGES";"Compensa";"Oeste";420;343;97;28,28;111;32,36
32;692;2178;"E. M. SÃO PEDRO";"Compensa";"Oeste";393;313;93;29,71;87;27,80
32;693;1988;"E. M. SÃO DIMAS";"São Jorge";"Oeste";328;277;96;34,66;79;28,52
32;694;2089;"E. M. PROF. ALBERTO MAKAREM";"Compensa";"Oeste";379;292;88;30,14;103;35,27
32;695;2208;"E. E. JOÃO BOSCO PANTOJA EVANGELISTA";"Compensa";"Oeste";392;314;83;26,43;99;31,53
32;696;2054;"E. M. CARLOS GOMES";"Compensa";"Oeste";376;295;101;34,24;104;35,25
32;697;1996;"E. M. PADRE RAIMUNDO NONATO PINHEIRO";"Santo Antônio";"Oeste";344;282;95;33,69;91;32,27
32;698;2046;"E. E. BENJAMIN MAGALHÃES BRANDÃO";"Compensa";"Oeste";404;307;82;26,71;109;35,50
32;699;2216;"E. E. CORONEL PEDRO CÂMARA (CMPM VIII)";"Compensa";"Oeste";384;310;105;33,87;107;34,52
32;700;2070;"E. E. SENADOR FLAVIO DA COSTA BRITO";"Compensa";"Oeste";400;319;110;34,48;108;33,86
32;701;2127;"E. E. PADRE PEDRO GISLANDY";"Compensa";"Oeste";409;318;107;33,65;89;27,99
32;702;1953;"E. E. ZULMIRA BITTENCOURT";"São Jorge";"Oeste";332;276;86;31,16;85;30,80
32;703;1910;"E. M. GENERAL ARISTIDES BARRETO";"Santo Antônio";"Oeste";311;254;72;28,35;77;30,31
32;704;1970;"E. E. GENERAL SAMPAIO";"São Jorge";"Oeste";349;301;82;27,24;108;35,88
32;705;2143;"E. E. JULIA BITTENCOURT";"Compensa";"Oeste";413;313;109;34,82;85;27,16
32;706;1880;"E. E. SAO LUIZ DE GONZAGA";"São Raimundo";"Oeste";361;291;97;33,33;95;32,65
32;707;1937;"E. E. SANTO ANTONIO";"Santo Antônio";"Oeste";384;317;110;34,70;79;24,92
32;708;2151;"E. M. MINISTRO MARIO ANDREAZZA";"Compensa";"Oeste";384;315;114;36,19;83;26,35
32;709;2194;"E. M. SÃO VICENTE DE PAULA";"Compensa";"Oeste";345;272;84;30,88;72;26,47
32;710;1945;"E. E. PRESIDENTE CASTELO BRANCO";"São Jorge";"Oeste";379;297;98;33,00;102;34,34
32;711;1872;"E. E. MARQUÊS DE SANTA CRUZ";"São Raimundo";"Oeste";338;282;107;37,94;85;30,14
32;712;2119;"E. M. PROF. JOAQUIM GONZAGA PINHEIRO";"Vila da Prata";"Oeste";406;322;95;29,50;109;33,85
32;713;2216;"E. E. CORONEL PEDRO CÂMARA (CMPM VIII)";"Compensa";"Oeste";377;297;96;32,32;86;28,96
32;714;1899;"E. E. ANTONIO BITTENCOURT";"Glória";"Oeste";383;292;111;38,01;73;25,00
32;715;1929;"E. E. GOVERNADOR MELO E POVOAS";"Santo Antônio";"Oeste";372;307;108;35,18;83;27,04
32;716;2038;"C. E. AMAZÔNIA";"Santo Antônio";"Oeste";307;240;71;29,58;61;25,42
32;717;2305;"E. DE EDUCAÇÃO PROFISSIONAL PADRE ESTÉLIO DALISON";"São Jorge";"Oeste";287;229;71;31,00;78;34,06
32;718;2046;"E. E. BENJAMIN MAGALHÃES BRANDÃO";"Compensa";"Oeste";400;313;101;32,27;96;30,67
32;719;2267;"E. E. PEDRO SILVESTRE";"São Raimundo";"Oeste";361;279;85;30,47;80;28,67
32;720;2224;"E. E. WALDEMIRO PERES LUSTOZA";"Compensa";"Oeste";387;317;99;31,23;93;29,34
32;721;2186;"E. M. PROF. SEBASTIÃO NORÕES";"Compensa";"Oeste";344;278;103;37,05;65;23,38
32;722;2097;"E. M. ELVIRA BORGES";"Compensa";"Oeste";412;323;78;24,15;89;27,55
32;723;2135;"E. M. MARIA FERNANDES";"Compensa";"Oeste";324;250;88;35,20;51;20,40
32;724;2062;"E. E. IRMÃ ADONAI POLITI";"Vila da Prata";"Oeste";329;254;87;34,25;67;26,38
32;725;2178;"E. M. SÃO PEDRO";"Compensa";"Oeste";394;314;95;30,25;99;31,53
32;726;2240;"E. M. MARIA MADALENA CORREA";"Vila da Prata";"Oeste";322;251;91;36,25;71;28,29
32;727;2127;"E. E. PADRE PEDRO GISLANDY";"Compensa";"Oeste";412;307;102;33,22;85;27,69
32;728;2143;"E. E. JULIA BITTENCOURT";"Compensa";"Oeste";414;314;90;28,66;89;28,34
32;729;2208;"E. E. JOÃO BOSCO PANTOJA EVANGELISTA";"Compensa";"Oeste";394;298;84;28,19;98;32,89
32;730;2216;"E. E. CORONEL PEDRO CÂMARA (CMPM VIII)";"Compensa";"Oeste";354;272;88;32,35;71;26,10
32;731;1937;"E. E. SANTO ANTONIO";"Santo Antônio";"Oeste";384;313;94;30,03;113;36,10
32;732;1953;"E. E. ZULMIRA BITTENCOURT";"São Jorge";"Oeste";327;273;87;31,87;90;32,97
32;733;2054;"E. M. CARLOS GOMES";"Compensa";"Oeste";375;293;93;31,74;104;35,49
32;734;2119;"E. M. PROF. JOAQUIM GONZAGA PINHEIRO";"Vila da Prata";"Oeste";402;306;91;29,74;100;32,68
32;735;1945;"E. E. PRESIDENTE CASTELO BRANCO";"São Jorge";"Oeste";373;296;89;30,07;88;29,73
32;736;2046;"E. E. BENJAMIN MAGALHÃES BRANDÃO";"Compensa";"Oeste";410;334;109;32,63;101;30,24
32;737;2160;"E. M. PROF. PERCILIA DO NASCIMENTO SOUZA";"Compensa";"Oeste";337;262;63;24,05;85;32,44
32;738;1970;"E. E. GENERAL SAMPAIO";"São Jorge";"Oeste";346;292;91;31,16;95;32,53
32;739;2216;"E. E. CORONEL PEDRO CÂMARA (CMPM VIII)";"Compensa";"Oeste";383;299;96;32,11;98;32,78
32;740;2372;"E. E. DUQUE DE CAXIAS";"Compensa";"Oeste";342;237;58;24,47;93;39,24
32;741;2127;"E. E. PADRE PEDRO GISLANDY";"Compensa";"Oeste";412;327;107;32,72;96;29,36
32;742;1929;"E. E. GOVERNADOR MELO E POVOAS";"Santo Antônio";"Oeste";373;304;101;33,22;95;31,25
32;743;1872;"E. E. MARQUÊS DE SANTA CRUZ";"São Raimundo";"Oeste";343;281;94;33,45;74;26,33
32;744;1937;"E. E. SANTO ANTONIO";"Santo Antônio";"Oeste";376;298;70;23,49;92;30,87
32;745;2119;"E. M. PROF. JOAQUIM GONZAGA PINHEIRO";"Vila da Prata";"Oeste";408;320;99;30,94;75;23,44
32;746;1899;"E. E. ANTONIO BITTENCOURT";"Glória";"Oeste";386;296;91;30,74;78;26,35
32;747;2208;"E. E. JOÃO BOSCO PANTOJA EVANGELISTA";"Compensa";"Oeste";394;311;103;33,12;95;30,55
32;748;2003;"E. M. PAULA FRASSINETTI";"Glória";"Oeste";300;241;92;38,17;64;26,56
32;749;2046;"E. E. BENJAMIN MAGALHÃES BRANDÃO";"Compensa";"Oeste";404;313;113;36,10;92;29,39
32;750;2143;"E. E. JULIA BITTENCOURT";"Compensa";"Oeste";411;318;88;27,67;107;33,65
32;751;1961;"E. E. ISAAC BENAYON SABBA";"São Jorge";"Oeste";275;199;66;33,17;54;27,14
32;752;2216;"E. E. CORONEL PEDRO CÂMARA (CMPM VIII)";"Compensa";"Oeste";384;312;91;29,17;96;30,77
32;753;2020;"E. M. GUILHERME BARBOSA BARKER";"Santo Antônio";"Oeste";368;308;92;29,87;111;36,04
32;754;2089;"E. M. PROF. ALBERTO MAKAREM";"Compensa";"Oeste";387;301;83;27,57;113;37,54
32;755;2178;"E. M. SÃO PEDRO";"Compensa";"Oeste";395;317;92;29,02;93;29,34
32;756;2224;"E. E. WALDEMIRO PERES LUSTOZA";"Compensa";"Oeste";396;314;96;30,57;88;28,03
32;757;2097;"E. M. ELVIRA BORGES";"Compensa";"Oeste";420;347;108;31,12;91;26,22
32;758;2267;"E. E. PEDRO SILVESTRE";"São Raimundo";"Oeste";364;257;70;27,24;83;32,30
32;759;1945;"E. E. PRESIDENTE CASTELO BRANCO";"São Jorge";"Oeste";379;281;83;29,54;99;35,23
32;760;2054;"E. M. CARLOS GOMES";"Compensa";"Oeste";372;297;98;33,00;93;31,31
32;761;1988;"E. M. SÃO DIMAS";"São Jorge";"Oeste";324;270;92;34,07;78;28,89
32;762;1953;"E. E. ZULMIRA BITTENCOURT";"São Jorge";"Oeste";324;230;61;26,52;73;31,74
32;763;2364;"C. E. DE EDUC. ESPECIAL JOANA RODRIGUES VIEIRA";"Glória";"Oeste";264;218;80;36,70;72;33,03
32;764;1880;"E. E. SAO LUIZ DE GONZAGA";"São Raimundo";"Oeste";362;292;103;35,27;83;28,42
32;765;1961;"E. E. ISAAC BENAYON SABBA";"São Jorge";"Oeste";272;234;60;25,64;66;28,21
32;766;2062;"E. E. IRMÃ ADONAI POLITI";"Vila da Prata";"Oeste";331;266;72;27,07;79;29,70
32;767;1945;"E. E. PRESIDENTE CASTELO BRANCO";"São Jorge";"Oeste";380;303;90;29,70;99;32,67
32;768;2372;"E. E. DUQUE DE CAXIAS";"Compensa";"Oeste";341;267;82;30,71;95;35,58
32;769;2224;"E. E. WALDEMIRO PERES LUSTOZA";"Compensa";"Oeste";396;298;97;32,55;89;29,87
32;770;1996;"E. M. PADRE RAIMUNDO NONATO PINHEIRO";"Santo Antônio";"Oeste";330;271;91;33,58;75;27,68
32;771;2267;"E. E. PEDRO SILVESTRE";"São Raimundo";"Oeste";363;292;84;28,77;100;34,25
32;772;1953;"E. E. ZULMIRA BITTENCOURT";"São Jorge";"Oeste";334;266;91;34,21;79;29,70
32;773;2003;"E. M. PAULA FRASSINETTI";"Glória";"Oeste";300;252;101;40,08;72;28,57
32;774;2070;"E. E. SENADOR FLAVIO DA COSTA BRITO";"Compensa";"Oeste";397;317;82;25,87;132;41,64
32;775;2194;"E. M. SÃO VICENTE DE PAULA";"Compensa";"Oeste";354;284;88;30,99;63;22,18
32;776;2240;"E. M. MARIA MADALENA CORREA";"Vila da Prata";"Oeste";318;265;76;28,68;90;33,96
32;777;2186;"E. M. PROF. SEBASTIÃO NORÕES";"Compensa";"Oeste";349;286;83;29,02;65;22,73
32;778;2232;"E. M. FRANCISCA GOMES MENDES";"Compensa";"Oeste";342;278;86;30,94;97;34,89
32;779;1910;"E. M. GENERAL ARISTIDES BARRETO";"Santo Antônio";"Oeste";301;240;65;27,08;92;38,33
32;780;2089;"E. M. PROF. ALBERTO MAKAREM";"Compensa";"Oeste";382;299;93;31,10;90;30,10
32;781;2135;"E. M. MARIA FERNANDES";"Compensa";"Oeste";329;263;81;30,80;85;32,32
32;782;2100;"E. M. MONSENHOR FRANCISCO DA SILVEIRA PINTO";"Compensa";"Oeste";291;230;55;23,91;94;40,87
32;783;2151;"E. M. MINISTRO MARIO ANDREAZZA";"Compensa";"Oeste";378;296;98;33,11;87;29,39
32;784;2305;"E. DE EDUCAÇÃO PROFISSIONAL PADRE ESTÉLIO DALISON";"São Jorge";"Oeste";289;228;71;31,14;76;33,33
32;785;2127;"E. E. PADRE PEDRO GISLANDY";"Compensa";"Oeste";411;318;98;30,82;95;29,87
32;786;2216;"E. E. CORONEL PEDRO CÂMARA (CMPM VIII)";"Compensa";"Oeste";386;296;92;31,08;93;31,42
32;787;2046;"E. E. BENJAMIN MAGALHÃES BRANDÃO";"Compensa";"Oeste";413;306;86;28,10;107;34,97
32;788;2038;"C. E. AMAZÔNIA";"Santo Antônio";"Oeste";303;250;80;32,00;80;32,00
32;789;2119;"E. M. PROF. JOAQUIM GONZAGA PINHEIRO";"Vila da Prata";"Oeste";400;315;93;29,52;95;30,16
32;790;1937;"E. E. SANTO ANTONIO";"Santo Antônio";"Oeste";386;301;95;31,56;93;30,90
32;791;2143;"E. E. JULIA BITTENCOURT";"Compensa";"Oeste";412;316;94;29,75;105;33,23
32;792;1970;"E. E. GENERAL SAMPAIO";"São Jorge";"Oeste";344;277;76;27,44;102;36,82
32;793;1929;"E. E. GOVERNADOR MELO E POVOAS";"Santo Antônio";"Oeste";375;290;90;31,03;87;30,00
32;794;2208;"E. E. JOÃO BOSCO PANTOJA EVANGELISTA";"Compensa";"Oeste";394;315;91;28,89;103;32,70
32;795;2216;"E. E. CORONEL PEDRO CÂMARA (CMPM VIII)";"Compensa";"Oeste";382;301;98;32,56;89;29,57
32;796;2160;"E. M. PROF. PERCILIA DO NASCIMENTO SOUZA";"Compensa";"Oeste";334;266;88;33,08;76;28,57
32;797;2178;"E. M. SÃO PEDRO";"Compensa";"Oeste";391;309;90;29,13;85;27,51
32;798;1899;"E. E. ANTONIO BITTENCOURT";"Glória";"Oeste";389;286;105;36,71;75;26,22
32;799;1945;"E. E. PRESIDENTE CASTELO BRANCO";"São Jorge";"Oeste";373;296;92;31,08;93;31,42
32;800;1872;"E. E. MARQUÊS DE SANTA CRUZ";"São Raimundo";"Oeste";329;271;90;33,21;85;31,37
32;801;2046;"E. E. BENJAMIN MAGALHÃES BRANDÃO";"Compensa";"Oeste";420;315;93;29,52;115;36,51
32;802;2127;"E. E. PADRE PEDRO GISLANDY";"Compensa";"Oeste";407;319;94;29,47;89;27,90
32;803;2097;"E. M. ELVIRA BORGES";"Compensa";"Oeste";421;315;86;27,30;92;29,21
32;804;1937;"E. E. SANTO ANTONIO";"Santo Antônio";"Oeste";392;301;92;30,56;78;25,91
32;805;2216;"E. E. CORONEL PEDRO CÂMARA (CMPM VIII)";"Compensa";"Oeste";384;303;99;32,67;85;28,05
32;806;2143;"E. E. JULIA BITTENCOURT";"Compensa";"Oeste";412;319;88;27,59;92;28,84
32;807;2054;"E. M. CARLOS GOMES";"Compensa";"Oeste";376;296;104;35,14;103;34,80
32;808;1953;"E. E. ZULMIRA BITTENCOURT";"São Jorge";"Oeste";329;263;86;32,70;71;27,00
32;809;1945;"E. E. PRESIDENTE CASTELO BRANCO";"São Jorge";"Oeste";373;293;110;37,54;95;32,42
32;810;2216;"E. E. CORONEL PEDRO CÂMARA (CMPM VIII)";"Compensa";"Oeste";381;311;88;28,30;101;32,48
32;811;2127;"E. E. PADRE PEDRO GISLANDY";"Compensa";"Oeste";410;317;95;29,97;115;36,28
32;812;2267;"E. E. PEDRO SILVESTRE";"São Raimundo";"Oeste";361;282;91;32,27;85;30,14
32;813;2208;"E. E. JOÃO BOSCO PANTOJA EVANGELISTA";"Compensa";"Oeste";390;316;95;30,06;102;32,28
32;814;1929;"E. E. GOVERNADOR MELO E POVOAS";"Santo Antônio";"Oeste";375;288;90;31,25;94;32,64
32;815;2089;"E. M. PROF. ALBERTO MAKAREM";"Compensa";"Oeste";386;321;108;33,64;111;34,58
32;816;2178;"E. M. SÃO PEDRO";"Compensa";"Oeste";394;306;87;28,43;96;31,37
32;817;1970;"E. E. GENERAL SAMPAIO";"São Jorge";"Oeste";341;280;79;28,21;96;34,29
32;818;2216;"E. E. CORONEL PEDRO CÂMARA (CMPM VIII)";"Compensa";"Oeste";384;302;80;26,49;93;30,79
32;819;2240;"E. M. MARIA MADALENA CORREA";"Vila da Prata";"Oeste";320;248;79;31,85;73;29,44
32;820;1899;"E. E. ANTONIO BITTENCOURT";"Glória";"Oeste";395;300;105;35,00;96;32,00
32;821;2127;"E. E. PADRE PEDRO GISLANDY";"Compensa";"Oeste";408;301;101;33,55;77;25,58
32;822;2097;"E. M. ELVIRA BORGES";"Compensa";"Oeste";412;324;88;27,16;96;29,63
32;823;1872;"E. E. MARQUÊS DE SANTA CRUZ";"São Raimundo";"Oeste";338;259;89;34,36;74;28,57
32;824;2216;"E. E. CORONEL PEDRO CÂMARA (CMPM VIII)";"Compensa";"Oeste";380;312;79;25,32;98;31,41
32;825;1910;"E. M. GENERAL ARISTIDES BARRETO";"Santo Antônio";"Oeste";304;238;64;26,89;86;36,13
32;826;2020;"E. M. GUILHERME BARBOSA BARKER";"Santo Antônio";"Oeste";367;308;93;30,19;120;38,96
32;827;2062;"E. E. IRMÃ ADONAI POLITI";"Vila da Prata";"Oeste";331;261;80;30,65;81;31,03
32;828;2038;"C. E. AMAZÔNIA";"Santo Antônio";"Oeste";303;243;66;27,16;80;32,92
32;829;2160;"E. M. PROF. PERCILIA DO NASCIMENTO SOUZA";"Compensa";"Oeste";336;267;81;30,34;75;28,09
32;830;1945;"E. E. PRESIDENTE CASTELO BRANCO";"São Jorge";"Oeste";370;288;87;30,21;110;38,19
32;831;2054;"E. M. CARLOS GOMES";"Compensa";"Oeste";377;306;93;30,39;107;34,97
32;832;2151;"E. M. MINISTRO MARIO ANDREAZZA";"Compensa";"Oeste";384;295;101;34,24;86;29,15
32;833;2216;"E. E. CORONEL PEDRO CÂMARA (CMPM VIII)";"Compensa";"Oeste";383;311;103;33,12;93;29,90
32;834;2070;"E. E. SENADOR FLAVIO DA COSTA BRITO";"Compensa";"Oeste";400;299;100;33,44;84;28,09
32;835;1961;"E. E. ISAAC BENAYON SABBA";"São Jorge";"Oeste";274;235;68;28,94;73;31,06
32;836;1929;"E. E. GOVERNADOR MELO E POVOAS";"Santo Antônio";"Oeste";378;283;82;28,98;86;30,39
32;837;1988;"E. M. SÃO DIMAS";"São Jorge";"Oeste";331;262;77;29,39;71;27,10
32;838;1996;"E. M. PADRE RAIMUNDO NONATO PINHEIRO";"Santo Antônio";"Oeste";329;267;83;31,09;85;31,84
32;839;1970;"E. E. GENERAL SAMPAIO";"São Jorge";"Oeste";340;278;86;30,94;85;30,58
32;840;2127;"E. E. PADRE PEDRO GISLANDY";"Compensa";"Oeste";409;318;117;36,79;83;26,10
32;841;2003;"E. M. PAULA FRASSINETTI";"Glória";"Oeste";299;248;84;33,87;69;27,82
32;842;1880;"E. E. SAO LUIZ DE GONZAGA";"São Raimundo";"Oeste";363;268;90;33,58;72;26,87
32;843;1953;"E. E. ZULMIRA BITTENCOURT";"São Jorge";"Oeste";333;244;90;36,89;73;29,92
32;844;2186;"E. M. PROF. SEBASTIÃO NORÕES";"Compensa";"Oeste";350;272;80;29,41;73;26,84
32;845;2216;"E. E. CORONEL PEDRO CÂMARA (CMPM VIII)";"Compensa";"Oeste";384;299;80;26,76;97;32,44
32;846;2178;"E. M. SÃO PEDRO";"Compensa";"Oeste";392;291;96;32,99;78;26,80
32;847;1945;"E. E. PRESIDENTE CASTELO BRANCO";"São Jorge";"Oeste";380;294;86;29,25;96;32,65
32;848;1899;"E. E. ANTONIO BITTENCOURT";"Glória";"Oeste";389;293;108;36,86;83;28,33
32;849;2216;"E. E. CORONEL PEDRO CÂMARA (CMPM VIII)";"Compensa";"Oeste";378;293;83;28,33;86;29,35
32;850;2097;"E. M. ELVIRA BORGES";"Compensa";"Oeste";417;326;88;26,99;103;31,60
32;851;2054;"E. M. CARLOS GOMES";"Compensa";"Oeste";374;288;85;29,51;107;37,15
32;852;1872;"E. E. MARQUÊS DE SANTA CRUZ";"São Raimundo";"Oeste";333;247;94;38,06;72;29,15
32;853;1929;"E. E. GOVERNADOR MELO E POVOAS";"Santo Antônio";"Oeste";373;281;99;35,23;92;32,74
32;854;2240;"E. M. MARIA MADALENA CORREA";"Vila da Prata";"Oeste";315;255;74;29,02;71;27,84
32;855;2305;"E. DE EDUCAÇÃO PROFISSIONAL PADRE ESTÉLIO DALISON";"São Jorge";"Oeste";291;221;60;27,15;83;37,56
32;856;2216;"E. E. CORONEL PEDRO CÂMARA (CMPM VIII)";"Compensa";"Oeste";388;288;76;26,39;91;31,60
32;857;2038;"C. E. AMAZÔNIA";"Santo Antônio";"Oeste";305;252;81;32,14;79;31,35
32;858;1970;"E. E. GENERAL SAMPAIO";"São Jorge";"Oeste";343;262;84;32,06;81;30,92
32;859;2372;"E. E. DUQUE DE CAXIAS";"Compensa";"Oeste";354;272;77;28,31;91;33,46
32;860;2062;"E. E. IRMÃ ADONAI POLITI";"Vila da Prata";"Oeste";328;255;77;30,20;73;28,63
32;861;2216;"E. E. CORONEL PEDRO CÂMARA (CMPM VIII)";"Compensa";"Oeste";378;282;84;29,79;89;31,56
32;862;2151;"E. M. MINISTRO MARIO ANDREAZZA";"Compensa";"Oeste";388;303;82;27,06;97;32,01
32;863;2160;"E. M. PROF. PERCILIA DO NASCIMENTO SOUZA";"Compensa";"Oeste";338;256;87;33,98;77;30,08
32;864;1996;"E. M. PADRE RAIMUNDO NONATO PINHEIRO";"Santo Antônio";"Oeste";330;269;80;29,74;75;27,88
32;865;1953;"E. E. ZULMIRA BITTENCOURT";"São Jorge";"Oeste";332;263;81;30,80;61;23,19
32;866;1880;"E. E. SAO LUIZ DE GONZAGA";"São Raimundo";"Oeste";357;270;91;33,70;81;30,00
32;867;2135;"E. M. MARIA FERNANDES";"Compensa";"Oeste";333;266;62;23,31;79;29,70
32;868;2232;"E. M. FRANCISCA GOMES MENDES";"Compensa";"Oeste";340;262;68;25,95;82;31,30
32;869;2216;"E. E. CORONEL PEDRO CÂMARA (CMPM VIII)";"Compensa";"Oeste";386;303;87;28,71;98;32,34
32;870;2143;"E. E. JULIA BITTENCOURT";"Compensa";"Oeste";414;302;85;28,15;101;33,44
32;871;1910;"E. M. GENERAL ARISTIDES BARRETO";"Santo Antônio";"Oeste";290;232;49;21,12;100;43,10
32;872;2127;"E. E. PADRE PEDRO GISLANDY";"Compensa";"Oeste";408;309;84;27,18;100;32,36
32;873;2054;"E. M. CARLOS GOMES";"Compensa";"Oeste";378;296;76;25,68;99;33,45
32;874;1961;"E. E. ISAAC BENAYON SABBA";"São Jorge";"Oeste";269;218;56;25,69;56;25,69
32;875;2020;"E. M. GUILHERME BARBOSA BARKER";"Santo Antônio";"Oeste";369;286;68;23,78;91;31,82
32;876;2178;"E. M. SÃO PEDRO";"Compensa";"Oeste";406;291;80;27,49;93;31,96
32;877;1945;"E. E. PRESIDENTE CASTELO BRANCO";"São Jorge";"Oeste";370;287;70;24,39;101;35,19
32;878;1970;"E. E. GENERAL SAMPAIO";"São Jorge";"Oeste";346;271;65;23,99;90;33,21
32;879;1872;"E. E. MARQUÊS DE SANTA CRUZ";"São Raimundo";"Oeste";333;270;74;27,41;86;31,85
32;880;2216;"E. E. CORONEL PEDRO CÂMARA (CMPM VIII)";"Compensa";"Oeste";381;294;86;29,25;89;30,27
32;881;1953;"E. E. ZULMIRA BITTENCOURT";"São Jorge";"Oeste";352;277;66;23,83;103;37,18
32;882;2038;"C. E. AMAZÔNIA";"Santo Antônio";"Oeste";290;242;79;32,64;66;27,27
32;883;1899;"E. E. ANTONIO BITTENCOURT";"Glória";"Oeste";398;300;114;38,00;92;30,67
32;884;2070;"E. E. SENADOR FLAVIO DA COSTA BRITO";"Compensa";"Oeste";419;331;106;32,02;107;32,33
32;885;2216;"E. E. CORONEL PEDRO CÂMARA (CMPM VIII)";"Compensa";"Oeste";379;285;93;32,63;76;26,67
32;886;2062;"E. E. IRMÃ ADONAI POLITI";"Vila da Prata";"Oeste";328;277;69;24,91;83;29,96
32;887;2143;"E. E. JULIA BITTENCOURT";"Compensa";"Oeste";427;319;81;25,39;109;34,17
32;888;2240;"E. M. MARIA MADALENA CORREA";"Vila da Prata";"Oeste";317;241;53;21,99;81;33,61
32;889;1996;"E. M. PADRE RAIMUNDO NONATO PINHEIRO";"Santo Antônio";"Oeste";330;257;66;25,68;68;26,46
32;890;2003;"E. M. PAULA FRASSINETTI";"Glória";"Oeste";301;232;76;32,76;72;31,03
32;891;1988;"E. M. SÃO DIMAS";"São Jorge";"Oeste";327;243;65;26,75;74;30,45
32;892;2127;"E. E. PADRE PEDRO GISLANDY";"Compensa";"Oeste";420;308;78;25,32;105;34,09
32;893;2216;"E. E. CORONEL PEDRO CÂMARA (CMPM VIII)";"Compensa";"Oeste";410;302;96;31,79;89;29,47
32;894;1929;"E. E. GOVERNADOR MELO E POVOAS";"Santo Antônio";"Oeste";381;292;65;22,26;99;33,90
32;895;2240;"E. M. MARIA MADALENA CORREA";"Vila da Prata";"Oeste";314;239;76;31,80;86;35,98
32;896;2224;"E. E. WALDEMIRO PERES LUSTOZA";"Compensa";"Oeste";392;304;83;27,30;74;24,34
32;897;2038;"C. E. AMAZÔNIA";"Santo Antônio";"Oeste";342;260;72;27,69;97;37,31
32;898;1945;"E. E. PRESIDENTE CASTELO BRANCO";"São Jorge";"Oeste";395;288;66;22,92;109;37,85
32;899;1970;"E. E. GENERAL SAMPAIO";"São Jorge";"Oeste";340;259;70;27,03;95;36,68
32;900;2151;"E. M. MINISTRO MARIO ANDREAZZA";"Compensa";"Oeste";395;298;88;29,53;69;23,15
32;901;2267;"E. E. PEDRO SILVESTRE";"São Raimundo";"Oeste";358;262;72;27,48;84;32,06
32;902;2160;"E. M. PROF. PERCILIA DO NASCIMENTO SOUZA";"Compensa";"Oeste";340;263;72;27,38;80;30,42
32;903;2089;"E. M. PROF. ALBERTO MAKAREM";"Compensa";"Oeste";387;294;73;24,83;105;35,71
32;904;2224;"E. E. WALDEMIRO PERES LUSTOZA";"Compensa";"Oeste";396;281;89;31,67;78;27,76
32;905;2135;"E. M. MARIA FERNANDES";"Compensa";"Oeste";329;245;71;28,98;63;25,71
32;906;1872;"E. E. MARQUÊS DE SANTA CRUZ";"São Raimundo";"Oeste";331;261;70;26,82;77;29,50
32;907;2100;"E. M. MONSENHOR FRANCISCO DA SILVEIRA PINTO";"Compensa";"Oeste";288;221;59;26,70;82;37,10
32;908;2364;"C. E. DE EDUC. ESPECIAL JOANA RODRIGUES VIEIRA";"Glória";"Oeste";287;229;81;35,37;61;26,64
32;909;1880;"E. E. SAO LUIZ DE GONZAGA";"São Raimundo";"Oeste";368;282;79;28,01;75;26,60
32;910;2224;"E. E. WALDEMIRO PERES LUSTOZA";"Compensa";"Oeste";394;310;88;28,39;98;31,61
32;911;2240;"E. M. MARIA MADALENA CORREA";"Vila da Prata";"Oeste";316;239;69;28,87;81;33,89
32;912;2186;"E. M. PROF. SEBASTIÃO NORÕES";"Compensa";"Oeste";349;241;77;31,95;56;23,24
32;913;2232;"E. M. FRANCISCA GOMES MENDES";"Compensa";"Oeste";339;248;77;31,05;73;29,44
32;914;2062;"E. E. IRMÃ ADONAI POLITI";"Vila da Prata";"Oeste";352;275;72;26,18;79;28,73
32;915;2305;"E. DE EDUCAÇÃO PROFISSIONAL PADRE ESTÉLIO DALISON";"São Jorge";"Oeste";283;212;58;27,36;79;37,26
32;916;1970;"E. E. GENERAL SAMPAIO";"São Jorge";"Oeste";363;286;85;29,72;103;36,01
32;917;2275;"E. E. LIBERALINA WEILL";"Santo Antônio";"Oeste";254;196;69;35,20;58;29,59
32;918;2283;"E. E. FUETH PAULO MOURÃO";"São Jorge";"Oeste";340;237;61;25,74;82;34,60
32;919;2291;"E. M. PROF. PERCILIA DO NASCIMENTO SOUZA";"Compensa";"Oeste";355;261;71;27,20;77;29,50
32;920;2003;"E. M. PAULA FRASSINETTI";"Glória";"Oeste";309;237;88;37,13;65;27,43
32;921;1996;"E. M. PADRE RAIMUNDO NONATO PINHEIRO";"Santo Antônio";"Oeste";324;245;94;38,37;71;28,98
32;922;2160;"E. M. PROF. PERCILIA DO NASCIMENTO SOUZA";"Compensa";"Oeste";346;261;81;31,03;71;27,20
32;923;2275;"E. E. LIBERALINA WEILL";"Santo Antônio";"Oeste";252;188;48;25,53;65;34,57
32;924;2283;"E. E. FUETH PAULO MOURÃO";"São Jorge";"Oeste";333;245;62;25,31;97;39,59
32;926;2135;"E. M. MARIA FERNANDES";"Compensa";"Oeste";342;263;82;31,18;72;27,38
32;927;2089;"E. M. PROF. ALBERTO MAKAREM";"Compensa";"Oeste";382;293;67;22,87;90;30,72
32;928;1961;"E. E. ISAAC BENAYON SABBA";"São Jorge";"Oeste";271;203;55;27,09;60;29,56
32;929;2020;"E. M. GUILHERME BARBOSA BARKER";"Santo Antônio";"Oeste";386;310;114;36,77;84;27,10
32;930;2119;"E. M. PROF. JOAQUIM GONZAGA PINHEIRO";"Vila da Prata";"Oeste";419;307;80;26,06;88;28,66
32;931;2232;"E. M. FRANCISCA GOMES MENDES";"Compensa";"Oeste";355;258;81;31,40;72;27,91
32;932;2283;"E. E. FUETH PAULO MOURÃO";"São Jorge";"Oeste";343;237;55;23,21;89;37,55
32;933;1988;"E. M. SÃO DIMAS";"São Jorge";"Oeste";337;264;94;35,61;73;27,65
32;934;2275;"E. E. LIBERALINA WEILL";"Santo Antônio";"Oeste";250;181;65;35,91;52;28,73
32;935;2240;"E. M. MARIA MADALENA CORREA";"Vila da Prata";"Oeste";331;255;81;31,76;85;33,33
32;936;2089;"E. M. PROF. ALBERTO MAKAREM";"Compensa";"Oeste";410;310;99;31,94;96;30,97
32;937;1872;"E. E. MARQUÊS DE SANTA CRUZ";"São Raimundo";"Oeste";330;246;92;37,40;72;29,27
32;938;2305;"E. DE EDUCAÇÃO PROFISSIONAL PADRE ESTÉLIO DALISON";"São Jorge";"Oeste";310;235;81;34,47;70;29,79
32;939;2275;"E. E. LIBERALINA WEILL";"Santo Antônio";"Oeste";258;186;63;33,87;55;29,57
32;940;2054;"E. M. CARLOS GOMES";"Compensa";"Oeste";370;279;74;26,52;111;39,78
32;941;2194;"E. M. SÃO VICENTE DE PAULA";"Compensa";"Oeste";359;270;95;35,19;45;16,67
32;942;2097;"E. M. ELVIRA BORGES";"Compensa";"Oeste";427;307;77;25,08;84;27,36
32;943;2054;"E. M. CARLOS GOMES";"Compensa";"Oeste";382;296;96;32,43;96;32,43
32;944;2208;"E. E. JOÃO BOSCO PANTOJA EVANGELISTA";"Compensa";"Oeste";405;315;112;35,56;79;25,08
32;945;2283;"E. E. FUETH PAULO MOURÃO";"São Jorge";"Oeste";350;254;85;33,46;71;27,95
32;946;1910;"E. M. GENERAL ARISTIDES BARRETO";"Santo Antônio";"Oeste";247;210;67;31,90;54;25,71
32;947;2224;"E. E. WALDEMIRO PERES LUSTOZA";"Compensa";"Oeste";422;311;108;34,73;81;26,05
37;41;1791;"E. E. TIRADENTES";"Petrópolis";"Sul";362;262;89;33,97;82;31,30
37;313;1597;"E.E.T.I. BILINGUE  PROF. DJALMA DA CUNHA BATISTA";"Japiim";"Sul";369;269;84;31,23;78;29,00
37;378;1961;"E. M. VICENTE DE PAULA";"Japiim";"Sul";371;255;86;33,73;73;28,63
37;392;1970;"E. E. LUIZ VAZ DE CAMOES";"Japiim";"Sul";379;278;92;33,09;68;24,46
37;400;1988;"E. E. NATALIA UCHOA";"Japiim";"Sul";395;291;81;27,84;114;39,18
37;449;2054;"E. E. ONDINA DE PAULA RIBEIRO";"Japiim";"Sul";393;282;83;29,43;92;32,62
37;489;1783;"E. E. HELENA ARAUJO";"São Francisco";"Sul";348;284;83;29,23;91;32,04
37;490;1791;"E. E. TIRADENTES";"Petrópolis";"Sul";361;274;107;39,05;75;27,37
37;491;1775;"E. E. MARCIO NERY";"São Francisco";"Sul";371;304;85;27,96;97;31,91
37;492;1813;"E. M. THOMAS MEIRELLES";"Petrópolis";"Sul";401;322;105;32,61;99;30,75
37;493;1740;"E. E. PE. AGOSTINHO MARTIN";"São Francisco";"Sul";403;316;117;37,03;91;28,80
37;494;1856;"CMEI MAESTRO DIRSON COSTA";"Petrópolis";"Sul";390;315;94;29,84;102;32,38
37;495;1864;"E. M. PE. MAURO FANCELLO";"Petrópolis";"Sul";428;337;101;29,97;91;27,00
37;496;1899;"COLEGIO MILITAR DA POLICIA MILITAR";"Petrópolis";"Sul";400;333;122;36,64;100;30,03
37;497;1759;"E. M. VILLA LOBOS";"São Francisco";"Sul";363;296;91;30,74;112;37,84
37;498;1767;"E. E. GETULIO VARGAS";"São Francisco";"Sul";322;275;104;37,82;101;36,73
37;499;1830;"E. E. SANTANA";"Petrópolis";"Sul";383;294;97;32,99;82;27,89
37;500;1821;"SECRETARIA DE ESTADO DA FAZENDA - SEFAZ";"São Francisco";"Sul";391;306;112;36,60;88;28,76
37;501;1929;"E. M. MARIA LIRA PEREIRA";"Petrópolis";"Sul";395;315;84;26,67;97;30,79
37;502;1872;"E. M. ANA MOTA BRAGA";"Petrópolis";"Sul";404;325;97;29,85;92;28,31
37;503;1910;"CMEI CECILIA CABRAL";"Petrópolis";"Sul";428;333;96;28,83;98;29,43
37;504;1970;"E. E. LUIZ VAZ DE CAMOES";"Japiim";"Sul";382;292;87;29,79;99;33,90
37;505;2054;"E. E. ONDINA DE PAULA RIBEIRO";"Japiim";"Sul";390;308;113;36,69;80;25,97
37;506;1988;"E. E. NATALIA UCHOA";"Japiim";"Sul";383;294;98;33,33;104;35,37
37;507;2020;"E. E. ALFREDO CAMPOS";"Japiim";"Sul";378;315;106;33,65;126;40,00
37;508;1996;"E. M. AMINE DAOU LINDOSO";"Japiim";"Sul";395;324;106;32,72;85;26,23
37;509;2089;"E. M. PE. SEBASTIAO LUIZ DOS SANTOS PUGA BARBOSA";"Japiim";"Sul";396;322;102;31,68;91;28,26
37;510;2062;"E. M. ISABEL ANGARITA";"Japiim";"Sul";340;276;81;29,35;108;39,13
37;511;2046;"CMEI FERNANDO TRIGUEIRO";"Japiim";"Sul";377;304;94;30,92;104;34,21
37;512;1805;"E. E. MAJOR SILVA COUTINHO";"Petrópolis";"Sul";390;309;108;34,95;87;28,16
37;513;1961;"E. M. VICENTE DE PAULA";"Japiim";"Sul";372;298;91;30,54;99;33,22
37;514;2003;"E. E. LUCINDA FELIX DE AZEVEDO";"Japiim";"Sul";379;317;98;30,91;103;32,49
37;515;1953;"E. M. PROF. JOSE WANDEMBERG RAMOS LEITE";"Japiim";"Sul";366;305;94;30,82;112;36,72
37;516;1848;"INCRA";"Petrópolis";"Sul";302;242;70;28,93;97;40,08
37;517;1880;"E. E. IZABEL BARRONCAS";"São Francisco";"Sul";362;286;117;40,91;88;30,77
37;518;2070;"CMEI JOAO BARBOSA";"Japiim";"Sul";485;366;127;34,70;107;29,23
37;519;1945;"E. M. TEREZA ROSA ABTIBOL";"São Francisco";"Sul";406;327;90;27,52;96;29,36
37;520;2011;"E. E. BENICIO LEAO";"Japiim";"Sul";386;312;97;31,09;107;34,29
37;521;1902;"CMEI MARIA CLARA MACHADO";"Petrópolis";"Sul";392;327;107;32,72;123;37,61
37;522;2038;"CMEI JURACY FREITAS MACIEL";"Japiim";"Sul";309;269;89;33,09;95;35,32
37;523;1597;"E.E.T.I. BILINGUE  PROF. DJALMA DA CUNHA BATISTA";"Japiim";"Sul";330;264;83;31,44;93;35,23
37;524;1899;"COLEGIO MILITAR DA POLICIA MILITAR";"Petrópolis";"Sul";388;280;86;30,71;97;34,64
37;525;2100;"CORPO DE BOMBEIROS DO AMAZONAS";"Petrópolis";"Sul";337;258;76;29,46;95;36,82
37;529;1791;"E. E. TIRADENTES";"Petrópolis";"Sul";358;276;93;33,70;86;31,16
37;530;1961;"E. M. VICENTE DE PAULA";"Japiim";"Sul";381;304;105;34,54;106;34,87
37;531;1805;"E. E. MAJOR SILVA COUTINHO";"Petrópolis";"Sul";384;313;101;32,27;94;30,03
37;532;1791;"E. E. TIRADENTES";"Petrópolis";"Sul";362;294;102;34,69;106;36,05
37;533;1988;"E. E. NATALIA UCHOA";"Japiim";"Sul";390;314;119;37,90;116;36,94
37;534;1899;"COLEGIO MILITAR DA POLICIA MILITAR";"Petrópolis";"Sul";385;291;97;33,33;82;28,18
37;535;1813;"E. M. THOMAS MEIRELLES";"Petrópolis";"Sul";391;307;99;32,25;98;31,92
37;536;2054;"E. E. ONDINA DE PAULA RIBEIRO";"Japiim";"Sul";391;308;105;34,09;103;33,44
37;537;1740;"E. E. PE. AGOSTINHO MARTIN";"São Francisco";"Sul";399;300;102;34,00;73;24,33
37;538;1775;"E. E. MARCIO NERY";"São Francisco";"Sul";352;288;99;34,38;92;31,94
37;539;1970;"E. E. LUIZ VAZ DE CAMOES";"Japiim";"Sul";389;318;111;34,91;88;27,67
37;540;2020;"E. E. ALFREDO CAMPOS";"Japiim";"Sul";375;299;105;35,12;100;33,44
37;541;1791;"E. E. TIRADENTES";"Petrópolis";"Sul";361;282;109;38,65;76;26,95
37;542;2046;"CMEI FERNANDO TRIGUEIRO";"Japiim";"Sul";373;305;106;34,75;103;33,77
37;543;1961;"E. M. VICENTE DE PAULA";"Japiim";"Sul";381;303;105;34,65;95;31,35
37;544;1805;"E. E. MAJOR SILVA COUTINHO";"Petrópolis";"Sul";379;312;103;33,01;102;32,69
37;545;1759;"E. M. VILLA LOBOS";"São Francisco";"Sul";355;289;81;28,03;89;30,80
37;546;1988;"E. E. NATALIA UCHOA";"Japiim";"Sul";390;313;93;29,71;107;34,19
37;547;1791;"E. E. TIRADENTES";"Petrópolis";"Sul";353;276;122;44,20;80;28,99
37;548;1899;"COLEGIO MILITAR DA POLICIA MILITAR";"Petrópolis";"Sul";383;298;104;34,90;98;32,89
37;549;1813;"E. M. THOMAS MEIRELLES";"Petrópolis";"Sul";395;328;99;30,18;127;38,72
37;550;2011;"E. E. BENICIO LEAO";"Japiim";"Sul";381;313;109;34,82;101;32,27
37;551;2003;"E. E. LUCINDA FELIX DE AZEVEDO";"Japiim";"Sul";378;299;97;32,44;102;34,11
37;552;1872;"E. M. ANA MOTA BRAGA";"Petrópolis";"Sul";392;312;93;29,81;103;33,01
37;553;2054;"E. E. ONDINA DE PAULA RIBEIRO";"Japiim";"Sul";394;301;109;36,21;87;28,90
37;554;1961;"E. M. VICENTE DE PAULA";"Japiim";"Sul";378;289;77;26,64;116;40,14
37;555;1970;"E. E. LUIZ VAZ DE CAMOES";"Japiim";"Sul";387;320;97;30,31;99;30,94
37;556;1597;"E.E.T.I. BILINGUE  PROF. DJALMA DA CUNHA BATISTA";"Japiim";"Sul";324;267;86;32,21;86;32,21
37;557;1783;"E. E. HELENA ARAUJO";"São Francisco";"Sul";341;278;94;33,81;92;33,09
37;558;1791;"E. E. TIRADENTES";"Petrópolis";"Sul";354;277;84;30,32;106;38,27
37;559;1830;"E. E. SANTANA";"Petrópolis";"Sul";382;299;85;28,43;91;30,43
37;560;1740;"E. E. PE. AGOSTINHO MARTIN";"São Francisco";"Sul";399;297;109;36,70;82;27,61
37;561;1805;"E. E. MAJOR SILVA COUTINHO";"Petrópolis";"Sul";379;307;81;26,38;111;36,16
37;562;1988;"E. E. NATALIA UCHOA";"Japiim";"Sul";394;295;99;33,56;102;34,58
37;563;1775;"E. E. MARCIO NERY";"São Francisco";"Sul";353;285;101;35,44;84;29,47
37;564;1953;"E. M. PROF. JOSE WANDEMBERG RAMOS LEITE";"Japiim";"Sul";363;295;102;34,58;85;28,81
37;565;1813;"E. M. THOMAS MEIRELLES";"Petrópolis";"Sul";390;313;117;37,38;98;31,31
37;566;1899;"COLEGIO MILITAR DA POLICIA MILITAR";"Petrópolis";"Sul";390;303;111;36,63;97;32,01
37;567;1791;"E. E. TIRADENTES";"Petrópolis";"Sul";358;290;87;30,00;86;29,66
37;568;2020;"E. E. ALFREDO CAMPOS";"Japiim";"Sul";365;303;104;34,32;118;38,94
37;569;2046;"CMEI FERNANDO TRIGUEIRO";"Japiim";"Sul";384;331;111;33,53;126;38,07
37;570;1961;"E. M. VICENTE DE PAULA";"Japiim";"Sul";375;307;102;33,22;93;30,29
37;571;2089;"E. M. PE. SEBASTIAO LUIZ DOS SANTOS PUGA BARBOSA";"Japiim";"Sul";396;306;91;29,74;108;35,29
37;572;1910;"CMEI CECILIA CABRAL";"Petrópolis";"Sul";426;334;96;28,74;100;29,94
37;573;2054;"E. E. ONDINA DE PAULA RIBEIRO";"Japiim";"Sul";392;311;97;31,19;107;34,41
37;574;1759;"E. M. VILLA LOBOS";"São Francisco";"Sul";350;277;84;30,32;100;36,10
37;575;2062;"E. M. ISABEL ANGARITA";"Japiim";"Sul";335;268;67;25,00;106;39,55
37;576;1996;"E. M. AMINE DAOU LINDOSO";"Japiim";"Sul";390;313;88;28,12;107;34,19
37;577;1821;"SECRETARIA DE ESTADO DA FAZENDA - SEFAZ";"São Francisco";"Sul";364;286;97;33,92;96;33,57
37;578;1767;"E. E. GETULIO VARGAS";"São Francisco";"Sul";321;251;98;39,04;73;29,08
37;579;1970;"E. E. LUIZ VAZ DE CAMOES";"Japiim";"Sul";382;300;92;30,67;83;27,67
37;580;1805;"E. E. MAJOR SILVA COUTINHO";"Petrópolis";"Sul";382;295;96;32,54;97;32,88
37;581;1791;"E. E. TIRADENTES";"Petrópolis";"Sul";356;258;86;33,33;91;35,27
37;582;1929;"E. M. MARIA LIRA PEREIRA";"Petrópolis";"Sul";389;309;91;29,45;80;25,89
37;583;2011;"E. E. BENICIO LEAO";"Japiim";"Sul";381;292;91;31,16;80;27,40
37;584;1872;"E. M. ANA MOTA BRAGA";"Petrópolis";"Sul";397;325;91;28,00;85;26,15
37;585;1961;"E. M. VICENTE DE PAULA";"Japiim";"Sul";377;294;95;32,31;87;29,59
37;586;1813;"E. M. THOMAS MEIRELLES";"Petrópolis";"Sul";406;331;111;33,53;113;34,14
37;587;1988;"E. E. NATALIA UCHOA";"Japiim";"Sul";392;315;95;30,16;114;36,19
37;588;2003;"E. E. LUCINDA FELIX DE AZEVEDO";"Japiim";"Sul";379;293;85;29,01;108;36,86
37;589;1899;"COLEGIO MILITAR DA POLICIA MILITAR";"Petrópolis";"Sul";387;306;88;28,76;101;33,01
37;590;1740;"E. E. PE. AGOSTINHO MARTIN";"São Francisco";"Sul";400;305;99;32,46;85;27,87
37;591;1791;"E. E. TIRADENTES";"Petrópolis";"Sul";357;277;112;40,43;68;24,55
37;592;1775;"E. E. MARCIO NERY";"São Francisco";"Sul";356;293;107;36,52;78;26,62
37;593;2054;"E. E. ONDINA DE PAULA RIBEIRO";"Japiim";"Sul";392;303;116;38,28;70;23,10
37;594;1856;"CMEI MAESTRO DIRSON COSTA";"Petrópolis";"Sul";386;316;112;35,44;100;31,65
37;595;1961;"E. M. VICENTE DE PAULA";"Japiim";"Sul";389;288;94;32,64;82;28,47
37;596;1805;"E. E. MAJOR SILVA COUTINHO";"Petrópolis";"Sul";381;292;97;33,22;97;33,22
37;597;1597;"E.E.T.I. BILINGUE  PROF. DJALMA DA CUNHA BATISTA";"Japiim";"Sul";322;270;99;36,67;81;30,00
37;598;1791;"E. E. TIRADENTES";"Petrópolis";"Sul";357;270;85;31,48;84;31,11
37;599;1970;"E. E. LUIZ VAZ DE CAMOES";"Japiim";"Sul";392;313;91;29,07;113;36,10
37;600;2020;"E. E. ALFREDO CAMPOS";"Japiim";"Sul";386;326;90;27,61;147;45,09
37;601;1813;"E. M. THOMAS MEIRELLES";"Petrópolis";"Sul";392;307;97;31,60;112;36,48
37;602;2046;"CMEI FERNANDO TRIGUEIRO";"Japiim";"Sul";370;297;108;36,36;107;36,03
37;603;1988;"E. E. NATALIA UCHOA";"Japiim";"Sul";391;290;85;29,31;96;33,10
37;604;1783;"E. E. HELENA ARAUJO";"São Francisco";"Sul";342;269;90;33,46;67;24,91
37;605;1880;"E. E. IZABEL BARRONCAS";"São Francisco";"Sul";360;281;103;36,65;82;29,18
37;606;1961;"E. M. VICENTE DE PAULA";"Japiim";"Sul";375;286;84;29,37;102;35,66
37;607;1791;"E. E. TIRADENTES";"Petrópolis";"Sul";355;280;93;33,21;85;30,36
37;608;1899;"COLEGIO MILITAR DA POLICIA MILITAR";"Petrópolis";"Sul";392;318;107;33,65;97;30,50
37;609;1759;"E. M. VILLA LOBOS";"São Francisco";"Sul";353;281;75;26,69;87;30,96
37;610;2054;"E. E. ONDINA DE PAULA RIBEIRO";"Japiim";"Sul";391;311;70;22,51;109;35,05
37;611;1805;"E. E. MAJOR SILVA COUTINHO";"Petrópolis";"Sul";383;306;98;32,03;104;33,99
37;612;1988;"E. E. NATALIA UCHOA";"Japiim";"Sul";391;300;115;38,33;98;32,67
37;613;1872;"E. M. ANA MOTA BRAGA";"Petrópolis";"Sul";393;307;80;26,06;90;29,32
37;614;1813;"E. M. THOMAS MEIRELLES";"Petrópolis";"Sul";395;323;110;34,06;106;32,82
37;615;1740;"E. E. PE. AGOSTINHO MARTIN";"São Francisco";"Sul";402;321;103;32,09;82;25,55
37;616;1902;"CMEI MARIA CLARA MACHADO";"Petrópolis";"Sul";389;316;118;37,34;102;32,28
37;617;1791;"E. E. TIRADENTES";"Petrópolis";"Sul";361;273;104;38,10;72;26,37
37;618;2011;"E. E. BENICIO LEAO";"Japiim";"Sul";382;295;82;27,80;91;30,85
37;619;1775;"E. E. MARCIO NERY";"São Francisco";"Sul";349;286;95;33,22;78;27,27
37;620;1961;"E. M. VICENTE DE PAULA";"Japiim";"Sul";371;284;76;26,76;86;30,28
37;621;1970;"E. E. LUIZ VAZ DE CAMOES";"Japiim";"Sul";383;286;99;34,62;69;24,13
37;622;1830;"E. E. SANTANA";"Petrópolis";"Sul";380;300;112;37,33;86;28,67
37;623;1953;"E. M. PROF. JOSE WANDEMBERG RAMOS LEITE";"Japiim";"Sul";367;301;89;29,57;100;33,22
37;624;2003;"E. E. LUCINDA FELIX DE AZEVEDO";"Japiim";"Sul";376;294;90;30,61;100;34,01
37;625;1910;"CMEI CECILIA CABRAL";"Petrópolis";"Sul";434;327;84;25,69;99;30,28
37;626;1791;"E. E. TIRADENTES";"Petrópolis";"Sul";360;277;87;31,41;89;32,13
37;627;1805;"E. E. MAJOR SILVA COUTINHO";"Petrópolis";"Sul";382;293;84;28,67;97;33,11
37;628;2089;"E. M. PE. SEBASTIAO LUIZ DOS SANTOS PUGA BARBOSA";"Japiim";"Sul";394;317;86;27,13;115;36,28
37;629;1899;"COLEGIO MILITAR DA POLICIA MILITAR";"Petrópolis";"Sul";391;306;109;35,62;103;33,66
37;630;2046;"CMEI FERNANDO TRIGUEIRO";"Japiim";"Sul";367;298;104;34,90;93;31,21
37;631;1813;"E. M. THOMAS MEIRELLES";"Petrópolis";"Sul";397;315;106;33,65;95;30,16
37;632;1929;"E. M. MARIA LIRA PEREIRA";"Petrópolis";"Sul";396;310;98;31,61;92;29,68
37;633;1961;"E. M. VICENTE DE PAULA";"Japiim";"Sul";383;314;105;33,44;95;30,25
37;634;2054;"E. E. ONDINA DE PAULA RIBEIRO";"Japiim";"Sul";393;299;93;31,10;71;23,75
37;635;1988;"E. E. NATALIA UCHOA";"Japiim";"Sul";391;299;95;31,77;120;40,13
37;636;1597;"E.E.T.I. BILINGUE  PROF. DJALMA DA CUNHA BATISTA";"Japiim";"Sul";328;257;82;31,91;81;31,52
37;637;1791;"E. E. TIRADENTES";"Petrópolis";"Sul";359;283;94;33,22;84;29,68
37;638;1970;"E. E. LUIZ VAZ DE CAMOES";"Japiim";"Sul";394;311;91;29,26;114;36,66
37;639;1996;"E. M. AMINE DAOU LINDOSO";"Japiim";"Sul";391;317;112;35,33;82;25,87
37;640;2062;"E. M. ISABEL ANGARITA";"Japiim";"Sul";339;279;100;35,84;81;29,03
37;641;1872;"E. M. ANA MOTA BRAGA";"Petrópolis";"Sul";393;312;74;23,72;101;32,37
37;642;1961;"E. M. VICENTE DE PAULA";"Japiim";"Sul";382;306;108;35,29;103;33,66
37;643;1988;"E. E. NATALIA UCHOA";"Japiim";"Sul";389;301;102;33,89;109;36,21
37;644;1805;"E. E. MAJOR SILVA COUTINHO";"Petrópolis";"Sul";379;297;93;31,31;90;30,30
37;645;1813;"E. M. THOMAS MEIRELLES";"Petrópolis";"Sul";393;324;107;33,02;116;35,80
37;646;1775;"E. E. MARCIO NERY";"São Francisco";"Sul";345;285;94;32,98;87;30,53
37;647;1791;"E. E. TIRADENTES";"Petrópolis";"Sul";359;269;91;33,83;86;31,97
37;648;1899;"COLEGIO MILITAR DA POLICIA MILITAR";"Petrópolis";"Sul";388;302;107;35,43;89;29,47
37;649;2070;"CMEI JOAO BARBOSA";"Japiim";"Sul";484;364;141;38,74;92;25,27
37;650;1759;"E. M. VILLA LOBOS";"São Francisco";"Sul";350;279;84;30,11;82;29,39
37;651;2054;"E. E. ONDINA DE PAULA RIBEIRO";"Japiim";"Sul";385;284;78;27,46;108;38,03
37;652;2011;"E. E. BENICIO LEAO";"Japiim";"Sul";376;307;80;26,06;107;34,85
37;653;1791;"E. E. TIRADENTES";"Petrópolis";"Sul";352;282;89;31,56;98;34,75
37;654;1783;"E. E. HELENA ARAUJO";"São Francisco";"Sul";342;271;77;28,41;90;33,21
37;655;1961;"E. M. VICENTE DE PAULA";"Japiim";"Sul";382;299;87;29,10;97;32,44
37;656;1988;"E. E. NATALIA UCHOA";"Japiim";"Sul";390;305;88;28,85;122;40,00
37;657;1945;"E. M. TEREZA ROSA ABTIBOL";"São Francisco";"Sul";402;294;68;23,13;76;25,85
37;658;2046;"CMEI FERNANDO TRIGUEIRO";"Japiim";"Sul";370;295;89;30,17;118;40,00
37;659;2003;"E. E. LUCINDA FELIX DE AZEVEDO";"Japiim";"Sul";381;287;77;26,83;102;35,54
37;660;1970;"E. E. LUIZ VAZ DE CAMOES";"Japiim";"Sul";383;287;82;28,57;94;32,75
37;661;1813;"E. M. THOMAS MEIRELLES";"Petrópolis";"Sul";390;302;110;36,42;91;30,13
37;662;1821;"SECRETARIA DE ESTADO DA FAZENDA - SEFAZ";"São Francisco";"Sul";385;277;85;30,69;93;33,57
37;663;1805;"E. E. MAJOR SILVA COUTINHO";"Petrópolis";"Sul";381;305;92;30,16;110;36,07
37;664;1899;"COLEGIO MILITAR DA POLICIA MILITAR";"Petrópolis";"Sul";384;288;111;38,54;88;30,56
37;665;1791;"E. E. TIRADENTES";"Petrópolis";"Sul";358;262;76;29,01;89;33,97
37;666;1988;"E. E. NATALIA UCHOA";"Japiim";"Sul";395;296;81;27,36;106;35,81
37;667;2054;"E. E. ONDINA DE PAULA RIBEIRO";"Japiim";"Sul";393;287;80;27,87;100;34,84
37;668;1961;"E. M. VICENTE DE PAULA";"Japiim";"Sul";373;284;79;27,82;107;37,68
37;669;1767;"E. E. GETULIO VARGAS";"São Francisco";"Sul";322;242;72;29,75;79;32,64
37;670;1775;"E. E. MARCIO NERY";"São Francisco";"Sul";352;258;85;32,95;74;28,68
37;671;2020;"E. E. ALFREDO CAMPOS";"Japiim";"Sul";381;292;73;25,00;110;37,67
37;672;2089;"E. M. PE. SEBASTIAO LUIZ DOS SANTOS PUGA BARBOSA";"Japiim";"Sul";391;303;84;27,72;110;36,30
37;673;1953;"E. M. PROF. JOSE WANDEMBERG RAMOS LEITE";"Japiim";"Sul";367;289;79;27,34;98;33,91
37;674;2100;"CORPO DE BOMBEIROS DO AMAZONAS";"Petrópolis";"Sul";331;252;78;30,95;93;36,90
37;675;1791;"E. E. TIRADENTES";"Petrópolis";"Sul";356;270;81;30,00;83;30,74
37;676;1597;"E.E.T.I. BILINGUE  PROF. DJALMA DA CUNHA BATISTA";"Japiim";"Sul";328;256;69;26,95;102;39,84
37;677;1872;"E. M. ANA MOTA BRAGA";"Petrópolis";"Sul";393;304;73;24,01;91;29,93
37;678;1830;"E. E. SANTANA";"Petrópolis";"Sul";377;289;93;32,18;79;27,34
37;679;1759;"E. M. VILLA LOBOS";"São Francisco";"Sul";352;278;63;22,66;94;33,81
37;680;1880;"E. E. IZABEL BARRONCAS";"São Francisco";"Sul";363;285;105;36,84;88;30,88
37;681;1805;"E. E. MAJOR SILVA COUTINHO";"Petrópolis";"Sul";380;292;96;32,88;92;31,51
37;682;1910;"CMEI CECILIA CABRAL";"Petrópolis";"Sul";438;322;92;28,57;97;30,12
37;683;1970;"E. E. LUIZ VAZ DE CAMOES";"Japiim";"Sul";386;295;101;34,24;89;30,17
37;684;2046;"CMEI FERNANDO TRIGUEIRO";"Japiim";"Sul";375;288;85;29,51;117;40,63
37;685;1791;"E. E. TIRADENTES";"Petrópolis";"Sul";392;300;87;29,00;98;32,67
37;686;1899;"COLEGIO MILITAR DA POLICIA MILITAR";"Petrópolis";"Sul";395;307;91;29,64;105;34,20
37;687;1864;"E. M. PE. MAURO FANCELLO";"Petrópolis";"Sul";422;313;98;31,31;78;24,92
37;688;1929;"E. M. MARIA LIRA PEREIRA";"Petrópolis";"Sul";389;297;87;29,29;86;28,96
37;689;2054;"E. E. ONDINA DE PAULA RIBEIRO";"Japiim";"Sul";392;299;83;27,76;104;34,78
37;690;2011;"E. E. BENICIO LEAO";"Japiim";"Sul";383;299;100;33,44;89;29,77
37;691;1856;"CMEI MAESTRO DIRSON COSTA";"Petrópolis";"Sul";379;290;102;35,17;72;24,83
37;692;1791;"E. E. TIRADENTES";"Petrópolis";"Sul";354;251;84;33,47;77;30,68
37;693;1996;"E. M. AMINE DAOU LINDOSO";"Japiim";"Sul";390;300;80;26,67;79;26,33
37;694;1805;"E. E. MAJOR SILVA COUTINHO";"Petrópolis";"Sul";384;297;87;29,29;98;33,00
37;695;2003;"E. E. LUCINDA FELIX DE AZEVEDO";"Japiim";"Sul";376;275;67;24,36;112;40,73
37;696;2046;"CMEI FERNANDO TRIGUEIRO";"Japiim";"Sul";374;291;91;31,27;94;32,30
37;697;2062;"E. M. ISABEL ANGARITA";"Japiim";"Sul";336;254;75;29,53;93;36,61
37;698;1775;"E. E. MARCIO NERY";"São Francisco";"Sul";346;255;81;31,76;94;36,86
37;699;1791;"E. E. TIRADENTES";"Petrópolis";"Sul";359;271;81;29,89;87;32,10
37;700;1872;"E. M. ANA MOTA BRAGA";"Petrópolis";"Sul";392;281;66;23,49;93;33,10
37;701;1899;"COLEGIO MILITAR DA POLICIA MILITAR";"Petrópolis";"Sul";392;288;80;27,78;91;31,60
37;702;2054;"E. E. ONDINA DE PAULA RIBEIRO";"Japiim";"Sul";391;287;83;28,92;97;33,80
37;703;1597;"E.E.T.I. BILINGUE  PROF. DJALMA DA CUNHA BATISTA";"Japiim";"Sul";326;257;73;28,40;82;31,91
37;704;2038;"CMEI JURACY FREITAS MACIEL";"Japiim";"Sul";301;233;70;30,04;76;32,62
37;705;1805;"E. E. MAJOR SILVA COUTINHO";"Petrópolis";"Sul";390;292;96;32,88;93;31,85
37;706;2046;"CMEI FERNANDO TRIGUEIRO";"Japiim";"Sul";385;292;83;28,42;101;34,59
37;707;2127;"CENTRO DE TREINAMENTO PADRE JOSÉ DE ANCHIETA - CEPAN";"Japiim";"Sul";426;316;103;32,59;117;37,03
37;708;1783;"E. E. HELENA ARAUJO";"São Francisco";"Sul";337;243;67;27,57;72;29,63
37;709;1899;"COLEGIO MILITAR DA POLICIA MILITAR";"Petrópolis";"Sul";388;296;83;28,04;97;32,77
37;710;1759;"E. M. VILLA LOBOS";"São Francisco";"Sul";353;262;73;27,86;78;29,77
37;711;2089;"E. M. PE. SEBASTIAO LUIZ DOS SANTOS PUGA BARBOSA";"Japiim";"Sul";390;300;81;27,00;98;32,67
37;712;1996;"E. M. AMINE DAOU LINDOSO";"Japiim";"Sul";389;283;88;31,10;83;29,33
37;713;1953;"E. M. PROF. JOSE WANDEMBERG RAMOS LEITE";"Japiim";"Sul";355;256;91;35,55;74;28,91
37;714;2011;"E. E. BENICIO LEAO";"Japiim";"Sul";378;292;78;26,71;96;32,88
37;715;2046;"CMEI FERNANDO TRIGUEIRO";"Japiim";"Sul";371;273;67;24,54;113;41,39
37;716;1830;"E. E. SANTANA";"Petrópolis";"Sul";370;257;81;31,52;89;34,63
37;717;2003;"E. E. LUCINDA FELIX DE AZEVEDO";"Japiim";"Sul";382;293;84;28,67;100;34,13
37;718;1899;"COLEGIO MILITAR DA POLICIA MILITAR";"Petrópolis";"Sul";390;285;99;34,74;99;34,74
37;719;2100;"CORPO DE BOMBEIROS DO AMAZONAS";"Petrópolis";"Sul";342;247;75;30,36;89;36,03
37;720;1775;"E. E. MARCIO NERY";"São Francisco";"Sul";354;261;82;31,42;71;27,20
37;721;1597;"E.E.T.I. BILINGUE  PROF. DJALMA DA CUNHA BATISTA";"Japiim";"Sul";324;257;79;30,74;79;30,74
37;722;1910;"CMEI CECILIA CABRAL";"Petrópolis";"Sul";421;306;77;25,16;89;29,08
37;723;1848;"INCRA";"Petrópolis";"Sul";227;160;63;39,38;53;33,13
37;724;1996;"E. M. AMINE DAOU LINDOSO";"Japiim";"Sul";386;295;97;32,88;73;24,75
37;725;1929;"E. M. MARIA LIRA PEREIRA";"Petrópolis";"Sul";390;278;75;26,98;66;23,74
37;726;1899;"COLEGIO MILITAR DA POLICIA MILITAR";"Petrópolis";"Sul";395;289;95;32,87;81;28,03
37;727;1856;"CMEI MAESTRO DIRSON COSTA";"Petrópolis";"Sul";385;293;97;33,11;78;26,62
37;728;1899;"COLEGIO MILITAR DA POLICIA MILITAR";"Petrópolis";"Sul";385;278;94;33,81;68;24,46
37;729;1872;"E. M. ANA MOTA BRAGA";"Petrópolis";"Sul";394;291;90;30,93;74;25,43
37;730;2062;"E. M. ISABEL ANGARITA";"Japiim";"Sul";338;254;90;35,43;73;28,74
37;732;2089;"E. M. PE. SEBASTIAO LUIZ DOS SANTOS PUGA BARBOSA";"Japiim";"Sul";390;301;96;31,89;87;28,90
37;733;1767;"E. E. GETULIO VARGAS";"São Francisco";"Sul";324;246;96;39,02;63;25,61
37;734;1830;"E. E. SANTANA";"Petrópolis";"Sul";379;276;92;33,33;67;24,28
37;735;1775;"E. E. MARCIO NERY";"São Francisco";"Sul";353;256;84;32,81;67;26,17
37;736;1821;"SECRETARIA DE ESTADO DA FAZENDA - SEFAZ";"São Francisco";"Sul";391;308;111;36,04;104;33,77
37;737;1953;"E. M. PROF. JOSE WANDEMBERG RAMOS LEITE";"Japiim";"Sul";365;271;93;34,32;72;26,57
37;738;2127;"CENTRO DE TREINAMENTO PADRE JOSÉ DE ANCHIETA - CEPAN";"Japiim";"Sul";422;297;114;38,38;88;29,63
37;739;1902;"CMEI MARIA CLARA MACHADO";"Petrópolis";"Sul";384;294;103;35,03;84;28,57
37;740;1996;"E. M. AMINE DAOU LINDOSO";"Japiim";"Sul";389;290;122;42,07;71;24,48
37;741;2011;"E. E. BENICIO LEAO";"Japiim";"Sul";383;300;102;34,00;77;25,67
37;742;1899;"COLEGIO MILITAR DA POLICIA MILITAR";"Petrópolis";"Sul";387;287;102;35,54;83;28,92
37;743;1597;"E.E.T.I. BILINGUE  PROF. DJALMA DA CUNHA BATISTA";"Japiim";"Sul";334;254;103;40,55;75;29,53
40;196;1503;"E. E. MARECHAL HERMES";"Nova Esperança";"Oeste";432;303;90;29,70;97;32,01
40;313;1589;"E. E. MARIA DE LOURDES RODRIGUES ARRUDA";"Alvorada";"Centro-Oeste";372;274;85;31,02;83;30,29
40;315;1589;"E. E. MARIA DE LOURDES RODRIGUES ARRUDA";"Alvorada";"Centro-Oeste";381;307;89;28,99;102;33,22
40;316;1465;"E. E. FRANCELINA ASSIS DANTAS";"Alvorada";"Centro-Oeste";427;324;121;37,35;106;32,72
40;317;1678;"E. E. RAIMUNDO GOMES NOGUEIRA";"Alvorada";"Centro-Oeste";362;291;87;29,90;111;38,14
40;318;1503;"E. E. MARECHAL HERMES";"Nova Esperança";"Oeste";431;333;102;30,63;118;35,44
40;319;1759;"E. E. PROF. ADELAIDE TAVARES DE MACEDO";"Alvorada";"Centro-Oeste";427;335;110;32,84;126;37,61
40;320;1732;"E. E. HUMBERTO DE CAMPOS";"Alvorada";"Centro-Oeste";447;346;153;44,22;100;28,90
40;321;1554;"E. E. PROF. WALDIR GARCIA";"Alvorada";"Centro-Oeste";405;322;99;30,75;111;34,47
40;322;1627;"E. M. FIRME NA FE";"Alvorada";"Centro-Oeste";416;333;98;29,43;131;39,34
40;323;1490;"E. E. AGUINELO BITTENCOURT";"Santo Agostinho";"Oeste";425;326;115;35,28;105;32,21
40;324;1457;"E. E. SEN PETRONIO PORTELLA";"Dom Pedro";"Centro-Oeste";436;354;123;34,75;124;35,03
40;325;1686;"E. E. FRANCISCA BOTINELLY CUNHA E SILVA";"Dom Pedro";"Centro-Oeste";430;316;116;36,71;122;38,61
40;326;1767;"E. E. GONCALVES DIAS";"Dom Pedro";"Centro-Oeste";427;350;110;31,43;130;37,14
40;327;1520;"E. E. ANTONIO ENCARNACAO FILHO";"Lírio do Vale";"Oeste";437;334;114;34,13;116;34,73
40;328;1694;"E. M. ELINEA FOLHADELA";"Alvorada";"Centro-Oeste";417;336;121;36,01;88;26,19
40;329;1546;"E. M. SEN. FABIO PEREIRA DE LUCENA BITTENCOURT";"Nova Esperança";"Oeste";433;314;103;32,80;88;28,03
40;330;1740;"E. M. MARIA RUFINA DE ALMEIDA";"Alvorada";"Centro-Oeste";381;310;98;31,61;122;39,35
40;331;1708;"E. E. ROSINA FERREIRA DA SILVA";"Alvorada";"Centro-Oeste";351;267;84;31,46;86;32,21
40;332;1562;"E. E. JOSE RIBAMAR DA COSTA";"Lírio do Vale";"Oeste";433;356;99;27,81;138;38,76
40;333;1619;"E. M. PROF. ELIANA LUCIA MONTEIRO DA SILVA";"Santo Agostinho";"Oeste";375;297;94;31,65;109;36,70
40;334;1538;"E. M. LIRIO DO VALE";"Lírio do Vale";"Oeste";413;303;90;29,70;108;35,64
40;335;1724;"E. E. MARIA AMELIA DO ESPIRITO SANTO";"Dom Pedro";"Centro-Oeste";425;329;99;30,09;130;39,51
40;336;1473;"E. E. SEN. MANOEL SEVERIANO NUNES";"Alvorada";"Centro-Oeste";432;333;97;29,13;120;36,04
40;337;1481;"E. M. SANTO AGOSTINHO";"Santo Agostinho";"Oeste";358;289;92;31,83;90;31,14
40;339;1570;"E. M. SAO SEBASTIAO II";"Zona Rural";"Rural";421;305;108;35,41;57;18,69
40;340;1716;"CMEI PROF. MARIA DO CEU VAZ DE OLIVEIRA";"Alvorada";"Centro-Oeste";350;272;82;30,15;98;36,03
40;341;1635;"E. M. JOSE SOBREIRA DO NASCIMENTO";"Zona Rural";"Rural";329;262;87;33,21;39;14,89
40;342;1600;"E. M. LUIZ JORGE SILVA";"Zona Rural";"Rural";359;258;93;36,05;19;7,36
40;343;1511;"E. M. SAO JOSE";"Zona Rural";"Rural";325;244;81;33,20;44;18,03
40;345;1643;"E. M. SAO SEBASTIAO I";"Zona Rural";"Rural";408;279;110;39,43;34;12,19
40;346;1597;"E. M. BOM JESUS";"Zona Rural";"Rural";241;139;20;14,39;12;8,63
40;347;1767;"E. E. GONCALVES DIAS";"Dom Pedro";"Centro-Oeste";422;346;116;33,53;127;36,71
40;348;1503;"E. E. MARECHAL HERMES";"Nova Esperança";"Oeste";432;361;111;30,75;135;37,40
40;349;1732;"E. E. HUMBERTO DE CAMPOS";"Alvorada";"Centro-Oeste";440;338;124;36,69;106;31,36
40;350;1465;"E. E. FRANCELINA ASSIS DANTAS";"Alvorada";"Centro-Oeste";428;328;95;28,96;133;40,55
40;351;1520;"E. E. ANTONIO ENCARNACAO FILHO";"Lírio do Vale";"Oeste";436;345;93;26,96;130;37,68
40;352;1473;"E. E. SEN. MANOEL SEVERIANO NUNES";"Alvorada";"Centro-Oeste";435;332;83;25,00;119;35,84
40;353;1546;"E. M. SEN. FABIO PEREIRA DE LUCENA BITTENCOURT";"Nova Esperança";"Oeste";439;356;81;22,75;132;37,08
40;354;1619;"E. M. PROF. ELIANA LUCIA MONTEIRO DA SILVA";"Santo Agostinho";"Oeste";382;306;89;29,08;111;36,27
40;355;1562;"E. E. JOSE RIBAMAR DA COSTA";"Lírio do Vale";"Oeste";437;351;114;32,48;121;34,47
40;356;1457;"E. E. SEN PETRONIO PORTELLA";"Dom Pedro";"Centro-Oeste";429;345;128;37,10;113;32,75
40;357;1678;"E. E. RAIMUNDO GOMES NOGUEIRA";"Alvorada";"Centro-Oeste";368;305;98;32,13;103;33,77
40;358;1490;"E. E. AGUINELO BITTENCOURT";"Santo Agostinho";"Oeste";424;322;97;30,12;113;35,09
40;359;1767;"E. E. GONCALVES DIAS";"Dom Pedro";"Centro-Oeste";418;334;112;33,53;112;33,53
40;360;1686;"E. E. FRANCISCA BOTINELLY CUNHA E SILVA";"Dom Pedro";"Centro-Oeste";423;341;115;33,72;120;35,19
40;361;1759;"E. E. PROF. ADELAIDE TAVARES DE MACEDO";"Alvorada";"Centro-Oeste";429;334;103;30,84;128;38,32
40;362;1627;"E. M. FIRME NA FE";"Alvorada";"Centro-Oeste";414;324;89;27,47;137;42,28
40;363;1503;"E. E. MARECHAL HERMES";"Nova Esperança";"Oeste";428;333;97;29,13;122;36,64
40;364;1554;"E. E. PROF. WALDIR GARCIA";"Alvorada";"Centro-Oeste";406;317;104;32,81;90;28,39
40;365;1732;"E. E. HUMBERTO DE CAMPOS";"Alvorada";"Centro-Oeste";441;353;114;32,29;119;33,71
40;366;1546;"E. M. SEN. FABIO PEREIRA DE LUCENA BITTENCOURT";"Nova Esperança";"Oeste";431;329;95;28,88;116;35,26
40;367;1473;"E. E. SEN. MANOEL SEVERIANO NUNES";"Alvorada";"Centro-Oeste";429;340;110;32,35;115;33,82
40;368;1520;"E. E. ANTONIO ENCARNACAO FILHO";"Lírio do Vale";"Oeste";437;338;98;28,99;126;37,28
40;369;1465;"E. E. FRANCELINA ASSIS DANTAS";"Alvorada";"Centro-Oeste";427;350;111;31,71;133;38,00
40;370;1538;"E. M. LIRIO DO VALE";"Lírio do Vale";"Oeste";407;331;118;35,65;99;29,91
40;371;1724;"E. E. MARIA AMELIA DO ESPIRITO SANTO";"Dom Pedro";"Centro-Oeste";428;347;112;32,28;133;38,33
40;372;1767;"E. E. GONCALVES DIAS";"Dom Pedro";"Centro-Oeste";430;347;122;35,16;116;33,43
40;373;1562;"E. E. JOSE RIBAMAR DA COSTA";"Lírio do Vale";"Oeste";434;357;106;29,69;124;34,73
40;374;1619;"E. M. PROF. ELIANA LUCIA MONTEIRO DA SILVA";"Santo Agostinho";"Oeste";380;304;87;28,62;117;38,49
40;375;1457;"E. E. SEN PETRONIO PORTELLA";"Dom Pedro";"Centro-Oeste";436;354;114;32,20;122;34,46
40;376;1449;"E. M. DIVINO ESPIRITO SANTO";"Zona Rural";"Rural";310;242;41;16,94;28;11,57
40;377;1694;"E. M. ELINEA FOLHADELA";"Alvorada";"Centro-Oeste";414;329;105;31,91;107;32,52
40;378;1740;"E. M. MARIA RUFINA DE ALMEIDA";"Alvorada";"Centro-Oeste";380;314;108;34,39;107;34,08
40;379;1732;"E. E. HUMBERTO DE CAMPOS";"Alvorada";"Centro-Oeste";442;321;110;34,27;114;35,51
40;380;1678;"E. E. RAIMUNDO GOMES NOGUEIRA";"Alvorada";"Centro-Oeste";365;290;90;31,03;108;37,24
40;381;1503;"E. E. MARECHAL HERMES";"Nova Esperança";"Oeste";427;338;112;33,14;130;38,46
40;382;1546;"E. M. SEN. FABIO PEREIRA DE LUCENA BITTENCOURT";"Nova Esperança";"Oeste";433;334;93;27,84;125;37,43
40;383;1686;"E. E. FRANCISCA BOTINELLY CUNHA E SILVA";"Dom Pedro";"Centro-Oeste";425;334;103;30,84;117;35,03
40;384;1490;"E. E. AGUINELO BITTENCOURT";"Santo Agostinho";"Oeste";421;319;95;29,78;107;33,54
40;385;1481;"E. M. SANTO AGOSTINHO";"Santo Agostinho";"Oeste";353;278;83;29,86;71;25,54
40;386;1520;"E. E. ANTONIO ENCARNACAO FILHO";"Lírio do Vale";"Oeste";434;324;88;27,16;109;33,64
40;387;1767;"E. E. GONCALVES DIAS";"Dom Pedro";"Centro-Oeste";431;348;116;33,33;115;33,05
40;388;1465;"E. E. FRANCELINA ASSIS DANTAS";"Alvorada";"Centro-Oeste";425;332;104;31,33;110;33,13
40;389;1589;"E. E. MARIA DE LOURDES RODRIGUES ARRUDA";"Alvorada";"Centro-Oeste";380;323;96;29,72;93;28,79
40;390;1473;"E. E. SEN. MANOEL SEVERIANO NUNES";"Alvorada";"Centro-Oeste";430;350;99;28,29;126;36,00
40;391;1627;"E. M. FIRME NA FE";"Alvorada";"Centro-Oeste";413;326;113;34,66;92;28,22
40;392;1732;"E. E. HUMBERTO DE CAMPOS";"Alvorada";"Centro-Oeste";440;329;118;35,87;116;35,26
40;393;1759;"E. E. PROF. ADELAIDE TAVARES DE MACEDO";"Alvorada";"Centro-Oeste";437;354;127;35,88;126;35,59
40;394;1554;"E. E. PROF. WALDIR GARCIA";"Alvorada";"Centro-Oeste";404;321;100;31,15;99;30,84
40;395;1708;"E. E. ROSINA FERREIRA DA SILVA";"Alvorada";"Centro-Oeste";370;291;103;35,40;102;35,05
40;396;1562;"E. E. JOSE RIBAMAR DA COSTA";"Lírio do Vale";"Oeste";434;339;115;33,92;115;33,92
40;397;1503;"E. E. MARECHAL HERMES";"Nova Esperança";"Oeste";426;344;108;31,40;122;35,47
40;398;1457;"E. E. SEN PETRONIO PORTELLA";"Dom Pedro";"Centro-Oeste";430;337;123;36,50;106;31,45
40;399;1546;"E. M. SEN. FABIO PEREIRA DE LUCENA BITTENCOURT";"Nova Esperança";"Oeste";438;353;109;30,88;137;38,81
40;400;1767;"E. E. GONCALVES DIAS";"Dom Pedro";"Centro-Oeste";430;339;101;29,79;128;37,76
40;401;1732;"E. E. HUMBERTO DE CAMPOS";"Alvorada";"Centro-Oeste";438;350;122;34,86;119;34,00
40;402;1465;"E. E. FRANCELINA ASSIS DANTAS";"Alvorada";"Centro-Oeste";430;310;86;27,74;117;37,74
40;403;1520;"E. E. ANTONIO ENCARNACAO FILHO";"Lírio do Vale";"Oeste";435;324;95;29,32;128;39,51
40;404;1473;"E. E. SEN. MANOEL SEVERIANO NUNES";"Alvorada";"Centro-Oeste";428;338;91;26,92;120;35,50
40;405;1619;"E. M. PROF. ELIANA LUCIA MONTEIRO DA SILVA";"Santo Agostinho";"Oeste";378;298;85;28,52;110;36,91
40;406;1686;"E. E. FRANCISCA BOTINELLY CUNHA E SILVA";"Dom Pedro";"Centro-Oeste";431;341;107;31,38;135;39,59
40;407;1678;"E. E. RAIMUNDO GOMES NOGUEIRA";"Alvorada";"Centro-Oeste";368;301;99;32,89;110;36,54
40;408;1538;"E. M. LIRIO DO VALE";"Lírio do Vale";"Oeste";407;329;104;31,61;101;30,70
40;409;1490;"E. E. AGUINELO BITTENCOURT";"Santo Agostinho";"Oeste";420;318;105;33,02;118;37,11
40;410;1546;"E. M. SEN. FABIO PEREIRA DE LUCENA BITTENCOURT";"Nova Esperança";"Oeste";437;340;86;25,29;115;33,82
40;411;1732;"E. E. HUMBERTO DE CAMPOS";"Alvorada";"Centro-Oeste";441;353;127;35,98;117;33,14
40;412;1740;"E. M. MARIA RUFINA DE ALMEIDA";"Alvorada";"Centro-Oeste";381;296;104;35,14;87;29,39
40;413;1503;"E. E. MARECHAL HERMES";"Nova Esperança";"Oeste";434;358;93;25,98;132;36,87
40;414;1694;"E. M. ELINEA FOLHADELA";"Alvorada";"Centro-Oeste";420;344;110;31,98;122;35,47
40;415;1759;"E. E. PROF. ADELAIDE TAVARES DE MACEDO";"Alvorada";"Centro-Oeste";431;350;131;37,43;135;38,57
40;416;1457;"E. E. SEN PETRONIO PORTELLA";"Dom Pedro";"Centro-Oeste";434;354;107;30,23;126;35,59
40;417;1724;"E. E. MARIA AMELIA DO ESPIRITO SANTO";"Dom Pedro";"Centro-Oeste";428;344;106;30,81;122;35,47
40;418;1627;"E. M. FIRME NA FE";"Alvorada";"Centro-Oeste";412;332;99;29,82;107;32,23
40;419;1562;"E. E. JOSE RIBAMAR DA COSTA";"Lírio do Vale";"Oeste";436;338;110;32,54;103;30,47
40;420;1767;"E. E. GONCALVES DIAS";"Dom Pedro";"Centro-Oeste";430;344;107;31,10;136;39,53
40;421;1554;"E. E. PROF. WALDIR GARCIA";"Alvorada";"Centro-Oeste";404;312;102;32,69;108;34,62
40;422;1465;"E. E. FRANCELINA ASSIS DANTAS";"Alvorada";"Centro-Oeste";429;332;99;29,82;117;35,24
40;423;1473;"E. E. SEN. MANOEL SEVERIANO NUNES";"Alvorada";"Centro-Oeste";430;321;99;30,84;116;36,14
40;424;1520;"E. E. ANTONIO ENCARNACAO FILHO";"Lírio do Vale";"Oeste";439;354;99;27,97;135;38,14
40;425;1589;"E. E. MARIA DE LOURDES RODRIGUES ARRUDA";"Alvorada";"Centro-Oeste";380;298;98;32,89;102;34,23
40;426;1732;"E. E. HUMBERTO DE CAMPOS";"Alvorada";"Centro-Oeste";439;352;131;37,22;122;34,66
40;427;1546;"E. M. SEN. FABIO PEREIRA DE LUCENA BITTENCOURT";"Nova Esperança";"Oeste";434;337;102;30,27;118;35,01
40;428;1678;"E. E. RAIMUNDO GOMES NOGUEIRA";"Alvorada";"Centro-Oeste";373;316;102;32,28;96;30,38
40;429;1465;"E. E. FRANCELINA ASSIS DANTAS";"Alvorada";"Centro-Oeste";428;326;92;28,22;121;37,12
40;430;1503;"E. E. MARECHAL HERMES";"Nova Esperança";"Oeste";432;334;107;32,04;127;38,02
40;431;1562;"E. E. JOSE RIBAMAR DA COSTA";"Lírio do Vale";"Oeste";438;339;88;25,96;141;41,59
40;432;1457;"E. E. SEN PETRONIO PORTELLA";"Dom Pedro";"Centro-Oeste";433;345;118;34,20;120;34,78
40;433;1627;"E. M. FIRME NA FE";"Alvorada";"Centro-Oeste";414;332;100;30,12;120;36,14
40;434;1732;"E. E. HUMBERTO DE CAMPOS";"Alvorada";"Centro-Oeste";439;353;118;33,43;128;36,26
40;435;1473;"E. E. SEN. MANOEL SEVERIANO NUNES";"Alvorada";"Centro-Oeste";426;342;90;26,32;131;38,30
40;436;1767;"E. E. GONCALVES DIAS";"Dom Pedro";"Centro-Oeste";432;345;116;33,62;128;37,10
40;437;1520;"E. E. ANTONIO ENCARNACAO FILHO";"Lírio do Vale";"Oeste";430;328;109;33,23;113;34,45
40;438;1554;"E. E. PROF. WALDIR GARCIA";"Alvorada";"Centro-Oeste";408;324;90;27,78;103;31,79
40;439;1686;"E. E. FRANCISCA BOTINELLY CUNHA E SILVA";"Dom Pedro";"Centro-Oeste";424;319;114;35,74;117;36,68
40;440;1481;"E. M. SANTO AGOSTINHO";"Santo Agostinho";"Oeste";352;279;80;28,67;81;29,03
40;441;1490;"E. E. AGUINELO BITTENCOURT";"Santo Agostinho";"Oeste";424;329;99;30,09;98;29,79
40;442;1759;"E. E. PROF. ADELAIDE TAVARES DE MACEDO";"Alvorada";"Centro-Oeste";437;358;109;30,45;135;37,71
40;443;1619;"E. M. PROF. ELIANA LUCIA MONTEIRO DA SILVA";"Santo Agostinho";"Oeste";389;306;98;32,03;117;38,24
40;444;1546;"E. M. SEN. FABIO PEREIRA DE LUCENA BITTENCOURT";"Nova Esperança";"Oeste";440;354;104;29,38;124;35,03
40;445;1708;"E. E. ROSINA FERREIRA DA SILVA";"Alvorada";"Centro-Oeste";352;290;88;30,34;107;36,90
40;446;1538;"E. M. LIRIO DO VALE";"Lírio do Vale";"Oeste";403;328;92;28,05;125;38,11
40;447;1740;"E. M. MARIA RUFINA DE ALMEIDA";"Alvorada";"Centro-Oeste";386;318;90;28,30;120;37,74
40;448;1732;"E. E. HUMBERTO DE CAMPOS";"Alvorada";"Centro-Oeste";445;347;118;34,01;117;33,72
40;449;1465;"E. E. FRANCELINA ASSIS DANTAS";"Alvorada";"Centro-Oeste";425;328;89;27,13;131;39,94
40;450;1473;"E. E. SEN. MANOEL SEVERIANO NUNES";"Alvorada";"Centro-Oeste";429;348;98;28,16;122;35,06
40;451;1503;"E. E. MARECHAL HERMES";"Nova Esperança";"Oeste";429;349;95;27,22;127;36,39
40;452;1520;"E. E. ANTONIO ENCARNACAO FILHO";"Lírio do Vale";"Oeste";431;332;88;26,51;118;35,54
40;453;1562;"E. E. JOSE RIBAMAR DA COSTA";"Lírio do Vale";"Oeste";437;357;100;28,01;126;35,29
40;454;1694;"E. M. ELINEA FOLHADELA";"Alvorada";"Centro-Oeste";422;335;115;34,33;96;28,66
40;455;1457;"E. E. SEN PETRONIO PORTELLA";"Dom Pedro";"Centro-Oeste";432;351;115;32,76;121;34,47
40;456;1627;"E. M. FIRME NA FE";"Alvorada";"Centro-Oeste";413;322;88;27,33;115;35,71
40;457;1678;"E. E. RAIMUNDO GOMES NOGUEIRA";"Alvorada";"Centro-Oeste";369;288;87;30,21;109;37,85
40;458;1554;"E. E. PROF. WALDIR GARCIA";"Alvorada";"Centro-Oeste";402;323;110;34,06;114;35,29
40;459;1589;"E. E. MARIA DE LOURDES RODRIGUES ARRUDA";"Alvorada";"Centro-Oeste";381;297;84;28,28;100;33,67
40;460;1465;"E. E. FRANCELINA ASSIS DANTAS";"Alvorada";"Centro-Oeste";429;337;98;29,08;122;36,20
40;461;1724;"E. E. MARIA AMELIA DO ESPIRITO SANTO";"Dom Pedro";"Centro-Oeste";425;336;122;36,31;128;38,10
40;462;1490;"E. E. AGUINELO BITTENCOURT";"Santo Agostinho";"Oeste";423;329;97;29,48;125;37,99
40;463;1473;"E. E. SEN. MANOEL SEVERIANO NUNES";"Alvorada";"Centro-Oeste";430;331;98;29,61;106;32,02
40;464;1503;"E. E. MARECHAL HERMES";"Nova Esperança";"Oeste";427;343;91;26,53;135;39,36
40;465;1686;"E. E. FRANCISCA BOTINELLY CUNHA E SILVA";"Dom Pedro";"Centro-Oeste";429;339;113;33,33;108;31,86
40;466;1759;"E. E. PROF. ADELAIDE TAVARES DE MACEDO";"Alvorada";"Centro-Oeste";432;313;82;26,20;120;38,34
40;467;1520;"E. E. ANTONIO ENCARNACAO FILHO";"Lírio do Vale";"Oeste";435;325;95;29,23;106;32,62
40;468;1457;"E. E. SEN PETRONIO PORTELLA";"Dom Pedro";"Centro-Oeste";435;339;112;33,04;109;32,15
40;469;1619;"E. M. PROF. ELIANA LUCIA MONTEIRO DA SILVA";"Santo Agostinho";"Oeste";388;322;93;28,88;145;45,03
40;470;1562;"E. E. JOSE RIBAMAR DA COSTA";"Lírio do Vale";"Oeste";440;332;105;31,63;105;31,63
40;472;1627;"E. M. FIRME NA FE";"Alvorada";"Centro-Oeste";414;318;106;33,33;94;29,56
40;473;1546;"E. M. SEN. FABIO PEREIRA DE LUCENA BITTENCOURT";"Nova Esperança";"Oeste";442;328;92;28,05;107;32,62
40;474;1767;"E. E. GONCALVES DIAS";"Dom Pedro";"Centro-Oeste";425;316;96;30,38;101;31,96
40;475;1465;"E. E. FRANCELINA ASSIS DANTAS";"Alvorada";"Centro-Oeste";427;312;101;32,37;109;34,94
40;476;1678;"E. E. RAIMUNDO GOMES NOGUEIRA";"Alvorada";"Centro-Oeste";369;292;83;28,42;107;36,64
40;477;1538;"E. M. LIRIO DO VALE";"Lírio do Vale";"Oeste";412;309;99;32,04;109;35,28
40;478;1473;"E. E. SEN. MANOEL SEVERIANO NUNES";"Alvorada";"Centro-Oeste";429;324;104;32,10;117;36,11
40;479;1503;"E. E. MARECHAL HERMES";"Nova Esperança";"Oeste";433;336;103;30,65;120;35,71
40;480;1554;"E. E. PROF. WALDIR GARCIA";"Alvorada";"Centro-Oeste";402;328;105;32,01;108;32,93
40;481;1740;"E. M. MARIA RUFINA DE ALMEIDA";"Alvorada";"Centro-Oeste";379;288;76;26,39;106;36,81
40;482;1520;"E. E. ANTONIO ENCARNACAO FILHO";"Lírio do Vale";"Oeste";435;338;98;28,99;126;37,28
40;483;1694;"E. M. ELINEA FOLHADELA";"Alvorada";"Centro-Oeste";417;343;128;37,32;96;27,99
40;484;1481;"E. M. SANTO AGOSTINHO";"Santo Agostinho";"Oeste";355;276;78;28,26;102;36,96
40;485;1686;"E. E. FRANCISCA BOTINELLY CUNHA E SILVA";"Dom Pedro";"Centro-Oeste";426;325;92;28,31;131;40,31
40;486;1457;"E. E. SEN PETRONIO PORTELLA";"Dom Pedro";"Centro-Oeste";437;327;103;31,50;111;33,94
40;487;1708;"E. E. ROSINA FERREIRA DA SILVA";"Alvorada";"Centro-Oeste";345;271;87;32,10;92;33,95
40;488;1759;"E. E. PROF. ADELAIDE TAVARES DE MACEDO";"Alvorada";"Centro-Oeste";435;331;94;28,40;118;35,65
40;489;1490;"E. E. AGUINELO BITTENCOURT";"Santo Agostinho";"Oeste";423;327;101;30,89;107;32,72
40;490;1465;"E. E. FRANCELINA ASSIS DANTAS";"Alvorada";"Centro-Oeste";428;323;80;24,77;122;37,77
40;491;1562;"E. E. JOSE RIBAMAR DA COSTA";"Lírio do Vale";"Oeste";440;346;100;28,90;122;35,26
40;492;1520;"E. E. ANTONIO ENCARNACAO FILHO";"Lírio do Vale";"Oeste";432;332;110;33,13;127;38,25
40;493;1473;"E. E. SEN. MANOEL SEVERIANO NUNES";"Alvorada";"Centro-Oeste";430;344;90;26,16;121;35,17
40;494;1503;"E. E. MARECHAL HERMES";"Nova Esperança";"Oeste";435;340;97;28,53;121;35,59
40;495;1627;"E. M. FIRME NA FE";"Alvorada";"Centro-Oeste";406;319;76;23,82;118;36,99
40;496;1589;"E. E. MARIA DE LOURDES RODRIGUES ARRUDA";"Alvorada";"Centro-Oeste";379;308;90;29,22;90;29,22
40;497;1619;"E. M. PROF. ELIANA LUCIA MONTEIRO DA SILVA";"Santo Agostinho";"Oeste";381;298;96;32,21;118;39,60
40;498;1554;"E. E. PROF. WALDIR GARCIA";"Alvorada";"Centro-Oeste";407;316;104;32,91;114;36,08
40;499;1678;"E. E. RAIMUNDO GOMES NOGUEIRA";"Alvorada";"Centro-Oeste";366;293;94;32,08;106;36,18
40;500;1767;"E. E. GONCALVES DIAS";"Dom Pedro";"Centro-Oeste";429;335;110;32,84;127;37,91
40;501;1724;"E. E. MARIA AMELIA DO ESPIRITO SANTO";"Dom Pedro";"Centro-Oeste";429;349;124;35,53;131;37,54
40;502;1457;"E. E. SEN PETRONIO PORTELLA";"Dom Pedro";"Centro-Oeste";437;325;98;30,15;119;36,62
40;504;1686;"E. E. FRANCISCA BOTINELLY CUNHA E SILVA";"Dom Pedro";"Centro-Oeste";429;320;117;36,56;107;33,44
40;505;1520;"E. E. ANTONIO ENCARNACAO FILHO";"Lírio do Vale";"Oeste";432;322;99;30,75;109;33,85
40;506;1465;"E. E. FRANCELINA ASSIS DANTAS";"Alvorada";"Centro-Oeste";427;338;94;27,81;117;34,62
40;507;1694;"E. M. ELINEA FOLHADELA";"Alvorada";"Centro-Oeste";420;326;102;31,29;95;29,14
40;508;1503;"E. E. MARECHAL HERMES";"Nova Esperança";"Oeste";430;330;101;30,61;100;30,30
40;509;1538;"E. M. LIRIO DO VALE";"Lírio do Vale";"Oeste";405;326;107;32,82;105;32,21
40;510;1473;"E. E. SEN. MANOEL SEVERIANO NUNES";"Alvorada";"Centro-Oeste";426;345;87;25,22;123;35,65
40;511;1490;"E. E. AGUINELO BITTENCOURT";"Santo Agostinho";"Oeste";424;315;83;26,35;122;38,73
40;512;1716;"CMEI PROF. MARIA DO CEU VAZ DE OLIVEIRA";"Alvorada";"Centro-Oeste";350;258;95;36,82;96;37,21
40;513;1759;"E. E. PROF. ADELAIDE TAVARES DE MACEDO";"Alvorada";"Centro-Oeste";437;344;115;33,43;120;34,88
40;514;1562;"E. E. JOSE RIBAMAR DA COSTA";"Lírio do Vale";"Oeste";436;326;120;36,81;107;32,82
40;515;1740;"E. M. MARIA RUFINA DE ALMEIDA";"Alvorada";"Centro-Oeste";374;286;87;30,42;100;34,97
40;516;1503;"E. E. MARECHAL HERMES";"Nova Esperança";"Oeste";444;339;110;32,45;119;35,10
40;517;1457;"E. E. SEN PETRONIO PORTELLA";"Dom Pedro";"Centro-Oeste";429;327;116;35,47;106;32,42
40;518;1520;"E. E. ANTONIO ENCARNACAO FILHO";"Lírio do Vale";"Oeste";430;321;90;28,04;114;35,51
40;519;1678;"E. E. RAIMUNDO GOMES NOGUEIRA";"Alvorada";"Centro-Oeste";372;297;81;27,27;105;35,35
40;520;1619;"E. M. PROF. ELIANA LUCIA MONTEIRO DA SILVA";"Santo Agostinho";"Oeste";378;302;95;31,46;113;37,42
40;521;1627;"E. M. FIRME NA FE";"Alvorada";"Centro-Oeste";411;333;96;28,83;118;35,44
40;522;1465;"E. E. FRANCELINA ASSIS DANTAS";"Alvorada";"Centro-Oeste";427;315;79;25,08;117;37,14
40;523;1473;"E. E. SEN. MANOEL SEVERIANO NUNES";"Alvorada";"Centro-Oeste";431;349;96;27,51;122;34,96
40;524;1481;"E. M. SANTO AGOSTINHO";"Santo Agostinho";"Oeste";352;280;86;30,71;91;32,50
40;525;1686;"E. E. FRANCISCA BOTINELLY CUNHA E SILVA";"Dom Pedro";"Centro-Oeste";430;337;101;29,97;124;36,80
40;526;1708;"E. E. ROSINA FERREIRA DA SILVA";"Alvorada";"Centro-Oeste";352;259;82;31,66;85;32,82
40;527;1759;"E. E. PROF. ADELAIDE TAVARES DE MACEDO";"Alvorada";"Centro-Oeste";437;330;119;36,06;99;30,00
40;528;1724;"E. E. MARIA AMELIA DO ESPIRITO SANTO";"Dom Pedro";"Centro-Oeste";424;337;90;26,71;139;41,25
40;529;1520;"E. E. ANTONIO ENCARNACAO FILHO";"Lírio do Vale";"Oeste";435;333;101;30,33;109;32,73
40;530;1589;"E. E. MARIA DE LOURDES RODRIGUES ARRUDA";"Alvorada";"Centro-Oeste";382;298;86;28,86;104;34,90
40;531;1457;"E. E. SEN PETRONIO PORTELLA";"Dom Pedro";"Centro-Oeste";429;337;113;33,53;121;35,91
40;532;1465;"E. E. FRANCELINA ASSIS DANTAS";"Alvorada";"Centro-Oeste";425;325;105;32,31;104;32,00
40;533;1619;"E. M. PROF. ELIANA LUCIA MONTEIRO DA SILVA";"Santo Agostinho";"Oeste";382;293;76;25,94;124;42,32
40;534;1686;"E. E. FRANCISCA BOTINELLY CUNHA E SILVA";"Dom Pedro";"Centro-Oeste";436;327;103;31,50;114;34,86
40;535;1538;"E. M. LIRIO DO VALE";"Lírio do Vale";"Oeste";407;306;80;26,14;106;34,64
40;536;1635;"E. M. JOSE SOBREIRA DO NASCIMENTO";"Zona Rural";"Rural";331;243;62;25,51;56;23,05
40;537;1678;"E. E. RAIMUNDO GOMES NOGUEIRA";"Alvorada";"Centro-Oeste";372;281;94;33,45;86;30,60
40;538;1473;"E. E. SEN. MANOEL SEVERIANO NUNES";"Alvorada";"Centro-Oeste";425;325;105;32,31;115;35,38
40;539;1520;"E. E. ANTONIO ENCARNACAO FILHO";"Lírio do Vale";"Oeste";441;336;85;25,30;131;38,99
40;540;1490;"E. E. AGUINELO BITTENCOURT";"Santo Agostinho";"Oeste";426;335;96;28,66;96;28,66
40;541;1465;"E. E. FRANCELINA ASSIS DANTAS";"Alvorada";"Centro-Oeste";427;309;82;26,54;107;34,63
40;542;1562;"E. E. JOSE RIBAMAR DA COSTA";"Lírio do Vale";"Oeste";438;329;92;27,96;112;34,04
40;543;1740;"E. M. MARIA RUFINA DE ALMEIDA";"Alvorada";"Centro-Oeste";377;290;93;32,07;103;35,52
40;544;1627;"E. M. FIRME NA FE";"Alvorada";"Centro-Oeste";408;297;85;28,62;103;34,68
40;545;1457;"E. E. SEN PETRONIO PORTELLA";"Dom Pedro";"Centro-Oeste";435;340;120;35,29;94;27,65
40;546;1759;"E. E. PROF. ADELAIDE TAVARES DE MACEDO";"Alvorada";"Centro-Oeste";436;338;110;32,54;112;33,14
40;547;1619;"E. M. PROF. ELIANA LUCIA MONTEIRO DA SILVA";"Santo Agostinho";"Oeste";374;290;95;32,76;105;36,21
40;548;1465;"E. E. FRANCELINA ASSIS DANTAS";"Alvorada";"Centro-Oeste";432;310;102;32,90;94;30,32
40;549;1473;"E. E. SEN. MANOEL SEVERIANO NUNES";"Alvorada";"Centro-Oeste";437;329;105;31,91;114;34,65
40;550;1589;"E. E. MARIA DE LOURDES RODRIGUES ARRUDA";"Alvorada";"Centro-Oeste";380;285;72;25,26;104;36,49
40;551;1481;"E. M. SANTO AGOSTINHO";"Santo Agostinho";"Oeste";341;257;77;29,96;87;33,85
40;552;1791;"C. E. LA SALLE";"Dom Pedro";"Centro-Oeste";429;328;95;28,96;128;39,02
40;553;1783;"CMEI PROF. DIERDRE GAMA MACHADO";"Lírio do Vale";"Oeste";441;323;91;28,17;123;38,08
40;554;1775;"E. M. CÂNDIDO HONÓRIO";"Alvorada II";"Centro-Oeste";347;270;82;30,37;85;31,48
40;555;1538;"E. M. LIRIO DO VALE";"Lírio do Vale";"Oeste";412;321;93;28,97;106;33,02
40;556;1562;"E. E. JOSE RIBAMAR DA COSTA";"Lírio do Vale";"Oeste";445;344;101;29,36;134;38,95
40;557;1511;"E. M. SAO JOSE";"Zona Rural";"Rural";332;232;77;33,19;53;22,84
40;558;1490;"E. E. AGUINELO BITTENCOURT";"Santo Agostinho";"Oeste";423;323;94;29,10;109;33,75
40;559;1457;"E. E. SEN PETRONIO PORTELLA";"Dom Pedro";"Centro-Oeste";436;340;117;34,41;95;27,94
40;560;1791;"C. E. LA SALLE";"Dom Pedro";"Centro-Oeste";427;322;99;30,75;123;38,20
40;561;1619;"E. M. PROF. ELIANA LUCIA MONTEIRO DA SILVA";"Santo Agostinho";"Oeste";382;276;99;35,87;92;33,33
40;562;1708;"E. E. ROSINA FERREIRA DA SILVA";"Alvorada";"Centro-Oeste";349;256;76;29,69;82;32,03
40;563;1740;"E. M. MARIA RUFINA DE ALMEIDA";"Alvorada";"Centro-Oeste";377;295;87;29,49;99;33,56
40;564;1538;"E. M. LIRIO DO VALE";"Lírio do Vale";"Oeste";406;298;76;25,50;107;35,91
40;565;1678;"E. E. RAIMUNDO GOMES NOGUEIRA";"Alvorada";"Centro-Oeste";370;276;78;28,26;102;36,96
40;566;1791;"C. E. LA SALLE";"Dom Pedro";"Centro-Oeste";424;314;85;27,07;92;29,30
40;567;1805;"CMEI N. S. DA BOA ESPERANÇA";"Nova Esperança";"Oeste";317;245;53;21,63;98;40,00
40;568;1759;"E. E. PROF. ADELAIDE TAVARES DE MACEDO";"Alvorada";"Centro-Oeste";428;315;121;38,41;104;33,02
40;569;1627;"E. M. FIRME NA FE";"Alvorada";"Centro-Oeste";408;317;79;24,92;115;36,28
40;570;1791;"C. E. LA SALLE";"Dom Pedro";"Centro-Oeste";428;323;92;28,48;115;35,60
40;571;1775;"E. M. CÂNDIDO HONÓRIO";"Alvorada II";"Centro-Oeste";365;275;79;28,73;105;38,18
40;572;1589;"E. E. MARIA DE LOURDES RODRIGUES ARRUDA";"Alvorada";"Centro-Oeste";375;285;71;24,91;99;34,74
40;573;1538;"E. M. LIRIO DO VALE";"Lírio do Vale";"Oeste";404;305;86;28,20;104;34,10
40;574;1457;"E. E. SEN PETRONIO PORTELLA";"Dom Pedro";"Centro-Oeste";436;332;97;29,22;116;34,94
40;575;1791;"C. E. LA SALLE";"Dom Pedro";"Centro-Oeste";429;319;89;27,90;120;37,62
40;576;1619;"E. M. PROF. ELIANA LUCIA MONTEIRO DA SILVA";"Santo Agostinho";"Oeste";383;276;82;29,71;101;36,59
40;577;1627;"E. M. FIRME NA FE";"Alvorada";"Centro-Oeste";410;305;74;24,26;116;38,03
40;578;1791;"C. E. LA SALLE";"Dom Pedro";"Centro-Oeste";427;314;87;27,71;110;35,03
40;579;1783;"CMEI PROF. DIERDRE GAMA MACHADO";"Lírio do Vale";"Oeste";438;317;88;27,76;113;35,65
40;580;1740;"E. M. MARIA RUFINA DE ALMEIDA";"Alvorada";"Centro-Oeste";374;285;95;33,33;94;32,98
40;581;1759;"E. E. PROF. ADELAIDE TAVARES DE MACEDO";"Alvorada";"Centro-Oeste";438;335;111;33,13;106;31,64
40;582;1805;"CMEI N. S. DA BOA ESPERANÇA";"Nova Esperança";"Oeste";303;212;54;25,47;72;33,96
40;583;1775;"E. M. CÂNDIDO HONÓRIO";"Alvorada II";"Centro-Oeste";354;265;80;30,19;106;40,00
40;584;1481;"E. M. SANTO AGOSTINHO";"Santo Agostinho";"Oeste";350;238;83;34,87;78;32,77
40;585;1791;"C. E. LA SALLE";"Dom Pedro";"Centro-Oeste";429;323;88;27,24;117;36,22
40;586;1619;"E. M. PROF. ELIANA LUCIA MONTEIRO DA SILVA";"Santo Agostinho";"Oeste";380;272;76;27,94;108;39,71
40;587;1783;"CMEI PROF. DIERDRE GAMA MACHADO";"Lírio do Vale";"Oeste";437;320;93;29,06;129;40,31
40;588;1708;"E. E. ROSINA FERREIRA DA SILVA";"Alvorada";"Centro-Oeste";338;231;63;27,27;89;38,53
40;589;1791;"C. E. LA SALLE";"Dom Pedro";"Centro-Oeste";429;299;96;32,11;112;37,46
40;590;1627;"E. M. FIRME NA FE";"Alvorada";"Centro-Oeste";428;302;74;24,50;102;33,77
40;591;1589;"E. E. MARIA DE LOURDES RODRIGUES ARRUDA";"Alvorada";"Centro-Oeste";379;290;92;31,72;81;27,93
40;592;1678;"E. E. RAIMUNDO GOMES NOGUEIRA";"Alvorada";"Centro-Oeste";368;278;73;26,26;102;36,69
40;593;1775;"E. M. CÂNDIDO HONÓRIO";"Alvorada II";"Centro-Oeste";335;249;49;19,68;95;38,15
40;594;1538;"E. M. LIRIO DO VALE";"Lírio do Vale";"Oeste";406;296;84;28,38;96;32,43
40;595;1457;"E. E. SEN PETRONIO PORTELLA";"Dom Pedro";"Centro-Oeste";436;316;107;33,86;89;28,16
40;596;1791;"C. E. LA SALLE";"Dom Pedro";"Centro-Oeste";428;313;107;34,19;110;35,14
40;597;1805;"CMEI N. S. DA BOA ESPERANÇA";"Nova Esperança";"Oeste";303;214;69;32,24;78;36,45
40;598;1759;"E. E. PROF. ADELAIDE TAVARES DE MACEDO";"Alvorada";"Centro-Oeste";444;300;102;34,00;98;32,67
40;599;1619;"E. M. PROF. ELIANA LUCIA MONTEIRO DA SILVA";"Santo Agostinho";"Oeste";373;273;83;30,40;91;33,33
40;600;1481;"E. M. SANTO AGOSTINHO";"Santo Agostinho";"Oeste";355;249;75;30,12;67;26,91
40;602;1740;"E. M. MARIA RUFINA DE ALMEIDA";"Alvorada";"Centro-Oeste";379;292;102;34,93;95;32,53
40;603;1791;"C. E. LA SALLE";"Dom Pedro";"Centro-Oeste";424;299;113;37,79;94;31,44
40;604;1775;"E. M. CÂNDIDO HONÓRIO";"Alvorada II";"Centro-Oeste";349;251;85;33,86;95;37,85
40;605;1783;"CMEI PROF. DIERDRE GAMA MACHADO";"Lírio do Vale";"Oeste";438;303;86;28,38;101;33,33
40;606;1791;"C. E. LA SALLE";"Dom Pedro";"Centro-Oeste";423;320;117;36,56;99;30,94
40;607;1813;"CETI ÁUREA PINHEIRO BRAGA";"Santo Agostinho";"Oeste";391;284;89;31,34;102;35,92
40;608;1791;"C. E. LA SALLE";"Dom Pedro";"Centro-Oeste";431;316;123;38,92;86;27,22
40;609;1708;"E. E. ROSINA FERREIRA DA SILVA";"Alvorada";"Centro-Oeste";350;269;80;29,74;80;29,74
40;610;1635;"E. M. JOSE SOBREIRA DO NASCIMENTO";"Zona Rural";"Rural";338;245;78;31,84;48;19,59
40;611;1775;"E. M. CÂNDIDO HONÓRIO";"Alvorada II";"Centro-Oeste";343;254;72;28,35;94;37,01
40;612;1813;"CETI ÁUREA PINHEIRO BRAGA";"Santo Agostinho";"Oeste";390;269;77;28,62;100;37,17
40;613;1821;"C.S.E.A.S. DAGMAR FEITOZA";"Alvorada I";"Centro-Oeste";23;16;2;12,50;7;43,75
40;616;1791;"C. E. LA SALLE";"Dom Pedro";"Centro-Oeste";429;313;107;34,19;80;25,56
40;617;1813;"CETI ÁUREA PINHEIRO BRAGA";"Santo Agostinho";"Oeste";392;281;94;33,45;110;39,15
40;618;1791;"C. E. LA SALLE";"Dom Pedro";"Centro-Oeste";435;315;113;35,87;84;26,67
40;619;1775;"E. M. CÂNDIDO HONÓRIO";"Alvorada II";"Centro-Oeste";345;275;108;39,27;76;27,64
40;621;1813;"CETI ÁUREA PINHEIRO BRAGA";"Santo Agostinho";"Oeste";377;276;77;27,90;117;42,39
40;622;1716;"CMEI PROF. MARIA DO CEU VAZ DE OLIVEIRA";"Alvorada";"Centro-Oeste";388;296;111;37,50;85;28,72
40;623;1678;"E. E. RAIMUNDO GOMES NOGUEIRA";"Alvorada";"Centro-Oeste";370;299;97;32,44;90;30,10
40;624;1813;"CETI ÁUREA PINHEIRO BRAGA";"Santo Agostinho";"Oeste";391;270;84;31,11;107;39,63
40;625;1791;"C. E. LA SALLE";"Dom Pedro";"Centro-Oeste";422;303;88;29,04;104;34,32
40;626;1805;"CMEI N. S. DA BOA ESPERANÇA";"Nova Esperança";"Oeste";299;230;74;32,17;68;29,57
40;627;1813;"CETI ÁUREA PINHEIRO BRAGA";"Santo Agostinho";"Oeste";394;309;95;30,74;100;32,36
40;628;1775;"E. M. CÂNDIDO HONÓRIO";"Alvorada II";"Centro-Oeste";268;201;67;33,33;54;26,87
40;630;1856;"E. M. SANTO ANTÔNIO";"Zona Rural";"Rural";171;135;20;14,81;11;8,15
40;631;1864;"E. M. ESTRELA DA MANHÃ";"Zona Rural";"Rural";194;160;27;16,88;15;9,38
40;633;1813;"CETI ÁUREA PINHEIRO BRAGA";"Santo Agostinho";"Oeste";280;253;96;37,94;94;37,15
58;725;1848;"E. E. CID CABRAL DA SILVA";"Cidade Nova";"Norte";393;315;97;30,79;125;39,68
58;726;1821;"E. E. DOM MILTON CORREA PEREIRA";"Cidade Nova";"Norte";388;299;103;34,45;111;37,12
58;728;1953;"E. E. HOMERO DE MIRANDA LEAO";"Cidade Nova";"Norte";377;302;112;37,09;111;36,75
58;729;1899;"E. E. JULIO CESAR DE MORAES PASSOS";"Cidade Nova";"Norte";394;302;92;30,46;123;40,73
58;730;2054;"E. E. ALDEIA DO CONHECIMENTO PROF. RUTH PRESTES GONÇALVES";"Cidade Nova";"Norte";394;289;105;36,33;93;32,18
58;731;1791;"E. E. DESDOR ANDRE ARAUJO.";"Cidade Nova";"Norte";374;298;90;30,20;111;37,25
58;732;1902;"E. M. PROF. NILTON LINS";"Cidade Nova";"Norte";398;310;98;31,61;102;32,90
58;733;2070;"E. M. LUCILA FREITAS";"Colônia Santo Antônio";"Norte";391;317;88;27,76;91;28,71
58;734;1813;"E. E. DOM JOAO DE SOUZA LIMA";"Cidade Nova";"Norte";374;296;97;32,77;90;30,41
58;735;2046;"CMEI ARGENTINA BARROS.";"Cidade Nova";"Norte";368;288;111;38,54;92;31,94
58;736;1937;"E. E. SEN JOÃO BOSCO RAMOS DE LIMA";"Cidade Nova";"Norte";390;318;83;26,10;141;44,34
58;737;1864;"E. E. MARCANTONIO VILAÇA II - POLÍCIA MILITAR.";"Cidade Nova";"Norte";374;305;122;40,00;119;39,02
58;738;1830;"E. E. LENINA FERRARO DA SILVA";"Cidade Nova";"Norte";376;301;99;32,89;108;35,88
58;739;1910;"E. M. MARIO JORGE DO COUTO LOPES";"Cidade Nova";"Norte";355;279;86;30,82;99;35,48
58;740;2020;"E. E. DR. JOSE MILTON BANDEIRA";"Cidade Nova";"Norte";394;296;89;30,07;101;34,12
58;741;1970;"E. M. SANTA RITA DE CASSIA";"Cidade Nova";"Norte";398;309;100;32,36;118;38,19
58;743;1805;"E. E. HILDA DE AZEVEDO TRIBUZY.";"Cidade Nova";"Norte";371;287;101;35,19;102;35,54
58;745;1856;"E. E. MARCANTONIO VILAÇA";"Cidade Nova";"Norte";391;318;112;35,22;105;33,02
58;746;1872;"E. E. PROF. SEBASTIANA BRAGA";"Cidade Nova";"Norte";387;316;79;25,00;133;42,09
58;747;1880;"E. M. ANTONIA ALEXANDRINA.";"Cidade Nova";"Norte";374;293;107;36,52;93;31,74
58;748;1988;"E. M. DJALMA PASSOS.";"Cidade Nova";"Norte";389;300;87;29,00;123;41,00
58;749;2011;"E. E. FRANCISCA DE PAULA DE JESUS IZABEL";"Cidade Nova";"Norte";369;283;98;34,63;102;36,04
58;750;1996;"E. M. PROF. JULIO CESAR DE MORAES PASSOS";"Cidade Nova";"Norte";387;302;83;27,48;111;36,75
58;751;1945;"E. M. ENG JOÃO ALBERTO DE MENEZES BRAGA.";"Cidade Nova";"Norte";385;300;97;32,33;118;39,33
58;753;1929;"E. M. DR. JOAO QUEIROZ (ATRÁS DO SHOPPING SUMAÚMA).";"Cidade Nova";"Norte";362;280;75;26,79;102;36,43
58;754;2054;"E. E. ALDEIA DO CONHECIMENTO PROF. RUTH PRESTES GONÇALVES";"Cidade Nova";"Norte";384;286;96;33,57;93;32,52
58;755;1848;"E. E. CID CABRAL DA SILVA";"Cidade Nova";"Norte";390;305;92;30,16;122;40,00
58;756;1813;"E. E. DOM JOAO DE SOUZA LIMA";"Cidade Nova";"Norte";378;289;75;25,95;108;37,37
58;757;1821;"E. E. DOM MILTON CORREA PEREIRA";"Cidade Nova";"Norte";385;317;111;35,02;112;35,33
58;758;2054;"E. E. ALDEIA DO CONHECIMENTO PROF. RUTH PRESTES GONÇALVES";"Cidade Nova";"Norte";388;283;101;35,69;101;35,69
58;759;2020;"E. E. DR. JOSE MILTON BANDEIRA";"Cidade Nova";"Norte";392;293;107;36,52;116;39,59
58;760;1856;"E. E. MARCANTONIO VILAÇA";"Cidade Nova";"Norte";386;300;99;33,00;107;35,67
58;761;1791;"E. E. DESDOR ANDRE ARAUJO.";"Cidade Nova";"Norte";368;292;101;34,59;117;40,07
58;762;1953;"E. E. HOMERO DE MIRANDA LEAO";"Cidade Nova";"Norte";377;296;100;33,78;89;30,07
58;764;1864;"E. E. MARCANTONIO VILAÇA II - POLÍCIA MILITAR.";"Cidade Nova";"Norte";375;306;101;33,01;115;37,58
58;765;1872;"E. E. PROF. SEBASTIANA BRAGA";"Cidade Nova";"Norte";389;324;110;33,95;115;35,49
58;767;1805;"E. E. HILDA DE AZEVEDO TRIBUZY.";"Cidade Nova";"Norte";368;280;93;33,21;111;39,64
58;768;1937;"E. E. SEN JOÃO BOSCO RAMOS DE LIMA";"Cidade Nova";"Norte";395;316;112;35,44;99;31,33
58;769;1848;"E. E. CID CABRAL DA SILVA";"Cidade Nova";"Norte";389;296;100;33,78;108;36,49
58;770;2054;"E. E. ALDEIA DO CONHECIMENTO PROF. RUTH PRESTES GONÇALVES";"Cidade Nova";"Norte";395;301;113;37,54;97;32,23
58;771;2011;"E. E. FRANCISCA DE PAULA DE JESUS IZABEL";"Cidade Nova";"Norte";369;279;100;35,84;94;33,69
58;772;1830;"E. E. LENINA FERRARO DA SILVA";"Cidade Nova";"Norte";375;308;112;36,36;103;33,44
58;773;1821;"E. E. DOM MILTON CORREA PEREIRA";"Cidade Nova";"Norte";386;293;87;29,69;106;36,18
58;774;1813;"E. E. DOM JOAO DE SOUZA LIMA";"Cidade Nova";"Norte";378;306;114;37,25;102;33,33
58;775;1899;"E. E. JULIO CESAR DE MORAES PASSOS";"Cidade Nova";"Norte";394;317;93;29,34;116;36,59
58;777;2054;"E. E. ALDEIA DO CONHECIMENTO PROF. RUTH PRESTES GONÇALVES";"Cidade Nova";"Norte";392;308;116;37,66;113;36,69
58;778;2070;"E. M. LUCILA FREITAS";"Colônia Santo Antônio";"Norte";394;307;91;29,64;101;32,90
58;779;1988;"E. M. DJALMA PASSOS.";"Cidade Nova";"Norte";390;307;96;31,27;134;43,65
58;780;1813;"E. E. DOM JOAO DE SOUZA LIMA";"Cidade Nova";"Norte";373;295;101;34,24;110;37,29
58;781;1848;"E. E. CID CABRAL DA SILVA";"Cidade Nova";"Norte";394;303;91;30,03;106;34,98
58;782;1996;"E. M. PROF. JULIO CESAR DE MORAES PASSOS";"Cidade Nova";"Norte";387;317;107;33,75;107;33,75
58;783;2020;"E. E. DR. JOSE MILTON BANDEIRA";"Cidade Nova";"Norte";394;295;98;33,22;122;41,36
58;784;1821;"E. E. DOM MILTON CORREA PEREIRA";"Cidade Nova";"Norte";389;295;106;35,93;92;31,19
58;785;1872;"E. E. PROF. SEBASTIANA BRAGA";"Cidade Nova";"Norte";391;291;88;30,24;87;29,90
58;787;1791;"E. E. DESDOR ANDRE ARAUJO.";"Cidade Nova";"Norte";370;280;79;28,21;110;39,29
58;788;1970;"E. M. SANTA RITA DE CASSIA";"Cidade Nova";"Norte";394;298;95;31,88;114;38,26
58;789;1856;"E. E. MARCANTONIO VILAÇA";"Cidade Nova";"Norte";392;305;114;37,38;103;33,77
58;790;2054;"E. E. ALDEIA DO CONHECIMENTO PROF. RUTH PRESTES GONÇALVES";"Cidade Nova";"Norte";389;306;98;32,03;95;31,05
58;791;1953;"E. E. HOMERO DE MIRANDA LEAO";"Cidade Nova";"Norte";376;297;91;30,64;107;36,03
58;793;1902;"E. M. PROF. NILTON LINS";"Cidade Nova";"Norte";393;293;89;30,38;106;36,18
58;794;1864;"E. E. MARCANTONIO VILAÇA II - POLÍCIA MILITAR.";"Cidade Nova";"Norte";373;296;96;32,43;111;37,50
58;795;1937;"E. E. SEN JOÃO BOSCO RAMOS DE LIMA";"Cidade Nova";"Norte";397;311;107;34,41;111;35,69
58;796;1880;"E. M. ANTONIA ALEXANDRINA.";"Cidade Nova";"Norte";373;297;106;35,69;99;33,33
58;797;1805;"E. E. HILDA DE AZEVEDO TRIBUZY.";"Cidade Nova";"Norte";370;282;101;35,82;103;36,52
58;799;2011;"E. E. FRANCISCA DE PAULA DE JESUS IZABEL";"Cidade Nova";"Norte";366;288;112;38,89;112;38,89
58;800;2054;"E. E. ALDEIA DO CONHECIMENTO PROF. RUTH PRESTES GONÇALVES";"Cidade Nova";"Norte";392;310;114;36,77;108;34,84
58;801;1830;"E. E. LENINA FERRARO DA SILVA";"Cidade Nova";"Norte";379;295;104;35,25;107;36,27
58;802;1813;"E. E. DOM JOAO DE SOUZA LIMA";"Cidade Nova";"Norte";376;311;98;31,51;136;43,73
58;803;1848;"E. E. CID CABRAL DA SILVA";"Cidade Nova";"Norte";391;297;93;31,31;107;36,03
58;804;1821;"E. E. DOM MILTON CORREA PEREIRA";"Cidade Nova";"Norte";387;297;103;34,68;119;40,07
58;805;2046;"CMEI ARGENTINA BARROS.";"Cidade Nova";"Norte";373;306;103;33,66;134;43,79
58;806;2020;"E. E. DR. JOSE MILTON BANDEIRA";"Cidade Nova";"Norte";397;303;92;30,36;103;33,99
58;807;1899;"E. E. JULIO CESAR DE MORAES PASSOS";"Cidade Nova";"Norte";392;303;107;35,31;117;38,61
58;808;2054;"E. E. ALDEIA DO CONHECIMENTO PROF. RUTH PRESTES GONÇALVES";"Cidade Nova";"Norte";389;301;97;32,23;114;37,87
58;809;1945;"E. M. ENG JOÃO ALBERTO DE MENEZES BRAGA.";"Cidade Nova";"Norte";387;303;116;38,28;106;34,98
58;810;1856;"E. E. MARCANTONIO VILAÇA";"Cidade Nova";"Norte";393;305;92;30,16;133;43,61
58;811;1872;"E. E. PROF. SEBASTIANA BRAGA";"Cidade Nova";"Norte";388;308;76;24,68;123;39,94
58;814;1848;"E. E. CID CABRAL DA SILVA";"Cidade Nova";"Norte";390;291;105;36,08;103;35,40
58;815;1791;"E. E. DESDOR ANDRE ARAUJO.";"Cidade Nova";"Norte";373;297;113;38,05;98;33,00
58;816;2054;"E. E. ALDEIA DO CONHECIMENTO PROF. RUTH PRESTES GONÇALVES";"Cidade Nova";"Norte";396;307;99;32,25;114;37,13
58;817;1821;"E. E. DOM MILTON CORREA PEREIRA";"Cidade Nova";"Norte";379;292;100;34,25;105;35,96
58;818;2070;"E. M. LUCILA FREITAS";"Colônia Santo Antônio";"Norte";393;302;93;30,79;101;33,44
58;819;1813;"E. E. DOM JOAO DE SOUZA LIMA";"Cidade Nova";"Norte";369;262;68;25,95;110;41,98
58;820;1864;"E. E. MARCANTONIO VILAÇA II - POLÍCIA MILITAR.";"Cidade Nova";"Norte";374;278;95;34,17;91;32,73
58;821;1953;"E. E. HOMERO DE MIRANDA LEAO";"Cidade Nova";"Norte";377;294;108;36,73;97;32,99
58;822;1937;"E. E. SEN JOÃO BOSCO RAMOS DE LIMA";"Cidade Nova";"Norte";390;315;100;31,75;124;39,37
58;823;1988;"E. M. DJALMA PASSOS.";"Cidade Nova";"Norte";387;301;96;31,89;117;38,87
58;824;2020;"E. E. DR. JOSE MILTON BANDEIRA";"Cidade Nova";"Norte";396;299;106;35,45;98;32,78
58;826;1996;"E. M. PROF. JULIO CESAR DE MORAES PASSOS";"Cidade Nova";"Norte";386;310;93;30,00;102;32,90
58;827;2011;"E. E. FRANCISCA DE PAULA DE JESUS IZABEL";"Cidade Nova";"Norte";369;293;103;35,15;114;38,91
58;828;1830;"E. E. LENINA FERRARO DA SILVA";"Cidade Nova";"Norte";378;295;99;33,56;110;37,29
58;829;1805;"E. E. HILDA DE AZEVEDO TRIBUZY.";"Cidade Nova";"Norte";367;292;109;37,33;103;35,27
58;830;2054;"E. E. ALDEIA DO CONHECIMENTO PROF. RUTH PRESTES GONÇALVES";"Cidade Nova";"Norte";387;304;96;31,58;106;34,87
58;832;1848;"E. E. CID CABRAL DA SILVA";"Cidade Nova";"Norte";394;312;104;33,33;111;35,58
58;833;1821;"E. E. DOM MILTON CORREA PEREIRA";"Cidade Nova";"Norte";377;291;97;33,33;103;35,40
58;834;1970;"E. M. SANTA RITA DE CASSIA";"Cidade Nova";"Norte";394;312;111;35,58;107;34,29
58;835;1902;"E. M. PROF. NILTON LINS";"Cidade Nova";"Norte";398;319;114;35,74;114;35,74
58;836;1813;"E. E. DOM JOAO DE SOUZA LIMA";"Cidade Nova";"Norte";369;295;102;34,58;106;35,93
58;838;1899;"E. E. JULIO CESAR DE MORAES PASSOS";"Cidade Nova";"Norte";394;299;100;33,44;112;37,46
58;839;1856;"E. E. MARCANTONIO VILAÇA";"Cidade Nova";"Norte";394;321;115;35,83;107;33,33
58;840;1872;"E. E. PROF. SEBASTIANA BRAGA";"Cidade Nova";"Norte";389;300;88;29,33;115;38,33
58;841;2054;"E. E. ALDEIA DO CONHECIMENTO PROF. RUTH PRESTES GONÇALVES";"Cidade Nova";"Norte";395;310;106;34,19;112;36,13
58;842;1953;"E. E. HOMERO DE MIRANDA LEAO";"Cidade Nova";"Norte";375;289;108;37,37;102;35,29
58;843;2020;"E. E. DR. JOSE MILTON BANDEIRA";"Cidade Nova";"Norte";394;306;98;32,03;113;36,93
58;844;1848;"E. E. CID CABRAL DA SILVA";"Cidade Nova";"Norte";392;309;104;33,66;106;34,30
58;845;1791;"E. E. DESDOR ANDRE ARAUJO.";"Cidade Nova";"Norte";369;294;90;30,61;130;44,22
58;846;1937;"E. E. SEN JOÃO BOSCO RAMOS DE LIMA";"Cidade Nova";"Norte";392;310;98;31,61;115;37,10
58;847;1864;"E. E. MARCANTONIO VILAÇA II - POLÍCIA MILITAR.";"Cidade Nova";"Norte";374;297;107;36,03;95;31,99
58;848;1821;"E. E. DOM MILTON CORREA PEREIRA";"Cidade Nova";"Norte";389;298;97;32,55;104;34,90
58;849;2054;"E. E. ALDEIA DO CONHECIMENTO PROF. RUTH PRESTES GONÇALVES";"Cidade Nova";"Norte";392;302;97;32,12;115;38,08
58;850;2070;"E. M. LUCILA FREITAS";"Colônia Santo Antônio";"Norte";393;296;71;23,99;93;31,42
58;851;2011;"E. E. FRANCISCA DE PAULA DE JESUS IZABEL";"Cidade Nova";"Norte";367;278;102;36,69;93;33,45
58;853;1996;"E. M. PROF. JULIO CESAR DE MORAES PASSOS";"Cidade Nova";"Norte";393;303;89;29,37;102;33,66
58;854;1880;"E. M. ANTONIA ALEXANDRINA.";"Cidade Nova";"Norte";372;301;96;31,89;116;38,54
58;855;2046;"CMEI ARGENTINA BARROS.";"Cidade Nova";"Norte";373;297;130;43,77;104;35,02
58;857;1830;"E. E. LENINA FERRARO DA SILVA";"Cidade Nova";"Norte";373;296;100;33,78;83;28,04
58;858;1805;"E. E. HILDA DE AZEVEDO TRIBUZY.";"Cidade Nova";"Norte";370;281;109;38,79;88;31,32
58;859;1813;"E. E. DOM JOAO DE SOUZA LIMA";"Cidade Nova";"Norte";377;302;84;27,81;118;39,07
58;860;1988;"E. M. DJALMA PASSOS.";"Cidade Nova";"Norte";388;313;129;41,21;92;29,39
58;862;2054;"E. E. ALDEIA DO CONHECIMENTO PROF. RUTH PRESTES GONÇALVES";"Cidade Nova";"Norte";394;299;93;31,10;96;32,11
58;863;1848;"E. E. CID CABRAL DA SILVA";"Cidade Nova";"Norte";393;299;99;33,11;106;35,45
58;864;1856;"E. E. MARCANTONIO VILAÇA";"Cidade Nova";"Norte";393;306;92;30,07;98;32,03
58;865;1945;"E. M. ENG JOÃO ALBERTO DE MENEZES BRAGA.";"Cidade Nova";"Norte";386;289;87;30,10;121;41,87
58;866;2020;"E. E. DR. JOSE MILTON BANDEIRA";"Cidade Nova";"Norte";398;307;89;28,99;132;43,00
58;867;1821;"E. E. DOM MILTON CORREA PEREIRA";"Cidade Nova";"Norte";384;291;90;30,93;105;36,08
58;868;1953;"E. E. HOMERO DE MIRANDA LEAO";"Cidade Nova";"Norte";375;314;86;27,39;135;42,99
58;870;1872;"E. E. PROF. SEBASTIANA BRAGA";"Cidade Nova";"Norte";385;318;87;27,36;117;36,79
58;871;1899;"E. E. JULIO CESAR DE MORAES PASSOS";"Cidade Nova";"Norte";393;306;89;29,08;117;38,24
58;872;1970;"E. M. SANTA RITA DE CASSIA";"Cidade Nova";"Norte";389;305;100;32,79;107;35,08
58;873;2054;"E. E. ALDEIA DO CONHECIMENTO PROF. RUTH PRESTES GONÇALVES";"Cidade Nova";"Norte";396;300;75;25,00;108;36,00
58;874;1864;"E. E. MARCANTONIO VILAÇA II - POLÍCIA MILITAR.";"Cidade Nova";"Norte";375;297;96;32,32;117;39,39
58;875;1848;"E. E. CID CABRAL DA SILVA";"Cidade Nova";"Norte";394;285;95;33,33;103;36,14
58;876;1937;"E. E. SEN JOÃO BOSCO RAMOS DE LIMA";"Cidade Nova";"Norte";388;296;99;33,45;122;41,22
58;877;1902;"E. M. PROF. NILTON LINS";"Cidade Nova";"Norte";397;300;94;31,33;115;38,33
58;878;1813;"E. E. DOM JOAO DE SOUZA LIMA";"Cidade Nova";"Norte";376;293;76;25,94;107;36,52
58;879;1791;"E. E. DESDOR ANDRE ARAUJO.";"Cidade Nova";"Norte";373;292;94;32,19;99;33,90
58;881;2020;"E. E. DR. JOSE MILTON BANDEIRA";"Cidade Nova";"Norte";395;309;85;27,51;121;39,16
58;882;2011;"E. E. FRANCISCA DE PAULA DE JESUS IZABEL";"Cidade Nova";"Norte";369;277;92;33,21;101;36,46
58;883;2054;"E. E. ALDEIA DO CONHECIMENTO PROF. RUTH PRESTES GONÇALVES";"Cidade Nova";"Norte";390;299;96;32,11;112;37,46
58;884;1830;"E. E. LENINA FERRARO DA SILVA";"Cidade Nova";"Norte";376;291;88;30,24;120;41,24
58;886;2070;"E. M. LUCILA FREITAS";"Colônia Santo Antônio";"Norte";392;311;92;29,58;97;31,19
58;887;1856;"E. E. MARCANTONIO VILAÇA";"Cidade Nova";"Norte";395;289;98;33,91;98;33,91
58;889;1821;"E. E. DOM MILTON CORREA PEREIRA";"Cidade Nova";"Norte";383;289;88;30,45;114;39,45
58;890;1996;"E. M. PROF. JULIO CESAR DE MORAES PASSOS";"Cidade Nova";"Norte";388;308;92;29,87;106;34,42
58;891;1953;"E. E. HOMERO DE MIRANDA LEAO";"Cidade Nova";"Norte";374;290;95;32,76;122;42,07
58;892;2054;"E. E. ALDEIA DO CONHECIMENTO PROF. RUTH PRESTES GONÇALVES";"Cidade Nova";"Norte";391;298;115;38,59;98;32,89
58;893;1848;"E. E. CID CABRAL DA SILVA";"Cidade Nova";"Norte";392;296;104;35,14;102;34,46
58;894;1988;"E. M. DJALMA PASSOS.";"Cidade Nova";"Norte";387;308;110;35,71;103;33,44
58;895;1899;"E. E. JULIO CESAR DE MORAES PASSOS";"Cidade Nova";"Norte";393;322;93;28,88;124;38,51
58;896;1864;"E. E. MARCANTONIO VILAÇA II - POLÍCIA MILITAR.";"Cidade Nova";"Norte";374;268;87;32,46;107;39,93
58;897;1805;"E. E. HILDA DE AZEVEDO TRIBUZY.";"Cidade Nova";"Norte";367;270;95;35,19;99;36,67
58;898;2020;"E. E. DR. JOSE MILTON BANDEIRA";"Cidade Nova";"Norte";395;306;92;30,07;116;37,91
58;899;1813;"E. E. DOM JOAO DE SOUZA LIMA";"Cidade Nova";"Norte";374;301;88;29,24;115;38,21
58;900;1872;"E. E. PROF. SEBASTIANA BRAGA";"Cidade Nova";"Norte";386;314;82;26,11;125;39,81
58;901;1937;"E. E. SEN JOÃO BOSCO RAMOS DE LIMA";"Cidade Nova";"Norte";390;299;91;30,43;106;35,45
58;903;2054;"E. E. ALDEIA DO CONHECIMENTO PROF. RUTH PRESTES GONÇALVES";"Cidade Nova";"Norte";394;309;92;29,77;111;35,92
58;904;1821;"E. E. DOM MILTON CORREA PEREIRA";"Cidade Nova";"Norte";387;288;82;28,47;106;36,81
58;906;2011;"E. E. FRANCISCA DE PAULA DE JESUS IZABEL";"Cidade Nova";"Norte";369;297;75;25,25;131;44,11
58;907;1902;"E. M. PROF. NILTON LINS";"Cidade Nova";"Norte";396;317;84;26,50;112;35,33
58;908;1856;"E. E. MARCANTONIO VILAÇA";"Cidade Nova";"Norte";393;303;93;30,69;116;38,28
58;909;1848;"E. E. CID CABRAL DA SILVA";"Cidade Nova";"Norte";392;299;108;36,12;92;30,77
58;910;1791;"E. E. DESDOR ANDRE ARAUJO.";"Cidade Nova";"Norte";373;269;90;33,46;78;29,00
58;912;2070;"E. M. LUCILA FREITAS";"Colônia Santo Antônio";"Norte";390;300;85;28,33;103;34,33
58;913;2054;"E. E. ALDEIA DO CONHECIMENTO PROF. RUTH PRESTES GONÇALVES";"Cidade Nova";"Norte";394;306;88;28,76;134;43,79
58;914;2020;"E. E. DR. JOSE MILTON BANDEIRA";"Cidade Nova";"Norte";388;283;84;29,68;104;36,75
58;915;1830;"E. E. LENINA FERRARO DA SILVA";"Cidade Nova";"Norte";377;290;79;27,24;115;39,66
58;916;1996;"E. M. PROF. JULIO CESAR DE MORAES PASSOS";"Cidade Nova";"Norte";389;292;111;38,01;87;29,79
58;917;1813;"E. E. DOM JOAO DE SOUZA LIMA";"Cidade Nova";"Norte";374;295;94;31,86;128;43,39
58;918;1945;"E. M. ENG JOÃO ALBERTO DE MENEZES BRAGA.";"Cidade Nova";"Norte";386;297;88;29,63;122;41,08
58;919;2046;"CMEI ARGENTINA BARROS.";"Cidade Nova";"Norte";371;286;100;34,97;112;39,16
58;920;1953;"E. E. HOMERO DE MIRANDA LEAO";"Cidade Nova";"Norte";372;289;83;28,72;131;45,33
58;921;1970;"E. M. SANTA RITA DE CASSIA";"Cidade Nova";"Norte";396;300;92;30,67;108;36,00
58;922;1880;"E. M. ANTONIA ALEXANDRINA.";"Cidade Nova";"Norte";371;279;95;34,05;103;36,92
58;923;1864;"E. E. MARCANTONIO VILAÇA II - POLÍCIA MILITAR.";"Cidade Nova";"Norte";376;282;81;28,72;108;38,30
58;924;2054;"E. E. ALDEIA DO CONHECIMENTO PROF. RUTH PRESTES GONÇALVES";"Cidade Nova";"Norte";393;273;85;31,14;105;38,46
58;925;1899;"E. E. JULIO CESAR DE MORAES PASSOS";"Cidade Nova";"Norte";392;304;96;31,58;114;37,50
58;927;1821;"E. E. DOM MILTON CORREA PEREIRA";"Cidade Nova";"Norte";389;295;92;31,19;122;41,36
58;928;1805;"E. E. HILDA DE AZEVEDO TRIBUZY.";"Cidade Nova";"Norte";368;278;109;39,21;101;36,33
58;929;1988;"E. M. DJALMA PASSOS.";"Cidade Nova";"Norte";383;295;92;31,19;114;38,64
58;931;2054;"E. E. ALDEIA DO CONHECIMENTO PROF. RUTH PRESTES GONÇALVES";"Cidade Nova";"Norte";393;307;106;34,53;106;34,53
58;932;1929;"E. M. DR. JOAO QUEIROZ (ATRÁS DO SHOPPING SUMAÚMA).";"Cidade Nova";"Norte";358;267;96;35,96;96;35,96
58;933;1830;"E. E. LENINA FERRARO DA SILVA";"Cidade Nova";"Norte";377;286;101;35,31;91;31,82
58;934;1937;"E. E. SEN JOÃO BOSCO RAMOS DE LIMA";"Cidade Nova";"Norte";390;289;104;35,99;95;32,87
58;935;2011;"E. E. FRANCISCA DE PAULA DE JESUS IZABEL";"Cidade Nova";"Norte";367;261;77;29,50;105;40,23
58;936;1872;"E. E. PROF. SEBASTIANA BRAGA";"Cidade Nova";"Norte";389;308;105;34,09;98;31,82
58;937;1856;"E. E. MARCANTONIO VILAÇA";"Cidade Nova";"Norte";389;298;103;34,56;120;40,27
58;939;1813;"E. E. DOM JOAO DE SOUZA LIMA";"Cidade Nova";"Norte";373;304;94;30,92;123;40,46
58;940;1902;"E. M. PROF. NILTON LINS";"Cidade Nova";"Norte";396;291;98;33,68;100;34,36
58;942;2054;"E. E. ALDEIA DO CONHECIMENTO PROF. RUTH PRESTES GONÇALVES";"Cidade Nova";"Norte";390;298;101;33,89;101;33,89
58;943;1996;"E. M. PROF. JULIO CESAR DE MORAES PASSOS";"Cidade Nova";"Norte";391;287;87;30,31;92;32,06
58;944;1864;"E. E. MARCANTONIO VILAÇA II - POLÍCIA MILITAR.";"Cidade Nova";"Norte";377;274;75;27,37;111;40,51
58;945;1821;"E. E. DOM MILTON CORREA PEREIRA";"Cidade Nova";"Norte";389;301;94;31,23;106;35,22
58;946;1791;"E. E. DESDOR ANDRE ARAUJO.";"Cidade Nova";"Norte";374;284;91;32,04;115;40,49
58;947;1830;"E. E. LENINA FERRARO DA SILVA";"Cidade Nova";"Norte";379;286;88;30,77;96;33,57
58;948;1953;"E. E. HOMERO DE MIRANDA LEAO";"Cidade Nova";"Norte";375;303;94;31,02;113;37,29
58;949;2054;"E. E. ALDEIA DO CONHECIMENTO PROF. RUTH PRESTES GONÇALVES";"Cidade Nova";"Norte";391;295;98;33,22;102;34,58
58;950;1945;"E. M. ENG JOÃO ALBERTO DE MENEZES BRAGA.";"Cidade Nova";"Norte";382;293;97;33,11;102;34,81
58;951;1899;"E. E. JULIO CESAR DE MORAES PASSOS";"Cidade Nova";"Norte";393;301;100;33,22;110;36,54
58;952;1813;"E. E. DOM JOAO DE SOUZA LIMA";"Cidade Nova";"Norte";369;269;86;31,97;95;35,32
58;953;1856;"E. E. MARCANTONIO VILAÇA";"Cidade Nova";"Norte";398;300;89;29,67;110;36,67
58;954;1830;"E. E. LENINA FERRARO DA SILVA";"Cidade Nova";"Norte";376;300;83;27,67;118;39,33
58;955;2070;"E. M. LUCILA FREITAS";"Colônia Santo Antônio";"Norte";393;284;78;27,46;95;33,45
58;956;1937;"E. E. SEN JOÃO BOSCO RAMOS DE LIMA";"Cidade Nova";"Norte";388;286;78;27,27;120;41,96
58;957;1805;"E. E. HILDA DE AZEVEDO TRIBUZY.";"Cidade Nova";"Norte";370;279;95;34,05;88;31,54
58;958;1864;"E. E. MARCANTONIO VILAÇA II - POLÍCIA MILITAR.";"Cidade Nova";"Norte";374;295;77;26,10;120;40,68
58;959;1872;"E. E. PROF. SEBASTIANA BRAGA";"Cidade Nova";"Norte";387;313;101;32,27;115;36,74
58;960;1970;"E. M. SANTA RITA DE CASSIA";"Cidade Nova";"Norte";401;303;81;26,73;126;41,58
58;961;1902;"E. M. PROF. NILTON LINS";"Cidade Nova";"Norte";396;292;93;31,85;104;35,62
58;963;2011;"E. E. FRANCISCA DE PAULA DE JESUS IZABEL";"Cidade Nova";"Norte";371;289;92;31,83;109;37,72
58;964;1996;"E. M. PROF. JULIO CESAR DE MORAES PASSOS";"Cidade Nova";"Norte";389;288;84;29,17;104;36,11
58;966;1830;"E. E. LENINA FERRARO DA SILVA";"Cidade Nova";"Norte";374;282;84;29,79;99;35,11
58;967;1953;"E. E. HOMERO DE MIRANDA LEAO";"Cidade Nova";"Norte";377;293;87;29,69;126;43,00
58;969;1937;"E. E. SEN JOÃO BOSCO RAMOS DE LIMA";"Cidade Nova";"Norte";396;294;104;35,37;99;33,67
58;970;1791;"E. E. DESDOR ANDRE ARAUJO.";"Cidade Nova";"Norte";372;292;93;31,85;108;36,99
58;971;1880;"E. M. ANTONIA ALEXANDRINA.";"Cidade Nova";"Norte";375;284;89;31,34;92;32,39
58;972;1805;"E. E. HILDA DE AZEVEDO TRIBUZY.";"Cidade Nova";"Norte";371;282;93;32,98;114;40,43
58;973;1988;"E. M. DJALMA PASSOS.";"Cidade Nova";"Norte";385;289;81;28,03;123;42,56
58;974;1899;"E. E. JULIO CESAR DE MORAES PASSOS";"Cidade Nova";"Norte";391;289;67;23,18;105;36,33
58;975;2046;"CMEI ARGENTINA BARROS.";"Cidade Nova";"Norte";370;287;91;31,71;108;37,63
58;976;1864;"E. E. MARCANTONIO VILAÇA II - POLÍCIA MILITAR.";"Cidade Nova";"Norte";376;277;89;32,13;111;40,07
58;977;1872;"E. E. PROF. SEBASTIANA BRAGA";"Cidade Nova";"Norte";389;310;80;25,81;117;37,74
58;978;1945;"E. M. ENG JOÃO ALBERTO DE MENEZES BRAGA.";"Cidade Nova";"Norte";385;290;97;33,45;92;31,72
58;980;1805;"E. E. HILDA DE AZEVEDO TRIBUZY.";"Cidade Nova";"Norte";363;265;92;34,72;92;34,72
58;981;1791;"E. E. DESDOR ANDRE ARAUJO.";"Cidade Nova";"Norte";375;276;84;30,43;107;38,77
58;982;1996;"E. M. PROF. JULIO CESAR DE MORAES PASSOS";"Cidade Nova";"Norte";385;289;77;26,64;98;33,91
58;983;1864;"E. E. MARCANTONIO VILAÇA II - POLÍCIA MILITAR.";"Cidade Nova";"Norte";374;284;86;30,28;107;37,68
58;984;2070;"E. M. LUCILA FREITAS";"Colônia Santo Antônio";"Norte";393;285;74;25,96;105;36,84
58;985;1805;"E. E. HILDA DE AZEVEDO TRIBUZY.";"Cidade Nova";"Norte";374;275;85;30,91;107;38,91
58;986;1872;"E. E. PROF. SEBASTIANA BRAGA";"Cidade Nova";"Norte";391;321;83;25,86;121;37,69
58;987;1899;"E. E. JULIO CESAR DE MORAES PASSOS";"Cidade Nova";"Norte";394;281;87;30,96;106;37,72
58;988;1902;"E. M. PROF. NILTON LINS";"Cidade Nova";"Norte";402;307;87;28,34;110;35,83
58;989;1953;"E. E. HOMERO DE MIRANDA LEAO";"Cidade Nova";"Norte";379;294;89;30,27;114;38,78
58;991;1848;"E. E. CID CABRAL DA SILVA";"Cidade Nova";"Norte";395;283;86;30,39;107;37,81
58;994;1813;"E. E. DOM JOAO DE SOUZA LIMA";"Cidade Nova";"Norte";372;269;80;29,74;105;39,03
58;995;1821;"E. E. DOM MILTON CORREA PEREIRA";"Cidade Nova";"Norte";377;275;96;34,91;89;32,36
58;996;1937;"E. E. SEN JOÃO BOSCO RAMOS DE LIMA";"Cidade Nova";"Norte";396;285;91;31,93;100;35,09
58;997;1864;"E. E. MARCANTONIO VILAÇA II - POLÍCIA MILITAR.";"Cidade Nova";"Norte";375;282;89;31,56;98;34,75
58;998;2011;"E. E. FRANCISCA DE PAULA DE JESUS IZABEL";"Cidade Nova";"Norte";370;255;76;29,80;100;39,22
58;999;1945;"E. M. ENG JOÃO ALBERTO DE MENEZES BRAGA.";"Cidade Nova";"Norte";387;277;75;27,08;107;38,63
58;1000;1830;"E. E. LENINA FERRARO DA SILVA";"Cidade Nova";"Norte";383;281;84;29,89;101;35,94
58;1001;1848;"E. E. CID CABRAL DA SILVA";"Cidade Nova";"Norte";391;277;100;36,10;92;33,21
58;1002;1996;"E. M. PROF. JULIO CESAR DE MORAES PASSOS";"Cidade Nova";"Norte";389;288;90;31,25;101;35,07
58;1004;1805;"E. E. HILDA DE AZEVEDO TRIBUZY.";"Cidade Nova";"Norte";366;269;85;31,60;91;33,83
58;1005;1937;"E. E. SEN JOÃO BOSCO RAMOS DE LIMA";"Cidade Nova";"Norte";410;316;103;32,59;108;34,18
58;1006;1791;"E. E. DESDOR ANDRE ARAUJO.";"Cidade Nova";"Norte";372;291;88;30,24;109;37,46
58;1007;1899;"E. E. JULIO CESAR DE MORAES PASSOS";"Cidade Nova";"Norte";389;282;77;27,30;108;38,30
58;1008;1864;"E. E. MARCANTONIO VILAÇA II - POLÍCIA MILITAR.";"Cidade Nova";"Norte";376;266;67;25,19;113;42,48
58;1009;1880;"E. M. ANTONIA ALEXANDRINA.";"Cidade Nova";"Norte";371;272;83;30,51;100;36,76
58;1011;2070;"E. M. LUCILA FREITAS";"Colônia Santo Antônio";"Norte";401;297;89;29,97;96;32,32
58;1012;1872;"E. E. PROF. SEBASTIANA BRAGA";"Cidade Nova";"Norte";398;307;89;28,99;111;36,16
58;1013;1988;"E. M. DJALMA PASSOS.";"Cidade Nova";"Norte";387;285;83;29,12;113;39,65
58;1014;2046;"CMEI ARGENTINA BARROS.";"Cidade Nova";"Norte";374;293;85;29,01;120;40,96
58;1015;1805;"E. E. HILDA DE AZEVEDO TRIBUZY.";"Cidade Nova";"Norte";380;281;77;27,40;101;35,94
58;1016;1945;"E. M. ENG JOÃO ALBERTO DE MENEZES BRAGA.";"Cidade Nova";"Norte";380;267;74;27,72;110;41,20
58;1017;1899;"E. E. JULIO CESAR DE MORAES PASSOS";"Cidade Nova";"Norte";387;288;79;27,43;109;37,85
58;1018;1791;"E. E. DESDOR ANDRE ARAUJO.";"Cidade Nova";"Norte";374;287;92;32,06;92;32,06
58;1019;1864;"E. E. MARCANTONIO VILAÇA II - POLÍCIA MILITAR.";"Cidade Nova";"Norte";374;273;83;30,40;113;41,39
58;1022;1929;"E. M. DR. JOAO QUEIROZ (ATRÁS DO SHOPPING SUMAÚMA).";"Cidade Nova";"Norte";357;253;75;29,64;99;39,13
58;1023;2011;"E. E. FRANCISCA DE PAULA DE JESUS IZABEL";"Cidade Nova";"Norte";372;260;71;27,31;103;39,62
58;1024;1910;"E. M. MARIO JORGE DO COUTO LOPES";"Cidade Nova";"Norte";389;285;87;30,53;106;37,19
58;1025;1864;"E. E. MARCANTONIO VILAÇA II - POLÍCIA MILITAR.";"Cidade Nova";"Norte";371;241;57;23,65;108;44,81
58;1026;1791;"E. E. DESDOR ANDRE ARAUJO.";"Cidade Nova";"Norte";374;273;64;23,44;100;36,63
58;1027;2046;"CMEI ARGENTINA BARROS.";"Cidade Nova";"Norte";371;265;73;27,55;96;36,23
58;1028;1791;"E. E. DESDOR ANDRE ARAUJO.";"Cidade Nova";"Norte";376;255;65;25,49;108;42,35
58;1029;1945;"E. M. ENG JOÃO ALBERTO DE MENEZES BRAGA.";"Cidade Nova";"Norte";386;262;89;33,97;81;30,92
58;1030;2054;"E. E. ALDEIA DO CONHECIMENTO PROF. RUTH PRESTES GONÇALVES";"Cidade Nova";"Norte";404;287;71;24,74;116;40,42
58;1031;1864;"E. E. MARCANTONIO VILAÇA II - POLÍCIA MILITAR.";"Cidade Nova";"Norte";371;259;88;33,98;92;35,52
58;1032;1988;"E. M. DJALMA PASSOS.";"Cidade Nova";"Norte";394;285;97;34,04;106;37,19
58;1033;1929;"E. M. DR. JOAO QUEIROZ (ATRÁS DO SHOPPING SUMAÚMA).";"Cidade Nova";"Norte";350;248;74;29,84;83;33,47
58;1034;1910;"E. M. MARIO JORGE DO COUTO LOPES";"Cidade Nova";"Norte";382;275;83;30,18;103;37,45
58;1035;1945;"E. M. ENG JOÃO ALBERTO DE MENEZES BRAGA.";"Cidade Nova";"Norte";378;268;80;29,85;99;36,94
58;1036;1813;"E. E. DOM JOAO DE SOUZA LIMA";"Cidade Nova";"Norte";387;271;85;31,37;90;33,21
58;1037;1821;"E. E. DOM MILTON CORREA PEREIRA";"Cidade Nova";"Norte";400;271;97;35,79;90;33,21
58;1038;2020;"E. E. DR. JOSE MILTON BANDEIRA";"Cidade Nova";"Norte";407;311;100;32,15;113;36,33
58;1039;2097;"E. M. RAIMUNDO THEODORO BOTINELLY ASSUMPÇÃO";"Cidade Nova";"Norte";347;254;77;30,31;79;31,10
58;1040;1864;"E. E. MARCANTONIO VILAÇA II - POLÍCIA MILITAR.";"Cidade Nova";"Norte";370;247;88;35,63;92;37,25
58;1041;2046;"CMEI ARGENTINA BARROS.";"Cidade Nova";"Norte";366;261;94;36,02;86;32,95
58;1042;1929;"E. M. DR. JOAO QUEIROZ (ATRÁS DO SHOPPING SUMAÚMA).";"Cidade Nova";"Norte";354;252;79;31,35;78;30,95
58;1043;2089;"CMEI PROF. ROZENDO NETO DE LIMA";"Cidade Nova";"Norte";349;255;75;29,41;73;28,63
58;1044;1910;"E. M. MARIO JORGE DO COUTO LOPES";"Cidade Nova";"Norte";386;276;93;33,70;81;29,35
58;1045;1945;"E. M. ENG JOÃO ALBERTO DE MENEZES BRAGA.";"Cidade Nova";"Norte";382;294;95;32,31;106;36,05
58;1046;1929;"E. M. DR. JOAO QUEIROZ (ATRÁS DO SHOPPING SUMAÚMA).";"Cidade Nova";"Norte";361;255;62;24,31;90;35,29
58;1047;2046;"CMEI ARGENTINA BARROS.";"Cidade Nova";"Norte";382;287;95;33,10;114;39,72
58;1048;1910;"E. M. MARIO JORGE DO COUTO LOPES";"Cidade Nova";"Norte";355;256;84;32,81;90;35,16
58;1049;1929;"E. M. DR. JOAO QUEIROZ (ATRÁS DO SHOPPING SUMAÚMA).";"Cidade Nova";"Norte";360;264;88;33,33;92;34,85
58;1050;2097;"E. M. RAIMUNDO THEODORO BOTINELLY ASSUMPÇÃO";"Cidade Nova";"Norte";384;257;71;27,63;93;36,19
58;1051;1929;"E. M. DR. JOAO QUEIROZ (ATRÁS DO SHOPPING SUMAÚMA).";"Cidade Nova";"Norte";353;247;61;24,70;90;36,44
58;1052;1910;"E. M. MARIO JORGE DO COUTO LOPES";"Cidade Nova";"Norte";389;275;101;36,73;94;34,18
58;1053;1945;"E. M. ENG JOÃO ALBERTO DE MENEZES BRAGA.";"Cidade Nova";"Norte";387;284;98;34,51;92;32,39
58;1054;2097;"E. M. RAIMUNDO THEODORO BOTINELLY ASSUMPÇÃO";"Cidade Nova";"Norte";355;247;82;33,20;89;36,03
58;1055;1945;"E. M. ENG JOÃO ALBERTO DE MENEZES BRAGA.";"Cidade Nova";"Norte";404;282;98;34,75;95;33,69
58;1056;1864;"E. E. MARCANTONIO VILAÇA II - POLÍCIA MILITAR.";"Cidade Nova";"Norte";396;290;112;38,62;74;25,52
58;1057;2097;"E. M. RAIMUNDO THEODORO BOTINELLY ASSUMPÇÃO";"Cidade Nova";"Norte";355;250;85;34,00;69;27,60
58;1058;2089;"CMEI PROF. ROZENDO NETO DE LIMA";"Cidade Nova";"Norte";356;269;81;30,11;85;31,60
58;1059;2097;"E. M. RAIMUNDO THEODORO BOTINELLY ASSUMPÇÃO";"Cidade Nova";"Norte";384;284;123;43,31;88;30,99
58;1060;2089;"CMEI PROF. ROZENDO NETO DE LIMA";"Cidade Nova";"Norte";349;251;82;32,67;80;31,87
58;1061;2097;"E. M. RAIMUNDO THEODORO BOTINELLY ASSUMPÇÃO";"Cidade Nova";"Norte";353;244;76;31,15;84;34,43
58;1062;2097;"E. M. RAIMUNDO THEODORO BOTINELLY ASSUMPÇÃO";"Cidade Nova";"Norte";349;243;74;30,45;87;35,80
58;1063;2097;"E. M. RAIMUNDO THEODORO BOTINELLY ASSUMPÇÃO";"Cidade Nova";"Norte";382;257;87;33,85;78;30,35
58;1064;2089;"CMEI PROF. ROZENDO NETO DE LIMA";"Cidade Nova";"Norte";367;270;71;26,30;95;35,19
58;1065;2100;"CMEI MAGNOLIA FROTA";"Cidade Nova";"Norte";395;248;85;34,27;78;31,45
58;1066;2119;"CRECHE MUNICIPAL MARIA DA ANUNCIAÇÃO NORONHA PINTO";"Cidade Nova";"Norte";326;210;63;30,00;74;35,24
58;1067;2097;"E. M. RAIMUNDO THEODORO BOTINELLY ASSUMPÇÃO";"Cidade Nova";"Norte";366;247;73;29,55;77;31,17
58;1068;2100;"CMEI MAGNOLIA FROTA";"Cidade Nova";"Norte";396;280;99;35,36;95;33,93
58;1069;2097;"E. M. RAIMUNDO THEODORO BOTINELLY ASSUMPÇÃO";"Cidade Nova";"Norte";367;270;72;26,67;99;36,67
58;1070;2119;"CRECHE MUNICIPAL MARIA DA ANUNCIAÇÃO NORONHA PINTO";"Cidade Nova";"Norte";323;241;69;28,63;83;34,44
58;1071;2100;"CMEI MAGNOLIA FROTA";"Cidade Nova";"Norte";395;289;112;38,75;75;25,95
58;1072;2089;"CMEI PROF. ROZENDO NETO DE LIMA";"Cidade Nova";"Norte";358;279;90;32,26;78;27,96
58;1073;2097;"E. M. RAIMUNDO THEODORO BOTINELLY ASSUMPÇÃO";"Cidade Nova";"Norte";377;307;101;32,90;83;27,04
58;1074;2100;"CMEI MAGNOLIA FROTA";"Cidade Nova";"Norte";394;308;115;37,34;103;33,44
58;1075;1929;"E. M. DR. JOAO QUEIROZ (ATRÁS DO SHOPPING SUMAÚMA).";"Cidade Nova";"Norte";379;273;95;34,80;84;30,77
58;1076;1910;"E. M. MARIO JORGE DO COUTO LOPES";"Cidade Nova";"Norte";373;296;101;34,12;75;25,34
58;1077;2119;"CRECHE MUNICIPAL MARIA DA ANUNCIAÇÃO NORONHA PINTO";"Cidade Nova";"Norte";324;243;94;38,68;72;29,63
58;1078;2100;"CMEI MAGNOLIA FROTA";"Cidade Nova";"Norte";396;298;111;37,25;84;28,19
58;1079;2100;"CMEI MAGNOLIA FROTA";"Cidade Nova";"Norte";409;337;118;35,01;107;31,75
58;1080;2119;"CRECHE MUNICIPAL MARIA DA ANUNCIAÇÃO NORONHA PINTO";"Cidade Nova";"Norte";156;129;47;36,43;48;37,21
59;493;2089;"E. E. ANTONIO NUNES JIMENEZ";"Zumbi dos Palmares";"Leste";389;306;94;30,72;100;32,68
59;494;2194;"E. M. JOÃO DOS SANTOS PEREIRA BRAGA";"Zumbi dos Palmares";"Leste";358;286;89;31,12;77;26,92
59;495;2216;"E. E. PADRE LUIS RUAS";"Zumbi dos Palmares";"Leste";396;308;93;30,19;101;32,79
59;496;2046;"E. E. MANUEL RODRIGUES DE SOUZA";"Armando Mendes";"Leste";396;323;101;31,27;102;31,58
59;497;2291;"E. E. MARIA MADALENA SANTANA DE LIMA";"Armando Mendes";"Leste";384;295;95;32,20;95;32,20
59;498;2313;"E. E. PROF. MARIA TEIXEIRA GOES";"Zumbi dos Palmares";"Leste";408;307;107;34,85;98;31,92
59;499;2240;"E. E. PROF. ARISTOTELES COMTE DE ALENCAR";"Coroado";"Leste";366;294;83;28,23;96;32,65
59;500;2020;"E. E. MANUEL ANTONIO DE SOUZA";"Colônia Antônio Aleixo";"Leste";388;298;69;23,15;76;25,50
59;501;2232;"E. E. CACILDA BRAULE PINTO";"Coroado";"Leste";386;304;101;33,22;92;30,26
59;502;2178;"E. M. ETELVINA PEREIRA BRAGA";"Coroado";"Leste";366;310;110;35,48;97;31,29
59;503;2127;"E. E. PROF. ANTONIO MAURITI MONTEIRO COELHO";"Coroado";"Leste";394;309;94;30,42;96;31,07
59;504;2275;"E. E. PROF. MARIA ARMINDA GUIMARAES DE ANDRADE";"Coroado";"Leste";347;276;74;26,81;89;32,25
59;505;2186;"E. M. PROF. AGENOR FERREIRA LIMA";"Zumbi dos Palmares";"Leste";371;302;90;29,80;89;29,47
59;506;2224;"E. E. PROF. REINALDO THOMPSON";"Coroado";"Leste";376;298;121;40,60;88;29,53
59;507;2097;"E. M. ARTE E CULTURA";"Coroado";"Leste";300;246;60;24,39;90;36,59
59;508;2259;"E. E. PROF. MYRTHES MARQUES TRIGUEIRO";"Coroado";"Leste";382;314;111;35,35;91;28,98
59;509;2305;"E. M. PROF. FRANCISCA PERGENTINA DA SILVA";"Zumbi dos Palmares";"Leste";393;305;102;33,44;94;30,82
59;510;2097;"E. M. ARTE E CULTURA";"Coroado";"Leste";322;248;70;28,23;97;39,11
59;511;2135;"E. M. RUI BARBOSA LIMA";"Armando Mendes";"Leste";370;295;99;33,56;97;32,88
59;512;2330;"CMEI UMBERTO CALDERARO";"Zumbi dos Palmares";"Leste";343;261;78;29,89;92;35,25
59;513;2062;"E. M. ENG. ANTONIO NELSON DE OLIVEIRA NETO";"Armando Mendes";"Leste";368;306;88;28,76;100;32,68
59;514;2054;"CMEI ABELINHA";"Coroado";"Leste";374;302;110;36,42;93;30,79
59;515;2100;"E. E. GILBERTO MESTRINHO";"Colônia Antônio Aleixo";"Leste";391;295;89;30,17;68;23,05
59;516;2240;"E. E. PROF. ARISTOTELES COMTE DE ALENCAR";"Coroado";"Leste";375;321;85;26,48;99;30,84
59;517;2399;"E. M. FREI MARIO MONACELLI DE GRELLO";"Colônia Antônio Aleixo";"Leste";321;264;102;38,64;54;20,45
59;518;2119;"E. E. DEP. JOSUÉ CLAUDIO DE SOUZA - GM3";"Coroado";"Leste";388;322;88;27,33;128;39,75
59;519;2038;"E. M. SAO LUIZ";"Colônia Antônio Aleixo";"Leste";374;287;84;29,27;59;20,56
59;520;2267;"E. M. HEMETERIO CABRINHA";"Coroado";"Leste";355;286;102;35,66;73;25,52
59;521;2283;"E. M. NOSSA SENHORA DAS GRAÇAS";"Colônia Antônio Aleixo";"Leste";371;299;100;33,44;56;18,73
59;522;2070;"E. M. ARISTOTELES COMTE DE ALENCAR";"Armando Mendes";"Leste";366;283;76;26,86;104;36,75
59;523;2291;"E. E. MARIA MADALENA SANTANA DE LIMA";"Armando Mendes";"Leste";379;303;98;32,34;104;34,32
59;524;2313;"E. E. PROF. MARIA TEIXEIRA GOES";"Zumbi dos Palmares";"Leste";405;315;99;31,43;90;28,57
59;525;2127;"E. E. PROF. ANTONIO MAURITI MONTEIRO COELHO";"Coroado";"Leste";394;324;106;32,72;122;37,65
59;526;2178;"E. M. ETELVINA PEREIRA BRAGA";"Coroado";"Leste";364;289;101;34,95;94;32,53
59;527;2305;"E. M. PROF. FRANCISCA PERGENTINA DA SILVA";"Zumbi dos Palmares";"Leste";381;299;92;30,77;91;30,43
59;528;2119;"E. E. DEP. JOSUÉ CLAUDIO DE SOUZA - GM3";"Coroado";"Leste";389;307;96;31,27;105;34,20
59;529;2232;"E. E. CACILDA BRAULE PINTO";"Coroado";"Leste";388;319;87;27,27;114;35,74
59;530;2240;"E. E. PROF. ARISTOTELES COMTE DE ALENCAR";"Coroado";"Leste";369;299;90;30,10;113;37,79
59;531;2275;"E. E. PROF. MARIA ARMINDA GUIMARAES DE ANDRADE";"Coroado";"Leste";351;287;78;27,18;99;34,49
59;532;2216;"E. E. PADRE LUIS RUAS";"Zumbi dos Palmares";"Leste";393;325;92;28,31;107;32,92
59;533;2224;"E. E. PROF. REINALDO THOMPSON";"Coroado";"Leste";369;292;74;25,34;102;34,93
59;534;2291;"E. E. MARIA MADALENA SANTANA DE LIMA";"Armando Mendes";"Leste";390;297;87;29,29;100;33,67
59;535;2046;"E. E. MANUEL RODRIGUES DE SOUZA";"Armando Mendes";"Leste";389;306;93;30,39;109;35,62
59;536;2313;"E. E. PROF. MARIA TEIXEIRA GOES";"Zumbi dos Palmares";"Leste";403;310;94;30,32;104;33,55
59;537;2127;"E. E. PROF. ANTONIO MAURITI MONTEIRO COELHO";"Coroado";"Leste";396;297;93;31,31;120;40,40
59;538;2259;"E. E. PROF. MYRTHES MARQUES TRIGUEIRO";"Coroado";"Leste";383;325;111;34,15;108;33,23
59;539;2089;"E. E. ANTONIO NUNES JIMENEZ";"Zumbi dos Palmares";"Leste";383;312;103;33,01;80;25,64
59;540;2178;"E. M. ETELVINA PEREIRA BRAGA";"Coroado";"Leste";364;276;106;38,41;84;30,43
59;541;2135;"E. M. RUI BARBOSA LIMA";"Armando Mendes";"Leste";364;301;80;26,58;119;39,53
59;542;2054;"CMEI ABELINHA";"Coroado";"Leste";382;302;106;35,10;91;30,13
59;543;2186;"E. M. PROF. AGENOR FERREIRA LIMA";"Zumbi dos Palmares";"Leste";368;305;107;35,08;97;31,80
59;544;2305;"E. M. PROF. FRANCISCA PERGENTINA DA SILVA";"Zumbi dos Palmares";"Leste";385;297;73;24,58;103;34,68
59;545;2100;"E. E. GILBERTO MESTRINHO";"Colônia Antônio Aleixo";"Leste";394;301;95;31,56;72;23,92
59;546;2127;"E. E. PROF. ANTONIO MAURITI MONTEIRO COELHO";"Coroado";"Leste";396;308;82;26,62;94;30,52
59;547;2291;"E. E. MARIA MADALENA SANTANA DE LIMA";"Armando Mendes";"Leste";386;314;93;29,62;124;39,49
59;548;2038;"E. M. SAO LUIZ";"Colônia Antônio Aleixo";"Leste";376;283;70;24,73;78;27,56
59;549;2267;"E. M. HEMETERIO CABRINHA";"Coroado";"Leste";353;292;95;32,53;98;33,56
59;550;2330;"CMEI UMBERTO CALDERARO";"Zumbi dos Palmares";"Leste";340;268;76;28,36;103;38,43
59;551;2283;"E. M. NOSSA SENHORA DAS GRAÇAS";"Colônia Antônio Aleixo";"Leste";365;304;84;27,63;60;19,74
59;552;2178;"E. M. ETELVINA PEREIRA BRAGA";"Coroado";"Leste";364;293;88;30,03;118;40,27
59;553;2119;"E. E. DEP. JOSUÉ CLAUDIO DE SOUZA - GM3";"Coroado";"Leste";393;316;95;30,06;126;39,87
59;554;2232;"E. E. CACILDA BRAULE PINTO";"Coroado";"Leste";393;307;96;31,27;94;30,62
59;555;2313;"E. E. PROF. MARIA TEIXEIRA GOES";"Zumbi dos Palmares";"Leste";408;321;90;28,04;113;35,20
59;556;2216;"E. E. PADRE LUIS RUAS";"Zumbi dos Palmares";"Leste";395;313;102;32,59;90;28,75
59;557;2127;"E. E. PROF. ANTONIO MAURITI MONTEIRO COELHO";"Coroado";"Leste";395;305;102;33,44;110;36,07
59;558;2275;"E. E. PROF. MARIA ARMINDA GUIMARAES DE ANDRADE";"Coroado";"Leste";350;292;87;29,79;96;32,88
59;559;2291;"E. E. MARIA MADALENA SANTANA DE LIMA";"Armando Mendes";"Leste";382;309;80;25,89;115;37,22
59;560;2240;"E. E. PROF. ARISTOTELES COMTE DE ALENCAR";"Coroado";"Leste";371;302;101;33,44;102;33,77
59;561;2046;"E. E. MANUEL RODRIGUES DE SOUZA";"Armando Mendes";"Leste";393;306;94;30,72;100;32,68
59;562;2224;"E. E. PROF. REINALDO THOMPSON";"Coroado";"Leste";374;283;100;35,34;88;31,10
59;563;2305;"E. M. PROF. FRANCISCA PERGENTINA DA SILVA";"Zumbi dos Palmares";"Leste";385;308;101;32,79;89;28,90
59;564;2313;"E. E. PROF. MARIA TEIXEIRA GOES";"Zumbi dos Palmares";"Leste";399;313;122;38,98;90;28,75
59;565;2178;"E. M. ETELVINA PEREIRA BRAGA";"Coroado";"Leste";363;283;84;29,68;105;37,10
59;566;2291;"E. E. MARIA MADALENA SANTANA DE LIMA";"Armando Mendes";"Leste";391;309;95;30,74;102;33,01
59;567;2259;"E. E. PROF. MYRTHES MARQUES TRIGUEIRO";"Coroado";"Leste";381;298;94;31,54;97;32,55
59;568;2089;"E. E. ANTONIO NUNES JIMENEZ";"Zumbi dos Palmares";"Leste";397;318;105;33,02;111;34,91
59;569;2020;"E. E. MANUEL ANTONIO DE SOUZA";"Colônia Antônio Aleixo";"Leste";387;290;82;28,28;76;26,21
59;570;2194;"E. M. JOÃO DOS SANTOS PEREIRA BRAGA";"Zumbi dos Palmares";"Leste";359;300;89;29,67;81;27,00
59;571;2070;"E. M. ARISTOTELES COMTE DE ALENCAR";"Armando Mendes";"Leste";362;293;69;23,55;117;39,93
59;572;2127;"E. E. PROF. ANTONIO MAURITI MONTEIRO COELHO";"Coroado";"Leste";393;301;95;31,56;107;35,55
59;573;2135;"E. M. RUI BARBOSA LIMA";"Armando Mendes";"Leste";367;296;98;33,11;93;31,42
59;574;2062;"E. M. ENG. ANTONIO NELSON DE OLIVEIRA NETO";"Armando Mendes";"Leste";369;296;94;31,76;103;34,80
59;575;2232;"E. E. CACILDA BRAULE PINTO";"Coroado";"Leste";391;310;102;32,90;107;34,52
59;576;2119;"E. E. DEP. JOSUÉ CLAUDIO DE SOUZA - GM3";"Coroado";"Leste";392;319;102;31,97;107;33,54
59;577;2291;"E. E. MARIA MADALENA SANTANA DE LIMA";"Armando Mendes";"Leste";384;300;90;30,00;101;33,67
59;578;2178;"E. M. ETELVINA PEREIRA BRAGA";"Coroado";"Leste";361;287;75;26,13;103;35,89
59;579;2216;"E. E. PADRE LUIS RUAS";"Zumbi dos Palmares";"Leste";397;303;109;35,97;82;27,06
59;580;2097;"E. M. ARTE E CULTURA";"Coroado";"Leste";302;246;62;25,20;91;36,99
59;581;2313;"E. E. PROF. MARIA TEIXEIRA GOES";"Zumbi dos Palmares";"Leste";401;316;104;32,91;95;30,06
59;582;2186;"E. M. PROF. AGENOR FERREIRA LIMA";"Zumbi dos Palmares";"Leste";373;298;99;33,22;73;24,50
59;583;2305;"E. M. PROF. FRANCISCA PERGENTINA DA SILVA";"Zumbi dos Palmares";"Leste";382;289;102;35,29;89;30,80
59;584;2046;"E. E. MANUEL RODRIGUES DE SOUZA";"Armando Mendes";"Leste";395;299;80;26,76;105;35,12
59;585;2054;"CMEI ABELINHA";"Coroado";"Leste";376;291;111;38,14;97;33,33
59;586;2100;"E. E. GILBERTO MESTRINHO";"Colônia Antônio Aleixo";"Leste";395;310;108;34,84;58;18,71
59;587;2275;"E. E. PROF. MARIA ARMINDA GUIMARAES DE ANDRADE";"Coroado";"Leste";348;275;72;26,18;88;32,00
59;588;2127;"E. E. PROF. ANTONIO MAURITI MONTEIRO COELHO";"Coroado";"Leste";397;303;100;33,00;91;30,03
59;589;2240;"E. E. PROF. ARISTOTELES COMTE DE ALENCAR";"Coroado";"Leste";373;301;86;28,57;97;32,23
59;590;2038;"E. M. SAO LUIZ";"Colônia Antônio Aleixo";"Leste";376;295;82;27,80;75;25,42
59;591;2291;"E. E. MARIA MADALENA SANTANA DE LIMA";"Armando Mendes";"Leste";385;289;82;28,37;83;28,72
59;592;2330;"CMEI UMBERTO CALDERARO";"Zumbi dos Palmares";"Leste";340;267;70;26,22;88;32,96
59;593;2267;"E. M. HEMETERIO CABRINHA";"Coroado";"Leste";356;274;75;27,37;85;31,02
59;594;2224;"E. E. PROF. REINALDO THOMPSON";"Coroado";"Leste";375;294;85;28,91;108;36,73
59;595;2178;"E. M. ETELVINA PEREIRA BRAGA";"Coroado";"Leste";366;289;89;30,80;105;36,33
59;596;2313;"E. E. PROF. MARIA TEIXEIRA GOES";"Zumbi dos Palmares";"Leste";403;329;110;33,43;100;30,40
59;597;2232;"E. E. CACILDA BRAULE PINTO";"Coroado";"Leste";393;317;96;30,28;109;34,38
59;598;2399;"E. M. FREI MARIO MONACELLI DE GRELLO";"Colônia Antônio Aleixo";"Leste";320;254;91;35,83;43;16,93
59;599;2259;"E. E. PROF. MYRTHES MARQUES TRIGUEIRO";"Coroado";"Leste";387;320;88;27,50;120;37,50
59;600;2127;"E. E. PROF. ANTONIO MAURITI MONTEIRO COELHO";"Coroado";"Leste";397;300;70;23,33;119;39,67
59;601;2089;"E. E. ANTONIO NUNES JIMENEZ";"Zumbi dos Palmares";"Leste";393;308;97;31,49;102;33,12
59;602;2380;"CMEI MADRE ANA ROSA GATTORNO";"Armando Mendes";"Leste";348;274;80;29,20;83;30,29
59;603;2135;"E. M. RUI BARBOSA LIMA";"Armando Mendes";"Leste";370;302;72;23,84;115;38,08
59;604;2119;"E. E. DEP. JOSUÉ CLAUDIO DE SOUZA - GM3";"Coroado";"Leste";388;297;86;28,96;97;32,66
59;605;2216;"E. E. PADRE LUIS RUAS";"Zumbi dos Palmares";"Leste";397;313;113;36,10;96;30,67
59;606;2305;"E. M. PROF. FRANCISCA PERGENTINA DA SILVA";"Zumbi dos Palmares";"Leste";387;298;88;29,53;98;32,89
59;607;2313;"E. E. PROF. MARIA TEIXEIRA GOES";"Zumbi dos Palmares";"Leste";403;294;104;35,37;75;25,51
59;608;2046;"E. E. MANUEL RODRIGUES DE SOUZA";"Armando Mendes";"Leste";402;314;102;32,48;94;29,94
59;609;2275;"E. E. PROF. MARIA ARMINDA GUIMARAES DE ANDRADE";"Coroado";"Leste";351;281;86;30,60;92;32,74
59;610;2380;"CMEI MADRE ANA ROSA GATTORNO";"Armando Mendes";"Leste";340;280;82;29,29;87;31,07
59;611;2178;"E. M. ETELVINA PEREIRA BRAGA";"Coroado";"Leste";364;282;78;27,66;94;33,33
59;612;2283;"E. M. NOSSA SENHORA DAS GRAÇAS";"Colônia Antônio Aleixo";"Leste";365;297;90;30,30;49;16,50
59;613;2020;"E. E. MANUEL ANTONIO DE SOUZA";"Colônia Antônio Aleixo";"Leste";499;362;100;27,62;89;24,59
59;614;2240;"E. E. PROF. ARISTOTELES COMTE DE ALENCAR";"Coroado";"Leste";372;300;82;27,33;106;35,33
59;615;2127;"E. E. PROF. ANTONIO MAURITI MONTEIRO COELHO";"Coroado";"Leste";395;298;87;29,19;112;37,58
59;616;2186;"E. M. PROF. AGENOR FERREIRA LIMA";"Zumbi dos Palmares";"Leste";371;299;101;33,78;82;27,42
59;617;2100;"E. E. GILBERTO MESTRINHO";"Colônia Antônio Aleixo";"Leste";394;284;76;26,76;61;21,48
59;618;2305;"E. M. PROF. FRANCISCA PERGENTINA DA SILVA";"Zumbi dos Palmares";"Leste";383;297;95;31,99;99;33,33
59;619;2232;"E. E. CACILDA BRAULE PINTO";"Coroado";"Leste";393;300;93;31,00;109;36,33
59;620;2216;"E. E. PADRE LUIS RUAS";"Zumbi dos Palmares";"Leste";395;292;84;28,77;100;34,25
59;621;2313;"E. E. PROF. MARIA TEIXEIRA GOES";"Zumbi dos Palmares";"Leste";405;319;109;34,17;95;29,78
59;622;2224;"E. E. PROF. REINALDO THOMPSON";"Coroado";"Leste";377;293;92;31,40;82;27,99
59;623;2135;"E. M. RUI BARBOSA LIMA";"Armando Mendes";"Leste";363;294;91;30,95;99;33,67
59;624;2194;"E. M. JOÃO DOS SANTOS PEREIRA BRAGA";"Zumbi dos Palmares";"Leste";357;283;93;32,86;76;26,86
59;625;2070;"E. M. ARISTOTELES COMTE DE ALENCAR";"Armando Mendes";"Leste";360;282;70;24,82;97;34,40
59;626;2259;"E. E. PROF. MYRTHES MARQUES TRIGUEIRO";"Coroado";"Leste";383;297;75;25,25;113;38,05
59;627;2119;"E. E. DEP. JOSUÉ CLAUDIO DE SOUZA - GM3";"Coroado";"Leste";387;293;86;29,35;106;36,18
59;628;2062;"E. M. ENG. ANTONIO NELSON DE OLIVEIRA NETO";"Armando Mendes";"Leste";370;286;88;30,77;84;29,37
59;629;2038;"E. M. SAO LUIZ";"Colônia Antônio Aleixo";"Leste";379;296;80;27,03;77;26,01
59;630;2046;"E. E. MANUEL RODRIGUES DE SOUZA";"Armando Mendes";"Leste";393;296;76;25,68;105;35,47
59;631;2054;"CMEI ABELINHA";"Coroado";"Leste";377;306;95;31,05;100;32,68
59;632;2127;"E. E. PROF. ANTONIO MAURITI MONTEIRO COELHO";"Coroado";"Leste";395;298;79;26,51;111;37,25
59;633;2089;"E. E. ANTONIO NUNES JIMENEZ";"Zumbi dos Palmares";"Leste";399;302;78;25,83;103;34,11
59;634;2275;"E. E. PROF. MARIA ARMINDA GUIMARAES DE ANDRADE";"Coroado";"Leste";349;268;71;26,49;94;35,07
59;635;2330;"CMEI UMBERTO CALDERARO";"Zumbi dos Palmares";"Leste";339;256;75;29,30;98;38,28
59;636;2135;"E. M. RUI BARBOSA LIMA";"Armando Mendes";"Leste";366;288;90;31,25;91;31,60
59;637;2267;"E. M. HEMETERIO CABRINHA";"Coroado";"Leste";355;275;83;30,18;95;34,55
59;638;2313;"E. E. PROF. MARIA TEIXEIRA GOES";"Zumbi dos Palmares";"Leste";402;296;106;35,81;81;27,36
59;639;2305;"E. M. PROF. FRANCISCA PERGENTINA DA SILVA";"Zumbi dos Palmares";"Leste";384;303;90;29,70;102;33,66
59;640;2216;"E. E. PADRE LUIS RUAS";"Zumbi dos Palmares";"Leste";394;318;84;26,42;113;35,53
59;641;2046;"E. E. MANUEL RODRIGUES DE SOUZA";"Armando Mendes";"Leste";391;299;74;24,75;101;33,78
59;642;2119;"E. E. DEP. JOSUÉ CLAUDIO DE SOUZA - GM3";"Coroado";"Leste";390;312;90;28,85;103;33,01
59;643;2240;"E. E. PROF. ARISTOTELES COMTE DE ALENCAR";"Coroado";"Leste";371;288;75;26,04;114;39,58
59;644;2232;"E. E. CACILDA BRAULE PINTO";"Coroado";"Leste";385;287;98;34,15;96;33,45
59;645;2135;"E. M. RUI BARBOSA LIMA";"Armando Mendes";"Leste";366;287;80;27,87;94;32,75
59;646;2119;"E. E. DEP. JOSUÉ CLAUDIO DE SOUZA - GM3";"Coroado";"Leste";392;289;81;28,03;113;39,10
59;647;2259;"E. E. PROF. MYRTHES MARQUES TRIGUEIRO";"Coroado";"Leste";384;316;86;27,22;97;30,70
59;648;2224;"E. E. PROF. REINALDO THOMPSON";"Coroado";"Leste";379;306;89;29,08;112;36,60
59;649;2313;"E. E. PROF. MARIA TEIXEIRA GOES";"Zumbi dos Palmares";"Leste";406;301;103;34,22;79;26,25
59;650;2275;"E. E. PROF. MARIA ARMINDA GUIMARAES DE ANDRADE";"Coroado";"Leste";351;282;68;24,11;110;39,01
59;651;2100;"E. E. GILBERTO MESTRINHO";"Colônia Antônio Aleixo";"Leste";392;295;105;35,59;65;22,03
59;652;2046;"E. E. MANUEL RODRIGUES DE SOUZA";"Armando Mendes";"Leste";390;307;83;27,04;109;35,50
59;653;2186;"E. M. PROF. AGENOR FERREIRA LIMA";"Zumbi dos Palmares";"Leste";368;291;95;32,65;70;24,05
59;654;2305;"E. M. PROF. FRANCISCA PERGENTINA DA SILVA";"Zumbi dos Palmares";"Leste";394;294;103;35,03;94;31,97
59;655;2070;"E. M. ARISTOTELES COMTE DE ALENCAR";"Armando Mendes";"Leste";355;265;70;26,42;96;36,23
59;656;2062;"E. M. ENG. ANTONIO NELSON DE OLIVEIRA NETO";"Armando Mendes";"Leste";365;278;87;31,29;93;33,45
59;657;2020;"E. E. MANUEL ANTONIO DE SOUZA";"Colônia Antônio Aleixo";"Leste";386;290;85;29,31;73;25,17
59;658;2097;"E. M. ARTE E CULTURA";"Coroado";"Leste";286;233;62;26,61;80;34,33
59;659;2216;"E. E. PADRE LUIS RUAS";"Zumbi dos Palmares";"Leste";396;307;91;29,64;89;28,99
59;660;2089;"E. E. ANTONIO NUNES JIMENEZ";"Zumbi dos Palmares";"Leste";383;272;81;29,78;88;32,35
59;661;2429;"E. M. PROF. MARIA RODRIGUES TAPAJOS";"Coroado";"Leste";338;260;68;26,15;97;37,31
59;662;2240;"E. E. PROF. ARISTOTELES COMTE DE ALENCAR";"Coroado";"Leste";368;298;94;31,54;100;33,56
59;663;2283;"E. M. NOSSA SENHORA DAS GRAÇAS";"Colônia Antônio Aleixo";"Leste";354;267;60;22,47;66;24,72
59;664;2054;"CMEI ABELINHA";"Coroado";"Leste";375;292;93;31,85;98;33,56
59;665;2232;"E. E. CACILDA BRAULE PINTO";"Coroado";"Leste";428;330;107;32,42;108;32,73
59;666;2046;"E. E. MANUEL RODRIGUES DE SOUZA";"Armando Mendes";"Leste";395;305;87;28,52;94;30,82
59;667;2313;"E. E. PROF. MARIA TEIXEIRA GOES";"Zumbi dos Palmares";"Leste";405;304;102;33,55;98;32,24
59;668;2259;"E. E. PROF. MYRTHES MARQUES TRIGUEIRO";"Coroado";"Leste";377;305;84;27,54;110;36,07
59;669;2038;"E. M. SAO LUIZ";"Colônia Antônio Aleixo";"Leste";373;271;75;27,68;81;29,89
59;670;2224;"E. E. PROF. REINALDO THOMPSON";"Coroado";"Leste";370;275;73;26,55;96;34,91
59;671;2305;"E. M. PROF. FRANCISCA PERGENTINA DA SILVA";"Zumbi dos Palmares";"Leste";388;286;89;31,12;77;26,92
59;672;2275;"E. E. PROF. MARIA ARMINDA GUIMARAES DE ANDRADE";"Coroado";"Leste";346;284;74;26,06;90;31,69
59;673;2429;"E. M. PROF. MARIA RODRIGUES TAPAJOS";"Coroado";"Leste";326;235;64;27,23;76;32,34
59;674;2399;"E. M. FREI MARIO MONACELLI DE GRELLO";"Colônia Antônio Aleixo";"Leste";324;238;69;28,99;48;20,17
59;675;2216;"E. E. PADRE LUIS RUAS";"Zumbi dos Palmares";"Leste";397;299;92;30,77;85;28,43
59;676;2070;"E. M. ARISTOTELES COMTE DE ALENCAR";"Armando Mendes";"Leste";353;268;79;29,48;97;36,19
59;677;2062;"E. M. ENG. ANTONIO NELSON DE OLIVEIRA NETO";"Armando Mendes";"Leste";362;279;86;30,82;83;29,75
59;678;2330;"CMEI UMBERTO CALDERARO";"Zumbi dos Palmares";"Leste";344;269;79;29,37;104;38,66
59;679;2194;"E. M. JOÃO DOS SANTOS PEREIRA BRAGA";"Zumbi dos Palmares";"Leste";358;267;82;30,71;88;32,96
59;680;2429;"E. M. PROF. MARIA RODRIGUES TAPAJOS";"Coroado";"Leste";315;222;63;28,38;74;33,33
59;681;2240;"E. E. PROF. ARISTOTELES COMTE DE ALENCAR";"Coroado";"Leste";368;298;91;30,54;100;33,56
59;682;2100;"E. E. GILBERTO MESTRINHO";"Colônia Antônio Aleixo";"Leste";390;283;74;26,15;58;20,49
59;683;2305;"E. M. PROF. FRANCISCA PERGENTINA DA SILVA";"Zumbi dos Palmares";"Leste";381;283;81;28,62;86;30,39
59;684;2267;"E. M. HEMETERIO CABRINHA";"Coroado";"Leste";355;278;89;32,01;87;31,29
59;685;2070;"E. M. ARISTOTELES COMTE DE ALENCAR";"Armando Mendes";"Leste";358;261;73;27,97;92;35,25
59;686;2224;"E. E. PROF. REINALDO THOMPSON";"Coroado";"Leste";374;296;73;24,66;101;34,12
59;687;2054;"CMEI ABELINHA";"Coroado";"Leste";387;296;94;31,76;86;29,05
59;688;2429;"E. M. PROF. MARIA RODRIGUES TAPAJOS";"Coroado";"Leste";331;236;68;28,81;84;35,59
59;689;2186;"E. M. PROF. AGENOR FERREIRA LIMA";"Zumbi dos Palmares";"Leste";368;282;87;30,85;89;31,56
59;690;2216;"E. E. PADRE LUIS RUAS";"Zumbi dos Palmares";"Leste";391;290;80;27,59;88;30,34
59;691;2062;"E. M. ENG. ANTONIO NELSON DE OLIVEIRA NETO";"Armando Mendes";"Leste";364;299;86;28,76;94;31,44
59;692;2402;"E. M. ANITA GARIBALDI";"Zumbi dos Palmares";"Leste";358;266;73;27,44;80;30,08
59;693;2429;"E. M. PROF. MARIA RODRIGUES TAPAJOS";"Coroado";"Leste";323;248;71;28,63;90;36,29
59;694;2348;"E. E. RILTON LEAL FILHO";"Armando Mendes";"Leste";345;242;60;24,79;93;38,43
59;695;2330;"CMEI UMBERTO CALDERARO";"Zumbi dos Palmares";"Leste";336;233;70;30,04;69;29,61
59;696;2305;"E. M. PROF. FRANCISCA PERGENTINA DA SILVA";"Zumbi dos Palmares";"Leste";381;282;71;25,18;87;30,85
59;697;2070;"E. M. ARISTOTELES COMTE DE ALENCAR";"Armando Mendes";"Leste";350;256;71;27,73;91;35,55
59;698;2038;"E. M. SAO LUIZ";"Colônia Antônio Aleixo";"Leste";369;282;71;25,18;57;20,21
59;699;2240;"E. E. PROF. ARISTOTELES COMTE DE ALENCAR";"Coroado";"Leste";368;284;99;34,86;74;26,06
59;700;2020;"E. E. MANUEL ANTONIO DE SOUZA";"Colônia Antônio Aleixo";"Leste";386;268;61;22,76;66;24,63
59;701;2429;"E. M. PROF. MARIA RODRIGUES TAPAJOS";"Coroado";"Leste";312;216;55;25,46;74;34,26
59;702;2054;"CMEI ABELINHA";"Coroado";"Leste";374;278;75;26,98;108;38,85
59;703;2348;"E. E. RILTON LEAL FILHO";"Armando Mendes";"Leste";345;254;67;26,38;87;34,25
59;704;2097;"E. M. ARTE E CULTURA";"Coroado";"Leste";275;211;52;24,64;74;35,07
59;705;2054;"CMEI ABELINHA";"Coroado";"Leste";370;280;82;29,29;88;31,43
59;706;2062;"E. M. ENG. ANTONIO NELSON DE OLIVEIRA NETO";"Armando Mendes";"Leste";374;281;85;30,25;83;29,54
59;707;2283;"E. M. NOSSA SENHORA DAS GRAÇAS";"Colônia Antônio Aleixo";"Leste";349;259;45;17,37;58;22,39
59;708;2186;"E. M. PROF. AGENOR FERREIRA LIMA";"Zumbi dos Palmares";"Leste";349;270;67;24,81;91;33,70
59;709;2305;"E. M. PROF. FRANCISCA PERGENTINA DA SILVA";"Zumbi dos Palmares";"Leste";383;290;72;24,83;114;39,31
59;710;2100;"E. E. GILBERTO MESTRINHO";"Colônia Antônio Aleixo";"Leste";394;275;74;26,91;65;23,64
59;711;2267;"E. M. HEMETERIO CABRINHA";"Coroado";"Leste";354;269;83;30,86;85;31,60
59;712;2348;"E. E. RILTON LEAL FILHO";"Armando Mendes";"Leste";349;267;62;23,22;96;35,96
59;713;2402;"E. M. ANITA GARIBALDI";"Zumbi dos Palmares";"Leste";353;260;65;25,00;86;33,08
59;714;2070;"E. M. ARISTOTELES COMTE DE ALENCAR";"Armando Mendes";"Leste";357;260;71;27,31;84;32,31
59;716;2305;"E. M. PROF. FRANCISCA PERGENTINA DA SILVA";"Zumbi dos Palmares";"Leste";391;290;83;28,62;101;34,83
59;717;2275;"E. E. PROF. MARIA ARMINDA GUIMARAES DE ANDRADE";"Coroado";"Leste";340;243;74;30,45;78;32,10
59;718;2224;"E. E. PROF. REINALDO THOMPSON";"Coroado";"Leste";379;284;86;30,28;90;31,69
59;719;2054;"CMEI ABELINHA";"Coroado";"Leste";381;299;70;23,41;116;38,80
59;720;2119;"E. E. DEP. JOSUÉ CLAUDIO DE SOUZA - GM3";"Coroado";"Leste";392;289;85;29,41;101;34,95
59;721;2186;"E. M. PROF. AGENOR FERREIRA LIMA";"Zumbi dos Palmares";"Leste";365;284;86;30,28;86;30,28
59;722;2330;"CMEI UMBERTO CALDERARO";"Zumbi dos Palmares";"Leste";336;244;80;32,79;65;26,64
59;723;2194;"E. M. JOÃO DOS SANTOS PEREIRA BRAGA";"Zumbi dos Palmares";"Leste";362;263;66;25,10;85;32,32
59;724;2348;"E. E. RILTON LEAL FILHO";"Armando Mendes";"Leste";341;257;70;27,24;89;34,63
59;726;2062;"E. M. ENG. ANTONIO NELSON DE OLIVEIRA NETO";"Armando Mendes";"Leste";365;269;71;26,39;87;32,34
59;729;2119;"E. E. DEP. JOSUÉ CLAUDIO DE SOUZA - GM3";"Coroado";"Leste";480;358;123;34,36;97;27,09
59;730;2348;"E. E. RILTON LEAL FILHO";"Armando Mendes";"Leste";341;258;57;22,09;101;39,15
59;731;2402;"E. M. ANITA GARIBALDI";"Zumbi dos Palmares";"Leste";355;257;75;29,18;85;33,07
59;737;2259;"E. E. PROF. MYRTHES MARQUES TRIGUEIRO";"Coroado";"Leste";390;305;116;38,03;86;28,20
59;738;2100;"E. E. GILBERTO MESTRINHO";"Colônia Antônio Aleixo";"Leste";398;279;56;20,07;70;25,09
59;740;2038;"E. M. SAO LUIZ";"Colônia Antônio Aleixo";"Leste";371;275;66;24,00;62;22,55
59;741;2313;"E. E. PROF. MARIA TEIXEIRA GOES";"Zumbi dos Palmares";"Leste";408;294;90;30,61;79;26,87
59;742;2216;"E. E. PADRE LUIS RUAS";"Zumbi dos Palmares";"Leste";398;293;86;29,35;85;29,01
59;743;2127;"E. E. PROF. ANTONIO MAURITI MONTEIRO COELHO";"Coroado";"Leste";398;272;75;27,57;97;35,66
59;744;2186;"E. M. PROF. AGENOR FERREIRA LIMA";"Zumbi dos Palmares";"Leste";369;246;64;26,02;77;31,30
59;745;2380;"CMEI MADRE ANA ROSA GATTORNO";"Armando Mendes";"Leste";461;333;84;25,23;111;33,33
59;746;2020;"E. E. MANUEL ANTONIO DE SOUZA";"Colônia Antônio Aleixo";"Leste";390;284;72;25,35;80;28,17
59;747;2232;"E. E. CACILDA BRAULE PINTO";"Coroado";"Leste";391;299;101;33,78;75;25,08
59;748;2224;"E. E. PROF. REINALDO THOMPSON";"Coroado";"Leste";371;286;92;32,17;76;26,57
59;749;2046;"E. E. MANUEL RODRIGUES DE SOUZA";"Armando Mendes";"Leste";392;266;72;27,07;89;33,46
59;750;2054;"CMEI ABELINHA";"Coroado";"Leste";374;285;78;27,37;90;31,58
59;751;2399;"E. M. FREI MARIO MONACELLI DE GRELLO";"Colônia Antônio Aleixo";"Leste";320;252;78;30,95;48;19,05
59;752;2305;"E. M. PROF. FRANCISCA PERGENTINA DA SILVA";"Zumbi dos Palmares";"Leste";381;274;75;27,37;83;30,29
59;753;2178;"E. M. ETELVINA PEREIRA BRAGA";"Coroado";"Leste";375;297;79;26,60;103;34,68
59;754;2240;"E. E. PROF. ARISTOTELES COMTE DE ALENCAR";"Coroado";"Leste";369;285;96;33,68;79;27,72
59;755;2135;"E. M. RUI BARBOSA LIMA";"Armando Mendes";"Leste";367;269;75;27,88;95;35,32
59;756;2097;"E. M. ARTE E CULTURA";"Coroado";"Leste";283;226;66;29,20;72;31,86
59;757;2267;"E. M. HEMETERIO CABRINHA";"Coroado";"Leste";357;283;96;33,92;85;30,04
59;758;2119;"E. E. DEP. JOSUÉ CLAUDIO DE SOUZA - GM3";"Coroado";"Leste";394;286;82;28,67;97;33,92
59;759;2402;"E. M. ANITA GARIBALDI";"Zumbi dos Palmares";"Leste";355;256;77;30,08;76;29,69
59;760;2380;"CMEI MADRE ANA ROSA GATTORNO";"Armando Mendes";"Leste";350;257;75;29,18;77;29,96
59;761;2127;"E. E. PROF. ANTONIO MAURITI MONTEIRO COELHO";"Coroado";"Leste";396;282;75;26,60;101;35,82
59;762;2313;"E. E. PROF. MARIA TEIXEIRA GOES";"Zumbi dos Palmares";"Leste";403;298;85;28,52;80;26,85
59;763;2100;"E. E. GILBERTO MESTRINHO";"Colônia Antônio Aleixo";"Leste";394;269;87;32,34;58;21,56
59;764;2232;"E. E. CACILDA BRAULE PINTO";"Coroado";"Leste";392;291;109;37,46;82;28,18
59;765;2178;"E. M. ETELVINA PEREIRA BRAGA";"Coroado";"Leste";367;287;95;33,10;89;31,01
59;766;2216;"E. E. PADRE LUIS RUAS";"Zumbi dos Palmares";"Leste";396;283;81;28,62;73;25,80
59;767;2127;"E. E. PROF. ANTONIO MAURITI MONTEIRO COELHO";"Coroado";"Leste";397;294;98;33,33;80;27,21
59;768;2399;"E. M. FREI MARIO MONACELLI DE GRELLO";"Colônia Antônio Aleixo";"Leste";321;236;62;26,27;50;21,19
59;769;2313;"E. E. PROF. MARIA TEIXEIRA GOES";"Zumbi dos Palmares";"Leste";404;302;99;32,78;87;28,81
59;770;2402;"E. M. ANITA GARIBALDI";"Zumbi dos Palmares";"Leste";358;277;97;35,02;75;27,08
59;771;2119;"E. E. DEP. JOSUÉ CLAUDIO DE SOUZA - GM3";"Coroado";"Leste";397;283;87;30,74;88;31,10
59;772;2283;"E. M. NOSSA SENHORA DAS GRAÇAS";"Colônia Antônio Aleixo";"Leste";369;275;75;27,27;37;13,45
59;773;2046;"E. E. MANUEL RODRIGUES DE SOUZA";"Armando Mendes";"Leste";389;289;86;29,76;83;28,72
59;774;2348;"E. E. RILTON LEAL FILHO";"Armando Mendes";"Leste";353;266;88;33,08;75;28,20
59;775;2330;"CMEI UMBERTO CALDERARO";"Zumbi dos Palmares";"Leste";368;263;87;33,08;70;26,62
59;776;2020;"E. E. MANUEL ANTONIO DE SOUZA";"Colônia Antônio Aleixo";"Leste";389;269;97;36,06;48;17,84
59;777;2216;"E. E. PADRE LUIS RUAS";"Zumbi dos Palmares";"Leste";394;280;83;29,64;77;27,50
59;778;2232;"E. E. CACILDA BRAULE PINTO";"Coroado";"Leste";393;293;81;27,65;88;30,03
59;779;2119;"E. E. DEP. JOSUÉ CLAUDIO DE SOUZA - GM3";"Coroado";"Leste";393;281;82;29,18;106;37,72
59;780;2135;"E. M. RUI BARBOSA LIMA";"Armando Mendes";"Leste";364;277;88;31,77;81;29,24
59;781;2178;"E. M. ETELVINA PEREIRA BRAGA";"Coroado";"Leste";366;275;78;28,36;105;38,18
59;782;2038;"E. M. SAO LUIZ";"Colônia Antônio Aleixo";"Leste";372;279;69;24,73;49;17,56
59;783;2046;"E. E. MANUEL RODRIGUES DE SOUZA";"Armando Mendes";"Leste";396;288;84;29,17;78;27,08
59;786;2070;"E. M. ARISTOTELES COMTE DE ALENCAR";"Armando Mendes";"Leste";352;270;91;33,70;59;21,85
59;787;2410;"ESCOLA DO SESI - DRA EMINA BARBOSA MUSTAFA";"Coroado";"Leste";424;320;113;35,31;101;31,56
59;788;2429;"E. M. PROF. MARIA RODRIGUES TAPAJOS";"Coroado";"Leste";265;207;73;35,27;52;25,12
59;789;2194;"E. M. JOÃO DOS SANTOS PEREIRA BRAGA";"Zumbi dos Palmares";"Leste";356;278;80;28,78;63;22,66
59;790;2020;"E. E. MANUEL ANTONIO DE SOUZA";"Colônia Antônio Aleixo";"Leste";385;302;69;22,85;62;20,53
59;791;2216;"E. E. PADRE LUIS RUAS";"Zumbi dos Palmares";"Leste";393;301;100;33,22;67;22,26
59;792;2186;"E. M. PROF. AGENOR FERREIRA LIMA";"Zumbi dos Palmares";"Leste";374;296;115;38,85;65;21,96
59;794;2348;"E. E. RILTON LEAL FILHO";"Armando Mendes";"Leste";308;242;67;27,69;49;20,25
59;795;2089;"E. E. ANTONIO NUNES JIMENEZ";"Zumbi dos Palmares";"Leste";395;304;99;32,57;75;24,67
59;796;2283;"E. M. NOSSA SENHORA DAS GRAÇAS";"Colônia Antônio Aleixo";"Leste";250;202;51;25,25;33;16,34
59;797;2291;"E. E. MARIA MADALENA SANTANA DE LIMA";"Armando Mendes";"Leste";263;222;79;35,59;49;22,07
62;14;1945;"C. E. JOSÉ ROBERTO TADROS";"Planalto";"Centro-Oeste";438;327;119;36,39;98;29,97
62;106;1686;"E. E. THOMÉ DE MEDEIROS RAPOSO";"Redenção";"Centro-Oeste";367;266;85;31,95;96;36,09
62;221;2011;"E. M. SANTA ROSA II";"Tarumã Açu";"Oeste";318;240;57;23,75;83;34,58
62;234;1660;"E. E. PROF. WALDOCKE FRICK DE LIRA- COLÉGIO MILITAR";"Tarumã";"Oeste";448;315;87;27,62;113;35,87
62;268;1643;"E. E. OCTAVIO MOURÃO";"Santa Etelvina";"Norte";397;273;91;33,33;92;33,70
62;281;1597;"E. E. ARTHUR VIRGILIO FILHO";"Santa Etelvina";"Norte";390;250;66;26,40;100;40,00
62;307;1600;"E. E. ELIANA SOCORRO PACHECO BRAGA";"Lago Azul";"Norte";397;288;103;35,76;88;30,56
62;310;1759;"E. M. PROF. GELCY SENA ABRANTIS";"Redenção";"Centro-Oeste";290;229;74;32,31;69;30,13
62;314;1627;"E. E. MARIA DA LUZ CALDERARO";"Redenção";"Centro-Oeste";440;334;105;31,44;116;34,73
62;315;1570;"E. M. IRMA SERAFINA CINQUE";"Tarumã";"Oeste";314;260;78;30,00;104;40,00
62;316;1694;"E. M. ANTONIA MEDEIROS DA SILVA";"Tarumã";"Oeste";393;308;100;32,47;107;34,74
62;317;1619;"E. E. ITACYARA MARQUES PINHO";"Planalto";"Centro-Oeste";395;323;116;35,91;121;37,46
62;318;1660;"E. E. PROF. WALDOCKE FRICK DE LIRA- COLÉGIO MILITAR";"Tarumã";"Oeste";443;339;95;28,02;128;37,76
62;319;1651;"E. E. OLGA FALCONE";"Paz";"Centro-Oeste";392;330;122;36,97;101;30,61
62;320;1597;"E. E. ARTHUR VIRGILIO FILHO";"Santa Etelvina";"Norte";388;281;82;29,18;89;31,67
62;321;1686;"E. E. THOMÉ DE MEDEIROS RAPOSO";"Redenção";"Centro-Oeste";364;308;103;33,44;106;34,42
62;322;1945;"C. E. JOSÉ ROBERTO TADROS";"Planalto";"Centro-Oeste";431;332;136;40,96;105;31,63
62;323;1813;"E. M. JOAO GOULART";"Santa Etelvina";"Norte";365;286;94;32,87;105;36,71
62;324;1740;"E. M. PROF. ELIZABETH BELTRAO";"Santa Etelvina";"Norte";369;278;98;35,25;93;33,45
62;325;1708;"E. M. CARLOS SANTOS";"Zona Rural";"Rural";371;293;79;26,96;85;29,01
62;326;1716;"E. M. JOÃO ALFREDO";"Paz";"Centro-Oeste";396;315;102;32,38;111;35,24
62;327;1600;"E. E. ELIANA SOCORRO PACHECO BRAGA";"Lago Azul";"Norte";376;280;99;35,36;76;27,14
62;328;1775;"E. M. RODOLFO VALE";"Redenção";"Centro-Oeste";374;315;81;25,71;113;35,87
62;329;1589;"CMEI PROF. RAIMUNDO FIGUEIREDO";"Redenção";"Centro-Oeste";371;306;83;27,12;103;33,66
62;330;1732;"E. M. NESTOR JOSE DO NASCIMENTO";"Tarumã";"Oeste";356;272;89;32,72;87;31,99
62;331;2011;"E. M. SANTA ROSA II";"Tarumã Açu";"Oeste";312;229;67;29,26;81;35,37
62;332;1643;"E. E. OCTAVIO MOURÃO";"Santa Etelvina";"Norte";394;308;92;29,87;104;33,77
62;333;1791;"E. M. SIRIA MAMED AMED CHAGAS";"Santa Etelvina";"Norte";386;300;103;34,33;87;29,00
62;334;1830;"CMEI - ISMAIL AZIZ";"Tarumã Açu";"Oeste";394;301;91;30,23;98;32,56
62;335;1783;"E. M. SARA BARROSO CORDEIRO";"Santa Etelvina";"Norte";386;301;97;32,23;90;29,90
62;336;1848;"E. M. MARIA LEIDE AMORIM";"Zona Rural";"Rural";366;266;97;36,47;67;25,19
62;337;1759;"E. M. PROF. GELCY SENA ABRANTIS";"Redenção";"Centro-Oeste";310;257;76;29,57;88;34,24
62;338;1678;"E. E. TEREZA DE JESUS VASCONCELOS DIAS";"Redenção";"Centro-Oeste";345;267;88;32,96;96;35,96
62;339;1562;"E. M. NOSSA SENHORA DA PAZ";"Paz";"Centro-Oeste";402;319;107;33,54;113;35,42
62;340;1821;"E. E. ALFREDO FERNANDES";"Planalto";"Centro-Oeste";363;294;100;34,01;94;31,97
62;341;1945;"C. E. JOSÉ ROBERTO TADROS";"Planalto";"Centro-Oeste";414;343;109;31,78;129;37,61
62;342;1600;"E. E. ELIANA SOCORRO PACHECO BRAGA";"Lago Azul";"Norte";368;288;93;32,29;100;34,72
62;343;1660;"E. E. PROF. WALDOCKE FRICK DE LIRA- COLÉGIO MILITAR";"Tarumã";"Oeste";449;359;91;25,35;137;38,16
62;344;1627;"E. E. MARIA DA LUZ CALDERARO";"Redenção";"Centro-Oeste";446;357;88;24,65;133;37,25
62;345;1597;"E. E. ARTHUR VIRGILIO FILHO";"Santa Etelvina";"Norte";387;291;92;31,62;102;35,05
62;346;1619;"E. E. ITACYARA MARQUES PINHO";"Planalto";"Centro-Oeste";387;319;93;29,15;123;38,56
62;347;1848;"E. M. MARIA LEIDE AMORIM";"Zona Rural";"Rural";381;292;114;39,04;82;28,08
62;348;1830;"CMEI - ISMAIL AZIZ";"Tarumã Açu";"Oeste";394;303;137;45,21;86;28,38
62;349;1651;"E. E. OLGA FALCONE";"Paz";"Centro-Oeste";396;325;114;35,08;120;36,92
62;350;1945;"C. E. JOSÉ ROBERTO TADROS";"Planalto";"Centro-Oeste";409;327;100;30,58;110;33,64
62;351;1686;"E. E. THOMÉ DE MEDEIROS RAPOSO";"Redenção";"Centro-Oeste";362;298;100;33,56;104;34,90
62;352;1600;"E. E. ELIANA SOCORRO PACHECO BRAGA";"Lago Azul";"Norte";382;286;92;32,17;92;32,17
62;353;1660;"E. E. PROF. WALDOCKE FRICK DE LIRA- COLÉGIO MILITAR";"Tarumã";"Oeste";448;336;103;30,65;111;33,04
62;354;1716;"E. M. JOÃO ALFREDO";"Paz";"Centro-Oeste";416;320;91;28,44;114;35,63
62;355;2011;"E. M. SANTA ROSA II";"Tarumã Açu";"Oeste";322;250;75;30,00;77;30,80
62;356;1627;"E. E. MARIA DA LUZ CALDERARO";"Redenção";"Centro-Oeste";446;352;111;31,53;119;33,81
62;357;1643;"E. E. OCTAVIO MOURÃO";"Santa Etelvina";"Norte";387;288;106;36,81;85;29,51
62;358;1619;"E. E. ITACYARA MARQUES PINHO";"Planalto";"Centro-Oeste";392;320;88;27,50;119;37,19
62;359;1694;"E. M. ANTONIA MEDEIROS DA SILVA";"Tarumã";"Oeste";393;323;98;30,34;121;37,46
62;360;1597;"E. E. ARTHUR VIRGILIO FILHO";"Santa Etelvina";"Norte";389;298;96;32,21;111;37,25
62;361;1651;"E. E. OLGA FALCONE";"Paz";"Centro-Oeste";393;307;94;30,62;118;38,44
62;362;1945;"C. E. JOSÉ ROBERTO TADROS";"Planalto";"Centro-Oeste";412;343;107;31,20;113;32,94
62;363;1775;"E. M. RODOLFO VALE";"Redenção";"Centro-Oeste";385;327;105;32,11;105;32,11
62;364;1970;"E. E. SENADOR EVANDRO DAS NEVES CARREIRA";"Lago Azul";"Norte";393;295;89;30,17;111;37,63
62;365;1660;"E. E. PROF. WALDOCKE FRICK DE LIRA- COLÉGIO MILITAR";"Tarumã";"Oeste";443;344;113;32,85;123;35,76
62;366;1600;"E. E. ELIANA SOCORRO PACHECO BRAGA";"Lago Azul";"Norte";379;283;103;36,40;82;28,98
62;367;1627;"E. E. MARIA DA LUZ CALDERARO";"Redenção";"Centro-Oeste";445;333;96;28,83;128;38,44
62;368;1813;"E. M. JOAO GOULART";"Santa Etelvina";"Norte";364;282;97;34,40;94;33,33
62;369;1740;"E. M. PROF. ELIZABETH BELTRAO";"Santa Etelvina";"Norte";369;292;108;36,99;103;35,27
62;370;1660;"E. E. PROF. WALDOCKE FRICK DE LIRA- COLÉGIO MILITAR";"Tarumã";"Oeste";445;339;106;31,27;120;35,40
62;371;1597;"E. E. ARTHUR VIRGILIO FILHO";"Santa Etelvina";"Norte";396;290;93;32,07;98;33,79
62;372;1945;"C. E. JOSÉ ROBERTO TADROS";"Planalto";"Centro-Oeste";410;325;119;36,62;93;28,62
62;373;1678;"E. E. TEREZA DE JESUS VASCONCELOS DIAS";"Redenção";"Centro-Oeste";343;284;67;23,59;106;37,32
62;374;1686;"E. E. THOMÉ DE MEDEIROS RAPOSO";"Redenção";"Centro-Oeste";360;292;88;30,14;92;31,51
62;375;1619;"E. E. ITACYARA MARQUES PINHO";"Planalto";"Centro-Oeste";394;327;90;27,52;122;37,31
62;376;1791;"E. M. SIRIA MAMED AMED CHAGAS";"Santa Etelvina";"Norte";396;302;102;33,77;109;36,09
62;377;1716;"E. M. JOÃO ALFREDO";"Paz";"Centro-Oeste";398;333;111;33,33;111;33,33
62;378;1651;"E. E. OLGA FALCONE";"Paz";"Centro-Oeste";397;318;102;32,08;132;41,51
62;379;1643;"E. E. OCTAVIO MOURÃO";"Santa Etelvina";"Norte";396;305;101;33,11;104;34,10
62;380;2011;"E. M. SANTA ROSA II";"Tarumã Açu";"Oeste";322;266;87;32,71;92;34,59
62;381;1600;"E. E. ELIANA SOCORRO PACHECO BRAGA";"Lago Azul";"Norte";378;291;100;34,36;91;31,27
62;382;1627;"E. E. MARIA DA LUZ CALDERARO";"Redenção";"Centro-Oeste";446;351;106;30,20;130;37,04
62;383;1660;"E. E. PROF. WALDOCKE FRICK DE LIRA- COLÉGIO MILITAR";"Tarumã";"Oeste";445;347;117;33,72;132;38,04
62;384;1945;"C. E. JOSÉ ROBERTO TADROS";"Planalto";"Centro-Oeste";410;321;103;32,09;111;34,58
62;385;1597;"E. E. ARTHUR VIRGILIO FILHO";"Santa Etelvina";"Norte";390;304;115;37,83;93;30,59
62;386;1694;"E. M. ANTONIA MEDEIROS DA SILVA";"Tarumã";"Oeste";388;291;75;25,77;106;36,43
62;387;1775;"E. M. RODOLFO VALE";"Redenção";"Centro-Oeste";378;311;101;32,48;104;33,44
62;388;1651;"E. E. OLGA FALCONE";"Paz";"Centro-Oeste";397;317;88;27,76;123;38,80
62;389;1619;"E. E. ITACYARA MARQUES PINHO";"Planalto";"Centro-Oeste";387;305;90;29,51;119;39,02
62;390;1660;"E. E. PROF. WALDOCKE FRICK DE LIRA- COLÉGIO MILITAR";"Tarumã";"Oeste";440;342;105;30,70;126;36,84
62;391;1716;"E. M. JOÃO ALFREDO";"Paz";"Centro-Oeste";399;318;87;27,36;122;38,36
62;392;1945;"C. E. JOSÉ ROBERTO TADROS";"Planalto";"Centro-Oeste";431;347;103;29,68;129;37,18
62;393;1600;"E. E. ELIANA SOCORRO PACHECO BRAGA";"Lago Azul";"Norte";384;280;110;39,29;90;32,14
62;394;1686;"E. E. THOMÉ DE MEDEIROS RAPOSO";"Redenção";"Centro-Oeste";364;293;91;31,06;109;37,20
62;395;1627;"E. E. MARIA DA LUZ CALDERARO";"Redenção";"Centro-Oeste";447;346;100;28,90;123;35,55
62;396;1597;"E. E. ARTHUR VIRGILIO FILHO";"Santa Etelvina";"Norte";393;287;87;30,31;106;36,93
62;397;1783;"E. M. SARA BARROSO CORDEIRO";"Santa Etelvina";"Norte";391;280;94;33,57;88;31,43
62;398;1732;"E. M. NESTOR JOSE DO NASCIMENTO";"Tarumã";"Oeste";353;272;89;32,72;90;33,09
62;399;1945;"C. E. JOSÉ ROBERTO TADROS";"Planalto";"Centro-Oeste";409;323;101;31,27;109;33,75
62;400;1660;"E. E. PROF. WALDOCKE FRICK DE LIRA- COLÉGIO MILITAR";"Tarumã";"Oeste";442;341;84;24,63;141;41,35
62;401;1864;"E. E. GARCITYLZO DO LAGO E SILVA";"Tarumã";"Oeste";395;333;104;31,23;109;32,73
62;402;1619;"E. E. ITACYARA MARQUES PINHO";"Planalto";"Centro-Oeste";391;318;115;36,16;106;33,33
62;403;2011;"E. M. SANTA ROSA II";"Tarumã Açu";"Oeste";375;291;94;32,30;85;29,21
62;404;1643;"E. E. OCTAVIO MOURÃO";"Santa Etelvina";"Norte";393;303;104;34,32;101;33,33
62;405;1651;"E. E. OLGA FALCONE";"Paz";"Centro-Oeste";396;315;88;27,94;119;37,78
62;406;1830;"CMEI - ISMAIL AZIZ";"Tarumã Açu";"Oeste";397;295;122;41,36;75;25,42
62;407;1678;"E. E. TEREZA DE JESUS VASCONCELOS DIAS";"Redenção";"Centro-Oeste";349;282;82;29,08;95;33,69
62;408;1775;"E. M. RODOLFO VALE";"Redenção";"Centro-Oeste";381;304;99;32,57;89;29,28
62;409;1627;"E. E. MARIA DA LUZ CALDERARO";"Redenção";"Centro-Oeste";445;339;113;33,33;118;34,81
62;410;1945;"C. E. JOSÉ ROBERTO TADROS";"Planalto";"Centro-Oeste";409;340;108;31,76;117;34,41
62;411;1600;"E. E. ELIANA SOCORRO PACHECO BRAGA";"Lago Azul";"Norte";382;286;116;40,56;99;34,62
62;412;1694;"E. M. ANTONIA MEDEIROS DA SILVA";"Tarumã";"Oeste";394;292;89;30,48;113;38,70
62;413;1716;"E. M. JOÃO ALFREDO";"Paz";"Centro-Oeste";396;320;87;27,19;117;36,56
62;414;1740;"E. M. PROF. ELIZABETH BELTRAO";"Santa Etelvina";"Norte";371;287;106;36,93;92;32,06
62;415;1791;"E. M. SIRIA MAMED AMED CHAGAS";"Santa Etelvina";"Norte";390;282;103;36,52;108;38,30
62;416;1660;"E. E. PROF. WALDOCKE FRICK DE LIRA- COLÉGIO MILITAR";"Tarumã";"Oeste";448;346;120;34,68;114;32,95
62;417;1597;"E. E. ARTHUR VIRGILIO FILHO";"Santa Etelvina";"Norte";394;292;81;27,74;100;34,25
62;418;1813;"E. M. JOAO GOULART";"Santa Etelvina";"Norte";364;299;93;31,10;91;30,43
62;419;1945;"C. E. JOSÉ ROBERTO TADROS";"Planalto";"Centro-Oeste";411;320;94;29,38;117;36,56
62;420;1686;"E. E. THOMÉ DE MEDEIROS RAPOSO";"Redenção";"Centro-Oeste";370;293;87;29,69;115;39,25
62;421;1821;"E. E. ALFREDO FERNANDES";"Planalto";"Centro-Oeste";358;260;78;30,00;89;34,23
62;422;1619;"E. E. ITACYARA MARQUES PINHO";"Planalto";"Centro-Oeste";388;322;104;32,30;117;36,34
62;423;1627;"E. E. MARIA DA LUZ CALDERARO";"Redenção";"Centro-Oeste";447;353;89;25,21;120;33,99
62;424;1651;"E. E. OLGA FALCONE";"Paz";"Centro-Oeste";396;313;105;33,55;112;35,78
62;425;1660;"E. E. PROF. WALDOCKE FRICK DE LIRA- COLÉGIO MILITAR";"Tarumã";"Oeste";446;336;106;31,55;117;34,82
62;426;1775;"E. M. RODOLFO VALE";"Redenção";"Centro-Oeste";383;319;106;33,23;91;28,53
62;427;1848;"E. M. MARIA LEIDE AMORIM";"Zona Rural";"Rural";383;297;92;30,98;88;29,63
62;428;1570;"E. M. IRMA SERAFINA CINQUE";"Tarumã";"Oeste";314;237;79;33,33;64;27,00
62;429;1600;"E. E. ELIANA SOCORRO PACHECO BRAGA";"Lago Azul";"Norte";381;291;101;34,71;101;34,71
62;430;1945;"C. E. JOSÉ ROBERTO TADROS";"Planalto";"Centro-Oeste";414;337;98;29,08;127;37,69
62;431;1597;"E. E. ARTHUR VIRGILIO FILHO";"Santa Etelvina";"Norte";389;292;94;32,19;102;34,93
62;432;1716;"E. M. JOÃO ALFREDO";"Paz";"Centro-Oeste";417;330;107;32,42;105;31,82
62;433;1627;"E. E. MARIA DA LUZ CALDERARO";"Redenção";"Centro-Oeste";446;344;109;31,69;122;35,47
62;434;1660;"E. E. PROF. WALDOCKE FRICK DE LIRA- COLÉGIO MILITAR";"Tarumã";"Oeste";448;359;126;35,10;124;34,54
62;435;1643;"E. E. OCTAVIO MOURÃO";"Santa Etelvina";"Norte";390;276;93;33,70;93;33,70
62;436;1945;"C. E. JOSÉ ROBERTO TADROS";"Planalto";"Centro-Oeste";411;319;98;30,72;116;36,36
62;437;1619;"E. E. ITACYARA MARQUES PINHO";"Planalto";"Centro-Oeste";387;321;108;33,64;127;39,56
62;438;1600;"E. E. ELIANA SOCORRO PACHECO BRAGA";"Lago Azul";"Norte";379;292;90;30,82;95;32,53
62;439;1694;"E. M. ANTONIA MEDEIROS DA SILVA";"Tarumã";"Oeste";397;305;95;31,15;91;29,84
62;440;1651;"E. E. OLGA FALCONE";"Paz";"Centro-Oeste";399;311;88;28,30;108;34,73
62;441;1589;"CMEI PROF. RAIMUNDO FIGUEIREDO";"Redenção";"Centro-Oeste";370;275;85;30,91;97;35,27
62;442;1686;"E. E. THOMÉ DE MEDEIROS RAPOSO";"Redenção";"Centro-Oeste";380;311;115;36,98;110;35,37
62;443;1660;"E. E. PROF. WALDOCKE FRICK DE LIRA- COLÉGIO MILITAR";"Tarumã";"Oeste";449;350;117;33,43;121;34,57
62;444;1678;"E. E. TEREZA DE JESUS VASCONCELOS DIAS";"Redenção";"Centro-Oeste";345;273;77;28,21;108;39,56
62;445;2011;"E. M. SANTA ROSA II";"Tarumã Açu";"Oeste";320;255;84;32,94;85;33,33
62;446;1597;"E. E. ARTHUR VIRGILIO FILHO";"Santa Etelvina";"Norte";393;297;88;29,63;102;34,34
62;447;1945;"C. E. JOSÉ ROBERTO TADROS";"Planalto";"Centro-Oeste";405;330;89;26,97;143;43,33
62;448;1627;"E. E. MARIA DA LUZ CALDERARO";"Redenção";"Centro-Oeste";449;348;107;30,75;115;33,05
62;449;1775;"E. M. RODOLFO VALE";"Redenção";"Centro-Oeste";382;304;87;28,62;99;32,57
62;450;1791;"E. M. SIRIA MAMED AMED CHAGAS";"Santa Etelvina";"Norte";389;281;81;28,83;76;27,05
62;451;1660;"E. E. PROF. WALDOCKE FRICK DE LIRA- COLÉGIO MILITAR";"Tarumã";"Oeste";444;324;101;31,17;128;39,51
62;452;1600;"E. E. ELIANA SOCORRO PACHECO BRAGA";"Lago Azul";"Norte";396;293;105;35,84;83;28,33
62;453;1716;"E. M. JOÃO ALFREDO";"Paz";"Centro-Oeste";402;307;99;32,25;106;34,53
62;454;1864;"E. E. GARCITYLZO DO LAGO E SILVA";"Tarumã";"Oeste";393;313;102;32,59;109;34,82
62;455;1759;"E. M. PROF. GELCY SENA ABRANTIS";"Redenção";"Centro-Oeste";292;239;59;24,69;90;37,66
62;456;1945;"C. E. JOSÉ ROBERTO TADROS";"Planalto";"Centro-Oeste";414;315;106;33,65;115;36,51
62;457;1651;"E. E. OLGA FALCONE";"Paz";"Centro-Oeste";400;300;107;35,67;97;32,33
62;458;1660;"E. E. PROF. WALDOCKE FRICK DE LIRA- COLÉGIO MILITAR";"Tarumã";"Oeste";447;331;97;29,31;123;37,16
62;459;1597;"E. E. ARTHUR VIRGILIO FILHO";"Santa Etelvina";"Norte";399;306;86;28,10;118;38,56
62;460;1694;"E. M. ANTONIA MEDEIROS DA SILVA";"Tarumã";"Oeste";395;316;107;33,86;92;29,11
62;461;1740;"E. M. PROF. ELIZABETH BELTRAO";"Santa Etelvina";"Norte";371;281;86;30,60;110;39,15
62;462;1643;"E. E. OCTAVIO MOURÃO";"Santa Etelvina";"Norte";390;268;84;31,34;99;36,94
62;463;1813;"E. M. JOAO GOULART";"Santa Etelvina";"Norte";360;273;81;29,67;98;35,90
62;464;1686;"E. E. THOMÉ DE MEDEIROS RAPOSO";"Redenção";"Centro-Oeste";371;291;89;30,58;121;41,58
62;465;1970;"E. E. SENADOR EVANDRO DAS NEVES CARREIRA";"Lago Azul";"Norte";393;293;94;32,08;86;29,35
62;466;1821;"E. E. ALFREDO FERNANDES";"Planalto";"Centro-Oeste";354;292;88;30,14;108;36,99
62;467;1660;"E. E. PROF. WALDOCKE FRICK DE LIRA- COLÉGIO MILITAR";"Tarumã";"Oeste";446;340;102;30,00;132;38,82
62;468;1783;"E. M. SARA BARROSO CORDEIRO";"Santa Etelvina";"Norte";391;300;97;32,33;104;34,67
62;469;1708;"E. M. CARLOS SANTOS";"Zona Rural";"Rural";376;295;77;26,10;79;26,78
62;470;2011;"E. M. SANTA ROSA II";"Tarumã Açu";"Oeste";322;238;59;24,79;86;36,13
62;471;1775;"E. M. RODOLFO VALE";"Redenção";"Centro-Oeste";390;315;86;27,30;126;40,00
62;472;1830;"CMEI - ISMAIL AZIZ";"Tarumã Açu";"Oeste";395;297;116;39,06;103;34,68
62;473;1660;"E. E. PROF. WALDOCKE FRICK DE LIRA- COLÉGIO MILITAR";"Tarumã";"Oeste";440;342;95;27,78;122;35,67
62;474;1686;"E. E. THOMÉ DE MEDEIROS RAPOSO";"Redenção";"Centro-Oeste";365;269;86;31,97;85;31,60
62;475;1651;"E. E. OLGA FALCONE";"Paz";"Centro-Oeste";400;320;89;27,81;130;40,63
62;476;1848;"E. M. MARIA LEIDE AMORIM";"Zona Rural";"Rural";379;284;73;25,70;95;33,45
62;477;1643;"E. E. OCTAVIO MOURÃO";"Santa Etelvina";"Norte";390;296;89;30,07;113;38,18
62;478;1970;"E. E. SENADOR EVANDRO DAS NEVES CARREIRA";"Lago Azul";"Norte";398;317;96;30,28;102;32,18
62;479;1791;"E. M. SIRIA MAMED AMED CHAGAS";"Santa Etelvina";"Norte";393;294;83;28,23;111;37,76
62;480;1678;"E. E. TEREZA DE JESUS VASCONCELOS DIAS";"Redenção";"Centro-Oeste";351;274;80;29,20;87;31,75
62;481;1694;"E. M. ANTONIA MEDEIROS DA SILVA";"Tarumã";"Oeste";389;286;74;25,87;108;37,76
62;482;1864;"E. E. GARCITYLZO DO LAGO E SILVA";"Tarumã";"Oeste";394;296;106;35,81;97;32,77
62;483;1732;"E. M. NESTOR JOSE DO NASCIMENTO";"Tarumã";"Oeste";360;267;73;27,34;90;33,71
62;484;1651;"E. E. OLGA FALCONE";"Paz";"Centro-Oeste";396;300;106;35,33;108;36,00
62;485;1600;"E. E. ELIANA SOCORRO PACHECO BRAGA";"Lago Azul";"Norte";384;283;106;37,46;92;32,51
62;486;1813;"E. M. JOAO GOULART";"Santa Etelvina";"Norte";364;279;83;29,75;89;31,90
62;487;1686;"E. E. THOMÉ DE MEDEIROS RAPOSO";"Redenção";"Centro-Oeste";367;281;82;29,18;107;38,08
62;488;1775;"E. M. RODOLFO VALE";"Redenção";"Centro-Oeste";381;300;90;30,00;98;32,67
62;489;1821;"E. E. ALFREDO FERNANDES";"Planalto";"Centro-Oeste";362;281;83;29,54;128;45,55
62;490;1643;"E. E. OCTAVIO MOURÃO";"Santa Etelvina";"Norte";392;306;85;27,78;117;38,24
62;491;1970;"E. E. SENADOR EVANDRO DAS NEVES CARREIRA";"Lago Azul";"Norte";397;295;96;32,54;101;34,24
62;492;1740;"E. M. PROF. ELIZABETH BELTRAO";"Santa Etelvina";"Norte";382;257;60;23,35;107;41,63
62;493;1732;"E. M. NESTOR JOSE DO NASCIMENTO";"Tarumã";"Oeste";358;269;88;32,71;96;35,69
62;494;1686;"E. E. THOMÉ DE MEDEIROS RAPOSO";"Redenção";"Centro-Oeste";367;278;87;31,29;107;38,49
62;495;1562;"E. M. NOSSA SENHORA DA PAZ";"Paz";"Centro-Oeste";391;306;102;33,33;114;37,25
62;496;1864;"E. E. GARCITYLZO DO LAGO E SILVA";"Tarumã";"Oeste";390;285;79;27,72;95;33,33
62;497;1775;"E. M. RODOLFO VALE";"Redenção";"Centro-Oeste";392;293;79;26,96;105;35,84
62;498;1570;"E. M. IRMA SERAFINA CINQUE";"Tarumã";"Oeste";315;247;70;28,34;89;36,03
62;499;1732;"E. M. NESTOR JOSE DO NASCIMENTO";"Tarumã";"Oeste";359;288;93;32,29;97;33,68
62;500;1643;"E. E. OCTAVIO MOURÃO";"Santa Etelvina";"Norte";392;299;103;34,45;98;32,78
62;501;1791;"E. M. SIRIA MAMED AMED CHAGAS";"Santa Etelvina";"Norte";389;303;94;31,02;103;33,99
62;502;1821;"E. E. ALFREDO FERNANDES";"Planalto";"Centro-Oeste";354;285;79;27,72;102;35,79
62;503;1600;"E. E. ELIANA SOCORRO PACHECO BRAGA";"Lago Azul";"Norte";381;287;94;32,75;91;31,71
62;504;1694;"E. M. ANTONIA MEDEIROS DA SILVA";"Tarumã";"Oeste";395;290;90;31,03;109;37,59
62;505;1678;"E. E. TEREZA DE JESUS VASCONCELOS DIAS";"Redenção";"Centro-Oeste";344;276;85;30,80;92;33,33
62;506;1783;"E. M. SARA BARROSO CORDEIRO";"Santa Etelvina";"Norte";388;300;84;28,00;118;39,33
62;507;1732;"E. M. NESTOR JOSE DO NASCIMENTO";"Tarumã";"Oeste";348;253;88;34,78;72;28,46
62;508;1813;"E. M. JOAO GOULART";"Santa Etelvina";"Norte";367;271;85;31,37;85;31,37
62;509;1589;"CMEI PROF. RAIMUNDO FIGUEIREDO";"Redenção";"Centro-Oeste";383;289;99;34,26;92;31,83
62;510;2003;"E. M. ANA CRISTINA DE AQUINO";"Tarumã";"Oeste";368;285;96;33,68;90;31,58
62;511;1562;"E. M. NOSSA SENHORA DA PAZ";"Paz";"Centro-Oeste";397;321;96;29,91;119;37,07
62;512;1864;"E. E. GARCITYLZO DO LAGO E SILVA";"Tarumã";"Oeste";393;315;112;35,56;95;30,16
62;513;1740;"E. M. PROF. ELIZABETH BELTRAO";"Santa Etelvina";"Norte";371;290;82;28,28;101;34,83
62;514;1970;"E. E. SENADOR EVANDRO DAS NEVES CARREIRA";"Lago Azul";"Norte";398;302;118;39,07;80;26,49
62;515;1732;"E. M. NESTOR JOSE DO NASCIMENTO";"Tarumã";"Oeste";356;268;74;27,61;98;36,57
62;516;1759;"E. M. PROF. GELCY SENA ABRANTIS";"Redenção";"Centro-Oeste";293;222;68;30,63;63;28,38
62;517;1678;"E. E. TEREZA DE JESUS VASCONCELOS DIAS";"Redenção";"Centro-Oeste";345;277;80;28,88;92;33,21
62;518;1821;"E. E. ALFREDO FERNANDES";"Planalto";"Centro-Oeste";354;277;91;32,85;108;38,99
62;519;1848;"E. M. MARIA LEIDE AMORIM";"Zona Rural";"Rural";382;273;82;30,04;82;30,04
62;520;1562;"E. M. NOSSA SENHORA DA PAZ";"Paz";"Centro-Oeste";393;304;96;31,58;96;31,58
62;521;1813;"E. M. JOAO GOULART";"Santa Etelvina";"Norte";385;280;74;26,43;112;40,00
62;522;1570;"E. M. IRMA SERAFINA CINQUE";"Tarumã";"Oeste";315;225;60;26,67;86;38,22
62;523;1740;"E. M. PROF. ELIZABETH BELTRAO";"Santa Etelvina";"Norte";367;272;84;30,88;93;34,19
62;524;1864;"E. E. GARCITYLZO DO LAGO E SILVA";"Tarumã";"Oeste";387;284;89;31,34;99;34,86
62;525;1970;"E. E. SENADOR EVANDRO DAS NEVES CARREIRA";"Lago Azul";"Norte";399;309;103;33,33;92;29,77
62;526;1678;"E. E. TEREZA DE JESUS VASCONCELOS DIAS";"Redenção";"Centro-Oeste";348;268;69;25,75;80;29,85
62;527;1830;"CMEI - ISMAIL AZIZ";"Tarumã Açu";"Oeste";397;286;83;29,02;100;34,97
62;528;1783;"E. M. SARA BARROSO CORDEIRO";"Santa Etelvina";"Norte";382;271;59;21,77;96;35,42
62;529;2003;"E. M. ANA CRISTINA DE AQUINO";"Tarumã";"Oeste";366;278;70;25,18;101;36,33
62;530;1740;"E. M. PROF. ELIZABETH BELTRAO";"Santa Etelvina";"Norte";371;271;95;35,06;85;31,37
62;531;1694;"E. M. ANTONIA MEDEIROS DA SILVA";"Tarumã";"Oeste";391;304;89;29,28;99;32,57
62;532;1589;"CMEI PROF. RAIMUNDO FIGUEIREDO";"Redenção";"Centro-Oeste";370;277;77;27,80;103;37,18
62;533;1813;"E. M. JOAO GOULART";"Santa Etelvina";"Norte";363;280;91;32,50;86;30,71
62;534;1678;"E. E. TEREZA DE JESUS VASCONCELOS DIAS";"Redenção";"Centro-Oeste";347;266;79;29,70;80;30,08
62;535;1864;"E. E. GARCITYLZO DO LAGO E SILVA";"Tarumã";"Oeste";390;303;95;31,35;104;34,32
62;536;1759;"E. M. PROF. GELCY SENA ABRANTIS";"Redenção";"Centro-Oeste";314;245;68;27,76;92;37,55
62;537;1970;"E. E. SENADOR EVANDRO DAS NEVES CARREIRA";"Lago Azul";"Norte";399;283;92;32,51;92;32,51
62;538;2003;"E. M. ANA CRISTINA DE AQUINO";"Tarumã";"Oeste";367;276;74;26,81;106;38,41
62;539;1570;"E. M. IRMA SERAFINA CINQUE";"Tarumã";"Oeste";311;237;60;25,32;86;36,29
62;540;1562;"E. M. NOSSA SENHORA DA PAZ";"Paz";"Centro-Oeste";398;307;91;29,64;90;29,32
62;541;1732;"E. M. NESTOR JOSE DO NASCIMENTO";"Tarumã";"Oeste";359;259;78;30,12;89;34,36
62;542;1600;"E. E. ELIANA SOCORRO PACHECO BRAGA";"Lago Azul";"Norte";385;260;107;41,15;76;29,23
62;543;1791;"E. M. SIRIA MAMED AMED CHAGAS";"Santa Etelvina";"Norte";388;287;96;33,45;100;34,84
62;544;1597;"E. E. ARTHUR VIRGILIO FILHO";"Santa Etelvina";"Norte";397;294;105;35,71;98;33,33
62;545;1775;"E. M. RODOLFO VALE";"Redenção";"Centro-Oeste";381;294;79;26,87;119;40,48
62;546;1716;"E. M. JOÃO ALFREDO";"Paz";"Centro-Oeste";398;308;90;29,22;108;35,06
62;547;1945;"C. E. JOSÉ ROBERTO TADROS";"Planalto";"Centro-Oeste";409;322;97;30,12;123;38,20
62;548;1686;"E. E. THOMÉ DE MEDEIROS RAPOSO";"Redenção";"Centro-Oeste";366;285;89;31,23;99;34,74
62;549;1627;"E. E. MARIA DA LUZ CALDERARO";"Redenção";"Centro-Oeste";448;339;87;25,66;125;36,87
62;550;1880;"E. M. ESMERALDA SOARES NEVES";"Tarumã";"Oeste";383;258;80;31,01;77;29,84
62;551;1821;"E. E. ALFREDO FERNANDES";"Planalto";"Centro-Oeste";358;277;73;26,35;90;32,49
62;552;1619;"E. E. ITACYARA MARQUES PINHO";"Planalto";"Centro-Oeste";395;293;82;27,99;113;38,57
62;553;1660;"E. E. PROF. WALDOCKE FRICK DE LIRA- COLÉGIO MILITAR";"Tarumã";"Oeste";449;337;99;29,38;132;39,17
62;554;1651;"E. E. OLGA FALCONE";"Paz";"Centro-Oeste";399;304;80;26,32;122;40,13
62;555;1643;"E. M. JOAO GOULART";"Santa Etelvina";"Norte";394;276;80;28,99;92;33,33
62;556;1694;"E. M. ANTONIA MEDEIROS DA SILVA";"Tarumã";"Oeste";388;279;81;29,03;104;37,28
62;557;1678;"E. E. TEREZA DE JESUS VASCONCELOS DIAS";"Redenção";"Centro-Oeste";351;264;55;20,83;101;38,26
62;558;1600;"E. E. ELIANA SOCORRO PACHECO BRAGA";"Lago Azul";"Norte";384;275;90;32,73;85;30,91
62;559;1597;"E. E. ARTHUR VIRGILIO FILHO";"Santa Etelvina";"Norte";390;289;75;25,95;109;37,72
62;560;1660;"E. E. PROF. WALDOCKE FRICK DE LIRA- COLÉGIO MILITAR";"Tarumã";"Oeste";444;320;79;24,69;104;32,50
62;561;1740;"E. M. PROF. ELIZABETH BELTRAO";"Santa Etelvina";"Norte";373;286;87;30,42;92;32,17
62;562;1708;"E. M. CARLOS SANTOS";"Zona Rural";"Rural";384;273;60;21,98;85;31,14
62;563;1970;"E. E. SENADOR EVANDRO DAS NEVES CARREIRA";"Lago Azul";"Norte";397;287;89;31,01;101;35,19
62;564;1945;"C. E. JOSÉ ROBERTO TADROS";"Planalto";"Centro-Oeste";407;309;92;29,77;96;31,07
62;565;1627;"E. E. MARIA DA LUZ CALDERARO";"Redenção";"Centro-Oeste";448;328;74;22,56;119;36,28
62;566;2003;"E. M. ANA CRISTINA DE AQUINO";"Tarumã";"Oeste";383;294;79;26,87;100;34,01
62;567;1848;"E. M. MARIA LEIDE AMORIM";"Zona Rural";"Rural";381;283;94;33,22;91;32,16
62;568;1660;"E. E. PROF. WALDOCKE FRICK DE LIRA- COLÉGIO MILITAR";"Tarumã";"Oeste";446;329;82;24,92;113;34,35
62;569;1600;"E. E. ELIANA SOCORRO PACHECO BRAGA";"Lago Azul";"Norte";374;268;88;32,84;92;34,33
62;570;1813;"E. M. JOAO GOULART";"Santa Etelvina";"Norte";387;275;91;33,09;110;40,00
62;571;1570;"E. M. IRMA SERAFINA CINQUE";"Tarumã";"Oeste";311;238;85;35,71;72;30,25
62;572;1716;"E. M. JOÃO ALFREDO";"Paz";"Centro-Oeste";398;305;103;33,77;101;33,11
62;573;1651;"E. E. OLGA FALCONE";"Paz";"Centro-Oeste";395;310;102;32,90;113;36,45
62;574;1775;"E. M. RODOLFO VALE";"Redenção";"Centro-Oeste";391;297;78;26,26;97;32,66
62;575;1597;"E. E. ARTHUR VIRGILIO FILHO";"Santa Etelvina";"Norte";395;271;70;25,83;100;36,90
62;576;1660;"E. E. PROF. WALDOCKE FRICK DE LIRA- COLÉGIO MILITAR";"Tarumã";"Oeste";448;306;98;32,03;112;36,60
62;577;1600;"E. E. ELIANA SOCORRO PACHECO BRAGA";"Lago Azul";"Norte";383;260;90;34,62;73;28,08
62;578;1686;"E. E. THOMÉ DE MEDEIROS RAPOSO";"Redenção";"Centro-Oeste";382;300;97;32,33;114;38,00
62;579;1945;"C. E. JOSÉ ROBERTO TADROS";"Planalto";"Centro-Oeste";438;332;89;26,81;137;41,27
62;580;1643;"E. M. JOAO GOULART";"Santa Etelvina";"Norte";398;268;74;27,61;111;41,42
62;581;1864;"E. E. GARCITYLZO DO LAGO E SILVA";"Tarumã";"Oeste";388;292;101;34,59;87;29,79
62;582;1732;"E. M. NESTOR JOSE DO NASCIMENTO";"Tarumã";"Oeste";386;279;76;27,24;104;37,28
62;583;1821;"E. E. ALFREDO FERNANDES";"Planalto";"Centro-Oeste";372;282;83;29,43;108;38,30
62;584;1597;"E. E. ARTHUR VIRGILIO FILHO";"Santa Etelvina";"Norte";395;271;68;25,09;106;39,11
62;585;1791;"E. M. SIRIA MAMED AMED CHAGAS";"Santa Etelvina";"Norte";392;276;74;26,81;87;31,52
62;586;1783;"E. M. SARA BARROSO CORDEIRO";"Santa Etelvina";"Norte";385;275;92;33,45;90;32,73
62;587;1600;"E. E. ELIANA SOCORRO PACHECO BRAGA";"Lago Azul";"Norte";398;279;101;36,20;82;29,39
62;588;1570;"E. M. IRMA SERAFINA CINQUE";"Tarumã";"Oeste";311;235;69;29,36;88;37,45
62;589;2003;"E. M. ANA CRISTINA DE AQUINO";"Tarumã";"Oeste";365;253;81;32,02;84;33,20
62;590;1732;"E. M. NESTOR JOSE DO NASCIMENTO";"Tarumã";"Oeste";350;245;72;29,39;80;32,65
62;591;1597;"E. E. ARTHUR VIRGILIO FILHO";"Santa Etelvina";"Norte";397;278;83;29,86;98;35,25
62;592;1651;"E. E. OLGA FALCONE";"Paz";"Centro-Oeste";401;287;89;31,01;103;35,89
62;593;1945;"C. E. JOSÉ ROBERTO TADROS";"Planalto";"Centro-Oeste";440;334;102;30,54;130;38,92
62;594;1740;"E. M. PROF. ELIZABETH BELTRAO";"Santa Etelvina";"Norte";383;267;80;29,96;97;36,33
62;595;1830;"CMEI - ISMAIL AZIZ";"Tarumã Açu";"Oeste";410;280;107;38,21;73;26,07
62;596;1678;"E. E. TEREZA DE JESUS VASCONCELOS DIAS";"Redenção";"Centro-Oeste";374;271;69;25,46;87;32,10
62;597;1970;"E. E. SENADOR EVANDRO DAS NEVES CARREIRA";"Lago Azul";"Norte";397;275;87;31,64;94;34,18
62;598;1864;"E. E. GARCITYLZO DO LAGO E SILVA";"Tarumã";"Oeste";395;296;84;28,38;102;34,46
62;599;1589;"CMEI PROF. RAIMUNDO FIGUEIREDO";"Redenção";"Centro-Oeste";384;261;73;27,97;94;36,02
62;600;1813;"E. M. JOAO GOULART";"Santa Etelvina";"Norte";386;275;77;28,00;95;34,55
62;601;2003;"E. M. ANA CRISTINA DE AQUINO";"Tarumã";"Oeste";367;259;80;30,89;84;32,43
62;602;1791;"E. M. SIRIA MAMED AMED CHAGAS";"Santa Etelvina";"Norte";392;284;98;34,51;75;26,41
62;603;1880;"E. M. ESMERALDA SOARES NEVES";"Tarumã";"Oeste";381;262;75;28,63;81;30,92
62;604;1570;"E. M. IRMA SERAFINA CINQUE";"Tarumã";"Oeste";333;225;71;31,56;65;28,89
62;605;1970;"E. E. SENADOR EVANDRO DAS NEVES CARREIRA";"Lago Azul";"Norte";393;296;126;42,57;72;24,32
62;606;1899;"E. M. CARLOS ANTONIO CARDOSO";"Zona Rural";"Rural";344;267;90;33,71;47;17,60
62;607;1864;"E. E. GARCITYLZO DO LAGO E SILVA";"Tarumã";"Oeste";388;284;98;34,51;78;27,46
62;608;1740;"E. M. PROF. ELIZABETH BELTRAO";"Santa Etelvina";"Norte";369;249;96;38,55;80;32,13
62;609;1783;"E. M. SARA BARROSO CORDEIRO";"Santa Etelvina";"Norte";385;261;74;28,35;100;38,31
62;610;1970;"E. E. SENADOR EVANDRO DAS NEVES CARREIRA";"Lago Azul";"Norte";399;278;109;39,21;87;31,29
62;611;1821;"E. E. ALFREDO FERNANDES";"Planalto";"Centro-Oeste";357;265;78;29,43;88;33,21
62;612;1813;"E. M. JOAO GOULART";"Santa Etelvina";"Norte";365;263;86;32,70;91;34,60
62;613;2003;"E. M. ANA CRISTINA DE AQUINO";"Tarumã";"Oeste";366;279;89;31,90;94;33,69
62;614;1945;"C. E. JOSÉ ROBERTO TADROS";"Planalto";"Centro-Oeste";414;304;104;34,21;115;37,83
62;615;1961;"CMEI MARY ASSAYAG HANNAN";"Tarumã";"Oeste";327;238;86;36,13;69;28,99
62;616;2011;"E. M. SANTA ROSA II";"Tarumã Açu";"Oeste";324;231;74;32,03;62;26,84
62;617;1970;"E. E. SENADOR EVANDRO DAS NEVES CARREIRA";"Lago Azul";"Norte";398;268;75;27,99;107;39,93
62;618;1899;"E. M. CARLOS ANTONIO CARDOSO";"Zona Rural";"Rural";334;238;74;31,09;52;21,85
62;619;1864;"E. E. GARCITYLZO DO LAGO E SILVA";"Tarumã";"Oeste";397;289;97;33,56;84;29,07
62;620;1635;"E. E. MARIA RODRIGUES TAPAJÓS";"Redenção";"Centro-Oeste";395;302;94;31,13;98;32,45
62;621;1970;"E. E. SENADOR EVANDRO DAS NEVES CARREIRA";"Lago Azul";"Norte";400;280;95;33,93;79;28,21
62;622;1961;"CMEI MARY ASSAYAG HANNAN";"Tarumã";"Oeste";368;267;85;31,84;85;31,84
62;623;1635;"E. E. MARIA RODRIGUES TAPAJÓS";"Redenção";"Centro-Oeste";385;294;83;28,23;101;34,35
62;624;1970;"E. E. SENADOR EVANDRO DAS NEVES CARREIRA";"Lago Azul";"Norte";395;272;80;29,41;97;35,66
62;625;1635;"E. E. MARIA RODRIGUES TAPAJÓS";"Redenção";"Centro-Oeste";398;306;88;28,76;95;31,05
62;626;1961;"CMEI MARY ASSAYAG HANNAN";"Tarumã";"Oeste";330;230;70;30,43;68;29,57
62;627;1880;"E. M. ESMERALDA SOARES NEVES";"Tarumã";"Oeste";381;274;80;29,20;86;31,39
62;628;1970;"E. E. SENADOR EVANDRO DAS NEVES CARREIRA";"Lago Azul";"Norte";396;248;73;29,44;91;36,69
62;629;1635;"E. E. MARIA RODRIGUES TAPAJÓS";"Redenção";"Centro-Oeste";385;238;80;33,61;69;28,99
62;630;1635;"E. E. MARIA RODRIGUES TAPAJÓS";"Redenção";"Centro-Oeste";393;298;99;33,22;88;29,53
62;631;1643;"E. M. JOAO GOULART";"Santa Etelvina";"Norte";383;253;73;28,85;90;35,57
62;632;1562;"E. M. NOSSA SENHORA DA PAZ";"Paz";"Centro-Oeste";399;296;106;35,81;91;30,74
62;633;1970;"E. E. SENADOR EVANDRO DAS NEVES CARREIRA";"Lago Azul";"Norte";393;299;115;38,46;71;23,75
62;634;1830;"CMEI - ISMAIL AZIZ";"Tarumã Açu";"Oeste";397;277;100;36,10;77;27,80
62;635;1996;"E. M. JOÃO APARECIDO ALVES DOS SANTOS";"Tarumã";"Oeste";369;258;99;38,37;67;25,97
62;636;1864;"E. E. GARCITYLZO DO LAGO E SILVA";"Tarumã";"Oeste";390;307;120;39,09;75;24,43
62;638;1619;"E. E. ITACYARA MARQUES PINHO";"Planalto";"Centro-Oeste";451;356;110;30,90;117;32,87
62;639;1597;"E. E. ARTHUR VIRGILIO FILHO";"Santa Etelvina";"Norte";390;282;88;31,21;91;32,27
62;640;1783;"E. M. SARA BARROSO CORDEIRO";"Santa Etelvina";"Norte";391;289;87;30,10;99;34,26
62;641;1813;"E. M. JOAO GOULART";"Santa Etelvina";"Norte";363;273;86;31,50;97;35,53
62;642;2003;"E. M. ANA CRISTINA DE AQUINO";"Tarumã";"Oeste";364;293;93;31,74;90;30,72
62;643;1961;"CMEI MARY ASSAYAG HANNAN";"Tarumã";"Oeste";330;242;76;31,40;79;32,64
62;644;1635;"E. E. MARIA RODRIGUES TAPAJÓS";"Redenção";"Centro-Oeste";389;304;118;38,82;87;28,62
62;645;1880;"E. M. ESMERALDA SOARES NEVES";"Tarumã";"Oeste";378;274;93;33,94;85;31,02
62;646;1597;"E. E. ARTHUR VIRGILIO FILHO";"Santa Etelvina";"Norte";390;251;84;33,47;74;29,48
62;647;2011;"E. M. SANTA ROSA II";"Tarumã Açu";"Oeste";386;284;92;32,39;64;22,54
62;648;1635;"E. E. MARIA RODRIGUES TAPAJÓS";"Redenção";"Centro-Oeste";391;295;91;30,85;93;31,53
62;649;1970;"E. E. SENADOR EVANDRO DAS NEVES CARREIRA";"Lago Azul";"Norte";399;296;100;33,78;85;28,72
62;650;1970;"E. E. SENADOR EVANDRO DAS NEVES CARREIRA";"Lago Azul";"Norte";395;281;80;28,47;89;31,67
62;651;1864;"E. E. GARCITYLZO DO LAGO E SILVA";"Tarumã";"Oeste";390;295;93;31,53;82;27,80
62;652;1996;"E. M. JOÃO APARECIDO ALVES DOS SANTOS";"Tarumã";"Oeste";386;281;98;34,88;84;29,89
62;653;1562;"E. M. NOSSA SENHORA DA PAZ";"Paz";"Centro-Oeste";397;290;92;31,72;100;34,48
62;654;1635;"E. E. MARIA RODRIGUES TAPAJÓS";"Redenção";"Centro-Oeste";394;296;99;33,45;89;30,07
62;655;1783;"E. M. SARA BARROSO CORDEIRO";"Santa Etelvina";"Norte";381;275;90;32,73;84;30,55
62;656;1970;"E. E. SENADOR EVANDRO DAS NEVES CARREIRA";"Lago Azul";"Norte";395;262;89;33,97;74;28,24
62;1007;1813;"E. M. JOAO GOULART";"Santa Etelvina";"Norte";372;255;75;29,41;75;29,41
62;1008;2003;"E. M. ANA CRISTINA DE AQUINO";"Tarumã";"Oeste";368;259;65;25,10;70;27,03
62;1009;1988;"E. M. IVAN JR. SARAIVA DE BARROS";"Zona Rural";"Rural";289;235;57;24,26;59;25,11
62;1010;1864;"E. E. GARCITYLZO DO LAGO E SILVA";"Tarumã";"Oeste";392;292;95;32,53;85;29,11
62;1011;1848;"E. M. MARIA LEIDE AMORIM";"Zona Rural";"Rural";383;280;103;36,79;79;28,21
62;1012;1830;"CMEI - ISMAIL AZIZ";"Tarumã Açu";"Oeste";397;284;97;34,15;79;27,82
62;1013;1635;"E. E. MARIA RODRIGUES TAPAJÓS";"Redenção";"Centro-Oeste";395;292;97;33,22;74;25,34
62;1014;1961;"CMEI MARY ASSAYAG HANNAN";"Tarumã";"Oeste";328;227;78;34,36;67;29,52
62;1015;2100;"E. M. GILBERTO RODRIGUES DOS SANTOS";"Lago Azul";"Norte";437;261;83;31,80;84;32,18
62;1016;1627;"E. E. MARIA DA LUZ CALDERARO";"Redenção";"Centro-Oeste";449;318;98;30,82;109;34,28
62;1017;1880;"E. M. ESMERALDA SOARES NEVES";"Tarumã";"Oeste";385;301;107;35,55;77;25,58
62;1018;1970;"E. E. SENADOR EVANDRO DAS NEVES CARREIRA";"Lago Azul";"Norte";396;280;109;38,93;67;23,93
62;1019;1791;"E. M. SIRIA MAMED AMED CHAGAS";"Santa Etelvina";"Norte";390;272;94;34,56;82;30,15
62;1020;1643;"E. M. JOAO GOULART";"Santa Etelvina";"Norte";398;279;91;32,62;88;31,54
62;1021;2011;"E. M. SANTA ROSA II";"Tarumã Açu";"Oeste";414;310;85;27,42;84;27,10
62;1022;2100;"E. M. GILBERTO RODRIGUES DOS SANTOS";"Lago Azul";"Norte";440;309;109;35,28;99;32,04
62;1023;1996;"E. M. JOÃO APARECIDO ALVES DOS SANTOS";"Tarumã";"Oeste";365;273;80;29,30;73;26,74
62;1024;1783;"E. M. SARA BARROSO CORDEIRO";"Santa Etelvina";"Norte";388;295;91;30,85;97;32,88
62;1025;2003;"E. M. ANA CRISTINA DE AQUINO";"Tarumã";"Oeste";382;285;85;29,82;96;33,68
62;1026;2100;"E. M. GILBERTO RODRIGUES DOS SANTOS";"Lago Azul";"Norte";455;336;117;34,82;90;26,79
62;1027;1635;"E. E. MARIA RODRIGUES TAPAJÓS";"Redenção";"Centro-Oeste";394;323;95;29,41;83;25,70
62;1028;1864;"E. E. GARCITYLZO DO LAGO E SILVA";"Tarumã";"Oeste";397;303;90;29,70;82;27,06
62;1029;2100;"E. M. GILBERTO RODRIGUES DOS SANTOS";"Lago Azul";"Norte";437;290;101;34,83;75;25,86
62;1030;1635;"E. E. MARIA RODRIGUES TAPAJÓS";"Redenção";"Centro-Oeste";384;302;99;32,78;76;25,17
62;1031;2011;"E. M. SANTA ROSA II";"Tarumã Açu";"Oeste";322;241;62;25,73;81;33,61
62;1032;1813;"E. M. JOAO GOULART";"Santa Etelvina";"Norte";362;268;83;30,97;72;26,87
62;1033;2020;"E. M. JOAO GOULART";"Santa Etelvina";"Norte";245;180;59;32,78;49;27,22
62;1034;2100;"E. M. GILBERTO RODRIGUES DOS SANTOS";"Lago Azul";"Norte";440;312;108;34,62;84;26,92
62;1035;2119;"E. M. PROF.ª ZILDA IRACEMA MELGUEIRO NUNES";"Zona Rural";"Rural";95;66;29;43,94;8;12,12
62;1037;2127;"E. M. MARIA ISABEL CORDEIRO DE MELGUEIRO";"Zona Rural";"Rural";339;250;89;35,60;42;16,80
62;1038;2127;"E. M. MARIA ISABEL CORDEIRO DE MELGUEIRO";"Zona Rural";"Rural";342;253;75;29,64;56;22,13
62;1039;2127;"E. M. MARIA ISABEL CORDEIRO DE MELGUEIRO";"Zona Rural";"Rural";350;276;89;32,25;44;15,94
62;1041;2135;"E. M. NEUZA DOS SANTOS RIBEIRO";"Zona Rural";"Rural";418;288;153;53,13;68;23,61
62;1042;2135;"E. M. NEUZA DOS SANTOS RIBEIRO";"Zona Rural";"Rural";391;282;168;59,57;47;16,67
62;1043;2135;"E. M. NEUZA DOS SANTOS RIBEIRO";"Zona Rural";"Rural";395;306;165;53,92;61;19,93
62;1044;2100;"E. M. GILBERTO RODRIGUES DOS SANTOS";"Lago Azul";"Norte";444;347;114;32,85;88;25,36
62;1045;1864;"E. E. GARCITYLZO DO LAGO E SILVA";"Tarumã";"Oeste";394;314;109;34,71;91;28,98
62;1046;1783;"E. M. SARA BARROSO CORDEIRO";"Santa Etelvina";"Norte";232;199;61;30,65;73;36,68
62;1049;2100;"E. M. GILBERTO RODRIGUES DOS SANTOS";"Lago Azul";"Norte";173;139;51;36,69;37;26,62
63;208;1732;"E. M. ARMANDO MENDES";"São José Operário";"Leste";364;264;84;31,82;73;27,65
63;223;1759;"E. M. HONORINA VASCONCELOS";"São José Operário";"Leste";334;237;63;26,58;66;27,85
63;249;1783;"COLÉGIO DA POLICIA MILITAR ÁUREA PINHEIRO BRAGA";"Gilberto Mestrinho";"Leste";364;243;64;26,34;96;39,51
63;291;1821;"E. M. FRANCISCA MENDES";"São José Operário";"Leste";363;271;94;34,69;82;30,26
63;298;1848;"CMEI MOACIR ANDRADE";"São José Operário";"Leste";363;247;88;35,63;75;30,36
63;316;1864;"E. M. PROF. RICARDO PEREIRA PARENTE";"São José Operário";"Leste";298;228;84;36,84;45;19,74
63;332;1872;"E. M. MARIA DO CARMO REBELLO DE SOUZA";"São José Operário";"Leste";352;263;92;34,98;75;28,52
63;340;2062;"E. M. DR. OLAVO DAS NEVES";"Tancredo Neves";"Leste";383;268;61;22,76;94;35,07
63;343;1880;"E. M. GOV. DANILO MATTOS AREOSA";"Gilberto Mestrinho";"Leste";395;284;78;27,46;88;30,99
63;378;1945;"E. E. RODERICK DE CASTELO BRANCO";"São José Operário";"Leste";394;285;73;25,61;93;32,63
63;393;1953;"E. M. FRANCISCO GUEDES DE QUEIROZ";"Tancredo Neves";"Leste";370;262;85;32,44;82;31,30
63;399;1961;"E. M. MADRE TEREZA DE CALCUTÁ";"Tancredo Neves";"Leste";362;259;74;28,57;85;32,82
63;424;1996;"E. M. JORGE DE REZENDE SOBRINHO";"Tancredo Neves";"Leste";359;268;74;27,61;83;30,97
63;435;2003;"E. E. PROF. JORGE KARAM NETO";"Tancredo Neves";"Leste";375;281;84;29,89;96;34,16
63;452;2020;"E. M. PROF. JOÃO CHRYSÓSTOMO DE OLIVEIRA";"São José Operário";"Leste";348;255;68;26,67;62;24,31
63;457;2038;"E. E. ERNESTO PENAFORT";"São José Operário";"Leste";378;265;77;29,06;87;32,83
63;479;1929;"E. M. ALBÉRICO ANTUNES DE OLIVEIRA";"São José Operário";"Leste";369;253;89;35,18;86;33,99
63;485;1791;"E. M. ANTONINA BORGES DE SÁ";"São José Operário";"Leste";408;317;95;29,97;102;32,18
63;486;1856;"E. M. LEONOR UCHOA DE AMORIM";"São José Operário";"Leste";364;292;91;31,16;86;29,45
63;487;1767;"E. E. ISAAC SVERNER";"São José Operário";"Leste";377;295;95;32,20;97;32,88
63;488;1694;"E. M. PEQUENO PRINCIPE";"São José Operário";"Leste";360;280;83;29,64;96;34,29
63;489;1783;"COLÉGIO DA POLICIA MILITAR ÁUREA PINHEIRO BRAGA";"Gilberto Mestrinho";"Leste";376;283;85;30,04;91;32,16
63;490;1708;"E. M. MOISES DE FRANCA VIANA";"Tancredo Neves";"Leste";351;278;79;28,42;80;28,78
63;491;1759;"E. M. HONORINA VASCONCELOS";"São José Operário";"Leste";337;260;83;31,92;83;31,92
63;492;1732;"E. M. ARMANDO MENDES";"São José Operário";"Leste";368;317;130;41,01;105;33,12
63;493;2046;"E. E. DOM JACSON DAMASCENO RODRIGUES";"São José Operário";"Leste";383;320;97;30,31;101;31,56
63;494;2089;"E. M. JORGE AMADO";"Tancredo Neves";"Leste";368;266;79;29,70;72;27,07
63;495;1821;"E. M. FRANCISCA MENDES";"São José Operário";"Leste";364;312;122;39,10;81;25,96
63;496;2038;"E. E. ERNESTO PENAFORT";"São José Operário";"Leste";395;282;95;33,69;86;30,50
63;497;1813;"IFAM (COLÉGIO AGRÍCOLA)";"Gilberto Mestrinho";"Leste";407;308;103;33,44;114;37,01
63;498;1910;"E. E. PROF. BERNARDETE DO SOCORRO TRINDADE DA ROCHA";"São José Operário";"Leste";392;308;81;26,30;119;38,64
63;499;1864;"E. M. PROF. RICARDO PEREIRA PARENTE";"São José Operário";"Leste";305;257;89;34,63;74;28,79
63;500;1945;"E. E. RODERICK DE CASTELO BRANCO";"São José Operário";"Leste";402;328;93;28,35;127;38,72
63;501;1880;"E. M. GOV. DANILO MATTOS AREOSA";"Gilberto Mestrinho";"Leste";394;294;104;35,37;89;30,27
63;502;1805;"E. M. CAROLINA PEROLINA RAIMUNDA ALMEIDA";"São José Operário";"Leste";390;309;94;30,42;113;36,57
63;503;1988;"E. M. ARTHUR ENGRACIO DA SILVA";"Tancredo Neves";"Leste";383;310;96;30,97;95;30,65
63;504;1740;"E. M. PRESIDENTE TANCREDO NEVES";"Tancredo Neves";"Leste";365;304;109;35,86;99;32,57
63;505;1953;"E. M. FRANCISCO GUEDES DE QUEIROZ";"Tancredo Neves";"Leste";393;301;91;30,23;99;32,89
63;506;1929;"E. M. ALBÉRICO ANTUNES DE OLIVEIRA";"São José Operário";"Leste";359;286;85;29,72;97;33,92
63;507;1899;"E. M. ALFREDO LINHARES";"São José Operário";"Leste";396;317;105;33,12;95;29,97
63;508;1961;"E. M. MADRE TEREZA DE CALCUTÁ";"Tancredo Neves";"Leste";380;285;120;42,11;66;23,16
63;509;2003;"E. E. PROF. JORGE KARAM NETO";"Tancredo Neves";"Leste";402;323;98;30,34;102;31,58
63;511;1996;"E. M. JORGE DE REZENDE SOBRINHO";"Tancredo Neves";"Leste";358;275;103;37,45;84;30,55
63;512;1830;"E. M. GOV. PLINIO RAMOS COELHO";"Tancredo Neves";"Leste";377;297;92;30,98;95;31,99
63;513;2011;"CMEI PROF. DULCINÉIA TINOCO";"Gilberto Mestrinho";"Leste";380;308;114;37,01;87;28,25
63;514;1872;"E. M. MARIA DO CARMO REBELLO DE SOUZA";"São José Operário";"Leste";369;285;89;31,23;95;33,33
63;515;2127;"E. M. CATARINA PAZ DA COSTA";"São José Operário";"Leste";277;229;82;35,81;70;30,57
63;516;1848;"CMEI MOACIR ANDRADE";"São José Operário";"Leste";362;277;82;29,60;76;27,44
63;517;2062;"E. M. DR. OLAVO DAS NEVES";"Tancredo Neves";"Leste";404;301;83;27,57;81;26,91
63;518;1872;"E. M. MARIA DO CARMO REBELLO DE SOUZA";"São José Operário";"Leste";366;267;65;24,34;79;29,59
63;519;2020;"E. M. PROF. JOÃO CHRYSÓSTOMO DE OLIVEIRA";"São José Operário";"Leste";360;300;88;29,33;74;24,67
63;520;1716;"E. M. CEL JORGE TEIXEIRA DE OLIVEIRA";"Gilberto Mestrinho";"Leste";398;302;91;30,13;91;30,13
63;521;2151;"E. M. MANOEL FRANCISCO GARCIA MARQUES";"Gilberto Mestrinho";"Leste";328;270;88;32,59;92;34,07
63;522;1783;"COLÉGIO DA POLICIA MILITAR ÁUREA PINHEIRO BRAGA";"Gilberto Mestrinho";"Leste";357;279;101;36,20;96;34,41
63;523;1864;"E. M. PROF. RICARDO PEREIRA PARENTE";"São José Operário";"Leste";304;232;79;34,05;62;26,72
63;524;1961;"E. M. MADRE TEREZA DE CALCUTÁ";"Tancredo Neves";"Leste";366;284;92;32,39;86;30,28
63;525;1767;"E. E. ISAAC SVERNER";"São José Operário";"Leste";394;320;96;30,00;109;34,06
63;526;2038;"E. E. ERNESTO PENAFORT";"São José Operário";"Leste";399;304;78;25,66;113;37,17
63;527;1880;"E. M. GOV. DANILO MATTOS AREOSA";"Gilberto Mestrinho";"Leste";404;290;90;31,03;101;34,83
63;528;1791;"E. M. ANTONINA BORGES DE SÁ";"São José Operário";"Leste";393;319;96;30,09;110;34,48
63;529;1953;"E. M. FRANCISCO GUEDES DE QUEIROZ";"Tancredo Neves";"Leste";392;305;100;32,79;91;29,84
63;530;1856;"E. M. LEONOR UCHOA DE AMORIM";"São José Operário";"Leste";367;295;87;29,49;87;29,49
63;531;2046;"E. E. DOM JACSON DAMASCENO RODRIGUES";"São José Operário";"Leste";377;303;78;25,74;91;30,03
63;532;1732;"E. M. ARMANDO MENDES";"São José Operário";"Leste";357;300;102;34,00;79;26,33
63;533;1945;"E. E. RODERICK DE CASTELO BRANCO";"São José Operário";"Leste";403;308;78;25,32;114;37,01
63;534;1783;"COLÉGIO DA POLICIA MILITAR ÁUREA PINHEIRO BRAGA";"Gilberto Mestrinho";"Leste";365;268;87;32,46;94;35,07
63;535;2062;"E. M. DR. OLAVO DAS NEVES";"Tancredo Neves";"Leste";392;303;103;33,99;102;33,66
63;536;1805;"E. M. CAROLINA PEROLINA RAIMUNDA ALMEIDA";"São José Operário";"Leste";400;316;98;31,01;118;37,34
63;537;1910;"E. E. PROF. BERNARDETE DO SOCORRO TRINDADE DA ROCHA";"São José Operário";"Leste";383;305;92;30,16;104;34,10
63;538;1899;"E. M. ALFREDO LINHARES";"São José Operário";"Leste";391;306;109;35,62;89;29,08
63;539;2003;"E. E. PROF. JORGE KARAM NETO";"Tancredo Neves";"Leste";398;305;78;25,57;109;35,74
63;540;1988;"E. M. ARTHUR ENGRACIO DA SILVA";"Tancredo Neves";"Leste";387;306;95;31,05;101;33,01
63;541;1813;"IFAM (COLÉGIO AGRÍCOLA)";"Gilberto Mestrinho";"Leste";390;294;112;38,10;91;30,95
63;542;1767;"E. E. ISAAC SVERNER";"São José Operário";"Leste";396;314;98;31,21;115;36,62
63;543;1694;"E. M. PEQUENO PRINCIPE";"São José Operário";"Leste";366;285;83;29,12;100;35,09
63;544;2011;"CMEI PROF. DULCINÉIA TINOCO";"Gilberto Mestrinho";"Leste";375;294;100;34,01;75;25,51
63;545;1961;"E. M. MADRE TEREZA DE CALCUTÁ";"Tancredo Neves";"Leste";383;270;101;37,41;76;28,15
63;546;1996;"E. M. JORGE DE REZENDE SOBRINHO";"Tancredo Neves";"Leste";359;291;84;28,87;92;31,62
63;547;1872;"E. M. MARIA DO CARMO REBELLO DE SOUZA";"São José Operário";"Leste";371;293;98;33,45;76;25,94
63;548;2038;"E. E. ERNESTO PENAFORT";"São José Operário";"Leste";403;330;95;28,79;114;34,55
63;549;1791;"E. M. ANTONINA BORGES DE SÁ";"São José Operário";"Leste";399;302;99;32,78;95;31,46
63;550;1953;"E. M. FRANCISCO GUEDES DE QUEIROZ";"Tancredo Neves";"Leste";388;305;82;26,89;111;36,39
63;551;1783;"COLÉGIO DA POLICIA MILITAR ÁUREA PINHEIRO BRAGA";"Gilberto Mestrinho";"Leste";359;270;85;31,48;100;37,04
63;552;1880;"E. M. GOV. DANILO MATTOS AREOSA";"Gilberto Mestrinho";"Leste";405;297;103;34,68;97;32,66
63;553;1759;"E. M. HONORINA VASCONCELOS";"São José Operário";"Leste";347;296;77;26,01;108;36,49
63;554;1708;"E. M. MOISES DE FRANCA VIANA";"Tancredo Neves";"Leste";351;258;76;29,46;85;32,95
63;555;1856;"E. M. LEONOR UCHOA DE AMORIM";"São José Operário";"Leste";364;291;84;28,87;112;38,49
63;556;2046;"E. E. DOM JACSON DAMASCENO RODRIGUES";"São José Operário";"Leste";396;316;106;33,54;94;29,75
63;557;1732;"E. M. ARMANDO MENDES";"São José Operário";"Leste";366;301;95;31,56;93;30,90
63;558;1830;"E. M. GOV. PLINIO RAMOS COELHO";"Tancredo Neves";"Leste";381;292;86;29,45;95;32,53
63;559;1767;"E. E. ISAAC SVERNER";"São José Operário";"Leste";400;309;105;33,98;85;27,51
63;560;1945;"E. E. RODERICK DE CASTELO BRANCO";"São José Operário";"Leste";402;312;89;28,53;105;33,65
63;561;2062;"E. M. DR. OLAVO DAS NEVES";"Tancredo Neves";"Leste";391;283;67;23,67;112;39,58
63;562;1899;"E. M. ALFREDO LINHARES";"São José Operário";"Leste";395;311;115;36,98;86;27,65
63;563;1805;"E. M. CAROLINA PEROLINA RAIMUNDA ALMEIDA";"São José Operário";"Leste";381;289;86;29,76;99;34,26
63;564;1910;"E. E. PROF. BERNARDETE DO SOCORRO TRINDADE DA ROCHA";"São José Operário";"Leste";376;304;92;30,26;107;35,20
63;565;1821;"E. M. FRANCISCA MENDES";"São José Operário";"Leste";369;305;96;31,48;83;27,21
63;566;2003;"E. E. PROF. JORGE KARAM NETO";"Tancredo Neves";"Leste";400;319;91;28,53;117;36,68
63;567;2038;"E. E. ERNESTO PENAFORT";"São José Operário";"Leste";404;316;96;30,38;96;30,38
63;568;1961;"E. M. MADRE TEREZA DE CALCUTÁ";"Tancredo Neves";"Leste";364;283;78;27,56;91;32,16
63;569;1783;"COLÉGIO DA POLICIA MILITAR ÁUREA PINHEIRO BRAGA";"Gilberto Mestrinho";"Leste";367;281;110;39,15;76;27,05
63;570;1791;"E. M. ANTONINA BORGES DE SÁ";"São José Operário";"Leste";395;308;91;29,55;87;28,25
63;571;1953;"E. M. FRANCISCO GUEDES DE QUEIROZ";"Tancredo Neves";"Leste";393;305;96;31,48;102;33,44
63;572;1929;"E. M. ALBÉRICO ANTUNES DE OLIVEIRA";"São José Operário";"Leste";357;282;103;36,52;89;31,56
63;573;1813;"IFAM (COLÉGIO AGRÍCOLA)";"Gilberto Mestrinho";"Leste";402;319;129;40,44;98;30,72
63;574;1694;"E. M. PEQUENO PRINCIPE";"São José Operário";"Leste";363;282;83;29,43;91;32,27
63;575;1988;"E. M. ARTHUR ENGRACIO DA SILVA";"Tancredo Neves";"Leste";379;299;74;24,75;100;33,44
63;576;1856;"E. M. LEONOR UCHOA DE AMORIM";"São José Operário";"Leste";362;292;85;29,11;106;36,30
63;577;1880;"E. M. GOV. DANILO MATTOS AREOSA";"Gilberto Mestrinho";"Leste";406;317;93;29,34;102;32,18
63;578;2127;"E. M. CATARINA PAZ DA COSTA";"São José Operário";"Leste";430;348;110;31,61;125;35,92
63;579;2011;"CMEI PROF. DULCINÉIA TINOCO";"Gilberto Mestrinho";"Leste";370;289;107;37,02;97;33,56
63;580;1783;"COLÉGIO DA POLICIA MILITAR ÁUREA PINHEIRO BRAGA";"Gilberto Mestrinho";"Leste";363;280;91;32,50;99;35,36
63;581;1996;"E. M. JORGE DE REZENDE SOBRINHO";"Tancredo Neves";"Leste";359;289;81;28,03;102;35,29
63;582;1767;"E. E. ISAAC SVERNER";"São José Operário";"Leste";401;315;88;27,94;103;32,70
63;583;2038;"E. E. ERNESTO PENAFORT";"São José Operário";"Leste";400;321;83;25,86;103;32,09
63;584;1864;"E. M. PROF. RICARDO PEREIRA PARENTE";"São José Operário";"Leste";303;258;93;36,05;88;34,11
63;585;1961;"E. M. MADRE TEREZA DE CALCUTÁ";"Tancredo Neves";"Leste";373;293;96;32,76;89;30,38
63;586;1872;"E. M. MARIA DO CARMO REBELLO DE SOUZA";"São José Operário";"Leste";367;282;98;34,75;86;30,50
63;587;1791;"E. M. ANTONINA BORGES DE SÁ";"São José Operário";"Leste";402;316;93;29,43;101;31,96
63;588;1740;"E. M. PRESIDENTE TANCREDO NEVES";"Tancredo Neves";"Leste";364;299;80;26,76;96;32,11
63;589;1732;"E. M. ARMANDO MENDES";"São José Operário";"Leste";362;304;98;32,24;92;30,26
63;590;1945;"E. E. RODERICK DE CASTELO BRANCO";"São José Operário";"Leste";408;320;77;24,06;131;40,94
63;591;1953;"E. M. FRANCISCO GUEDES DE QUEIROZ";"Tancredo Neves";"Leste";390;294;90;30,61;93;31,63
63;592;2046;"E. E. DOM JACSON DAMASCENO RODRIGUES";"São José Operário";"Leste";393;303;85;28,05;106;34,98
63;593;1910;"E. E. PROF. BERNARDETE DO SOCORRO TRINDADE DA ROCHA";"São José Operário";"Leste";385;296;88;29,73;119;40,20
63;594;1805;"E. M. CAROLINA PEROLINA RAIMUNDA ALMEIDA";"São José Operário";"Leste";381;303;108;35,64;98;32,34
63;595;1759;"E. M. HONORINA VASCONCELOS";"São José Operário";"Leste";338;274;79;28,83;93;33,94
63;596;2003;"E. E. PROF. JORGE KARAM NETO";"Tancredo Neves";"Leste";388;316;71;22,47;115;36,39
63;597;2062;"E. M. DR. OLAVO DAS NEVES";"Tancredo Neves";"Leste";398;293;80;27,30;98;33,45
63;598;1899;"E. M. ALFREDO LINHARES";"São José Operário";"Leste";389;299;105;35,12;92;30,77
63;599;1783;"COLÉGIO DA POLICIA MILITAR ÁUREA PINHEIRO BRAGA";"Gilberto Mestrinho";"Leste";366;296;92;31,08;102;34,46
63;600;1708;"E. M. MOISES DE FRANCA VIANA";"Tancredo Neves";"Leste";356;269;73;27,14;86;31,97
63;601;1880;"E. M. GOV. DANILO MATTOS AREOSA";"Gilberto Mestrinho";"Leste";398;300;88;29,33;93;31,00
63;602;1856;"E. M. LEONOR UCHOA DE AMORIM";"São José Operário";"Leste";370;309;113;36,57;84;27,18
63;603;1767;"E. E. ISAAC SVERNER";"São José Operário";"Leste";391;310;97;31,29;113;36,45
63;604;1988;"E. M. ARTHUR ENGRACIO DA SILVA";"Tancredo Neves";"Leste";396;305;76;24,92;100;32,79
63;605;2038;"E. E. ERNESTO PENAFORT";"São José Operário";"Leste";399;317;76;23,97;102;32,18
63;606;1694;"E. M. PEQUENO PRINCIPE";"São José Operário";"Leste";358;290;89;30,69;93;32,07
63;607;1961;"E. M. MADRE TEREZA DE CALCUTÁ";"Tancredo Neves";"Leste";369;294;82;27,89;101;34,35
63;608;1813;"IFAM (COLÉGIO AGRÍCOLA)";"Gilberto Mestrinho";"Leste";395;289;83;28,72;102;35,29
63;609;1791;"E. M. ANTONINA BORGES DE SÁ";"São José Operário";"Leste";396;303;102;33,66;94;31,02
63;610;1783;"COLÉGIO DA POLICIA MILITAR ÁUREA PINHEIRO BRAGA";"Gilberto Mestrinho";"Leste";369;299;101;33,78;109;36,45
63;611;2011;"CMEI PROF. DULCINÉIA TINOCO";"Gilberto Mestrinho";"Leste";371;279;82;29,39;79;28,32
63;612;1953;"E. M. FRANCISCO GUEDES DE QUEIROZ";"Tancredo Neves";"Leste";381;302;76;25,17;99;32,78
63;613;1880;"E. M. GOV. DANILO MATTOS AREOSA";"Gilberto Mestrinho";"Leste";409;336;96;28,57;106;31,55
63;614;1856;"E. M. LEONOR UCHOA DE AMORIM";"São José Operário";"Leste";356;277;91;32,85;86;31,05
63;615;2038;"E. E. ERNESTO PENAFORT";"São José Operário";"Leste";401;299;81;27,09;110;36,79
63;616;2046;"E. E. DOM JACSON DAMASCENO RODRIGUES";"São José Operário";"Leste";390;299;90;30,10;101;33,78
63;617;1996;"E. M. JORGE DE REZENDE SOBRINHO";"Tancredo Neves";"Leste";364;289;77;26,64;113;39,10
63;618;1961;"E. M. MADRE TEREZA DE CALCUTÁ";"Tancredo Neves";"Leste";370;300;91;30,33;87;29,00
63;619;1910;"E. E. PROF. BERNARDETE DO SOCORRO TRINDADE DA ROCHA";"São José Operário";"Leste";377;296;81;27,36;107;36,15
63;620;1945;"E. E. RODERICK DE CASTELO BRANCO";"São José Operário";"Leste";403;302;94;31,13;100;33,11
63;621;1767;"E. E. ISAAC SVERNER";"São José Operário";"Leste";395;302;81;26,82;99;32,78
63;622;1732;"E. M. ARMANDO MENDES";"São José Operário";"Leste";362;297;102;34,34;91;30,64
63;623;1783;"COLÉGIO DA POLICIA MILITAR ÁUREA PINHEIRO BRAGA";"Gilberto Mestrinho";"Leste";361;273;83;30,40;101;37,00
63;624;1805;"E. M. CAROLINA PEROLINA RAIMUNDA ALMEIDA";"São José Operário";"Leste";382;292;86;29,45;98;33,56
63;625;2003;"E. E. PROF. JORGE KARAM NETO";"Tancredo Neves";"Leste";385;297;85;28,62;90;30,30
63;626;2062;"E. M. DR. OLAVO DAS NEVES";"Tancredo Neves";"Leste";392;301;79;26,25;104;34,55
63;627;1830;"E. M. GOV. PLINIO RAMOS COELHO";"Tancredo Neves";"Leste";374;283;74;26,15;102;36,04
63;628;1988;"E. M. ARTHUR ENGRACIO DA SILVA";"Tancredo Neves";"Leste";386;304;84;27,63;95;31,25
63;629;1791;"E. M. ANTONINA BORGES DE SÁ";"São José Operário";"Leste";404;317;105;33,12;97;30,60
63;630;1899;"E. M. ALFREDO LINHARES";"São José Operário";"Leste";385;296;99;33,45;102;34,46
63;631;1953;"E. M. FRANCISCO GUEDES DE QUEIROZ";"Tancredo Neves";"Leste";390;292;77;26,37;105;35,96
63;632;1759;"E. M. HONORINA VASCONCELOS";"São José Operário";"Leste";344;266;86;32,33;75;28,20
63;633;1872;"E. M. MARIA DO CARMO REBELLO DE SOUZA";"São José Operário";"Leste";368;282;75;26,60;91;32,27
63;634;1783;"COLÉGIO DA POLICIA MILITAR ÁUREA PINHEIRO BRAGA";"Gilberto Mestrinho";"Leste";359;277;96;34,66;85;30,69
63;635;1813;"IFAM (COLÉGIO AGRÍCOLA)";"Gilberto Mestrinho";"Leste";402;307;94;30,62;100;32,57
63;636;1961;"E. M. MADRE TEREZA DE CALCUTÁ";"Tancredo Neves";"Leste";382;298;84;28,19;103;34,56
63;637;1929;"E. M. ALBÉRICO ANTUNES DE OLIVEIRA";"São José Operário";"Leste";359;283;84;29,68;85;30,04
63;638;1708;"E. M. MOISES DE FRANCA VIANA";"Tancredo Neves";"Leste";345;275;72;26,18;90;32,73
63;639;1880;"E. M. GOV. DANILO MATTOS AREOSA";"Gilberto Mestrinho";"Leste";412;319;121;37,93;82;25,71
63;640;2038;"E. E. ERNESTO PENAFORT";"São José Operário";"Leste";397;300;76;25,33;114;38,00
63;641;2011;"CMEI PROF. DULCINÉIA TINOCO";"Gilberto Mestrinho";"Leste";379;288;84;29,17;88;30,56
63;642;1767;"E. E. ISAAC SVERNER";"São José Operário";"Leste";398;294;77;26,19;95;32,31
63;643;1694;"E. M. PEQUENO PRINCIPE";"São José Operário";"Leste";358;287;74;25,78;89;31,01
63;644;1821;"E. M. FRANCISCA MENDES";"São José Operário";"Leste";365;291;83;28,52;103;35,40
63;645;1856;"E. M. LEONOR UCHOA DE AMORIM";"São José Operário";"Leste";360;279;81;29,03;96;34,41
63;646;1783;"COLÉGIO DA POLICIA MILITAR ÁUREA PINHEIRO BRAGA";"Gilberto Mestrinho";"Leste";351;268;89;33,21;90;33,58
63;647;1791;"E. M. ANTONINA BORGES DE SÁ";"São José Operário";"Leste";390;303;96;31,68;95;31,35
63;648;1945;"E. E. RODERICK DE CASTELO BRANCO";"São José Operário";"Leste";394;307;82;26,71;119;38,76
63;649;1953;"E. M. FRANCISCO GUEDES DE QUEIROZ";"Tancredo Neves";"Leste";392;307;68;22,15;120;39,09
63;650;2003;"E. E. PROF. JORGE KARAM NETO";"Tancredo Neves";"Leste";398;312;76;24,36;113;36,22
63;651;2046;"E. E. DOM JACSON DAMASCENO RODRIGUES";"São José Operário";"Leste";391;298;86;28,86;113;37,92
63;652;1988;"E. M. ARTHUR ENGRACIO DA SILVA";"Tancredo Neves";"Leste";384;291;89;30,58;79;27,15
63;653;1910;"E. E. PROF. BERNARDETE DO SOCORRO TRINDADE DA ROCHA";"São José Operário";"Leste";381;299;76;25,42;106;35,45
63;654;2038;"E. E. ERNESTO PENAFORT";"São José Operário";"Leste";386;288;78;27,08;96;33,33
63;655;2062;"E. M. DR. OLAVO DAS NEVES";"Tancredo Neves";"Leste";382;277;85;30,69;90;32,49
63;656;1996;"E. M. JORGE DE REZENDE SOBRINHO";"Tancredo Neves";"Leste";360;273;76;27,84;89;32,60
63;657;1805;"E. M. CAROLINA PEROLINA RAIMUNDA ALMEIDA";"São José Operário";"Leste";376;291;94;32,30;87;29,90
63;658;1732;"E. M. ARMANDO MENDES";"São José Operário";"Leste";358;276;85;30,80;88;31,88
63;659;1783;"COLÉGIO DA POLICIA MILITAR ÁUREA PINHEIRO BRAGA";"Gilberto Mestrinho";"Leste";355;264;94;35,61;76;28,79
63;660;2020;"E. M. PROF. JOÃO CHRYSÓSTOMO DE OLIVEIRA";"São José Operário";"Leste";355;288;82;28,47;89;30,90
63;661;2011;"CMEI PROF. DULCINÉIA TINOCO";"Gilberto Mestrinho";"Leste";369;286;85;29,72;104;36,36
63;662;1899;"E. M. ALFREDO LINHARES";"São José Operário";"Leste";382;295;87;29,49;100;33,90
63;663;1767;"E. E. ISAAC SVERNER";"São José Operário";"Leste";391;298;82;27,52;102;34,23
63;664;1813;"IFAM (COLÉGIO AGRÍCOLA)";"Gilberto Mestrinho";"Leste";399;306;115;37,58;86;28,10
63;665;1988;"E. M. ARTHUR ENGRACIO DA SILVA";"Tancredo Neves";"Leste";387;293;77;26,28;93;31,74
63;666;2127;"E. M. CATARINA PAZ DA COSTA";"São José Operário";"Leste";419;322;108;33,54;98;30,43
63;667;1791;"E. M. ANTONINA BORGES DE SÁ";"São José Operário";"Leste";394;314;79;25,16;94;29,94
63;668;1856;"E. M. LEONOR UCHOA DE AMORIM";"São José Operário";"Leste";366;280;85;30,36;88;31,43
63;669;1759;"E. M. HONORINA VASCONCELOS";"São José Operário";"Leste";337;266;99;37,22;72;27,07
63;670;1830;"E. M. GOV. PLINIO RAMOS COELHO";"Tancredo Neves";"Leste";360;271;77;28,41;87;32,10
63;671;1708;"E. M. MOISES DE FRANCA VIANA";"Tancredo Neves";"Leste";354;275;78;28,36;94;34,18
63;672;2003;"E. E. PROF. JORGE KARAM NETO";"Tancredo Neves";"Leste";390;303;85;28,05;114;37,62
63;673;1872;"E. M. MARIA DO CARMO REBELLO DE SOUZA";"São José Operário";"Leste";365;273;92;33,70;80;29,30
63;674;2046;"E. E. DOM JACSON DAMASCENO RODRIGUES";"São José Operário";"Leste";388;318;103;32,39;106;33,33
63;675;2062;"E. M. DR. OLAVO DAS NEVES";"Tancredo Neves";"Leste";382;293;73;24,91;106;36,18
63;676;2151;"E. M. MANOEL FRANCISCO GARCIA MARQUES";"Gilberto Mestrinho";"Leste";331;241;80;33,20;70;29,05
63;677;1848;"CMEI MOACIR ANDRADE";"São José Operário";"Leste";358;280;86;30,71;91;32,50
63;678;1813;"IFAM (COLÉGIO AGRÍCOLA)";"Gilberto Mestrinho";"Leste";384;301;109;36,21;92;30,56
63;679;1910;"E. E. PROF. BERNARDETE DO SOCORRO TRINDADE DA ROCHA";"São José Operário";"Leste";369;283;71;25,09;118;41,70
63;680;1694;"E. M. PEQUENO PRINCIPE";"São José Operário";"Leste";345;270;74;27,41;101;37,41
63;681;1740;"E. M. PRESIDENTE TANCREDO NEVES";"Tancredo Neves";"Leste";361;282;87;30,85;95;33,69
63;682;1767;"E. E. ISAAC SVERNER";"São José Operário";"Leste";381;285;85;29,82;97;34,04
63;683;2089;"E. M. JORGE AMADO";"Tancredo Neves";"Leste";398;285;72;25,26;100;35,09
63;684;1805;"E. M. CAROLINA PEROLINA RAIMUNDA ALMEIDA";"São José Operário";"Leste";383;286;83;29,02;90;31,47
63;685;2011;"CMEI PROF. DULCINÉIA TINOCO";"Gilberto Mestrinho";"Leste";362;277;79;28,52;86;31,05
63;686;1864;"E. M. PROF. RICARDO PEREIRA PARENTE";"São José Operário";"Leste";303;249;87;34,94;80;32,13
63;687;1716;"E. M. PINTOR CANDIDO PORTINARI";"Gilberto Mestrinho";"Leste";400;294;80;27,21;100;34,01
63;688;2038;"E. E. ERNESTO PENAFORT";"São José Operário";"Leste";383;304;80;26,32;104;34,21
63;689;1732;"E. M. ARMANDO MENDES";"São José Operário";"Leste";362;281;104;37,01;90;32,03
63;690;2070;"E. M. DR. VICENTE MENDONÇA JÚNIOR";"Gilberto Mestrinho";"Leste";412;297;108;36,36;94;31,65
63;691;1813;"IFAM (COLÉGIO AGRÍCOLA)";"Gilberto Mestrinho";"Leste";388;295;95;32,20;116;39,32
63;692;1945;"E. E. RODERICK DE CASTELO BRANCO";"São José Operário";"Leste";390;303;79;26,07;120;39,60
63;693;1996;"E. M. JORGE DE REZENDE SOBRINHO";"Tancredo Neves";"Leste";362;286;75;26,22;109;38,11
63;694;1988;"E. M. ARTHUR ENGRACIO DA SILVA";"Tancredo Neves";"Leste";380;296;77;26,01;99;33,45
63;695;1791;"E. M. ANTONINA BORGES DE SÁ";"São José Operário";"Leste";393;309;104;33,66;95;30,74
63;696;2003;"E. E. PROF. JORGE KARAM NETO";"Tancredo Neves";"Leste";389;289;83;28,72;116;40,14
63;697;1767;"E. E. ISAAC SVERNER";"São José Operário";"Leste";383;297;74;24,92;119;40,07
63;698;1856;"E. M. LEONOR UCHOA DE AMORIM";"São José Operário";"Leste";358;287;100;34,84;86;29,97
63;699;2062;"E. M. DR. OLAVO DAS NEVES";"Tancredo Neves";"Leste";381;287;81;28,22;92;32,06
63;700;1708;"E. M. MOISES DE FRANCA VIANA";"Tancredo Neves";"Leste";352;268;74;27,61;85;31,72
63;701;1988;"E. M. ARTHUR ENGRACIO DA SILVA";"Tancredo Neves";"Leste";384;292;68;23,29;91;31,16
63;702;1910;"E. E. PROF. BERNARDETE DO SOCORRO TRINDADE DA ROCHA";"São José Operário";"Leste";384;291;86;29,55;102;35,05
63;703;2046;"E. E. DOM JACSON DAMASCENO RODRIGUES";"São José Operário";"Leste";390;295;77;26,10;107;36,27
63;704;1830;"E. M. GOV. PLINIO RAMOS COELHO";"Tancredo Neves";"Leste";376;270;74;27,41;89;32,96
63;705;1821;"E. M. FRANCISCA MENDES";"São José Operário";"Leste";365;270;85;31,48;94;34,81
63;706;1929;"E. M. ALBÉRICO ANTUNES DE OLIVEIRA";"São José Operário";"Leste";356;267;75;28,09;98;36,70
63;707;2038;"E. E. ERNESTO PENAFORT";"São José Operário";"Leste";383;295;81;27,46;88;29,83
63;708;1961;"E. M. MADRE TEREZA DE CALCUTÁ";"Tancredo Neves";"Leste";369;292;93;31,85;91;31,16
63;709;1953;"E. M. FRANCISCO GUEDES DE QUEIROZ";"Tancredo Neves";"Leste";376;281;72;25,62;87;30,96
63;710;2011;"CMEI PROF. DULCINÉIA TINOCO";"Gilberto Mestrinho";"Leste";362;271;92;33,95;71;26,20
63;711;2070;"E. M. DR. VICENTE MENDONÇA JÚNIOR";"Gilberto Mestrinho";"Leste";390;303;96;31,68;96;31,68
63;712;1899;"E. M. ALFREDO LINHARES";"São José Operário";"Leste";402;310;96;30,97;97;31,29
63;713;1945;"E. E. RODERICK DE CASTELO BRANCO";"São José Operário";"Leste";400;315;95;30,16;108;34,29
63;714;1791;"E. M. ANTONINA BORGES DE SÁ";"São José Operário";"Leste";394;320;85;26,56;108;33,75
63;715;1694;"E. M. PEQUENO PRINCIPE";"São José Operário";"Leste";364;277;75;27,08;94;33,94
63;716;1805;"E. M. CAROLINA PEROLINA RAIMUNDA ALMEIDA";"São José Operário";"Leste";376;273;72;26,37;93;34,07
63;717;1767;"E. E. ISAAC SVERNER";"São José Operário";"Leste";398;311;103;33,12;109;35,05
63;718;1759;"E. M. HONORINA VASCONCELOS";"São José Operário";"Leste";335;267;90;33,71;69;25,84
63;719;2003;"E. E. PROF. JORGE KARAM NETO";"Tancredo Neves";"Leste";378;296;97;32,77;95;32,09
63;720;1872;"E. M. MARIA DO CARMO REBELLO DE SOUZA";"São José Operário";"Leste";361;266;83;31,20;81;30,45
63;721;2151;"E. M. MANOEL FRANCISCO GARCIA MARQUES";"Gilberto Mestrinho";"Leste";329;246;62;25,20;73;29,67
63;722;1988;"E. M. ARTHUR ENGRACIO DA SILVA";"Tancredo Neves";"Leste";386;305;98;32,13;82;26,89
63;723;2062;"E. M. DR. OLAVO DAS NEVES";"Tancredo Neves";"Leste";375;278;85;30,58;88;31,65
63;724;1856;"E. M. LEONOR UCHOA DE AMORIM";"São José Operário";"Leste";357;271;71;26,20;91;33,58
63;725;2070;"E. M. DR. VICENTE MENDONÇA JÚNIOR";"Gilberto Mestrinho";"Leste";391;291;91;31,27;102;35,05
63;726;1732;"E. M. ARMANDO MENDES";"São José Operário";"Leste";364;279;84;30,11;93;33,33
63;727;2038;"E. E. ERNESTO PENAFORT";"São José Operário";"Leste";393;283;80;28,27;76;26,86
63;728;1708;"E. M. MOISES DE FRANCA VIANA";"Tancredo Neves";"Leste";340;255;61;23,92;87;34,12
63;729;1767;"E. E. ISAAC SVERNER";"São José Operário";"Leste";386;283;79;27,92;98;34,63
63;730;1716;"E. M. CEL JORGE TEIXEIRA DE OLIVEIRA";"Gilberto Mestrinho";"Leste";384;287;87;30,31;86;29,97
63;731;1791;"E. M. ANTONINA BORGES DE SÁ";"São José Operário";"Leste";386;285;86;30,18;92;32,28
63;732;1830;"E. M. GOV. PLINIO RAMOS COELHO";"Tancredo Neves";"Leste";361;259;70;27,03;89;34,36
63;733;2070;"E. M. DR. VICENTE MENDONÇA JÚNIOR";"Gilberto Mestrinho";"Leste";394;293;97;33,11;90;30,72
63;734;1996;"E. M. JORGE DE REZENDE SOBRINHO";"Tancredo Neves";"Leste";351;267;68;25,47;76;28,46
63;735;1783;"COLÉGIO DA POLICIA MILITAR ÁUREA PINHEIRO BRAGA";"Gilberto Mestrinho";"Leste";361;257;80;31,13;81;31,52
63;736;1805;"E. M. CAROLINA PEROLINA RAIMUNDA ALMEIDA";"São José Operário";"Leste";380;286;80;27,97;98;34,27
63;737;1694;"E. M. PEQUENO PRINCIPE";"São José Operário";"Leste";351;257;70;27,24;103;40,08
63;738;1945;"E. E. RODERICK DE CASTELO BRANCO";"São José Operário";"Leste";411;289;78;26,99;88;30,45
63;739;1767;"E. E. ISAAC SVERNER";"São José Operário";"Leste";371;285;76;26,67;104;36,49
63;740;1708;"E. M. MOISES DE FRANCA VIANA";"Tancredo Neves";"Leste";340;255;58;22,75;78;30,59
63;741;2151;"E. M. MANOEL FRANCISCO GARCIA MARQUES";"Gilberto Mestrinho";"Leste";338;244;75;30,74;74;30,33
63;742;1783;"COLÉGIO DA POLICIA MILITAR ÁUREA PINHEIRO BRAGA";"Gilberto Mestrinho";"Leste";361;270;91;33,70;80;29,63
63;743;1856;"E. M. LEONOR UCHOA DE AMORIM";"São José Operário";"Leste";347;251;69;27,49;66;26,29
63;744;1872;"E. M. MARIA DO CARMO REBELLO DE SOUZA";"São José Operário";"Leste";356;268;73;27,24;83;30,97
63;745;2089;"E. M. JORGE AMADO";"Tancredo Neves";"Leste";404;293;85;29,01;93;31,74
63;746;1759;"E. M. HONORINA VASCONCELOS";"São José Operário";"Leste";340;257;74;28,79;63;24,51
63;747;1783;"COLÉGIO DA POLICIA MILITAR ÁUREA PINHEIRO BRAGA";"Gilberto Mestrinho";"Leste";356;259;80;30,89;77;29,73
63;748;1732;"E. M. ARMANDO MENDES";"São José Operário";"Leste";362;278;81;29,14;103;37,05
63;749;2100;"E. M. PROF. DAVISON DE ARAUJO PEREIRA";"Tancredo Neves";"Leste";375;283;86;30,39;102;36,04
63;750;1767;"E. E. ISAAC SVERNER";"São José Operário";"Leste";375;270;67;24,81;90;33,33
63;751;2119;"E. M. ROBERTO RUIZ HERNANDEZ";"São José Operário";"Leste";349;260;85;32,69;78;30,00
63;752;1945;"E. E. RODERICK DE CASTELO BRANCO";"São José Operário";"Leste";405;294;72;24,49;96;32,65
63;753;1708;"E. M. MOISES DE FRANCA VIANA";"Tancredo Neves";"Leste";341;257;59;22,96;85;33,07
63;754;2097;"E. M. LUCILENE DE SENA GUIMARÃES";"Tancredo Neves";"Leste";351;250;61;24,40;93;37,20
63;755;1996;"E. M. JORGE DE REZENDE SOBRINHO";"Tancredo Neves";"Leste";363;287;69;24,04;92;32,06
63;756;1830;"E. M. GOV. PLINIO RAMOS COELHO";"Tancredo Neves";"Leste";369;281;85;30,25;94;33,45
63;757;1864;"E. M. PROF. RICARDO PEREIRA PARENTE";"São José Operário";"Leste";304;238;66;27,73;77;32,35
63;758;1740;"E. M. PRESIDENTE TANCREDO NEVES";"Tancredo Neves";"Leste";356;267;71;26,59;91;34,08
63;759;1716;"E. M. CEL JORGE TEIXEIRA DE OLIVEIRA";"Gilberto Mestrinho";"Leste";387;276;90;32,61;82;29,71
63;760;2070;"E. M. DR. VICENTE MENDONÇA JÚNIOR";"Gilberto Mestrinho";"Leste";385;273;76;27,84;94;34,43
63;761;1821;"E. M. FRANCISCA MENDES";"São José Operário";"Leste";362;281;95;33,81;75;26,69
63;762;2089;"E. M. JORGE AMADO";"Tancredo Neves";"Leste";367;280;84;30,00;97;34,64
63;763;1767;"E. E. ISAAC SVERNER";"São José Operário";"Leste";390;286;66;23,08;109;38,11
63;764;1805;"E. M. CAROLINA PEROLINA RAIMUNDA ALMEIDA";"São José Operário";"Leste";364;260;54;20,77;92;35,38
63;765;1708;"E. M. MOISES DE FRANCA VIANA";"Tancredo Neves";"Leste";344;258;74;28,68;77;29,84
63;766;1945;"E. E. RODERICK DE CASTELO BRANCO";"São José Operário";"Leste";391;293;76;25,94;108;36,86
63;767;1759;"E. M. HONORINA VASCONCELOS";"São José Operário";"Leste";338;272;83;30,51;83;30,51
63;768;2020;"E. M. PROF. JOÃO CHRYSÓSTOMO DE OLIVEIRA";"São José Operário";"Leste";351;262;70;26,72;75;28,63
63;769;1929;"E. M. ALBÉRICO ANTUNES DE OLIVEIRA";"São José Operário";"Leste";413;291;77;26,46;105;36,08
63;770;2070;"E. M. DR. VICENTE MENDONÇA JÚNIOR";"Gilberto Mestrinho";"Leste";379;275;94;34,18;88;32,00
63;771;1996;"E. M. JORGE DE REZENDE SOBRINHO";"Tancredo Neves";"Leste";355;246;61;24,80;82;33,33
63;772;1848;"CMEI MOACIR ANDRADE";"São José Operário";"Leste";366;243;72;29,63;73;30,04
63;773;2089;"E. M. JORGE AMADO";"Tancredo Neves";"Leste";373;277;61;22,02;90;32,49
63;774;1872;"E. M. MARIA DO CARMO REBELLO DE SOUZA";"São José Operário";"Leste";367;248;71;28,63;83;33,47
63;775;1732;"E. M. ARMANDO MENDES";"São José Operário";"Leste";360;267;70;26,22;74;27,72
63;776;1945;"E. E. RODERICK DE CASTELO BRANCO";"São José Operário";"Leste";385;269;61;22,68;112;41,64
63;777;2070;"E. M. DR. VICENTE MENDONÇA JÚNIOR";"Gilberto Mestrinho";"Leste";397;288;81;28,13;106;36,81
63;778;1830;"E. M. GOV. PLINIO RAMOS COELHO";"Tancredo Neves";"Leste";360;258;77;29,84;89;34,50
63;779;2151;"E. M. MANOEL FRANCISCO GARCIA MARQUES";"Gilberto Mestrinho";"Leste";333;247;74;29,96;78;31,58
63;780;1759;"E. M. HONORINA VASCONCELOS";"São José Operário";"Leste";334;255;81;31,76;64;25,10
63;782;2070;"E. M. DR. VICENTE MENDONÇA JÚNIOR";"Gilberto Mestrinho";"Leste";378;257;68;26,46;81;31,52
63;783;1996;"E. M. JORGE DE REZENDE SOBRINHO";"Tancredo Neves";"Leste";364;265;69;26,04;84;31,70
63;784;2089;"E. M. JORGE AMADO";"Tancredo Neves";"Leste";374;268;78;29,10;85;31,72
63;785;1856;"E. M. LEONOR UCHOA DE AMORIM";"São José Operário";"Leste";347;235;74;31,49;70;29,79
63;786;2070;"E. M. DR. VICENTE MENDONÇA JÚNIOR";"Gilberto Mestrinho";"Leste";381;276;73;26,45;84;30,43
63;787;2097;"E. M. LUCILENE DE SENA GUIMARÃES";"Tancredo Neves";"Leste";348;250;79;31,60;61;24,40
63;788;1759;"E. M. HONORINA VASCONCELOS";"São José Operário";"Leste";345;254;79;31,10;57;22,44
63;789;1716;"E. M. CEL JORGE TEIXEIRA DE OLIVEIRA";"Gilberto Mestrinho";"Leste";372;289;70;24,22;98;33,91
63;790;1988;"E. M. ARTHUR ENGRACIO DA SILVA";"Tancredo Neves";"Leste";372;258;79;30,62;63;24,42
63;791;1813;"IFAM (COLÉGIO AGRÍCOLA)";"Gilberto Mestrinho";"Leste";384;286;84;29,37;103;36,01
63;792;2151;"E. M. MANOEL FRANCISCO GARCIA MARQUES";"Gilberto Mestrinho";"Leste";328;230;69;30,00;66;28,70
63;794;2070;"E. M. DR. VICENTE MENDONÇA JÚNIOR";"Gilberto Mestrinho";"Leste";383;264;70;26,52;86;32,58
63;795;2070;"E. M. DR. VICENTE MENDONÇA JÚNIOR";"Gilberto Mestrinho";"Leste";378;279;82;29,39;79;28,32
63;796;2127;"E. M. CATARINA PAZ DA COSTA";"São José Operário";"Leste";346;256;80;31,25;55;21,48
63;797;2135;"E. E. JAIRO DA SILVA ROCHA";"Gilberto Mestrinho";"Leste";412;276;57;20,65;101;36,59
63;798;1694;"E. M. PEQUENO PRINCIPE";"São José Operário";"Leste";356;266;90;33,83;77;28,95
63;799;2135;"E. E. JAIRO DA SILVA ROCHA";"Gilberto Mestrinho";"Leste";368;263;75;28,52;81;30,80
63;800;1775;"CMEI BEATRIZ SVERNER";"Tancredo Neves";"Leste";392;288;96;33,33;94;32,64
63;801;2178;"E. E. PROF. ERNANE NASCIMENTO SIMÃO";"Gilberto Mestrinho";"Leste";369;273;77;28,21;96;35,16
63;802;2143;"E.M.E.F. PROF. ALVARO CESAR DE CARVALHO";"Tancredo Neves";"Leste";358;270;82;30,37;85;31,48
63;803;2135;"E. E. JAIRO DA SILVA ROCHA";"Gilberto Mestrinho";"Leste";370;229;74;32,31;69;30,13
63;804;1775;"CMEI BEATRIZ SVERNER";"Tancredo Neves";"Leste";452;319;102;31,97;87;27,27
63;805;2119;"E. M. ROBERTO RUIZ HERNANDEZ";"São José Operário";"Leste";359;289;103;35,64;85;29,41
63;806;2178;"E. E. PROF. ERNANE NASCIMENTO SIMÃO";"Gilberto Mestrinho";"Leste";370;242;79;32,64;72;29,75
63;807;2160;"E. M. PINTOR CANDIDO PORTINARI";"Gilberto Mestrinho";"Leste";318;255;71;27,84;69;27,06
63;808;2194;"C.I.M.E. SENADOR ARTUR VIRGÍLIO DO CARMO RIBEIRO FILHO";"Gilberto Mestrinho";"Leste";492;345;97;28,12;117;33,91
63;809;2135;"E. E. JAIRO DA SILVA ROCHA";"Gilberto Mestrinho";"Leste";380;278;76;27,34;81;29,14
63;810;2100;"E. M. PROF. DAVISON DE ARAUJO PEREIRA";"Tancredo Neves";"Leste";400;301;83;27,57;75;24,92
63;811;1775;"CMEI BEATRIZ SVERNER";"Tancredo Neves";"Leste";358;255;71;27,84;82;32,16
63;812;2194;"C.I.M.E. SENADOR ARTUR VIRGÍLIO DO CARMO RIBEIRO FILHO";"Gilberto Mestrinho";"Leste";365;262;87;33,21;68;25,95
63;813;2178;"E. E. PROF. ERNANE NASCIMENTO SIMÃO";"Gilberto Mestrinho";"Leste";399;304;105;34,54;81;26,64
63;814;2135;"E. E. JAIRO DA SILVA ROCHA";"Gilberto Mestrinho";"Leste";415;287;90;31,36;81;28,22
63;815;2070;"E. M. DR. VICENTE MENDONÇA JÚNIOR";"Gilberto Mestrinho";"Leste";361;251;69;27,49;73;29,08
63;816;2089;"E. M. JORGE AMADO";"Tancredo Neves";"Leste";364;266;73;27,44;72;27,07
63;817;2151;"E. M. MANOEL FRANCISCO GARCIA MARQUES";"Gilberto Mestrinho";"Leste";327;249;81;32,53;70;28,11
63;818;2194;"C.I.M.E. SENADOR ARTUR VIRGÍLIO DO CARMO RIBEIRO FILHO";"Gilberto Mestrinho";"Leste";365;248;75;30,24;88;35,48
63;819;2143;"E.M.E.F. PROF. ALVARO CESAR DE CARVALHO";"Tancredo Neves";"Leste";361;287;88;30,66;92;32,06
63;820;1775;"CMEI BEATRIZ SVERNER";"Tancredo Neves";"Leste";359;246;74;30,08;78;31,71
63;821;2135;"E. E. JAIRO DA SILVA ROCHA";"Gilberto Mestrinho";"Leste";370;268;79;29,48;76;28,36
63;822;2070;"E. M. DR. VICENTE MENDONÇA JÚNIOR";"Gilberto Mestrinho";"Leste";365;278;90;32,37;82;29,50
63;823;2194;"C.I.M.E. SENADOR ARTUR VIRGÍLIO DO CARMO RIBEIRO FILHO";"Gilberto Mestrinho";"Leste";366;289;90;31,14;86;29,76
63;824;2089;"E. M. JORGE AMADO";"Tancredo Neves";"Leste";364;289;110;38,06;62;21,45
63;825;2135;"E. E. JAIRO DA SILVA ROCHA";"Gilberto Mestrinho";"Leste";368;282;81;28,72;82;29,08
63;826;2097;"E. M. LUCILENE DE SENA GUIMARÃES";"Tancredo Neves";"Leste";175;153;39;25,49;43;28,10
63;828;2208;"CMEI JÚLIA BARJONA LABRE";"São José Operário";"Leste";475;350;102;29,14;115;32,86
63;829;2216;"E. E. PROFESSOR ROFRAN BELCHIOR DA SILVA";"Tancredo Neves";"Leste";474;370;128;34,59;89;24,05
63;831;2194;"C.I.M.E. SENADOR ARTUR VIRGÍLIO DO CARMO RIBEIRO FILHO";"Gilberto Mestrinho";"Leste";365;290;98;33,79;77;26,55
63;832;2135;"E. E. JAIRO DA SILVA ROCHA";"Gilberto Mestrinho";"Leste";369;298;95;31,88;75;25,17
65;200;1511;"E. E. INSPETORA DULCINEIA VARELA MOURA";"Colônia Terra Nova";"Norte";341;239;78;32,64;87;36,40
65;202;1511;"E. E. INSPETORA DULCINEIA VARELA MOURA";"Colônia Terra Nova";"Norte";331;244;80;32,79;81;33,20
65;207;1520;"E. M. CARMEM GUIMARAES HAGGE";"Colônia Terra Nova";"Norte";382;269;86;31,97;98;36,43
65;221;1538;"E. M. DOM MILTON CORREA PEREIRA";"Monte das Oliveiras";"Norte";328;239;104;43,51;65;27,20
65;225;1538;"E. M. DOM MILTON CORREA PEREIRA";"Monte das Oliveiras";"Norte";329;253;83;32,81;91;35,97
65;238;1554;"E. E. SAMUEL BENCHIMOL";"Nova Cidade";"Norte";379;263;83;31,56;92;34,98
65;246;1562;"E. E. PROF. TEREZA SIQUEIRA TUPINAMBA";"Nova Cidade";"Norte";398;301;106;35,22;94;31,23
65;249;1570;"E. M. NINA DE ARAUJO COSTA LINS";"Monte das Oliveiras";"Norte";376;277;80;28,88;97;35,02
65;250;1589;"E. M. PROF. ISABEL VICTORIA DO CARMO RIBEIRO";"Colônia Terra Nova";"Norte";395;298;105;35,23;96;32,21
65;259;1597;"E. M. ANA SENA RODRIGUES";"Colônia Terra Nova";"Norte";369;252;80;31,75;95;37,70
65;268;1740;"CMEI PROF DR FELIX VALOIS COELHO";"Nova Cidade";"Norte";312;219;70;31,96;77;35,16
65;276;1619;"E. M. ANTONIO MORAES";"Monte das Oliveiras";"Norte";350;245;73;29,80;91;37,14
65;295;1627;"E. M. JORNALISTA SABÁ RAPOSO";"Monte das Oliveiras";"Norte";357;254;80;31,50;90;35,43
65;310;1643;"E. E. SEBASTIÃO NORÕES";"Nova Cidade";"Norte";347;266;84;31,58;93;34,96
65;321;1651;"E. M. PROF. MARLY GARGANTA";"Monte das Oliveiras";"Norte";371;270;91;33,70;95;35,19
65;329;1678;"E. E. RUY ALENCAR";"Nova Cidade";"Norte";391;283;88;31,10;110;38,87
65;342;1686;"E. E. ANA LUCIA DE MORAES COSTA E SILVA";"Colônia Terra Nova";"Norte";392;288;102;35,42;108;37,50
65;357;1708;"E. E. ERNESTO PINHO FILHO";"Nova Cidade";"Norte";384;272;87;31,99;100;36,76
65;358;1694;"E. E. PROF. SEBASTIAO AUGUSTO LOUREIRO FILHO";"Nova Cidade";"Norte";393;280;105;37,50;71;25,36
65;359;1520;"E. M. CARMEM GUIMARAES HAGGE";"Colônia Terra Nova";"Norte";392;317;108;34,07;107;33,75
65;360;1678;"E. E. RUY ALENCAR";"Nova Cidade";"Norte";387;292;79;27,05;100;34,25
65;361;1600;"E. E. ROBERTO DOS SANTOS VIEIRA";"Nova Cidade";"Norte";420;324;117;36,11;121;37,35
65;362;1562;"E. E. PROF. TEREZA SIQUEIRA TUPINAMBA";"Nova Cidade";"Norte";392;304;118;38,82;100;32,89
65;363;1597;"E. M. ANA SENA RODRIGUES";"Colônia Terra Nova";"Norte";381;298;111;37,25;108;36,24
65;364;1694;"E. E. PROF. SEBASTIAO AUGUSTO LOUREIRO FILHO";"Nova Cidade";"Norte";390;295;113;38,31;81;27,46
65;365;1627;"E. M. JORNALISTA SABÁ RAPOSO";"Monte das Oliveiras";"Norte";365;280;91;32,50;111;39,64
65;366;1686;"E. E. ANA LUCIA DE MORAES COSTA E SILVA";"Colônia Terra Nova";"Norte";399;290;93;32,07;98;33,79
65;367;1538;"E. M. DOM MILTON CORREA PEREIRA";"Monte das Oliveiras";"Norte";342;269;103;38,29;84;31,23
65;368;1511;"E. E. INSPETORA DULCINEIA VARELA MOURA";"Colônia Terra Nova";"Norte";342;270;116;42,96;89;32,96
65;369;1651;"E. M. PROF. MARLY GARGANTA";"Monte das Oliveiras";"Norte";374;289;106;36,68;104;35,99
65;370;1554;"E. E. SAMUEL BENCHIMOL";"Nova Cidade";"Norte";370;280;102;36,43;87;31,07
65;371;1708;"E. E. ERNESTO PINHO FILHO";"Nova Cidade";"Norte";385;309;115;37,22;110;35,60
65;372;1570;"E. M. NINA DE ARAUJO COSTA LINS";"Monte das Oliveiras";"Norte";374;310;113;36,45;124;40,00
65;373;1660;"E. E. RAFAEL HENRIQUE PINHEIRO DOS SANTOS";"Colônia Terra Nova";"Norte";394;310;145;46,77;93;30,00
65;374;1619;"E. M. ANTONIO MORAES";"Monte das Oliveiras";"Norte";365;290;99;34,14;105;36,21
65;375;1643;"E. E. SEBASTIÃO NORÕES";"Nova Cidade";"Norte";354;280;90;32,14;116;41,43
65;376;1589;"E. M. PROF. ISABEL VICTORIA DO CARMO RIBEIRO";"Colônia Terra Nova";"Norte";398;312;107;34,29;101;32,37
65;377;1546;"E. M. VICENTE CRUZ";"Colônia Terra Nova";"Norte";346;260;78;30,00;101;38,85
65;379;1724;"E. E. PROF DORVAL VARELA MOURA";"Nova Cidade";"Norte";327;264;88;33,33;95;35,98
65;380;1635;"E. M. PROF. SERGIO AUGUSTO PARÁ";"Novo Israel";"Norte";385;259;92;35,52;90;34,75
65;381;1600;"E. E. ROBERTO DOS SANTOS VIEIRA";"Nova Cidade";"Norte";385;307;94;30,62;124;40,39
65;382;1538;"E. M. DOM MILTON CORREA PEREIRA";"Monte das Oliveiras";"Norte";341;254;91;35,83;56;22,05
65;383;1678;"E. E. RUY ALENCAR";"Nova Cidade";"Norte";402;324;95;29,32;128;39,51
65;384;1511;"E. E. INSPETORA DULCINEIA VARELA MOURA";"Colônia Terra Nova";"Norte";339;267;116;43,45;79;29,59
65;385;1520;"E. M. CARMEM GUIMARAES HAGGE";"Colônia Terra Nova";"Norte";390;304;110;36,18;109;35,86
65;386;1708;"E. E. ERNESTO PINHO FILHO";"Nova Cidade";"Norte";384;291;109;37,46;99;34,02
65;387;1597;"E. M. ANA SENA RODRIGUES";"Colônia Terra Nova";"Norte";389;306;105;34,31;118;38,56
65;388;1562;"E. E. PROF. TEREZA SIQUEIRA TUPINAMBA";"Nova Cidade";"Norte";391;307;119;38,76;113;36,81
65;389;1694;"E. E. PROF. SEBASTIAO AUGUSTO LOUREIRO FILHO";"Nova Cidade";"Norte";388;303;114;37,62;84;27,72
65;390;1538;"E. M. DOM MILTON CORREA PEREIRA";"Monte das Oliveiras";"Norte";342;272;115;42,28;72;26,47
65;391;1600;"E. E. ROBERTO DOS SANTOS VIEIRA";"Nova Cidade";"Norte";395;318;90;28,30;116;36,48
65;392;1554;"E. E. SAMUEL BENCHIMOL";"Nova Cidade";"Norte";368;287;98;34,15;95;33,10
65;393;1678;"E. E. RUY ALENCAR";"Nova Cidade";"Norte";395;310;91;29,35;126;40,65
65;394;1651;"E. M. PROF. MARLY GARGANTA";"Monte das Oliveiras";"Norte";373;283;105;37,10;95;33,57
65;395;1546;"E. M. VICENTE CRUZ";"Colônia Terra Nova";"Norte";344;266;84;31,58;114;42,86
65;396;1538;"E. M. DOM MILTON CORREA PEREIRA";"Monte das Oliveiras";"Norte";338;261;86;32,95;99;37,93
65;397;1619;"E. M. ANTONIO MORAES";"Monte das Oliveiras";"Norte";370;300;102;34,00;111;37,00
65;398;1724;"E. E. PROF DORVAL VARELA MOURA";"Nova Cidade";"Norte";329;261;77;29,50;97;37,16
65;399;1511;"E. E. INSPETORA DULCINEIA VARELA MOURA";"Colônia Terra Nova";"Norte";342;267;102;38,20;86;32,21
65;400;1520;"E. M. CARMEM GUIMARAES HAGGE";"Colônia Terra Nova";"Norte";391;309;90;29,13;132;42,72
65;401;1600;"E. E. ROBERTO DOS SANTOS VIEIRA";"Nova Cidade";"Norte";395;315;111;35,24;117;37,14
65;402;1708;"E. E. ERNESTO PINHO FILHO";"Nova Cidade";"Norte";382;304;90;29,61;124;40,79
65;403;1694;"E. E. PROF. SEBASTIAO AUGUSTO LOUREIRO FILHO";"Nova Cidade";"Norte";390;295;109;36,95;70;23,73
65;404;1627;"E. M. JORNALISTA SABÁ RAPOSO";"Monte das Oliveiras";"Norte";362;287;92;32,06;115;40,07
65;405;1686;"E. E. ANA LUCIA DE MORAES COSTA E SILVA";"Colônia Terra Nova";"Norte";394;289;94;32,53;95;32,87
65;406;1562;"E. E. PROF. TEREZA SIQUEIRA TUPINAMBA";"Nova Cidade";"Norte";386;307;113;36,81;94;30,62
65;407;1678;"E. E. RUY ALENCAR";"Nova Cidade";"Norte";394;297;99;33,33;112;37,71
65;408;1660;"E. E. RAFAEL HENRIQUE PINHEIRO DOS SANTOS";"Colônia Terra Nova";"Norte";383;302;148;49,01;79;26,16
65;409;1597;"E. M. ANA SENA RODRIGUES";"Colônia Terra Nova";"Norte";385;285;108;37,89;104;36,49
65;410;1643;"E. E. SEBASTIÃO NORÕES";"Nova Cidade";"Norte";354;295;97;32,88;120;40,68
65;411;1570;"E. M. NINA DE ARAUJO COSTA LINS";"Monte das Oliveiras";"Norte";372;292;97;33,22;119;40,75
65;412;1538;"E. M. DOM MILTON CORREA PEREIRA";"Monte das Oliveiras";"Norte";333;278;89;32,01;95;34,17
65;413;1600;"E. E. ROBERTO DOS SANTOS VIEIRA";"Nova Cidade";"Norte";396;306;110;35,95;99;32,35
65;414;1520;"E. M. CARMEM GUIMARAES HAGGE";"Colônia Terra Nova";"Norte";391;317;104;32,81;125;39,43
65;415;1694;"E. E. PROF. SEBASTIAO AUGUSTO LOUREIRO FILHO";"Nova Cidade";"Norte";398;300;114;38,00;84;28,00
65;416;1554;"E. E. SAMUEL BENCHIMOL";"Nova Cidade";"Norte";366;265;88;33,21;99;37,36
65;417;1678;"E. E. RUY ALENCAR";"Nova Cidade";"Norte";392;322;113;35,09;103;31,99
65;418;1651;"E. M. PROF. MARLY GARGANTA";"Monte das Oliveiras";"Norte";373;306;108;35,29;110;35,95
65;419;1708;"E. E. ERNESTO PINHO FILHO";"Nova Cidade";"Norte";381;298;93;31,21;113;37,92
65;420;1562;"E. E. PROF. TEREZA SIQUEIRA TUPINAMBA";"Nova Cidade";"Norte";395;320;106;33,13;124;38,75
65;421;1511;"E. E. INSPETORA DULCINEIA VARELA MOURA";"Colônia Terra Nova";"Norte";354;283;104;36,75;105;37,10
65;422;1538;"E. M. DOM MILTON CORREA PEREIRA";"Monte das Oliveiras";"Norte";336;264;87;32,95;82;31,06
65;423;1600;"E. E. ROBERTO DOS SANTOS VIEIRA";"Nova Cidade";"Norte";393;303;98;32,34;111;36,63
65;424;1597;"E. M. ANA SENA RODRIGUES";"Colônia Terra Nova";"Norte";380;285;106;37,19;116;40,70
65;425;1520;"E. M. CARMEM GUIMARAES HAGGE";"Colônia Terra Nova";"Norte";393;301;107;35,55;115;38,21
65;426;1546;"E. M. VICENTE CRUZ";"Colônia Terra Nova";"Norte";342;277;97;35,02;107;38,63
65;427;1724;"E. E. PROF DORVAL VARELA MOURA";"Nova Cidade";"Norte";329;269;73;27,14;99;36,80
65;428;1619;"E. M. ANTONIO MORAES";"Monte das Oliveiras";"Norte";371;295;103;34,92;100;33,90
65;429;1694;"E. E. PROF. SEBASTIAO AUGUSTO LOUREIRO FILHO";"Nova Cidade";"Norte";392;317;106;33,44;83;26,18
65;430;1678;"E. E. RUY ALENCAR";"Nova Cidade";"Norte";392;319;102;31,97;118;36,99
65;431;1538;"E. M. DOM MILTON CORREA PEREIRA";"Monte das Oliveiras";"Norte";337;271;104;38,38;82;30,26
65;432;1627;"E. M. JORNALISTA SABÁ RAPOSO";"Monte das Oliveiras";"Norte";362;299;90;30,10;120;40,13
65;433;1589;"E. M. PROF. ISABEL VICTORIA DO CARMO RIBEIRO";"Colônia Terra Nova";"Norte";401;322;125;38,82;112;34,78
65;434;1600;"E. E. ROBERTO DOS SANTOS VIEIRA";"Nova Cidade";"Norte";397;310;100;32,26;94;30,32
65;435;1708;"E. E. ERNESTO PINHO FILHO";"Nova Cidade";"Norte";381;296;82;27,70;112;37,84
65;436;1562;"E. E. PROF. TEREZA SIQUEIRA TUPINAMBA";"Nova Cidade";"Norte";396;317;104;32,81;112;35,33
65;437;1511;"E. E. INSPETORA DULCINEIA VARELA MOURA";"Colônia Terra Nova";"Norte";347;265;98;36,98;84;31,70
65;438;1520;"E. M. CARMEM GUIMARAES HAGGE";"Colônia Terra Nova";"Norte";389;303;93;30,69;116;38,28
65;439;1686;"E. E. ANA LUCIA DE MORAES COSTA E SILVA";"Colônia Terra Nova";"Norte";391;305;98;32,13;114;37,38
65;440;1660;"E. E. RAFAEL HENRIQUE PINHEIRO DOS SANTOS";"Colônia Terra Nova";"Norte";388;309;146;47,25;115;37,22
65;441;1538;"E. M. DOM MILTON CORREA PEREIRA";"Monte das Oliveiras";"Norte";332;256;101;39,45;81;31,64
65;442;1651;"E. M. PROF. MARLY GARGANTA";"Monte das Oliveiras";"Norte";375;287;106;36,93;83;28,92
65;443;1597;"E. M. ANA SENA RODRIGUES";"Colônia Terra Nova";"Norte";389;274;88;32,12;97;35,40
65;444;1694;"E. E. PROF. SEBASTIAO AUGUSTO LOUREIRO FILHO";"Nova Cidade";"Norte";394;311;115;36,98;79;25,40
65;445;1554;"E. E. SAMUEL BENCHIMOL";"Nova Cidade";"Norte";374;291;97;33,33;102;35,05
65;446;1570;"E. M. NINA DE ARAUJO COSTA LINS";"Monte das Oliveiras";"Norte";370;299;97;32,44;110;36,79
65;447;1678;"E. E. RUY ALENCAR";"Nova Cidade";"Norte";396;308;104;33,77;121;39,29
65;448;1600;"E. E. ROBERTO DOS SANTOS VIEIRA";"Nova Cidade";"Norte";392;304;104;34,21;109;35,86
65;449;1643;"E. E. SEBASTIÃO NORÕES";"Nova Cidade";"Norte";358;302;89;29,47;114;37,75
65;450;1538;"E. M. DOM MILTON CORREA PEREIRA";"Monte das Oliveiras";"Norte";334;258;99;38,37;64;24,81
65;451;1724;"E. E. PROF DORVAL VARELA MOURA";"Nova Cidade";"Norte";326;272;66;24,26;108;39,71
65;452;1619;"E. M. ANTONIO MORAES";"Monte das Oliveiras";"Norte";363;282;107;37,94;97;34,40
65;453;1520;"E. M. CARMEM GUIMARAES HAGGE";"Colônia Terra Nova";"Norte";392;307;93;30,29;126;41,04
65;454;1708;"E. E. ERNESTO PINHO FILHO";"Nova Cidade";"Norte";382;299;98;32,78;104;34,78
65;455;1511;"E. E. INSPETORA DULCINEIA VARELA MOURA";"Colônia Terra Nova";"Norte";339;256;69;26,95;105;41,02
65;456;1694;"E. E. PROF. SEBASTIAO AUGUSTO LOUREIRO FILHO";"Nova Cidade";"Norte";394;304;111;36,51;84;27,63
65;457;1597;"E. M. ANA SENA RODRIGUES";"Colônia Terra Nova";"Norte";394;274;84;30,66;104;37,96
65;458;1562;"E. E. PROF. TEREZA SIQUEIRA TUPINAMBA";"Nova Cidade";"Norte";393;313;110;35,14;113;36,10
65;459;1600;"E. E. ROBERTO DOS SANTOS VIEIRA";"Nova Cidade";"Norte";393;295;90;30,51;109;36,95
65;460;1678;"E. E. RUY ALENCAR";"Nova Cidade";"Norte";396;311;100;32,15;113;36,33
65;461;1651;"E. M. PROF. MARLY GARGANTA";"Monte das Oliveiras";"Norte";374;289;99;34,26;100;34,60
65;462;1627;"E. M. JORNALISTA SABÁ RAPOSO";"Monte das Oliveiras";"Norte";364;287;94;32,75;108;37,63
65;463;1546;"E. M. VICENTE CRUZ";"Colônia Terra Nova";"Norte";348;262;88;33,59;105;40,08
65;464;1554;"E. E. SAMUEL BENCHIMOL";"Nova Cidade";"Norte";370;276;92;33,33;94;34,06
65;465;1520;"E. M. CARMEM GUIMARAES HAGGE";"Colônia Terra Nova";"Norte";391;307;96;31,27;125;40,72
65;466;1511;"E. E. INSPETORA DULCINEIA VARELA MOURA";"Colônia Terra Nova";"Norte";342;255;89;34,90;98;38,43
65;467;1600;"E. E. ROBERTO DOS SANTOS VIEIRA";"Nova Cidade";"Norte";396;310;103;33,23;93;30,00
65;468;1694;"E. E. PROF. SEBASTIAO AUGUSTO LOUREIRO FILHO";"Nova Cidade";"Norte";397;320;113;35,31;91;28,44
65;469;1686;"E. E. ANA LUCIA DE MORAES COSTA E SILVA";"Colônia Terra Nova";"Norte";396;312;113;36,22;102;32,69
65;470;1660;"E. E. RAFAEL HENRIQUE PINHEIRO DOS SANTOS";"Colônia Terra Nova";"Norte";385;292;136;46,58;91;31,16
65;471;1597;"E. M. ANA SENA RODRIGUES";"Colônia Terra Nova";"Norte";384;266;106;39,85;81;30,45
65;472;1619;"E. M. ANTONIO MORAES";"Monte das Oliveiras";"Norte";363;283;101;35,69;93;32,86
65;473;1678;"E. E. RUY ALENCAR";"Nova Cidade";"Norte";398;324;104;32,10;108;33,33
65;474;1708;"E. E. ERNESTO PINHO FILHO";"Nova Cidade";"Norte";385;295;86;29,15;101;34,24
65;475;1570;"E. M. NINA DE ARAUJO COSTA LINS";"Monte das Oliveiras";"Norte";371;291;97;33,33;92;31,62
65;476;1554;"E. E. SAMUEL BENCHIMOL";"Nova Cidade";"Norte";372;292;93;31,85;94;32,19
65;477;1589;"E. M. PROF. ISABEL VICTORIA DO CARMO RIBEIRO";"Colônia Terra Nova";"Norte";395;285;103;36,14;89;31,23
65;478;1651;"E. M. PROF. MARLY GARGANTA";"Monte das Oliveiras";"Norte";373;279;96;34,41;89;31,90
65;479;1562;"E. E. PROF. TEREZA SIQUEIRA TUPINAMBA";"Nova Cidade";"Norte";398;316;111;35,13;118;37,34
65;480;1600;"E. E. ROBERTO DOS SANTOS VIEIRA";"Nova Cidade";"Norte";394;307;108;35,18;110;35,83
65;481;1724;"E. E. PROF DORVAL VARELA MOURA";"Nova Cidade";"Norte";324;270;86;31,85;100;37,04
65;482;1511;"E. E. INSPETORA DULCINEIA VARELA MOURA";"Colônia Terra Nova";"Norte";338;253;89;35,18;87;34,39
65;483;1694;"E. E. PROF. SEBASTIAO AUGUSTO LOUREIRO FILHO";"Nova Cidade";"Norte";395;286;97;33,92;85;29,72
65;484;1643;"E. E. SEBASTIÃO NORÕES";"Nova Cidade";"Norte";352;268;86;32,09;96;35,82
65;485;1600;"E. E. ROBERTO DOS SANTOS VIEIRA";"Nova Cidade";"Norte";396;299;98;32,78;106;35,45
65;486;1708;"E. E. ERNESTO PINHO FILHO";"Nova Cidade";"Norte";381;284;95;33,45;98;34,51
65;487;1554;"E. E. SAMUEL BENCHIMOL";"Nova Cidade";"Norte";371;259;88;33,98;75;28,96
65;488;1619;"E. M. ANTONIO MORAES";"Monte das Oliveiras";"Norte";367;290;108;37,24;103;35,52
65;489;1651;"E. M. PROF. MARLY GARGANTA";"Monte das Oliveiras";"Norte";374;290;99;34,14;93;32,07
65;490;1686;"E. E. ANA LUCIA DE MORAES COSTA E SILVA";"Colônia Terra Nova";"Norte";396;306;115;37,58;100;32,68
65;491;1694;"E. E. PROF. SEBASTIAO AUGUSTO LOUREIRO FILHO";"Nova Cidade";"Norte";389;308;99;32,14;89;28,90
65;492;1627;"E. M. JORNALISTA SABÁ RAPOSO";"Monte das Oliveiras";"Norte";359;274;94;34,31;106;38,69
65;493;1511;"E. E. INSPETORA DULCINEIA VARELA MOURA";"Colônia Terra Nova";"Norte";337;260;94;36,15;86;33,08
65;494;1660;"E. E. RAFAEL HENRIQUE PINHEIRO DOS SANTOS";"Colônia Terra Nova";"Norte";383;298;139;46,64;91;30,54
65;495;1562;"E. E. PROF. TEREZA SIQUEIRA TUPINAMBA";"Nova Cidade";"Norte";398;310;91;29,35;118;38,06
65;496;1724;"E. E. PROF DORVAL VARELA MOURA";"Nova Cidade";"Norte";337;266;81;30,45;90;33,83
65;497;1570;"E. M. NINA DE ARAUJO COSTA LINS";"Monte das Oliveiras";"Norte";367;275;87;31,64;109;39,64
65;498;1554;"E. E. SAMUEL BENCHIMOL";"Nova Cidade";"Norte";375;278;101;36,33;79;28,42
65;499;1651;"E. M. PROF. MARLY GARGANTA";"Monte das Oliveiras";"Norte";373;283;97;34,28;118;41,70
65;500;1694;"E. E. PROF. SEBASTIAO AUGUSTO LOUREIRO FILHO";"Nova Cidade";"Norte";391;289;89;30,80;94;32,53
65;501;1511;"E. E. INSPETORA DULCINEIA VARELA MOURA";"Colônia Terra Nova";"Norte";336;271;98;36,16;101;37,27
65;502;1554;"E. E. SAMUEL BENCHIMOL";"Nova Cidade";"Norte";370;280;95;33,93;92;32,86
65;503;1619;"E. M. ANTONIO MORAES";"Monte das Oliveiras";"Norte";369;296;97;32,77;101;34,12
65;504;1562;"E. E. PROF. TEREZA SIQUEIRA TUPINAMBA";"Nova Cidade";"Norte";399;292;84;28,77;112;38,36
65;505;1589;"E. M. PROF. ISABEL VICTORIA DO CARMO RIBEIRO";"Colônia Terra Nova";"Norte";393;285;91;31,93;110;38,60
65;506;1724;"E. E. PROF DORVAL VARELA MOURA";"Nova Cidade";"Norte";326;244;75;30,74;94;38,52
65;507;1554;"E. E. SAMUEL BENCHIMOL";"Nova Cidade";"Norte";370;285;86;30,18;94;32,98
65;508;1651;"E. M. PROF. MARLY GARGANTA";"Monte das Oliveiras";"Norte";372;273;94;34,43;92;33,70
65;509;1694;"E. E. PROF. SEBASTIAO AUGUSTO LOUREIRO FILHO";"Nova Cidade";"Norte";390;285;101;35,44;89;31,23
65;510;1686;"E. E. ANA LUCIA DE MORAES COSTA E SILVA";"Colônia Terra Nova";"Norte";390;296;94;31,76;101;34,12
65;511;1660;"E. E. RAFAEL HENRIQUE PINHEIRO DOS SANTOS";"Colônia Terra Nova";"Norte";380;307;123;40,07;109;35,50
65;512;1643;"E. E. SEBASTIÃO NORÕES";"Nova Cidade";"Norte";356;270;89;32,96;104;38,52
65;513;1554;"E. E. SAMUEL BENCHIMOL";"Nova Cidade";"Norte";371;282;84;29,79;93;32,98
65;514;1724;"E. E. PROF DORVAL VARELA MOURA";"Nova Cidade";"Norte";344;258;79;30,62;95;36,82
65;515;1627;"E. M. JORNALISTA SABÁ RAPOSO";"Monte das Oliveiras";"Norte";371;285;93;32,63;117;41,05
65;516;1619;"E. M. ANTONIO MORAES";"Monte das Oliveiras";"Norte";369;274;71;25,91;101;36,86
65;517;1570;"E. M. NINA DE ARAUJO COSTA LINS";"Monte das Oliveiras";"Norte";384;294;102;34,69;102;34,69
65;518;1511;"E. E. INSPETORA DULCINEIA VARELA MOURA";"Colônia Terra Nova";"Norte";344;252;86;34,13;99;39,29
65;519;1600;"E. E. ROBERTO DOS SANTOS VIEIRA";"Nova Cidade";"Norte";388;298;95;31,88;94;31,54
65;520;1708;"E. E. ERNESTO PINHO FILHO";"Nova Cidade";"Norte";385;291;93;31,96;116;39,86
65;521;1538;"E. M. DOM MILTON CORREA PEREIRA";"Monte das Oliveiras";"Norte";364;267;100;37,45;80;29,96
65;522;1759;"CETI JOAO DOS SANTOS BRAGA";"Nova Cidade";"Norte";352;269;93;34,57;77;28,62
65;523;1554;"E. E. SAMUEL BENCHIMOL";"Nova Cidade";"Norte";368;279;91;32,62;95;34,05
65;524;1686;"E. E. ANA LUCIA DE MORAES COSTA E SILVA";"Colônia Terra Nova";"Norte";392;284;97;34,15;110;38,73
65;525;1600;"E. E. ROBERTO DOS SANTOS VIEIRA";"Nova Cidade";"Norte";390;289;92;31,83;105;36,33
65;526;1538;"E. M. DOM MILTON CORREA PEREIRA";"Monte das Oliveiras";"Norte";339;248;83;33,47;95;38,31
65;527;1619;"E. M. ANTONIO MORAES";"Monte das Oliveiras";"Norte";368;279;85;30,47;100;35,84
65;528;1660;"E. E. RAFAEL HENRIQUE PINHEIRO DOS SANTOS";"Colônia Terra Nova";"Norte";381;286;133;46,50;81;28,32
65;529;1511;"E. E. INSPETORA DULCINEIA VARELA MOURA";"Colônia Terra Nova";"Norte";341;249;83;33,33;102;40,96
65;530;1724;"E. E. PROF DORVAL VARELA MOURA";"Nova Cidade";"Norte";329;252;82;32,54;102;40,48
65;531;1759;"CETI JOAO DOS SANTOS BRAGA";"Nova Cidade";"Norte";352;276;94;34,06;74;26,81
65;532;1708;"E. E. ERNESTO PINHO FILHO";"Nova Cidade";"Norte";383;287;94;32,75;113;39,37
65;533;1600;"E. E. ROBERTO DOS SANTOS VIEIRA";"Nova Cidade";"Norte";398;292;85;29,11;121;41,44
65;534;1511;"E. E. INSPETORA DULCINEIA VARELA MOURA";"Colônia Terra Nova";"Norte";340;255;98;38,43;84;32,94
65;535;1554;"E. E. SAMUEL BENCHIMOL";"Nova Cidade";"Norte";372;272;89;32,72;84;30,88
65;536;1627;"E. M. JORNALISTA SABÁ RAPOSO";"Monte das Oliveiras";"Norte";365;278;91;32,73;103;37,05
65;537;1619;"E. M. ANTONIO MORAES";"Monte das Oliveiras";"Norte";362;273;74;27,11;119;43,59
65;538;1686;"E. E. ANA LUCIA DE MORAES COSTA E SILVA";"Colônia Terra Nova";"Norte";391;277;85;30,69;109;39,35
65;539;1589;"E. M. PROF. ISABEL VICTORIA DO CARMO RIBEIRO";"Colônia Terra Nova";"Norte";393;280;100;35,71;107;38,21
65;540;1570;"E. M. NINA DE ARAUJO COSTA LINS";"Monte das Oliveiras";"Norte";373;294;74;25,17;121;41,16
65;541;1724;"E. E. PROF DORVAL VARELA MOURA";"Nova Cidade";"Norte";330;258;64;24,81;104;40,31
65;542;1600;"E. E. ROBERTO DOS SANTOS VIEIRA";"Nova Cidade";"Norte";392;294;101;34,35;108;36,73
65;543;1538;"E. M. DOM MILTON CORREA PEREIRA";"Monte das Oliveiras";"Norte";331;246;80;32,52;85;34,55
65;544;1759;"CETI JOAO DOS SANTOS BRAGA";"Nova Cidade";"Norte";358;270;73;27,04;91;33,70
65;545;1562;"E. E. PROF. TEREZA SIQUEIRA TUPINAMBA";"Nova Cidade";"Norte";398;312;98;31,41;119;38,14
65;546;1708;"E. E. ERNESTO PINHO FILHO";"Nova Cidade";"Norte";383;288;83;28,82;112;38,89
65;547;1660;"E. E. RAFAEL HENRIQUE PINHEIRO DOS SANTOS";"Colônia Terra Nova";"Norte";381;268;111;41,42;96;35,82
65;548;1546;"E. M. VICENTE CRUZ";"Colônia Terra Nova";"Norte";365;280;93;33,21;118;42,14
65;549;1554;"E. E. SAMUEL BENCHIMOL";"Nova Cidade";"Norte";372;260;92;35,38;91;35,00
65;550;1732;"E. M. OLGA GUTMANN BENARIO";"Colônia Terra Nova";"Norte";362;270;126;46,67;84;31,11
65;551;1600;"E. E. ROBERTO DOS SANTOS VIEIRA";"Nova Cidade";"Norte";391;289;88;30,45;105;36,33
65;552;1686;"E. E. ANA LUCIA DE MORAES COSTA E SILVA";"Colônia Terra Nova";"Norte";398;286;84;29,37;96;33,57
65;553;1538;"E. M. DOM MILTON CORREA PEREIRA";"Monte das Oliveiras";"Norte";338;251;84;33,47;93;37,05
65;554;1643;"E. E. SEBASTIÃO NORÕES";"Nova Cidade";"Norte";355;252;64;25,40;100;39,68
65;555;1759;"CETI JOAO DOS SANTOS BRAGA";"Nova Cidade";"Norte";374;280;90;32,14;85;30,36
65;556;1627;"E. M. JORNALISTA SABÁ RAPOSO";"Monte das Oliveiras";"Norte";361;266;68;25,56;103;38,72
65;557;1740;"CMEI PROF DR FELIX VALOIS COELHO";"Nova Cidade";"Norte";306;237;64;27,00;88;37,13
65;558;1570;"E. M. NINA DE ARAUJO COSTA LINS";"Monte das Oliveiras";"Norte";370;282;82;29,08;110;39,01
65;559;1724;"E. E. PROF DORVAL VARELA MOURA";"Nova Cidade";"Norte";330;224;88;39,29;66;29,46
65;560;1686;"E. E. ANA LUCIA DE MORAES COSTA E SILVA";"Colônia Terra Nova";"Norte";393;289;97;33,56;94;32,53
65;561;1759;"CETI JOAO DOS SANTOS BRAGA";"Nova Cidade";"Norte";355;262;92;35,11;79;30,15
65;562;1740;"CMEI PROF DR FELIX VALOIS COELHO";"Nova Cidade";"Norte";304;225;63;28,00;96;42,67
65;563;1554;"E. E. SAMUEL BENCHIMOL";"Nova Cidade";"Norte";369;254;67;26,38;83;32,68
65;564;1627;"E. M. JORNALISTA SABÁ RAPOSO";"Monte das Oliveiras";"Norte";364;266;76;28,57;100;37,59
65;565;1660;"E. E. RAFAEL HENRIQUE PINHEIRO DOS SANTOS";"Colônia Terra Nova";"Norte";380;288;110;38,19;106;36,81
65;566;1589;"E. M. PROF. ISABEL VICTORIA DO CARMO RIBEIRO";"Colônia Terra Nova";"Norte";395;287;96;33,45;93;32,40
65;567;1740;"CMEI PROF DR FELIX VALOIS COELHO";"Nova Cidade";"Norte";308;232;73;31,47;102;43,97
65;568;1686;"E. E. ANA LUCIA DE MORAES COSTA E SILVA";"Colônia Terra Nova";"Norte";399;283;88;31,10;101;35,69
65;569;1570;"E. M. NINA DE ARAUJO COSTA LINS";"Monte das Oliveiras";"Norte";369;266;80;30,08;96;36,09
65;570;1627;"E. M. JORNALISTA SABÁ RAPOSO";"Monte das Oliveiras";"Norte";361;271;82;30,26;104;38,38
65;571;1554;"E. E. SAMUEL BENCHIMOL";"Nova Cidade";"Norte";369;257;75;29,18;94;36,58
65;572;1740;"CMEI PROF DR FELIX VALOIS COELHO";"Nova Cidade";"Norte";305;235;58;24,68;95;40,43
65;573;1724;"E. E. PROF DORVAL VARELA MOURA";"Nova Cidade";"Norte";324;240;77;32,08;86;35,83
65;574;1759;"CETI JOAO DOS SANTOS BRAGA";"Nova Cidade";"Norte";353;276;90;32,61;97;35,14
65;575;1740;"CMEI PROF DR FELIX VALOIS COELHO";"Nova Cidade";"Norte";300;228;77;33,77;81;35,53
65;576;1627;"E. M. JORNALISTA SABÁ RAPOSO";"Monte das Oliveiras";"Norte";354;253;95;37,55;93;36,76
65;577;1635;"E. M. PROF. SERGIO AUGUSTO PARÁ";"Novo Israel";"Norte";374;281;111;39,50;85;30,25
65;578;1554;"E. E. SAMUEL BENCHIMOL";"Nova Cidade";"Norte";368;264;82;31,06;90;34,09
65;579;1570;"E. M. NINA DE ARAUJO COSTA LINS";"Monte das Oliveiras";"Norte";367;260;77;29,62;97;37,31
65;580;1660;"E. E. RAFAEL HENRIQUE PINHEIRO DOS SANTOS";"Colônia Terra Nova";"Norte";376;270;108;40,00;87;32,22
65;581;1724;"E. E. PROF DORVAL VARELA MOURA";"Nova Cidade";"Norte";321;231;76;32,90;85;36,80
65;582;1694;"E. E. PROF. SEBASTIAO AUGUSTO LOUREIRO FILHO";"Nova Cidade";"Norte";389;278;81;29,14;87;31,29
65;583;1759;"CETI JOAO DOS SANTOS BRAGA";"Nova Cidade";"Norte";351;255;106;41,57;72;28,24
65;584;1740;"CMEI PROF DR FELIX VALOIS COELHO";"Nova Cidade";"Norte";299;223;69;30,94;77;34,53
65;586;1767;"E. M. PROF RAIMUNDA ENEIDA CERQUINHO DA SILVA.";"Novo Israel";"Norte";375;313;111;35,46;95;30,35
65;587;1767;"E. M. PROF RAIMUNDA ENEIDA CERQUINHO DA SILVA.";"Novo Israel";"Norte";374;300;102;34,00;107;35,67
65;588;1767;"E. M. PROF RAIMUNDA ENEIDA CERQUINHO DA SILVA.";"Novo Israel";"Norte";373;286;94;32,87;125;43,71
65;589;1767;"E. M. PROF RAIMUNDA ENEIDA CERQUINHO DA SILVA.";"Novo Israel";"Norte";375;292;103;35,27;107;36,64
65;590;1767;"E. M. PROF RAIMUNDA ENEIDA CERQUINHO DA SILVA.";"Novo Israel";"Norte";373;283;99;34,98;94;33,22
65;591;1767;"E. M. PROF RAIMUNDA ENEIDA CERQUINHO DA SILVA.";"Novo Israel";"Norte";374;288;102;35,42;88;30,56
65;592;1767;"E. M. PROF RAIMUNDA ENEIDA CERQUINHO DA SILVA.";"Novo Israel";"Norte";371;262;87;33,21;87;33,21
65;593;1767;"E. M. PROF RAIMUNDA ENEIDA CERQUINHO DA SILVA.";"Novo Israel";"Norte";374;262;87;33,21;100;38,17
65;594;1767;"E. M. PROF RAIMUNDA ENEIDA CERQUINHO DA SILVA.";"Novo Israel";"Norte";371;253;82;32,41;88;34,78
65;596;1775;"E. E. ANTOGILDO PASCOAL VIANA";"Novo Israel";"Norte";384;297;117;39,39;93;31,31
65;597;1775;"E. E. ANTOGILDO PASCOAL VIANA";"Novo Israel";"Norte";380;281;88;31,32;98;34,88
65;598;1775;"E. E. ANTOGILDO PASCOAL VIANA";"Novo Israel";"Norte";380;291;103;35,40;99;34,02
65;599;1775;"E. E. ANTOGILDO PASCOAL VIANA";"Novo Israel";"Norte";386;297;101;34,01;108;36,36
65;600;1775;"E. E. ANTOGILDO PASCOAL VIANA";"Novo Israel";"Norte";385;283;111;39,22;94;33,22
65;601;1775;"E. E. ANTOGILDO PASCOAL VIANA";"Novo Israel";"Norte";384;286;87;30,42;116;40,56
65;602;1775;"E. E. ANTOGILDO PASCOAL VIANA";"Novo Israel";"Norte";383;296;104;35,14;94;31,76
65;603;1775;"E. E. ANTOGILDO PASCOAL VIANA";"Novo Israel";"Norte";386;293;97;33,11;107;36,52
65;604;1775;"E. E. ANTOGILDO PASCOAL VIANA";"Novo Israel";"Norte";384;299;97;32,44;109;36,45
65;605;1775;"E. E. ANTOGILDO PASCOAL VIANA";"Novo Israel";"Norte";381;259;92;35,52;84;32,43
65;606;1775;"E. E. ANTOGILDO PASCOAL VIANA";"Novo Israel";"Norte";389;271;88;32,47;85;31,37
65;608;1783;"E. M. PROF RITA DE CASSIA C. SILVA";"Novo Israel";"Norte";368;282;99;35,11;88;31,21
65;609;1783;"E. M. PROF RITA DE CASSIA C. SILVA";"Novo Israel";"Norte";365;278;91;32,73;84;30,22
65;610;1783;"E. M. PROF RITA DE CASSIA C. SILVA";"Novo Israel";"Norte";367;262;95;36,26;89;33,97
65;611;1783;"E. M. PROF RITA DE CASSIA C. SILVA";"Novo Israel";"Norte";367;272;88;32,35;88;32,35
65;612;1783;"E. M. PROF RITA DE CASSIA C. SILVA";"Novo Israel";"Norte";363;271;103;38,01;74;27,31
65;613;1783;"E. M. PROF RITA DE CASSIA C. SILVA";"Novo Israel";"Norte";364;285;100;35,09;100;35,09
65;614;1783;"E. M. PROF RITA DE CASSIA C. SILVA";"Novo Israel";"Norte";367;286;96;33,57;96;33,57
65;615;1783;"E. M. PROF RITA DE CASSIA C. SILVA";"Novo Israel";"Norte";372;268;96;35,82;96;35,82
65;616;1783;"E. M. PROF RITA DE CASSIA C. SILVA";"Novo Israel";"Norte";367;256;91;35,55;93;36,33
65;618;1791;"E. M. RUBENS SVERNER";"Novo Israel";"Norte";369;271;95;35,06;88;32,47
65;619;1791;"E. M. RUBENS SVERNER";"Novo Israel";"Norte";374;287;89;31,01;91;31,71
65;620;1791;"E. M. RUBENS SVERNER";"Novo Israel";"Norte";371;296;109;36,82;92;31,08
65;621;1791;"E. M. RUBENS SVERNER";"Novo Israel";"Norte";370;289;93;32,18;102;35,29
65;622;1791;"E. M. RUBENS SVERNER";"Novo Israel";"Norte";368;295;95;32,20;118;40,00
65;623;1791;"E. M. RUBENS SVERNER";"Novo Israel";"Norte";372;285;78;27,37;94;32,98
65;624;1791;"E. M. RUBENS SVERNER";"Novo Israel";"Norte";373;264;87;32,95;83;31,44
65;625;1791;"E. M. RUBENS SVERNER";"Novo Israel";"Norte";371;282;95;33,69;96;34,04
65;626;1791;"E. M. RUBENS SVERNER";"Novo Israel";"Norte";366;272;87;31,99;79;29,04
65;627;1791;"E. M. RUBENS SVERNER";"Novo Israel";"Norte";369;256;77;30,08;90;35,16
65;628;1791;"E. M. RUBENS SVERNER";"Novo Israel";"Norte";369;256;87;33,98;77;30,08
65;629;1600;"E. E. ROBERTO DOS SANTOS VIEIRA";"Nova Cidade";"Norte";384;279;105;37,63;87;31,18
65;630;1805;"E. E. LECITA FONSECA RAMOS";"Monte das Oliveiras";"Norte";328;238;62;26,05;75;31,51
65;631;1813;"CMEI EVA GOMES DO NASCIMENTO";"Novo Israel";"Norte";317;224;67;29,91;79;35,27
65;632;1821;"E.M.E.F. MADALENA DOS SANTOS COSTA";"Novo Israel";"Norte";243;178;67;37,64;51;28,65
65;633;1708;"E. E. ERNESTO PINHO FILHO";"Nova Cidade";"Norte";388;292;99;33,90;110;37,67
65;634;1660;"E. E. RAFAEL HENRIQUE PINHEIRO DOS SANTOS";"Colônia Terra Nova";"Norte";380;258;114;44,19;71;27,52
65;635;1759;"CETI JOAO DOS SANTOS BRAGA";"Nova Cidade";"Norte";351;252;88;34,92;76;30,16
65;636;1724;"E. E. PROF DORVAL VARELA MOURA";"Nova Cidade";"Norte";326;239;86;35,98;71;29,71
65;637;1830;"CETI DRA ZILDA ARNS NEUMANN";"Colônia Terra Nova";"Norte";348;237;92;38,82;69;29,11
65;638;1805;"E. E. LECITA FONSECA RAMOS";"Monte das Oliveiras";"Norte";331;222;84;37,84;77;34,68
65;639;1732;"E. M. OLGA GUTMANN BENARIO";"Colônia Terra Nova";"Norte";347;265;106;40,00;91;34,34
65;640;1740;"CMEI PROF DR FELIX VALOIS COELHO";"Nova Cidade";"Norte";304;227;71;31,28;82;36,12
65;641;1759;"CETI JOAO DOS SANTOS BRAGA";"Nova Cidade";"Norte";352;254;95;37,40;71;27,95
65;642;1805;"E. E. LECITA FONSECA RAMOS";"Monte das Oliveiras";"Norte";326;221;90;40,72;71;32,13
65;643;1694;"E. E. PROF. SEBASTIAO AUGUSTO LOUREIRO FILHO";"Nova Cidade";"Norte";391;276;99;35,87;74;26,81
65;644;1813;"CMEI EVA GOMES DO NASCIMENTO";"Novo Israel";"Norte";334;254;99;38,98;72;28,35
65;645;1830;"CETI DRA ZILDA ARNS NEUMANN";"Colônia Terra Nova";"Norte";347;237;103;43,46;67;28,27
65;646;1740;"CMEI PROF DR FELIX VALOIS COELHO";"Nova Cidade";"Norte";306;218;78;35,78;82;37,61
65;647;1848;"E. M. PROF DULCENIDES DOS SANTOS DIAS";"Colônia Terra Nova";"Norte";353;242;79;32,64;82;33,88
65;648;1805;"E. E. LECITA FONSECA RAMOS";"Monte das Oliveiras";"Norte";330;227;69;30,40;78;34,36
65;649;1600;"E. E. ROBERTO DOS SANTOS VIEIRA";"Nova Cidade";"Norte";395;280;88;31,43;96;34,29
65;650;1554;"E. E. SAMUEL BENCHIMOL";"Nova Cidade";"Norte";374;277;81;29,24;79;28,52
65;651;1759;"CETI JOAO DOS SANTOS BRAGA";"Nova Cidade";"Norte";354;248;105;42,34;73;29,44
65;652;1740;"CMEI PROF DR FELIX VALOIS COELHO";"Nova Cidade";"Norte";307;226;97;42,92;56;24,78
65;653;1635;"E. M. PROF. SERGIO AUGUSTO PARÁ";"Novo Israel";"Norte";384;284;97;34,15;100;35,21
65;654;1830;"CETI DRA ZILDA ARNS NEUMANN";"Colônia Terra Nova";"Norte";391;283;101;35,69;104;36,75
65;655;1627;"E. M. JORNALISTA SABÁ RAPOSO";"Monte das Oliveiras";"Norte";366;270;94;34,81;88;32,59
65;656;1805;"E. E. LECITA FONSECA RAMOS";"Monte das Oliveiras";"Norte";327;231;80;34,63;79;34,20
65;657;1589;"E. M. PROF. ISABEL VICTORIA DO CARMO RIBEIRO";"Colônia Terra Nova";"Norte";394;290;107;36,90;101;34,83
65;658;1600;"E. E. ROBERTO DOS SANTOS VIEIRA";"Nova Cidade";"Norte";392;294;80;27,21;110;37,41
65;659;1759;"CETI JOAO DOS SANTOS BRAGA";"Nova Cidade";"Norte";357;275;96;34,91;79;28,73
65;660;1821;"E.M.E.F. MADALENA DOS SANTOS COSTA";"Novo Israel";"Norte";251;169;51;30,18;58;34,32
65;661;1856;"E. E. ANA NEIRE MARQUES DA SILVA";"Nova Cidade";"Norte";349;270;94;34,81;98;36,30
65;662;1864;"E. M. RAIMUNDO ALMEIDA LÚCIO";"Colônia Terra Nova";"Norte";360;247;66;26,72;96;38,87
65;663;1554;"E. E. SAMUEL BENCHIMOL";"Nova Cidade";"Norte";375;273;84;30,77;83;30,40
65;664;1805;"E. E. LECITA FONSECA RAMOS";"Monte das Oliveiras";"Norte";328;251;77;30,68;87;34,66
65;665;1600;"E. E. ROBERTO DOS SANTOS VIEIRA";"Nova Cidade";"Norte";394;266;96;36,09;76;28,57
65;666;1759;"CETI JOAO DOS SANTOS BRAGA";"Nova Cidade";"Norte";355;261;100;38,31;77;29,50
65;667;1872;"CMEI PROF DR FELIX VALOIS COELHO";"Nova Cidade";"Norte";361;272;103;37,87;85;31,25
65;668;1830;"CETI DRA ZILDA ARNS NEUMANN";"Colônia Terra Nova";"Norte";349;241;88;36,51;77;31,95
65;669;1848;"E. M. PROF DULCENIDES DOS SANTOS DIAS";"Colônia Terra Nova";"Norte";345;242;74;30,58;95;39,26
65;670;1813;"CMEI EVA GOMES DO NASCIMENTO";"Novo Israel";"Norte";319;214;63;29,44;67;31,31
65;671;1759;"CETI JOAO DOS SANTOS BRAGA";"Nova Cidade";"Norte";350;227;75;33,04;69;30,40
65;672;1805;"E. E. LECITA FONSECA RAMOS";"Monte das Oliveiras";"Norte";330;196;68;34,69;61;31,12
65;673;1872;"CMEI PROF DR FELIX VALOIS COELHO";"Nova Cidade";"Norte";366;259;104;40,15;78;30,12
65;674;1856;"E. E. ANA NEIRE MARQUES DA SILVA";"Nova Cidade";"Norte";343;231;83;35,93;70;30,30
65;675;1732;"E. M. OLGA GUTMANN BENARIO";"Colônia Terra Nova";"Norte";347;269;114;42,38;100;37,17
65;676;1635;"E. M. PROF. SERGIO AUGUSTO PARÁ";"Novo Israel";"Norte";389;278;87;31,29;95;34,17
65;677;1830;"CETI DRA ZILDA ARNS NEUMANN";"Colônia Terra Nova";"Norte";348;203;74;36,45;60;29,56
65;678;1759;"CETI JOAO DOS SANTOS BRAGA";"Nova Cidade";"Norte";369;253;79;31,23;88;34,78
65;679;1813;"CMEI EVA GOMES DO NASCIMENTO";"Novo Israel";"Norte";310;199;63;31,66;63;31,66
65;680;1872;"CMEI PROF DR FELIX VALOIS COELHO";"Nova Cidade";"Norte";362;271;88;32,47;79;29,15
65;681;1643;"E. E. SEBASTIÃO NORÕES";"Nova Cidade";"Norte";351;254;88;34,65;82;32,28
65;682;1880;"CMEI IRMÃO CIRO R M FONSECA";"Monte das Oliveiras";"Norte";310;206;79;38,35;51;24,76
65;683;1805;"E. E. LECITA FONSECA RAMOS";"Monte das Oliveiras";"Norte";339;229;87;37,99;69;30,13
65;684;1856;"E. E. ANA NEIRE MARQUES DA SILVA";"Nova Cidade";"Norte";349;260;81;31,15;77;29,62
65;685;1759;"CETI JOAO DOS SANTOS BRAGA";"Nova Cidade";"Norte";375;264;101;38,26;74;28,03
65;686;1864;"E. M. RAIMUNDO ALMEIDA LÚCIO";"Colônia Terra Nova";"Norte";352;250;89;35,60;72;28,80
65;687;1830;"CETI DRA ZILDA ARNS NEUMANN";"Colônia Terra Nova";"Norte";348;249;101;40,56;75;30,12
65;688;1821;"E.M.E.F. MADALENA DOS SANTOS COSTA";"Novo Israel";"Norte";205;162;53;32,72;36;22,22
65;689;1848;"E. M. PROF DULCENIDES DOS SANTOS DIAS";"Colônia Terra Nova";"Norte";353;270;85;31,48;87;32,22
65;690;1805;"E. E. LECITA FONSECA RAMOS";"Monte das Oliveiras";"Norte";332;239;73;30,54;86;35,98
65;691;1872;"CMEI PROF DR FELIX VALOIS COELHO";"Nova Cidade";"Norte";366;280;86;30,71;93;33,21
65;692;1759;"CETI JOAO DOS SANTOS BRAGA";"Nova Cidade";"Norte";354;252;78;30,95;75;29,76
65;693;1899;"E. E. SENADOR JEFFERSON CARPINTEIRO PERES";"Nova Cidade";"Norte";308;250;75;30,00;79;31,60
65;694;1813;"CMEI EVA GOMES DO NASCIMENTO";"Novo Israel";"Norte";316;230;71;30,87;60;26,09
65;695;1635;"E. M. PROF. SERGIO AUGUSTO PARÁ";"Novo Israel";"Norte";387;286;119;41,61;82;28,67
65;696;1856;"E. E. ANA NEIRE MARQUES DA SILVA";"Nova Cidade";"Norte";341;259;96;37,07;76;29,34
65;697;1805;"E. E. LECITA FONSECA RAMOS";"Monte das Oliveiras";"Norte";340;253;86;33,99;83;32,81
65;698;1872;"CMEI PROF DR FELIX VALOIS COELHO";"Nova Cidade";"Norte";364;277;83;29,96;87;31,41
65;699;1759;"CETI JOAO DOS SANTOS BRAGA";"Nova Cidade";"Norte";359;277;106;38,27;62;22,38
65;700;1830;"CETI DRA ZILDA ARNS NEUMANN";"Colônia Terra Nova";"Norte";349;252;106;42,06;72;28,57
65;701;1880;"CMEI IRMÃO CIRO R M FONSECA";"Monte das Oliveiras";"Norte";179;134;33;24,63;50;37,31
65;702;1759;"CETI JOAO DOS SANTOS BRAGA";"Nova Cidade";"Norte";354;250;84;33,60;65;26,00
65;703;1805;"E. E. LECITA FONSECA RAMOS";"Monte das Oliveiras";"Norte";345;269;89;33,09;91;33,83
65;704;1830;"CETI DRA ZILDA ARNS NEUMANN";"Colônia Terra Nova";"Norte";350;272;104;38,24;82;30,15
65;705;1635;"E. M. PROF. SERGIO AUGUSTO PARÁ";"Novo Israel";"Norte";302;249;100;40,16;75;30,12
65;707;1597;"E. M. ANA SENA RODRIGUES";"Colônia Terra Nova";"Norte";328;253;96;37,94;81;32,02
65;708;1864;"E. M. RAIMUNDO ALMEIDA LÚCIO";"Colônia Terra Nova";"Norte";160;132;47;35,61;51;38,64
65;709;1694;"E. E. PROF. SEBASTIAO AUGUSTO LOUREIRO FILHO";"Nova Cidade";"Norte";412;335;107;31,94;103;30,75
68;104;1660;"E. M. IRMA HELENA AUGUSTA WALCOT";"Jorge Teixeira";"Leste";401;278;83;29,86;95;34,17
68;114;1678;"E. E. VASCO VASQUES";"Jorge Teixeira";"Leste";393;268;83;30,97;92;34,33
68;166;1732;"E. E. CLEOMENES DO CARMO CHAVES";"Jorge Teixeira";"Leste";355;247;73;29,55;76;30,77
68;470;1945;"E. M. FRANCISCO NUNES DA SILVA";"Puraquequara";"Leste";284;208;58;27,88;53;25,48
68;485;1759;"E. M. SONIA MARIA DA SILVA BARBOSA";"Jorge Teixeira";"Leste";369;261;79;30,27;76;29,12
68;486;1678;"E. E. VASCO VASQUES";"Jorge Teixeira";"Leste";401;288;87;30,21;90;31,25
68;487;1821;"E. M. IVONE MARIA BARBOSA E SILVA";"Jorge Teixeira";"Leste";370;282;91;32,27;88;31,21
68;488;1732;"E. E. CLEOMENES DO CARMO CHAVES";"Jorge Teixeira";"Leste";358;281;86;30,60;94;33,45
68;489;1783;"E. M. DR. PAULO PINTO NERY";"Jorge Teixeira";"Leste";383;288;92;31,94;99;34,38
68;490;1694;"E. M. PROF. EDINIR TELLES GUIMARÃES";"Jorge Teixeira";"Leste";348;259;97;37,45;78;30,12
68;491;1660;"E. M. IRMA HELENA AUGUSTA WALCOT";"Jorge Teixeira";"Leste";396;295;104;35,25;90;30,51
68;492;1716;"E. M. DOM JACSON DAMASCENO RODRIGUES";"Jorge Teixeira";"Leste";375;283;90;31,80;94;33,22
68;493;1740;"E. M. RAUL DE QUEIROZ MENEZES VEIGA";"Jorge Teixeira";"Leste";384;299;89;29,77;122;40,80
68;494;1767;"E. M. PROF. ROBERTO DOS SANTOS VIEIRA";"Jorge Teixeira";"Leste";365;269;91;33,83;79;29,37
68;495;1813;"CETI ELISA BESSA FREIRE";"Jorge Teixeira";"Leste";424;307;125;40,72;89;28,99
68;496;1651;"E. M. THEMISTOCLES GADELHA";"Jorge Teixeira";"Leste";369;264;74;28,03;84;31,82
68;497;1724;"E. M. ROSA SVERNER";"Jorge Teixeira";"Leste";369;304;93;30,59;102;33,55
68;498;1686;"E. M. MARIA AUXILIADORA DOS SANTOS AZEVEDO";"Jorge Teixeira";"Leste";370;282;87;30,85;88;31,21
68;499;1830;"E. E. DE TEMPO INTEGRAL IRMA GABRIELLIE COGELS";"Puraquequara";"Leste";387;309;97;31,39;67;21,68
68;500;1708;"E. M. PROF. ALVARO VALLE";"Jorge Teixeira";"Leste";345;260;79;30,38;89;34,23
68;501;1805;"E. M. NOSSA SENHORA DO ROSÁRIO";"Jorge Teixeira";"Leste";394;302;107;35,43;92;30,46
68;502;1864;"E. M. NOSSA SENHORA DO CARMO";"Zona Rural";"Rural";187;146;52;35,62;7;4,79
68;503;1953;"E. M. SÃO SEBASTIÃO";"Puraquequara";"Leste";283;206;58;28,16;52;25,24
68;504;1791;"E. M. POETA MARIO DE MIRANDA QUINTANA";"Jorge Teixeira";"Leste";330;249;78;31,33;92;36,95
68;505;1775;"E. M. CLEONICE DE MENEZES FERNANDES";"Jorge Teixeira";"Leste";392;300;96;32,00;88;29,33
68;506;1945;"E. M. FRANCISCO NUNES DA SILVA";"Puraquequara";"Leste";345;248;93;37,50;65;26,21
68;507;1910;"E. M. ABILIO ALENCAR";"Zona Rural";"Rural";348;277;90;32,49;47;16,97
68;508;1872;"E. M. SÃO FRANCISCO";"Zona Rural";"Rural";166;119;33;27,73;5;4,20
68;511;1902;"E. M. PROF. ELIZABETH SIQUEIRA FERREIRA";"Zona Rural";"Rural";230;184;49;26,63;11;5,98
68;512;1945;"E. M. FRANCISCO NUNES DA SILVA";"Puraquequara";"Leste";343;241;70;29,05;65;26,97
68;513;1856;"E. M. NOSSA SENHORA DE NAZARÉ";"Zona Rural";"Rural";321;221;59;26,70;16;7,24
68;514;1678;"E. E. VASCO VASQUES";"Jorge Teixeira";"Leste";395;310;100;32,26;101;32,58
68;515;1660;"E. M. IRMA HELENA AUGUSTA WALCOT";"Jorge Teixeira";"Leste";389;281;80;28,47;103;36,65
68;516;1813;"CETI ELISA BESSA FREIRE";"Jorge Teixeira";"Leste";398;305;100;32,79;100;32,79
68;517;1848;"E. M. LUIZ ALBERTO CASTELO";"Zona Rural";"Rural";273;205;22;10,73;27;13,17
68;518;1732;"E. E. CLEOMENES DO CARMO CHAVES";"Jorge Teixeira";"Leste";362;293;80;27,30;108;36,86
68;519;1678;"E. E. VASCO VASQUES";"Jorge Teixeira";"Leste";394;284;92;32,39;98;34,51
68;520;1724;"E. M. ROSA SVERNER";"Jorge Teixeira";"Leste";376;294;91;30,95;94;31,97
68;521;1660;"E. M. IRMA HELENA AUGUSTA WALCOT";"Jorge Teixeira";"Leste";392;302;78;25,83;95;31,46
68;522;1880;"E. M. MANOEL CHAGAS";"Zona Rural";"Rural";193;150;29;19,33;9;6,00
68;523;1759;"E. M. SONIA MARIA DA SILVA BARBOSA";"Jorge Teixeira";"Leste";343;276;79;28,62;87;31,52
68;524;1813;"CETI ELISA BESSA FREIRE";"Jorge Teixeira";"Leste";374;290;112;38,62;91;31,38
68;525;1686;"E. M. MARIA AUXILIADORA DOS SANTOS AZEVEDO";"Jorge Teixeira";"Leste";377;312;104;33,33;99;31,73
68;526;1678;"E. E. VASCO VASQUES";"Jorge Teixeira";"Leste";394;278;105;37,77;77;27,70
68;527;1775;"E. M. CLEONICE DE MENEZES FERNANDES";"Jorge Teixeira";"Leste";383;298;91;30,54;100;33,56
68;528;1716;"E. M. DOM JACSON DAMASCENO RODRIGUES";"Jorge Teixeira";"Leste";367;283;82;28,98;117;41,34
68;529;1660;"E. M. IRMA HELENA AUGUSTA WALCOT";"Jorge Teixeira";"Leste";390;296;97;32,77;87;29,39
68;530;1783;"E. M. DR. PAULO PINTO NERY";"Jorge Teixeira";"Leste";394;309;105;33,98;99;32,04
68;531;1813;"CETI ELISA BESSA FREIRE";"Jorge Teixeira";"Leste";380;286;97;33,92;94;32,87
68;532;1694;"E. M. PROF. EDINIR TELLES GUIMARÃES";"Jorge Teixeira";"Leste";361;287;83;28,92;103;35,89
68;533;1678;"E. E. VASCO VASQUES";"Jorge Teixeira";"Leste";393;295;105;35,59;85;28,81
68;534;1732;"E. E. CLEOMENES DO CARMO CHAVES";"Jorge Teixeira";"Leste";352;288;68;23,61;119;41,32
68;535;1724;"E. M. ROSA SVERNER";"Jorge Teixeira";"Leste";361;294;85;28,91;106;36,05
68;536;1830;"E. E. DE TEMPO INTEGRAL IRMA GABRIELLIE COGELS";"Puraquequara";"Leste";399;306;86;28,10;79;25,82
68;537;1660;"E. M. IRMA HELENA AUGUSTA WALCOT";"Jorge Teixeira";"Leste";389;282;76;26,95;93;32,98
68;538;1767;"E. M. PROF. ROBERTO DOS SANTOS VIEIRA";"Jorge Teixeira";"Leste";370;291;101;34,71;83;28,52
68;539;1678;"E. E. VASCO VASQUES";"Jorge Teixeira";"Leste";393;296;91;30,74;99;33,45
68;540;1708;"E. M. PROF. ALVARO VALLE";"Jorge Teixeira";"Leste";337;273;88;32,23;94;34,43
68;541;1813;"CETI ELISA BESSA FREIRE";"Jorge Teixeira";"Leste";373;275;81;29,45;112;40,73
68;542;1759;"E. M. SONIA MARIA DA SILVA BARBOSA";"Jorge Teixeira";"Leste";356;275;70;25,45;92;33,45
68;543;1660;"E. M. IRMA HELENA AUGUSTA WALCOT";"Jorge Teixeira";"Leste";393;303;101;33,33;87;28,71
68;544;1775;"E. M. CLEONICE DE MENEZES FERNANDES";"Jorge Teixeira";"Leste";390;307;94;30,62;98;31,92
68;545;1651;"E. M. THEMISTOCLES GADELHA";"Jorge Teixeira";"Leste";372;277;89;32,13;91;32,85
68;546;1678;"E. E. VASCO VASQUES";"Jorge Teixeira";"Leste";395;301;75;24,92;114;37,87
68;547;1686;"E. M. MARIA AUXILIADORA DOS SANTOS AZEVEDO";"Jorge Teixeira";"Leste";362;274;84;30,66;84;30,66
68;548;1724;"E. M. ROSA SVERNER";"Jorge Teixeira";"Leste";366;301;97;32,23;96;31,89
68;549;1732;"E. E. CLEOMENES DO CARMO CHAVES";"Jorge Teixeira";"Leste";356;277;93;33,57;87;31,41
68;550;1813;"CETI ELISA BESSA FREIRE";"Jorge Teixeira";"Leste";383;306;91;29,74;110;35,95
68;551;1716;"E. M. DOM JACSON DAMASCENO RODRIGUES";"Jorge Teixeira";"Leste";359;281;89;31,67;95;33,81
68;552;1783;"E. M. DR. PAULO PINTO NERY";"Jorge Teixeira";"Leste";384;281;95;33,81;70;24,91
68;553;1660;"E. M. IRMA HELENA AUGUSTA WALCOT";"Jorge Teixeira";"Leste";393;285;83;29,12;98;34,39
68;554;1678;"E. E. VASCO VASQUES";"Jorge Teixeira";"Leste";398;289;79;27,34;97;33,56
68;555;1740;"E. M. RAUL DE QUEIROZ MENEZES VEIGA";"Jorge Teixeira";"Leste";396;302;96;31,79;97;32,12
68;556;1945;"E. M. FRANCISCO NUNES DA SILVA";"Puraquequara";"Leste";342;246;70;28,46;55;22,36
68;557;1813;"CETI ELISA BESSA FREIRE";"Jorge Teixeira";"Leste";389;281;94;33,45;92;32,74
68;558;1660;"E. M. IRMA HELENA AUGUSTA WALCOT";"Jorge Teixeira";"Leste";392;275;92;33,45;78;28,36
68;559;1724;"E. M. ROSA SVERNER";"Jorge Teixeira";"Leste";367;286;74;25,87;92;32,17
68;560;1759;"E. M. SONIA MARIA DA SILVA BARBOSA";"Jorge Teixeira";"Leste";351;276;85;30,80;91;32,97
68;561;1775;"E. M. CLEONICE DE MENEZES FERNANDES";"Jorge Teixeira";"Leste";393;306;86;28,10;103;33,66
68;562;1732;"E. E. CLEOMENES DO CARMO CHAVES";"Jorge Teixeira";"Leste";349;284;92;32,39;83;29,23
68;563;1678;"E. E. VASCO VASQUES";"Jorge Teixeira";"Leste";394;301;97;32,23;95;31,56
68;564;1694;"E. M. PROF. EDINIR TELLES GUIMARÃES";"Jorge Teixeira";"Leste";354;280;91;32,50;110;39,29
68;565;1686;"E. M. MARIA AUXILIADORA DOS SANTOS AZEVEDO";"Jorge Teixeira";"Leste";369;289;75;25,95;100;34,60
68;566;1660;"E. M. IRMA HELENA AUGUSTA WALCOT";"Jorge Teixeira";"Leste";386;286;86;30,07;88;30,77
68;567;1678;"E. E. VASCO VASQUES";"Jorge Teixeira";"Leste";395;288;74;25,69;87;30,21
68;568;1813;"CETI ELISA BESSA FREIRE";"Jorge Teixeira";"Leste";389;285;90;31,58;116;40,70
68;569;1805;"E. M. NOSSA SENHORA DO ROSÁRIO";"Jorge Teixeira";"Leste";400;301;107;35,55;90;29,90
68;570;1830;"E. E. DE TEMPO INTEGRAL IRMA GABRIELLIE COGELS";"Puraquequara";"Leste";391;296;90;30,41;85;28,72
68;571;1767;"E. M. PROF. ROBERTO DOS SANTOS VIEIRA";"Jorge Teixeira";"Leste";361;288;83;28,82;100;34,72
68;572;1716;"E. M. DOM JACSON DAMASCENO RODRIGUES";"Jorge Teixeira";"Leste";369;288;82;28,47;92;31,94
68;573;1783;"E. M. DR. PAULO PINTO NERY";"Jorge Teixeira";"Leste";384;296;93;31,42;106;35,81
68;574;1724;"E. M. ROSA SVERNER";"Jorge Teixeira";"Leste";367;283;63;22,26;122;43,11
68;575;1660;"E. M. IRMA HELENA AUGUSTA WALCOT";"Jorge Teixeira";"Leste";399;308;111;36,04;89;28,90
68;576;1678;"E. E. VASCO VASQUES";"Jorge Teixeira";"Leste";388;285;81;28,42;115;40,35
68;577;1759;"E. M. SONIA MARIA DA SILVA BARBOSA";"Jorge Teixeira";"Leste";359;267;64;23,97;99;37,08
68;578;1732;"E. E. CLEOMENES DO CARMO CHAVES";"Jorge Teixeira";"Leste";363;290;73;25,17;102;35,17
68;579;1708;"E. M. PROF. ALVARO VALLE";"Jorge Teixeira";"Leste";330;258;76;29,46;82;31,78
68;580;1775;"E. M. CLEONICE DE MENEZES FERNANDES";"Jorge Teixeira";"Leste";388;286;89;31,12;80;27,97
68;581;1813;"CETI ELISA BESSA FREIRE";"Jorge Teixeira";"Leste";388;285;97;34,04;104;36,49
68;582;1740;"E. M. RAUL DE QUEIROZ MENEZES VEIGA";"Jorge Teixeira";"Leste";385;287;79;27,53;101;35,19
68;583;1678;"E. E. VASCO VASQUES";"Jorge Teixeira";"Leste";394;277;84;30,32;93;33,57
68;584;1988;"E. M. FRANCISCO MAIA DE AMORIM";"Jorge Teixeira";"Leste";391;297;106;35,69;80;26,94
68;585;1651;"E. M. THEMISTOCLES GADELHA";"Jorge Teixeira";"Leste";369;273;93;34,07;87;31,87
68;586;1686;"E. M. MARIA AUXILIADORA DOS SANTOS AZEVEDO";"Jorge Teixeira";"Leste";363;281;93;33,10;86;30,60
68;587;1724;"E. M. ROSA SVERNER";"Jorge Teixeira";"Leste";366;284;75;26,41;113;39,79
68;588;1678;"E. E. VASCO VASQUES";"Jorge Teixeira";"Leste";394;283;80;28,27;98;34,63
68;589;1694;"E. M. PROF. EDINIR TELLES GUIMARÃES";"Jorge Teixeira";"Leste";357;270;95;35,19;96;35,56
68;590;1988;"E. M. FRANCISCO MAIA DE AMORIM";"Jorge Teixeira";"Leste";400;298;89;29,87;80;26,85
68;591;1759;"E. M. SONIA MARIA DA SILVA BARBOSA";"Jorge Teixeira";"Leste";361;271;84;31,00;80;29,52
68;592;1732;"E. E. CLEOMENES DO CARMO CHAVES";"Jorge Teixeira";"Leste";357;266;81;30,45;95;35,71
68;593;1716;"E. M. DOM JACSON DAMASCENO RODRIGUES";"Jorge Teixeira";"Leste";368;299;77;25,75;129;43,14
68;594;1783;"E. M. DR. PAULO PINTO NERY";"Jorge Teixeira";"Leste";370;277;84;30,32;87;31,41
68;595;1775;"E. M. CLEONICE DE MENEZES FERNANDES";"Jorge Teixeira";"Leste";395;301;78;25,91;95;31,56
68;596;1678;"E. E. VASCO VASQUES";"Jorge Teixeira";"Leste";388;282;96;34,04;103;36,52
68;597;1724;"E. M. ROSA SVERNER";"Jorge Teixeira";"Leste";374;284;87;30,63;90;31,69
68;598;1996;"E. M. RUBEM DA SILVA PEIXOTO";"Jorge Teixeira";"Leste";371;287;92;32,06;86;29,97
68;599;1767;"E. M. PROF. ROBERTO DOS SANTOS VIEIRA";"Jorge Teixeira";"Leste";363;274;78;28,47;91;33,21
68;600;1830;"E. E. DE TEMPO INTEGRAL IRMA GABRIELLIE COGELS";"Puraquequara";"Leste";390;296;88;29,73;99;33,45
68;601;1732;"E. E. CLEOMENES DO CARMO CHAVES";"Jorge Teixeira";"Leste";355;272;61;22,43;92;33,82
68;602;1651;"E. M. THEMISTOCLES GADELHA";"Jorge Teixeira";"Leste";368;282;75;26,60;94;33,33
68;603;1996;"E. M. RUBEM DA SILVA PEIXOTO";"Jorge Teixeira";"Leste";384;284;84;29,58;94;33,10
68;604;1759;"E. M. SONIA MARIA DA SILVA BARBOSA";"Jorge Teixeira";"Leste";348;264;72;27,27;82;31,06
68;605;1708;"E. M. PROF. ALVARO VALLE";"Jorge Teixeira";"Leste";332;260;71;27,31;91;35,00
68;606;1686;"E. M. MARIA AUXILIADORA DOS SANTOS AZEVEDO";"Jorge Teixeira";"Leste";358;286;85;29,72;99;34,62
68;607;1775;"E. M. CLEONICE DE MENEZES FERNANDES";"Jorge Teixeira";"Leste";396;297;93;31,31;93;31,31
68;608;1945;"E. M. FRANCISCO NUNES DA SILVA";"Puraquequara";"Leste";340;266;78;29,32;52;19,55
68;609;1783;"E. M. DR. PAULO PINTO NERY";"Jorge Teixeira";"Leste";385;275;77;28,00;90;32,73
68;610;1724;"E. M. ROSA SVERNER";"Jorge Teixeira";"Leste";367;278;76;27,34;91;32,73
68;611;1716;"E. M. DOM JACSON DAMASCENO RODRIGUES";"Jorge Teixeira";"Leste";350;263;81;30,80;75;28,52
68;612;1732;"E. E. CLEOMENES DO CARMO CHAVES";"Jorge Teixeira";"Leste";350;262;69;26,34;96;36,64
68;613;1694;"E. M. PROF. EDINIR TELLES GUIMARÃES";"Jorge Teixeira";"Leste";360;267;88;32,96;90;33,71
68;614;1821;"E. M. IVONE MARIA BARBOSA E SILVA";"Jorge Teixeira";"Leste";369;276;82;29,71;100;36,23
68;615;1910;"E. M. ABILIO ALENCAR";"Zona Rural";"Rural";345;244;62;25,41;68;27,87
68;616;1740;"E. M. RAUL DE QUEIROZ MENEZES VEIGA";"Jorge Teixeira";"Leste";385;298;93;31,21;103;34,56
68;617;1651;"E. M. THEMISTOCLES GADELHA";"Jorge Teixeira";"Leste";363;276;97;35,14;80;28,99
68;618;1775;"E. M. CLEONICE DE MENEZES FERNANDES";"Jorge Teixeira";"Leste";391;278;82;29,50;93;33,45
68;619;1759;"E. M. SONIA MARIA DA SILVA BARBOSA";"Jorge Teixeira";"Leste";358;265;74;27,92;92;34,72
68;620;1732;"E. E. CLEOMENES DO CARMO CHAVES";"Jorge Teixeira";"Leste";353;265;75;28,30;89;33,58
68;621;1686;"E. M. MARIA AUXILIADORA DOS SANTOS AZEVEDO";"Jorge Teixeira";"Leste";366;269;89;33,09;82;30,48
68;622;1724;"E. M. ROSA SVERNER";"Jorge Teixeira";"Leste";365;272;85;31,25;81;29,78
68;623;1783;"E. M. DR. PAULO PINTO NERY";"Jorge Teixeira";"Leste";381;305;94;30,82;91;29,84
68;624;1732;"E. E. CLEOMENES DO CARMO CHAVES";"Jorge Teixeira";"Leste";362;282;88;31,21;92;32,62
68;625;1775;"E. M. CLEONICE DE MENEZES FERNANDES";"Jorge Teixeira";"Leste";393;287;87;30,31;96;33,45
68;626;1651;"E. M. THEMISTOCLES GADELHA";"Jorge Teixeira";"Leste";368;270;94;34,81;81;30,00
68;627;1805;"E. M. NOSSA SENHORA DO ROSÁRIO";"Jorge Teixeira";"Leste";481;327;99;30,28;96;29,36
68;628;1694;"E. M. PROF. EDINIR TELLES GUIMARÃES";"Jorge Teixeira";"Leste";353;259;72;27,80;97;37,45
68;629;1767;"E. M. PROF. ROBERTO DOS SANTOS VIEIRA";"Jorge Teixeira";"Leste";371;272;68;25,00;70;25,74
68;630;1716;"E. M. DOM JACSON DAMASCENO RODRIGUES";"Jorge Teixeira";"Leste";367;273;89;32,60;98;35,90
68;631;1732;"E. E. CLEOMENES DO CARMO CHAVES";"Jorge Teixeira";"Leste";346;255;80;31,37;72;28,24
68;632;1708;"E. M. PROF. ALVARO VALLE";"Jorge Teixeira";"Leste";336;268;92;34,33;81;30,22
68;633;1759;"E. M. SONIA MARIA DA SILVA BARBOSA";"Jorge Teixeira";"Leste";362;251;65;25,90;88;35,06
68;634;1791;"E. M. POETA MARIO DE MIRANDA QUINTANA";"Jorge Teixeira";"Leste";333;247;77;31,17;74;29,96
68;635;1775;"E. M. CLEONICE DE MENEZES FERNANDES";"Jorge Teixeira";"Leste";392;285;91;31,93;93;32,63
68;636;1686;"E. M. MARIA AUXILIADORA DOS SANTOS AZEVEDO";"Jorge Teixeira";"Leste";361;267;82;30,71;81;30,34
68;637;1651;"E. M. THEMISTOCLES GADELHA";"Jorge Teixeira";"Leste";364;255;70;27,45;71;27,84
68;638;1783;"E. M. DR. PAULO PINTO NERY";"Jorge Teixeira";"Leste";380;284;64;22,54;99;34,86
68;639;1732;"E. E. CLEOMENES DO CARMO CHAVES";"Jorge Teixeira";"Leste";354;272;77;28,31;77;28,31
68;640;1775;"E. M. CLEONICE DE MENEZES FERNANDES";"Jorge Teixeira";"Leste";387;288;92;31,94;94;32,64
68;641;1651;"E. M. THEMISTOCLES GADELHA";"Jorge Teixeira";"Leste";364;266;75;28,20;84;31,58
68;642;1732;"E. E. CLEOMENES DO CARMO CHAVES";"Jorge Teixeira";"Leste";355;272;72;26,47;109;40,07
68;643;1830;"E. E. DE TEMPO INTEGRAL IRMA GABRIELLIE COGELS";"Puraquequara";"Leste";389;293;74;25,26;98;33,45
68;644;1716;"E. M. DOM JACSON DAMASCENO RODRIGUES";"Jorge Teixeira";"Leste";366;285;92;32,28;93;32,63
68;645;1759;"E. M. SONIA MARIA DA SILVA BARBOSA";"Jorge Teixeira";"Leste";357;257;75;29,18;90;35,02
68;646;1740;"E. M. RAUL DE QUEIROZ MENEZES VEIGA";"Jorge Teixeira";"Leste";391;296;78;26,35;95;32,09
68;647;1945;"E. M. FRANCISCO NUNES DA SILVA";"Puraquequara";"Leste";343;229;64;27,95;69;30,13
68;648;1775;"E. M. CLEONICE DE MENEZES FERNANDES";"Jorge Teixeira";"Leste";387;265;70;26,42;84;31,70
68;649;1686;"E. M. MARIA AUXILIADORA DOS SANTOS AZEVEDO";"Jorge Teixeira";"Leste";360;260;87;33,46;78;30,00
68;650;1651;"E. M. THEMISTOCLES GADELHA";"Jorge Teixeira";"Leste";367;255;76;29,80;98;38,43
68;651;1783;"E. M. DR. PAULO PINTO NERY";"Jorge Teixeira";"Leste";380;287;85;29,62;101;35,19
68;652;1732;"E. E. CLEOMENES DO CARMO CHAVES";"Jorge Teixeira";"Leste";339;259;80;30,89;94;36,29
68;653;1694;"E. M. PROF. EDINIR TELLES GUIMARÃES";"Jorge Teixeira";"Leste";356;275;74;26,91;99;36,00
68;654;1961;"E. M. PROF. EMANUEL REBELO DA CUNHA";"Puraquequara";"Leste";277;196;60;30,61;47;23,98
68;655;1708;"E. M. PROF. ALVARO VALLE";"Jorge Teixeira";"Leste";336;241;72;29,88;71;29,46
68;656;1775;"E. M. CLEONICE DE MENEZES FERNANDES";"Jorge Teixeira";"Leste";389;281;78;27,76;88;31,32
68;657;1651;"E. M. THEMISTOCLES GADELHA";"Jorge Teixeira";"Leste";373;263;75;28,52;87;33,08
68;658;1732;"E. E. CLEOMENES DO CARMO CHAVES";"Jorge Teixeira";"Leste";349;265;85;32,08;73;27,55
68;659;1759;"E. M. SONIA MARIA DA SILVA BARBOSA";"Jorge Teixeira";"Leste";363;262;79;30,15;80;30,53
68;660;1767;"E. M. PROF. ROBERTO DOS SANTOS VIEIRA";"Jorge Teixeira";"Leste";369;265;75;28,30;88;33,21
68;661;1716;"E. M. DOM JACSON DAMASCENO RODRIGUES";"Jorge Teixeira";"Leste";369;272;69;25,37;98;36,03
68;662;1651;"E. M. THEMISTOCLES GADELHA";"Jorge Teixeira";"Leste";366;282;83;29,43;98;34,75
68;663;1732;"E. E. CLEOMENES DO CARMO CHAVES";"Jorge Teixeira";"Leste";351;268;79;29,48;90;33,58
68;664;1686;"E. M. MARIA AUXILIADORA DOS SANTOS AZEVEDO";"Jorge Teixeira";"Leste";365;274;99;36,13;76;27,74
68;665;1775;"E. M. CLEONICE DE MENEZES FERNANDES";"Jorge Teixeira";"Leste";392;296;88;29,73;99;33,45
68;666;1821;"E. M. IVONE MARIA BARBOSA E SILVA";"Jorge Teixeira";"Leste";354;255;83;32,55;82;32,16
68;667;1759;"E. M. SONIA MARIA DA SILVA BARBOSA";"Jorge Teixeira";"Leste";347;251;79;31,47;76;30,28
68;668;1996;"E. M. RUBEM DA SILVA PEIXOTO";"Jorge Teixeira";"Leste";369;269;81;30,11;91;33,83
68;669;1651;"E. M. THEMISTOCLES GADELHA";"Jorge Teixeira";"Leste";365;254;64;25,20;99;38,98
68;670;1813;"CETI ELISA BESSA FREIRE";"Jorge Teixeira";"Leste";384;267;70;26,22;91;34,08
68;671;1988;"E. M. FRANCISCO MAIA DE AMORIM";"Jorge Teixeira";"Leste";389;285;88;30,88;85;29,82
68;672;1708;"E. M. PROF. ALVARO VALLE";"Jorge Teixeira";"Leste";332;239;74;30,96;85;35,56
68;673;1775;"E. M. CLEONICE DE MENEZES FERNANDES";"Jorge Teixeira";"Leste";391;289;74;25,61;94;32,53
68;674;1724;"E. M. ROSA SVERNER";"Jorge Teixeira";"Leste";366;271;65;23,99;98;36,16
68;675;1716;"E. M. DOM JACSON DAMASCENO RODRIGUES";"Jorge Teixeira";"Leste";361;268;86;32,09;96;35,82
68;676;1805;"E. M. NOSSA SENHORA DO ROSÁRIO";"Jorge Teixeira";"Leste";396;287;97;33,80;105;36,59
68;677;1783;"E. M. DR. PAULO PINTO NERY";"Jorge Teixeira";"Leste";372;253;72;28,46;81;32,02
68;678;1996;"E. M. RUBEM DA SILVA PEIXOTO";"Jorge Teixeira";"Leste";370;260;80;30,77;84;32,31
68;679;1988;"E. M. FRANCISCO MAIA DE AMORIM";"Jorge Teixeira";"Leste";472;325;95;29,23;108;33,23
68;680;1740;"E. M. RAUL DE QUEIROZ MENEZES VEIGA";"Jorge Teixeira";"Leste";449;329;100;30,40;112;34,04
68;681;1830;"E. E. DE TEMPO INTEGRAL IRMA GABRIELLIE COGELS";"Puraquequara";"Leste";385;276;85;30,80;71;25,72
68;682;1945;"E. M. FRANCISCO NUNES DA SILVA";"Puraquequara";"Leste";339;235;75;31,91;50;21,28
68;683;1813;"CETI ELISA BESSA FREIRE";"Jorge Teixeira";"Leste";377;252;76;30,16;84;33,33
68;684;1996;"E. M. RUBEM DA SILVA PEIXOTO";"Jorge Teixeira";"Leste";370;269;81;30,11;84;31,23
68;685;1732;"E. E. CLEOMENES DO CARMO CHAVES";"Jorge Teixeira";"Leste";351;269;64;23,79;107;39,78
68;686;1988;"E. M. FRANCISCO MAIA DE AMORIM";"Jorge Teixeira";"Leste";387;275;70;25,45;87;31,64
68;687;1694;"E. M. PROF. EDINIR TELLES GUIMARÃES";"Jorge Teixeira";"Leste";351;236;69;29,24;77;32,63
68;688;1724;"E. M. ROSA SVERNER";"Jorge Teixeira";"Leste";350;267;63;23,60;99;37,08
68;689;1775;"E. M. CLEONICE DE MENEZES FERNANDES";"Jorge Teixeira";"Leste";389;272;66;24,26;93;34,19
68;690;1813;"CETI ELISA BESSA FREIRE";"Jorge Teixeira";"Leste";383;265;61;23,02;102;38,49
68;691;1970;"E. M. PROF. IGNÊS DE VASCONCELLOS DIAS";"Jorge Teixeira";"Leste";360;262;87;33,21;81;30,92
68;692;1953;"E. M. SÃO SEBASTIÃO";"Puraquequara";"Leste";287;207;64;30,92;47;22,71
68;693;1783;"E. M. DR. PAULO PINTO NERY";"Jorge Teixeira";"Leste";382;272;72;26,47;90;33,09
68;763;1970;"E. M. PROF. IGNÊS DE VASCONCELLOS DIAS";"Jorge Teixeira";"Leste";368;280;88;31,43;98;35,00
68;765;1910;"E. M. ABILIO ALENCAR";"Zona Rural";"Rural";347;257;67;26,07;50;19,46
68;766;1767;"E. M. PROF. ROBERTO DOS SANTOS VIEIRA";"Jorge Teixeira";"Leste";368;257;80;31,13;77;29,96
68;767;1970;"E. M. PROF. IGNÊS DE VASCONCELLOS DIAS";"Jorge Teixeira";"Leste";362;252;72;28,57;85;33,73
68;768;1970;"E. M. PROF. IGNÊS DE VASCONCELLOS DIAS";"Jorge Teixeira";"Leste";359;258;84;32,56;80;31,01
68;769;1651;"E. M. THEMISTOCLES GADELHA";"Jorge Teixeira";"Leste";365;258;71;27,52;80;31,01
68;770;1970;"E. M. PROF. IGNÊS DE VASCONCELLOS DIAS";"Jorge Teixeira";"Leste";366;259;79;30,50;87;33,59
68;776;1937;"E. M. SÃO PEDRO";"Zona Rural";"Rural";151;119;37;31,09;7;5,88
68;777;1929;"E. M. CANAÃ I";"Zona Rural";"Rural";123;90;14;15,56;5;5,56
68;779;1724;"E. M. ROSA SVERNER";"Jorge Teixeira";"Leste";360;262;73;27,86;91;34,73
68;781;1970;"E. M. PROF. IGNÊS DE VASCONCELLOS DIAS";"Jorge Teixeira";"Leste";361;235;71;30,21;58;24,68
68;782;1988;"E. M. FRANCISCO MAIA DE AMORIM";"Jorge Teixeira";"Leste";387;271;84;31,00;85;31,37
68;783;1996;"E. M. RUBEM DA SILVA PEIXOTO";"Jorge Teixeira";"Leste";373;261;66;25,29;91;34,87
68;785;1813;"CETI ELISA BESSA FREIRE";"Jorge Teixeira";"Leste";381;240;86;35,83;73;30,42
68;787;1783;"E. M. DR. PAULO PINTO NERY";"Jorge Teixeira";"Leste";388;275;78;28,36;78;28,36
68;788;1708;"E. M. PROF. ALVARO VALLE";"Jorge Teixeira";"Leste";333;254;82;32,28;78;30,71
68;789;1651;"E. M. THEMISTOCLES GADELHA";"Jorge Teixeira";"Leste";367;275;80;29,09;79;28,73
68;790;1724;"E. M. ROSA SVERNER";"Jorge Teixeira";"Leste";368;258;85;32,95;74;28,68
68;793;1791;"E. M. POETA MARIO DE MIRANDA QUINTANA";"Jorge Teixeira";"Leste";333;251;70;27,89;84;33,47
68;794;1651;"E. M. THEMISTOCLES GADELHA";"Jorge Teixeira";"Leste";367;259;88;33,98;60;23,17
68;795;1708;"E. M. PROF. ALVARO VALLE";"Jorge Teixeira";"Leste";333;228;69;30,26;63;27,63
68;796;1970;"E. M. PROF. IGNÊS DE VASCONCELLOS DIAS";"Jorge Teixeira";"Leste";368;274;87;31,75;103;37,59
68;799;1724;"E. M. ROSA SVERNER";"Jorge Teixeira";"Leste";370;266;88;33,08;75;28,20
68;800;1660;"E. M. IRMA HELENA AUGUSTA WALCOT";"Jorge Teixeira";"Leste";400;268;74;27,61;81;30,22
68;801;1783;"E. M. DR. PAULO PINTO NERY";"Jorge Teixeira";"Leste";385;273;84;30,77;83;30,40
68;802;1732;"E. E. CLEOMENES DO CARMO CHAVES";"Jorge Teixeira";"Leste";363;276;71;25,72;85;30,80
68;803;1988;"E. M. FRANCISCO MAIA DE AMORIM";"Jorge Teixeira";"Leste";390;279;94;33,69;74;26,52
68;804;1767;"E. M. PROF. ROBERTO DOS SANTOS VIEIRA";"Jorge Teixeira";"Leste";375;287;71;24,74;61;21,25
68;805;1686;"E. M. MARIA AUXILIADORA DOS SANTOS AZEVEDO";"Jorge Teixeira";"Leste";362;274;89;32,48;66;24,09
68;806;1775;"E. M. CLEONICE DE MENEZES FERNANDES";"Jorge Teixeira";"Leste";392;310;87;28,06;83;26,77
68;808;1813;"CETI ELISA BESSA FREIRE";"Jorge Teixeira";"Leste";391;269;78;29,00;75;27,88
68;809;1678;"E. E. VASCO VASQUES";"Jorge Teixeira";"Leste";395;262;83;31,68;83;31,68
68;810;1830;"E. E. DE TEMPO INTEGRAL IRMA GABRIELLIE COGELS";"Puraquequara";"Leste";388;295;68;23,05;74;25,08
68;811;1694;"E. M. PROF. EDINIR TELLES GUIMARÃES";"Jorge Teixeira";"Leste";350;265;85;32,08;83;31,32
68;812;1708;"E. M. PROF. ALVARO VALLE";"Jorge Teixeira";"Leste";328;248;71;28,63;76;30,65
68;817;1678;"E. E. VASCO VASQUES";"Jorge Teixeira";"Leste";402;270;63;23,33;78;28,89
68;820;1910;"E. M. ABILIO ALENCAR";"Zona Rural";"Rural";347;282;67;23,76;63;22,34
68;821;1813;"CETI ELISA BESSA FREIRE";"Jorge Teixeira";"Leste";387;240;74;30,83;71;29,58
68;822;1660;"E. M. IRMA HELENA AUGUSTA WALCOT";"Jorge Teixeira";"Leste";382;268;87;32,46;76;28,36
68;823;1759;"E. M. SONIA MARIA DA SILVA BARBOSA";"Jorge Teixeira";"Leste";225;168;43;25,60;55;32,74
68;824;1805;"E. M. NOSSA SENHORA DO ROSÁRIO";"Jorge Teixeira";"Leste";398;318;94;29,56;82;25,79
68;825;1821;"E. M. IVONE MARIA BARBOSA E SILVA";"Jorge Teixeira";"Leste";228;176;52;29,55;58;32,95
68;826;1678;"E. E. VASCO VASQUES";"Jorge Teixeira";"Leste";388;249;81;32,53;76;30,52
68;827;1813;"CETI ELISA BESSA FREIRE";"Jorge Teixeira";"Leste";375;257;86;33,46;72;28,02
68;830;2046;"E. M. ESMERALDO SANTOS BESSA";"Jorge Teixeira";"Leste";321;234;85;36,32;51;21,79
68;831;1678;"E. E. VASCO VASQUES";"Jorge Teixeira";"Leste";389;287;76;26,48;95;33,10
68;832;2054;"E. M. PROFESSOR IVOMAR DE LIMA VIEIRA";"Jorge Teixeira";"Leste";118;109;32;29,36;33;30,28
68;833;2062;"E. M. PROFESSORA JOANA VIEIRA";"Zona Rural";"Rural";211;187;12;6,42;24;12,83
68;834;1678;"E. E. VASCO VASQUES";"Jorge Teixeira";"Leste";398;298;113;37,92;70;23,49
68;835;2003;"CIME - JOSEFINA ROSA DE MATTOS PEREIRA DE CASTRO";"Jorge Teixeira";"Leste";279;210;68;32,38;55;26,19
70;207;1791;"E. E. LETICIO DE CAMPOS DANTAS";"Cidade de Deus";"Norte";387;273;95;34,80;100;36,63
70;391;1821;"E. M. SEN. DARCY RIBEIRO";"Novo Aleixo";"Norte";314;221;58;26,24;64;28,96
70;392;1830;"E. E. ENGº. ARTHUR SOARES AMORIM";"Novo Aleixo";"Norte";408;294;86;29,25;123;41,84
70;408;1848;"E. M. SAO BENEDITO";"Cidade de Deus";"Norte";400;287;88;30,66;94;32,75
70;418;1856;"E. M. ANTISTHENES DE OLIVEIRA PINTO";"Cidade de Deus";"Norte";399;270;74;27,41;88;32,59
70;432;1872;"E. M. JARLECE DA CONCEIÇÃO ZARANZA";"Novo Aleixo";"Norte";376;270;85;31,48;85;31,48
70;445;1970;"E. E. JURACY BATISTA GOMES";"Novo Aleixo";"Norte";419;315;88;27,94;93;29,52
70;459;1880;"E. M. ULISSES GUIMARAES";"Novo Aleixo";"Norte";370;263;70;26,62;79;30,04
70;469;1899;"E. M. IRMA ZENIR DE CASTRO ALVES";"Novo Aleixo";"Norte";348;267;87;32,58;84;31,46
70;471;1902;"E. E. OSMAR PEDROSA";"Novo Aleixo";"Norte";374;265;81;30,57;79;29,81
70;487;1910;"E. M. PROF. PAULO GRAÇA";"Novo Aleixo";"Norte";415;321;98;30,53;124;38,63
70;497;1929;"E. M. PROF. MÍRIAM SOTERO DA SILVA";"Novo Aleixo";"Norte";372;282;100;35,46;87;30,85
70;501;1937;"E. E. JOSE BERNARDINO LINDOSO";"Novo Aleixo";"Norte";398;274;84;30,66;84;30,66
70;524;1945;"E. M. DR. MAGALHAES CORDEIRO";"Novo Aleixo";"Norte";392;266;70;26,32;88;33,08
70;543;1961;"E. E. RAIMUNDA HOLANDA DE SOUZA";"Novo Aleixo";"Norte";391;279;81;29,03;87;31,18
70;550;1872;"E. M. JARLECE DA CONCEIÇÃO ZARANZA";"Novo Aleixo";"Norte";411;309;91;29,45;95;30,74
70;551;1830;"E. E. ENGº. ARTHUR SOARES AMORIM";"Novo Aleixo";"Norte";386;305;109;35,74;104;34,10
70;552;1937;"E. E. JOSE BERNARDINO LINDOSO";"Novo Aleixo";"Norte";429;331;112;33,84;102;30,82
70;553;1848;"E. M. SAO BENEDITO";"Cidade de Deus";"Norte";399;300;110;36,67;87;29,00
70;554;1880;"E. M. ULISSES GUIMARAES";"Novo Aleixo";"Norte";363;296;97;32,77;95;32,09
70;555;1953;"E. E. BELARMINO MARREIRO";"Novo Aleixo";"Norte";401;302;101;33,44;109;36,09
70;556;1856;"E. M. ANTISTHENES DE OLIVEIRA PINTO";"Cidade de Deus";"Norte";388;300;105;35,00;92;30,67
70;557;1791;"E. E. LETICIO DE CAMPOS DANTAS";"Cidade de Deus";"Norte";387;286;97;33,92;93;32,52
70;558;1902;"E. E. OSMAR PEDROSA";"Novo Aleixo";"Norte";412;325;128;39,38;92;28,31
70;559;1945;"E. M. DR. MAGALHAES CORDEIRO";"Novo Aleixo";"Norte";382;301;97;32,23;107;35,55
70;560;1929;"E. M. PROF. MÍRIAM SOTERO DA SILVA";"Novo Aleixo";"Norte";372;287;77;26,83;123;42,86
70;561;1910;"E. M. PROF. PAULO GRAÇA";"Novo Aleixo";"Norte";393;321;93;28,97;138;42,99
70;562;1813;"E. M. DR. ARISTÓFANES BEZERRA DE CASTRO";"Cidade de Deus";"Norte";379;316;112;35,44;105;33,23
70;563;1864;"E. M. AUREO NONATO";"Cidade de Deus";"Norte";313;255;84;32,94;74;29,02
70;564;1899;"E. M. IRMA ZENIR DE CASTRO ALVES";"Novo Aleixo";"Norte";336;274;96;35,04;98;35,77
70;565;1961;"E. E. RAIMUNDA HOLANDA DE SOUZA";"Novo Aleixo";"Norte";390;309;96;31,07;106;34,30
70;566;1821;"E. M. SEN. DARCY RIBEIRO";"Novo Aleixo";"Norte";320;241;55;22,82;78;32,37
70;567;1970;"E. E. JURACY BATISTA GOMES";"Novo Aleixo";"Norte";394;293;78;26,62;90;30,72
70;568;1848;"E. M. SAO BENEDITO";"Cidade de Deus";"Norte";399;286;110;38,46;86;30,07
70;569;1937;"E. E. JOSE BERNARDINO LINDOSO";"Novo Aleixo";"Norte";388;282;103;36,52;93;32,98
70;570;1830;"E. E. ENGº. ARTHUR SOARES AMORIM";"Novo Aleixo";"Norte";388;315;99;31,43;103;32,70
70;571;1970;"E. E. JURACY BATISTA GOMES";"Novo Aleixo";"Norte";395;330;102;30,91;99;30,00
70;572;1872;"E. M. JARLECE DA CONCEIÇÃO ZARANZA";"Novo Aleixo";"Norte";394;310;92;29,68;113;36,45
70;573;1988;"E. E. FREI MARIO MONACELLI";"Cidade de Deus";"Norte";397;305;97;31,80;102;33,44
70;574;1996;"E. E. WILMA VITORIANO GEBER";"Cidade de Deus";"Norte";387;302;110;36,42;83;27,48
70;575;1791;"E. E. LETICIO DE CAMPOS DANTAS";"Cidade de Deus";"Norte";391;318;109;34,28;103;32,39
70;576;1953;"E. E. BELARMINO MARREIRO";"Novo Aleixo";"Norte";384;296;95;32,09;120;40,54
70;577;1864;"E. M. AUREO NONATO";"Cidade de Deus";"Norte";288;226;73;32,30;63;27,88
70;578;1856;"E. M. ANTISTHENES DE OLIVEIRA PINTO";"Cidade de Deus";"Norte";392;293;97;33,11;84;28,67
70;579;1902;"E. E. OSMAR PEDROSA";"Novo Aleixo";"Norte";386;304;101;33,22;106;34,87
70;580;1848;"E. M. SAO BENEDITO";"Cidade de Deus";"Norte";396;329;112;34,04;105;31,91
70;581;2003;"E. M. ALMERON CAMINHA MONTEIRO";"Cidade de Deus";"Norte";395;296;104;35,14;82;27,70
70;582;1945;"E. M. DR. MAGALHAES CORDEIRO";"Novo Aleixo";"Norte";387;304;117;38,49;75;24,67
70;583;1830;"E. E. ENGº. ARTHUR SOARES AMORIM";"Novo Aleixo";"Norte";385;317;103;32,49;115;36,28
70;584;1937;"E. E. JOSE BERNARDINO LINDOSO";"Novo Aleixo";"Norte";386;299;86;28,76;115;38,46
70;585;1910;"E. M. PROF. PAULO GRAÇA";"Novo Aleixo";"Norte";397;331;96;29,00;128;38,67
70;586;1880;"E. M. ULISSES GUIMARAES";"Novo Aleixo";"Norte";370;286;92;32,17;91;31,82
70;587;1848;"E. M. SAO BENEDITO";"Cidade de Deus";"Norte";399;301;101;33,55;95;31,56
70;588;1970;"E. E. JURACY BATISTA GOMES";"Novo Aleixo";"Norte";396;311;92;29,58;91;29,26
70;589;1872;"E. M. JARLECE DA CONCEIÇÃO ZARANZA";"Novo Aleixo";"Norte";393;305;103;33,77;90;29,51
70;590;1953;"E. E. BELARMINO MARREIRO";"Novo Aleixo";"Norte";386;297;106;35,69;92;30,98
70;591;1830;"E. E. ENGº. ARTHUR SOARES AMORIM";"Novo Aleixo";"Norte";388;301;97;32,23;109;36,21
70;592;1929;"E. M. PROF. MÍRIAM SOTERO DA SILVA";"Novo Aleixo";"Norte";372;302;93;30,79;104;34,44
70;593;1791;"E. E. LETICIO DE CAMPOS DANTAS";"Cidade de Deus";"Norte";387;284;86;30,28;114;40,14
70;594;1902;"E. E. OSMAR PEDROSA";"Novo Aleixo";"Norte";388;302;118;39,07;104;34,44
70;595;1937;"E. E. JOSE BERNARDINO LINDOSO";"Novo Aleixo";"Norte";391;311;93;29,90;117;37,62
70;596;1848;"E. M. SAO BENEDITO";"Cidade de Deus";"Norte";400;307;103;33,55;96;31,27
70;597;1970;"E. E. JURACY BATISTA GOMES";"Novo Aleixo";"Norte";388;308;99;32,14;105;34,09
70;598;1856;"E. M. ANTISTHENES DE OLIVEIRA PINTO";"Cidade de Deus";"Norte";389;307;92;29,97;104;33,88
70;599;1945;"E. M. DR. MAGALHAES CORDEIRO";"Novo Aleixo";"Norte";386;299;104;34,78;97;32,44
70;600;1830;"E. E. ENGº. ARTHUR SOARES AMORIM";"Novo Aleixo";"Norte";388;319;112;35,11;116;36,36
70;601;2089;"E. M. BIÓLOGO ADOLPHO DUCKE";"Cidade de Deus";"Norte";392;298;108;36,24;90;30,20
70;602;1961;"E. E. RAIMUNDA HOLANDA DE SOUZA";"Novo Aleixo";"Norte";395;295;111;37,63;91;30,85
70;603;1872;"E. M. JARLECE DA CONCEIÇÃO ZARANZA";"Novo Aleixo";"Norte";393;311;91;29,26;104;33,44
70;604;1937;"E. E. JOSE BERNARDINO LINDOSO";"Novo Aleixo";"Norte";397;313;93;29,71;114;36,42
70;605;1953;"E. E. BELARMINO MARREIRO";"Novo Aleixo";"Norte";384;305;90;29,51;108;35,41
70;606;1880;"E. M. ULISSES GUIMARAES";"Novo Aleixo";"Norte";366;287;78;27,18;101;35,19
70;607;1791;"E. E. LETICIO DE CAMPOS DANTAS";"Cidade de Deus";"Norte";389;293;78;26,62;110;37,54
70;608;1902;"E. E. OSMAR PEDROSA";"Novo Aleixo";"Norte";388;310;104;33,55;105;33,87
70;609;2089;"E. M. BIÓLOGO ADOLPHO DUCKE";"Cidade de Deus";"Norte";392;301;107;35,55;103;34,22
70;610;1970;"E. E. JURACY BATISTA GOMES";"Novo Aleixo";"Norte";395;297;86;28,96;88;29,63
70;611;1910;"E. M. PROF. PAULO GRAÇA";"Novo Aleixo";"Norte";399;304;97;31,91;129;42,43
70;612;1830;"E. E. ENGº. ARTHUR SOARES AMORIM";"Novo Aleixo";"Norte";387;294;101;34,35;105;35,71
70;613;1988;"E. E. FREI MARIO MONACELLI";"Cidade de Deus";"Norte";399;317;105;33,12;106;33,44
70;614;1872;"E. M. JARLECE DA CONCEIÇÃO ZARANZA";"Novo Aleixo";"Norte";390;311;106;34,08;104;33,44
70;615;1937;"E. E. JOSE BERNARDINO LINDOSO";"Novo Aleixo";"Norte";393;294;83;28,23;114;38,78
70;616;2089;"E. M. BIÓLOGO ADOLPHO DUCKE";"Cidade de Deus";"Norte";394;303;106;34,98;107;35,31
70;617;1953;"E. E. BELARMINO MARREIRO";"Novo Aleixo";"Norte";382;297;97;32,66;114;38,38
70;618;1945;"E. M. DR. MAGALHAES CORDEIRO";"Novo Aleixo";"Norte";384;302;114;37,75;94;31,13
70;619;1970;"E. E. JURACY BATISTA GOMES";"Novo Aleixo";"Norte";394;297;91;30,64;89;29,97
70;620;1856;"E. M. ANTISTHENES DE OLIVEIRA PINTO";"Cidade de Deus";"Norte";397;307;78;25,41;109;35,50
70;621;1791;"E. E. LETICIO DE CAMPOS DANTAS";"Cidade de Deus";"Norte";391;288;77;26,74;108;37,50
70;622;1880;"E. M. ULISSES GUIMARAES";"Novo Aleixo";"Norte";371;296;74;25,00;115;38,85
70;623;1902;"E. E. OSMAR PEDROSA";"Novo Aleixo";"Norte";383;289;82;28,37;110;38,06
70;624;1830;"E. E. ENGº. ARTHUR SOARES AMORIM";"Novo Aleixo";"Norte";392;308;101;32,79;110;35,71
70;625;1929;"E. M. PROF. MÍRIAM SOTERO DA SILVA";"Novo Aleixo";"Norte";375;302;80;26,49;117;38,74
70;626;1937;"E. E. JOSE BERNARDINO LINDOSO";"Novo Aleixo";"Norte";396;300;77;25,67;104;34,67
70;627;1872;"E. M. JARLECE DA CONCEIÇÃO ZARANZA";"Novo Aleixo";"Norte";389;311;99;31,83;99;31,83
70;628;1988;"E. E. FREI MARIO MONACELLI";"Cidade de Deus";"Norte";395;300;91;30,33;107;35,67
70;629;1970;"E. E. JURACY BATISTA GOMES";"Novo Aleixo";"Norte";391;309;82;26,54;100;32,36
70;630;1953;"E. E. BELARMINO MARREIRO";"Novo Aleixo";"Norte";388;304;103;33,88;111;36,51
70;631;1813;"E. M. DR. ARISTÓFANES BEZERRA DE CASTRO";"Cidade de Deus";"Norte";379;285;101;35,44;86;30,18
70;632;1791;"E. E. LETICIO DE CAMPOS DANTAS";"Cidade de Deus";"Norte";388;300;92;30,67;105;35,00
70;633;1945;"E. M. DR. MAGALHAES CORDEIRO";"Novo Aleixo";"Norte";383;297;91;30,64;97;32,66
70;634;1830;"E. E. ENGº. ARTHUR SOARES AMORIM";"Novo Aleixo";"Norte";388;305;89;29,18;118;38,69
70;635;1961;"E. E. RAIMUNDA HOLANDA DE SOUZA";"Novo Aleixo";"Norte";391;310;98;31,61;98;31,61
70;636;1856;"E. M. ANTISTHENES DE OLIVEIRA PINTO";"Cidade de Deus";"Norte";390;294;89;30,27;92;31,29
70;637;1970;"E. E. JURACY BATISTA GOMES";"Novo Aleixo";"Norte";391;304;83;27,30;88;28,95
70;638;1937;"E. E. JOSE BERNARDINO LINDOSO";"Novo Aleixo";"Norte";387;286;99;34,62;97;33,92
70;639;1902;"E. E. OSMAR PEDROSA";"Novo Aleixo";"Norte";384;300;100;33,33;83;27,67
70;640;1880;"E. M. ULISSES GUIMARAES";"Novo Aleixo";"Norte";364;290;93;32,07;92;31,72
70;641;1872;"E. M. JARLECE DA CONCEIÇÃO ZARANZA";"Novo Aleixo";"Norte";389;306;92;30,07;103;33,66
70;642;1988;"E. E. FREI MARIO MONACELLI";"Cidade de Deus";"Norte";400;300;93;31,00;106;35,33
70;643;1791;"E. E. LETICIO DE CAMPOS DANTAS";"Cidade de Deus";"Norte";390;306;97;31,70;97;31,70
70;644;1910;"E. M. PROF. PAULO GRAÇA";"Novo Aleixo";"Norte";398;307;96;31,27;138;44,95
70;645;1953;"E. E. BELARMINO MARREIRO";"Novo Aleixo";"Norte";389;292;101;34,59;81;27,74
70;646;1830;"E. E. ENGº. ARTHUR SOARES AMORIM";"Novo Aleixo";"Norte";385;293;97;33,11;93;31,74
70;647;1856;"E. M. ANTISTHENES DE OLIVEIRA PINTO";"Cidade de Deus";"Norte";393;299;102;34,11;68;22,74
70;648;1970;"E. E. JURACY BATISTA GOMES";"Novo Aleixo";"Norte";394;298;92;30,87;87;29,19
70;649;1945;"E. M. DR. MAGALHAES CORDEIRO";"Novo Aleixo";"Norte";385;291;96;32,99;98;33,68
70;650;1937;"E. E. JOSE BERNARDINO LINDOSO";"Novo Aleixo";"Norte";390;291;72;24,74;105;36,08
70;651;1791;"E. E. LETICIO DE CAMPOS DANTAS";"Cidade de Deus";"Norte";396;310;86;27,74;119;38,39
70;652;1996;"E. E. WILMA VITORIANO GEBER";"Cidade de Deus";"Norte";380;295;101;34,24;82;27,80
70;653;1902;"E. E. OSMAR PEDROSA";"Novo Aleixo";"Norte";385;299;94;31,44;86;28,76
70;654;1988;"E. E. FREI MARIO MONACELLI";"Cidade de Deus";"Norte";400;306;94;30,72;116;37,91
70;655;1872;"E. M. JARLECE DA CONCEIÇÃO ZARANZA";"Novo Aleixo";"Norte";388;297;89;29,97;103;34,68
70;656;1830;"E. E. ENGº. ARTHUR SOARES AMORIM";"Novo Aleixo";"Norte";389;299;107;35,79;110;36,79
70;657;1970;"E. E. JURACY BATISTA GOMES";"Novo Aleixo";"Norte";396;315;78;24,76;120;38,10
70;658;1929;"E. M. PROF. MÍRIAM SOTERO DA SILVA";"Novo Aleixo";"Norte";376;299;99;33,11;97;32,44
70;659;1953;"E. E. BELARMINO MARREIRO";"Novo Aleixo";"Norte";381;297;97;32,66;105;35,35
70;660;1856;"E. M. ANTISTHENES DE OLIVEIRA PINTO";"Cidade de Deus";"Norte";397;295;82;27,80;92;31,19
70;661;1880;"E. M. ULISSES GUIMARAES";"Novo Aleixo";"Norte";367;288;86;29,86;94;32,64
70;662;1937;"E. E. JOSE BERNARDINO LINDOSO";"Novo Aleixo";"Norte";398;316;99;31,33;110;34,81
70;663;1945;"E. M. DR. MAGALHAES CORDEIRO";"Novo Aleixo";"Norte";388;299;98;32,78;94;31,44
70;664;1791;"E. E. LETICIO DE CAMPOS DANTAS";"Cidade de Deus";"Norte";396;313;93;29,71;98;31,31
70;665;1988;"E. E. FREI MARIO MONACELLI";"Cidade de Deus";"Norte";398;286;82;28,67;107;37,41
70;666;1961;"E. E. RAIMUNDA HOLANDA DE SOUZA";"Novo Aleixo";"Norte";388;300;94;31,33;120;40,00
70;667;1970;"CECF PROF. TEONÍZIA LOBO DE CARVALHO";"Novo Aleixo";"Norte";392;314;88;28,03;102;32,48
70;668;1872;"E. M. JARLECE DA CONCEIÇÃO ZARANZA";"Novo Aleixo";"Norte";394;318;106;33,33;94;29,56
70;669;1830;"E. E. ENGº. ARTHUR SOARES AMORIM";"Novo Aleixo";"Norte";390;308;103;33,44;123;39,94
70;670;1902;"E. E. OSMAR PEDROSA";"Novo Aleixo";"Norte";382;310;112;36,13;96;30,97
70;671;1910;"E. M. PROF. PAULO GRAÇA";"Novo Aleixo";"Norte";400;314;92;29,30;120;38,22
70;672;1856;"E. M. ANTISTHENES DE OLIVEIRA PINTO";"Cidade de Deus";"Norte";395;308;100;32,47;94;30,52
70;673;1791;"E. E. LETICIO DE CAMPOS DANTAS";"Cidade de Deus";"Norte";397;294;73;24,83;107;36,39
70;674;1937;"E. E. JOSE BERNARDINO LINDOSO";"Novo Aleixo";"Norte";396;291;77;26,46;105;36,08
70;675;1953;"E. E. BELARMINO MARREIRO";"Novo Aleixo";"Norte";386;293;101;34,47;117;39,93
70;676;1945;"E. M. DR. MAGALHAES CORDEIRO";"Novo Aleixo";"Norte";386;304;101;33,22;90;29,61
70;677;1880;"E. M. ULISSES GUIMARAES";"Novo Aleixo";"Norte";368;277;69;24,91;85;30,69
70;678;1988;"E. E. FREI MARIO MONACELLI";"Cidade de Deus";"Norte";400;314;105;33,44;94;29,94
70;679;1791;"E. E. LETICIO DE CAMPOS DANTAS";"Cidade de Deus";"Norte";390;294;76;25,85;109;37,07
70;680;1830;"E. E. ENGº. ARTHUR SOARES AMORIM";"Novo Aleixo";"Norte";391;300;99;33,00;114;38,00
70;681;1872;"E. M. JARLECE DA CONCEIÇÃO ZARANZA";"Novo Aleixo";"Norte";392;297;83;27,95;94;31,65
70;682;1937;"E. E. JOSE BERNARDINO LINDOSO";"Novo Aleixo";"Norte";394;303;87;28,71;108;35,64
70;683;1864;"E. M. AUREO NONATO";"Cidade de Deus";"Norte";286;214;69;32,24;72;33,64
70;684;1902;"E. E. OSMAR PEDROSA";"Novo Aleixo";"Norte";382;292;109;37,33;87;29,79
70;685;1945;"E. M. DR. MAGALHAES CORDEIRO";"Novo Aleixo";"Norte";387;296;103;34,80;86;29,05
70;686;1791;"E. E. LETICIO DE CAMPOS DANTAS";"Cidade de Deus";"Norte";399;303;79;26,07;116;38,28
70;687;1813;"E. M. DR. ARISTÓFANES BEZERRA DE CASTRO";"Cidade de Deus";"Norte";378;289;101;34,95;75;25,95
70;688;1988;"E. E. FREI MARIO MONACELLI";"Cidade de Deus";"Norte";399;312;83;26,60;97;31,09
70;689;1880;"E. M. ULISSES GUIMARAES";"Novo Aleixo";"Norte";366;275;82;29,82;87;31,64
70;690;1953;"E. E. BELARMINO MARREIRO";"Novo Aleixo";"Norte";384;301;90;29,90;106;35,22
70;691;1864;"E. M. AUREO NONATO";"Cidade de Deus";"Norte";291;216;57;26,39;64;29,63
70;692;1929;"E. M. PROF. MÍRIAM SOTERO DA SILVA";"Novo Aleixo";"Norte";378;302;97;32,12;106;35,10
70;693;1872;"E. M. JARLECE DA CONCEIÇÃO ZARANZA";"Novo Aleixo";"Norte";390;311;107;34,41;103;33,12
70;694;1830;"E. E. ENGº. ARTHUR SOARES AMORIM";"Novo Aleixo";"Norte";390;307;99;32,25;108;35,18
70;695;1937;"E. E. JOSE BERNARDINO LINDOSO";"Novo Aleixo";"Norte";387;282;76;26,95;106;37,59
70;696;1996;"E. E. WILMA VITORIANO GEBER";"Cidade de Deus";"Norte";397;294;88;29,93;89;30,27
70;697;1988;"E. E. FREI MARIO MONACELLI";"Cidade de Deus";"Norte";401;285;92;32,28;110;38,60
70;698;1945;"E. M. DR. MAGALHAES CORDEIRO";"Novo Aleixo";"Norte";385;294;82;27,89;103;35,03
70;699;1961;"E. E. RAIMUNDA HOLANDA DE SOUZA";"Novo Aleixo";"Norte";394;325;105;32,31;120;36,92
70;700;1910;"E. M. PROF. PAULO GRAÇA";"Novo Aleixo";"Norte";395;325;116;35,69;114;35,08
70;701;1902;"E. E. OSMAR PEDROSA";"Novo Aleixo";"Norte";382;291;91;31,27;92;31,62
70;702;1880;"E. M. ULISSES GUIMARAES";"Novo Aleixo";"Norte";366;266;77;28,95;89;33,46
70;703;1937;"E. E. JOSE BERNARDINO LINDOSO";"Novo Aleixo";"Norte";389;291;77;26,46;109;37,46
70;704;2003;"E. M. ALMERON CAMINHA MONTEIRO";"Cidade de Deus";"Norte";394;289;80;27,68;96;33,22
70;705;1988;"E. E. FREI MARIO MONACELLI";"Cidade de Deus";"Norte";401;303;89;29,37;110;36,30
70;706;1830;"E. E. ENGº. ARTHUR SOARES AMORIM";"Novo Aleixo";"Norte";381;287;87;30,31;126;43,90
70;707;1872;"CMEI PADRE CLAUDIO DALBON";"Novo Aleixo";"Norte";393;315;84;26,67;131;41,59
70;708;1880;"E. M. ULISSES GUIMARAES";"Novo Aleixo";"Norte";367;264;73;27,65;73;27,65
70;709;1937;"E. E. JOSE BERNARDINO LINDOSO";"Novo Aleixo";"Norte";389;301;86;28,57;116;38,54
70;710;1902;"E. E. OSMAR PEDROSA";"Novo Aleixo";"Norte";383;293;92;31,40;95;32,42
70;711;1996;"E. E. WILMA VITORIANO GEBER";"Cidade de Deus";"Norte";381;280;86;30,71;89;31,79
70;712;1961;"E. E. RAIMUNDA HOLANDA DE SOUZA";"Novo Aleixo";"Norte";388;304;86;28,29;103;33,88
70;713;1899;"E. M. IRMA ZENIR DE CASTRO ALVES";"Novo Aleixo";"Norte";343;276;81;29,35;98;35,51
70;714;1937;"E. E. JOSE BERNARDINO LINDOSO";"Novo Aleixo";"Norte";389;282;80;28,37;108;38,30
70;715;1872;"CMEI PADRE CLAUDIO DALBON";"Novo Aleixo";"Norte";387;286;73;25,52;100;34,97
70;716;1910;"E. M. PROF. PAULO GRAÇA";"Novo Aleixo";"Norte";396;314;107;34,08;120;38,22
70;717;1864;"E. M. AUREO NONATO";"Cidade de Deus";"Norte";294;237;57;24,05;69;29,11
70;718;1929;"E. M. PROF. MÍRIAM SOTERO DA SILVA";"Novo Aleixo";"Norte";400;305;89;29,18;122;40,00
70;719;1937;"E. E. JOSE BERNARDINO LINDOSO";"Novo Aleixo";"Norte";398;296;81;27,36;104;35,14
70;720;1961;"E. E. RAIMUNDA HOLANDA DE SOUZA";"Novo Aleixo";"Norte";390;291;84;28,87;110;37,80
70;721;1864;"E. M. AUREO NONATO";"Cidade de Deus";"Norte";300;230;67;29,13;71;30,87
70;722;1902;"EMEF. MIGUEL ARRAES DE ALENCAR";"Novo Aleixo";"Norte";383;287;96;33,45;87;30,31
70;723;1813;"E. M. DR. ARISTÓFANES BEZERRA DE CASTRO";"Cidade de Deus";"Norte";382;276;91;32,97;87;31,52
70;724;2003;"E. M. ALMERON CAMINHA MONTEIRO";"Cidade de Deus";"Norte";395;283;80;28,27;90;31,80
70;725;1937;"E. E. JOSE BERNARDINO LINDOSO";"Novo Aleixo";"Norte";390;290;94;32,41;96;33,10
70;726;1961;"E. E. RAIMUNDA HOLANDA DE SOUZA";"Novo Aleixo";"Norte";388;297;86;28,96;117;39,39
70;727;1864;"E. M. AUREO NONATO";"Cidade de Deus";"Norte";290;217;59;27,19;76;35,02
70;728;1937;"E. E. JOSE BERNARDINO LINDOSO";"Novo Aleixo";"Norte";397;302;87;28,81;96;31,79
70;729;1902;"EMEF. MIGUEL ARRAES DE ALENCAR";"Novo Aleixo";"Norte";378;272;84;30,88;90;33,09
70;730;1821;"E. M. SEN. DARCY RIBEIRO";"Novo Aleixo";"Norte";300;220;57;25,91;66;30,00
70;731;1937;"E. E. JOSE BERNARDINO LINDOSO";"Novo Aleixo";"Norte";386;289;95;32,87;92;31,83
70;732;1961;"E. E. RAIMUNDA HOLANDA DE SOUZA";"Novo Aleixo";"Norte";399;301;103;34,22;100;33,22
70;733;1937;"E. E. JOSE BERNARDINO LINDOSO";"Novo Aleixo";"Norte";389;285;71;24,91;99;34,74
70;734;1910;"E. M. PROF. PAULO GRAÇA";"Novo Aleixo";"Norte";400;307;73;23,78;149;48,53
70;735;2003;"E. M. ALMERON CAMINHA MONTEIRO";"Cidade de Deus";"Norte";396;286;88;30,77;90;31,47
70;736;1864;"E. M. AUREO NONATO";"Cidade de Deus";"Norte";280;204;72;35,29;49;24,02
70;737;1872;"CMEI PADRE CLAUDIO DALBON";"Novo Aleixo";"Norte";389;296;68;22,97;93;31,42
70;738;1988;"E. E. FREI MARIO MONACELLI";"Cidade de Deus";"Norte";402;306;81;26,47;108;35,29
70;739;1864;"E. M. OLGA FIGUEIREDO";"Cidade de Deus";"Norte";286;201;56;27,86;73;36,32
70;740;1880;"E. M. ULISSES GUIMARAES";"Novo Aleixo";"Norte";365;274;74;27,01;95;34,67
70;741;1937;"E. E. JOSE BERNARDINO LINDOSO";"Novo Aleixo";"Norte";396;278;84;30,22;96;34,53
70;742;1902;"EMEF. MIGUEL ARRAES DE ALENCAR";"Novo Aleixo";"Norte";380;281;84;29,89;95;33,81
70;743;2020;"CMEI AILTON ROTH";"Cidade de Deus";"Norte";382;276;88;31,88;91;32,97
70;744;1899;"E. M. IRMA ZENIR DE CASTRO ALVES";"Novo Aleixo";"Norte";343;250;85;34,00;74;29,60
70;745;1961;"E. E. RAIMUNDA HOLANDA DE SOUZA";"Novo Aleixo";"Norte";389;289;86;29,76;103;35,64
70;746;1988;"E. E. FREI MARIO MONACELLI";"Cidade de Deus";"Norte";400;294;97;32,99;88;29,93
70;747;1937;"E. E. JOSE BERNARDINO LINDOSO";"Novo Aleixo";"Norte";388;287;77;26,83;119;41,46
70;748;1929;"E. M. PROF. MÍRIAM SOTERO DA SILVA";"Novo Aleixo";"Norte";372;279;91;32,62;101;36,20
70;749;2038;"CMEI PADRE CLAUDIO DALBON";"Novo Aleixo";"Norte";351;244;67;27,46;84;34,43
70;750;1880;"CECF PROF. TEONÍZIA LOBO DE CARVALHO";"Novo Aleixo";"Norte";364;262;67;25,57;93;35,50
70;751;1945;"E. M. DR. MAGALHAES CORDEIRO";"Novo Aleixo";"Norte";394;287;97;33,80;93;32,40
70;752;1970;"CECF PROF. TEONÍZIA LOBO DE CARVALHO";"Novo Aleixo";"Norte";387;280;60;21,43;96;34,29
70;753;1791;"E. E. LETICIO DE CAMPOS DANTAS";"Cidade de Deus";"Norte";389;276;76;27,54;113;40,94
70;754;1953;"E. E. BELARMINO MARREIRO";"Novo Aleixo";"Norte";390;285;84;29,47;106;37,19
70;755;2046;"CMEI TEN ROXANA PEREIRA BONESSI";"Novo Aleixo";"Norte";382;268;83;30,97;98;36,57
70;756;1872;"CMEI PADRE CLAUDIO DALBON";"Novo Aleixo";"Norte";390;295;75;25,42;104;35,25
70;757;1864;"E. M. OLGA FIGUEIREDO";"Cidade de Deus";"Norte";294;208;51;24,52;62;29,81
70;758;1937;"E. E. JOSE BERNARDINO LINDOSO";"Novo Aleixo";"Norte";398;291;79;27,15;116;39,86
70;759;2003;"E. M. ALMERON CAMINHA MONTEIRO";"Cidade de Deus";"Norte";394;287;82;28,57;77;26,83
70;760;1902;"EMEF. MIGUEL ARRAES DE ALENCAR";"Novo Aleixo";"Norte";385;278;79;28,42;111;39,93
70;761;1813;"E. M. DR. ARISTÓFANES BEZERRA DE CASTRO";"Cidade de Deus";"Norte";386;298;92;30,87;103;34,56
70;762;1791;"E. E. LETICIO DE CAMPOS DANTAS";"Cidade de Deus";"Norte";409;305;74;24,26;110;36,07
70;763;1830;"E. E. ENGº. ARTHUR SOARES AMORIM";"Novo Aleixo";"Norte";389;285;84;29,47;99;34,74
70;764;1864;"E. M. OLGA FIGUEIREDO";"Cidade de Deus";"Norte";279;193;52;26,94;67;34,72
70;765;2020;"CMEI AILTON ROTH";"Cidade de Deus";"Norte";393;295;84;28,47;99;33,56
70;766;1970;"CECF PROF. TEONÍZIA LOBO DE CARVALHO";"Novo Aleixo";"Norte";390;284;67;23,59;91;32,04
70;767;1937;"E. E. JOSE BERNARDINO LINDOSO";"Novo Aleixo";"Norte";391;270;83;30,74;94;34,81
70;768;1945;"E. M. DR. MAGALHAES CORDEIRO";"Novo Aleixo";"Norte";393;275;78;28,36;91;33,09
70;769;1791;"E. E. LETICIO DE CAMPOS DANTAS";"Cidade de Deus";"Norte";391;285;80;28,07;99;34,74
70;770;1910;"E. M. PROF. PAULO GRAÇA";"Novo Aleixo";"Norte";397;302;86;28,48;124;41,06
70;771;1953;"E. E. BELARMINO MARREIRO";"Novo Aleixo";"Norte";384;290;79;27,24;94;32,41
70;772;1880;"CECF PROF. TEONÍZIA LOBO DE CARVALHO";"Novo Aleixo";"Norte";369;278;77;27,70;72;25,90
70;773;1830;"E. E. ENGº. ARTHUR SOARES AMORIM";"Novo Aleixo";"Norte";385;290;92;31,72;106;36,55
70;774;2062;"E. M. PROF. RUTH COSTA";"Novo Aleixo";"Norte";297;224;76;33,93;79;35,27
70;775;2054;"E. M. ESCRITOR ERICO VERISSIMO";"Novo Aleixo";"Norte";158;117;44;37,61;33;28,21
70;776;1937;"E. E. JOSE BERNARDINO LINDOSO";"Novo Aleixo";"Norte";396;294;83;28,23;99;33,67
70;777;1902;"EMEF. MIGUEL ARRAES DE ALENCAR";"Novo Aleixo";"Norte";382;291;77;26,46;109;37,46
70;778;1945;"E. M. DR. MAGALHAES CORDEIRO";"Novo Aleixo";"Norte";384;277;87;31,41;100;36,10
70;779;2020;"CMEI AILTON ROTH";"Cidade de Deus";"Norte";376;267;82;30,71;97;36,33
70;780;1929;"E. M. PROF. MÍRIAM SOTERO DA SILVA";"Novo Aleixo";"Norte";372;293;81;27,65;109;37,20
70;781;1880;"CECF PROF. TEONÍZIA LOBO DE CARVALHO";"Novo Aleixo";"Norte";362;266;76;28,57;85;31,95
70;782;1864;"E. M. OLGA FIGUEIREDO";"Cidade de Deus";"Norte";277;206;66;32,04;65;31,55
70;783;1830;"E. E. ENGº. ARTHUR SOARES AMORIM";"Novo Aleixo";"Norte";393;274;82;29,93;111;40,51
70;784;1953;"E. E. BELARMINO MARREIRO";"Novo Aleixo";"Norte";390;281;67;23,84;118;41,99
70;785;2003;"E. M. ALMERON CAMINHA MONTEIRO";"Cidade de Deus";"Norte";409;288;91;31,60;91;31,60
70;786;1864;"E. M. OLGA FIGUEIREDO";"Cidade de Deus";"Norte";283;210;64;30,48;61;29,05
70;787;1813;"E. M. DR. ARISTÓFANES BEZERRA DE CASTRO";"Cidade de Deus";"Norte";380;271;99;36,53;70;25,83
70;788;1880;"E. M. SEN. DARCY RIBEIRO";"Novo Aleixo";"Norte";366;275;74;26,91;103;37,45
70;789;2020;"CMEI AILTON ROTH";"Cidade de Deus";"Norte";378;265;80;30,19;95;35,85
70;790;2046;"CMEI TEN ROXANA PEREIRA BONESSI";"Novo Aleixo";"Norte";388;272;83;30,51;98;36,03
70;791;1910;"E. M. PROF. PAULO GRAÇA";"Novo Aleixo";"Norte";398;278;83;29,86;93;33,45
70;792;1880;"E. M. SEN. DARCY RIBEIRO";"Novo Aleixo";"Norte";367;262;74;28,24;86;32,82
70;793;1953;"E. E. BELARMINO MARREIRO";"Novo Aleixo";"Norte";383;282;89;31,56;103;36,52
70;794;2003;"E. M. ALMERON CAMINHA MONTEIRO";"Cidade de Deus";"Norte";392;275;86;31,27;82;29,82
70;795;1864;"E. M. OLGA FIGUEIREDO";"Cidade de Deus";"Norte";286;198;58;29,29;58;29,29
70;796;2020;"CMEI AILTON ROTH";"Cidade de Deus";"Norte";380;272;92;33,82;72;26,47
70;797;1864;"E. M. OLGA FIGUEIREDO";"Cidade de Deus";"Norte";285;200;62;31,00;58;29,00
70;798;2089;"E. M. BIÓLOGO ADOLPHO DUCKE";"Cidade de Deus";"Norte";401;270;82;30,37;79;29,26
70;799;2070;"E. M. GOVERNADOR EDUARDO RIBEIRO";"Cidade de Deus";"Norte";353;265;82;30,94;83;31,32
70;800;1937;"E. E. JOSE BERNARDINO LINDOSO";"Novo Aleixo";"Norte";401;289;71;24,57;106;36,68
70;801;1953;"E. E. BELARMINO MARREIRO";"Novo Aleixo";"Norte";388;267;72;26,97;92;34,46
70;802;2020;"CMEI AILTON ROTH";"Cidade de Deus";"Norte";381;274;85;31,02;88;32,12
70;803;2003;"E. M. ALMERON CAMINHA MONTEIRO";"Cidade de Deus";"Norte";392;286;70;24,48;85;29,72
70;804;2038;"CMEI PADRE CLAUDIO DALBON";"Novo Aleixo";"Norte";351;247;90;36,44;67;27,13
70;805;2046;"CMEI TEN ROXANA PEREIRA BONESSI";"Novo Aleixo";"Norte";377;265;95;35,85;88;33,21
70;806;2089;"E. M. BIÓLOGO ADOLPHO DUCKE";"Cidade de Deus";"Norte";395;282;80;28,37;93;32,98
70;807;2097;"E. M. OLGA FIGUEIREDO";"Cidade de Deus";"Norte";378;263;84;31,94;79;30,04
70;808;1848;"E. M. SAO BENEDITO";"Cidade de Deus";"Norte";399;288;71;24,65;112;38,89
70;809;2151;"E. E. ELIRA PINHEIRO";"Cidade de Deus";"Norte";388;277;97;35,02;102;36,82
70;810;2194;"CECF PROF. TEONÍZIA LOBO DE CARVALHO";"Novo Aleixo";"Norte";306;213;64;30,05;74;34,74
70;811;2143;"E. E. ELIRA PINHEIRO";"Cidade de Deus";"Norte";276;202;69;34,16;53;26,24
70;812;2232;"CRECHE MARIA DO PERPÉTUO SOCORRO TRINDADE PEREIRA SENA";"Novo Aleixo";"Norte";357;246;87;35,37;89;36,18
70;813;2178;"C. E. RECANTO DA CRIANÇA INTERATIVA - PARTICULAR";"Novo Aleixo";"Norte";339;247;92;37,25;68;27,53
70;814;2119;"C. E. CENTRO EDUCACIONAL IMPERIAL - PARTICULAR";"Cidade de Deus";"Norte";381;273;80;29,30;96;35,16
70;815;2135;"E. M. PROF. ROBERTO DA SILVA PEIXOTO";"Cidade de Deus";"Norte";278;189;58;30,69;61;32,28
70;816;2208;"CMEI PADRE CLAUDIO DALBON";"Novo Aleixo";"Norte";186;139;41;29,50;56;40,29
70;817;2160;"CMEI CALISTO PEREIRA CAVALCANTE";"Cidade de Deus";"Norte";342;241;60;24,90;94;39,00
70;818;2224;"CMEI SANTA ISABEL";"Novo Aleixo";"Norte";341;253;93;36,76;76;30,04
70;819;2186;"E. M. DR. ADERSON PEREIRA DUTRA";"Novo Aleixo";"Norte";364;260;67;25,77;92;35,38
70;820;2216;"CMEI SANTINA CASTRO PEREIRA";"Novo Aleixo";"Norte";440;321;117;36,45;68;21,18
70;821;2100;"E. M. GOVERNADOR EDUARDO RIBEIRO";"Cidade de Deus";"Norte";307;217;66;30,41;73;33,64
70;822;1848;"E. M. GOVERNADOR EDUARDO RIBEIRO";"Cidade de Deus";"Norte";401;282;86;30,50;75;26,60
70;823;2127;"CMEI. PROFª. SULAMITA PEREIRA GONÇALVES";"Cidade de Deus";"Norte";348;223;67;30,04;70;31,39
70;824;1813;"E. M. DR. ARISTÓFANES BEZERRA DE CASTRO";"Cidade de Deus";"Norte";378;275;80;29,09;101;36,73
70;825;1848;"E. M. GOVERNADOR EDUARDO RIBEIRO";"Cidade de Deus";"Norte";397;292;85;29,11;92;31,51
70;826;2046;"CMEI TEN ROXANA PEREIRA BONESSI";"Novo Aleixo";"Norte";379;269;88;32,71;83;30,86
70;827;1929;"E. M. PROF. MÍRIAM SOTERO DA SILVA";"Novo Aleixo";"Norte";373;285;86;30,18;101;35,44
70;828;2160;"CMEI CALISTO PEREIRA CAVALCANTE";"Cidade de Deus";"Norte";346;228;71;31,14;81;35,53
70;829;2097;"E. M. OLGA FIGUEIREDO";"Cidade de Deus";"Norte";386;259;66;25,48;84;32,43
70;830;2178;"C. E. RECANTO DA CRIANÇA INTERATIVA - PARTICULAR";"Novo Aleixo";"Norte";346;252;87;34,52;82;32,54
70;831;2070;"E. M. GOVERNADOR EDUARDO RIBEIRO";"Cidade de Deus";"Norte";367;268;81;30,22;82;30,60
70;832;2097;"E. M. OLGA FIGUEIREDO";"Cidade de Deus";"Norte";399;293;73;24,91;97;33,11
70;833;2151;"E. E. ELIRA PINHEIRO";"Cidade de Deus";"Norte";387;286;74;25,87;94;32,87
70;834;2062;"E. M. PROF. RUTH COSTA";"Novo Aleixo";"Norte";225;172;58;33,72;53;30,81
70;835;2194;"CECF PROF. TEONÍZIA LOBO DE CARVALHO";"Novo Aleixo";"Norte";339;245;70;28,57;74;30,20
70;840;2160;"CMEI CALISTO PEREIRA CAVALCANTE";"Cidade de Deus";"Norte";342;255;57;22,35;83;32,55
70;841;2127;"CMEI. PROFª. SULAMITA PEREIRA GONÇALVES";"Cidade de Deus";"Norte";130;102;23;22,55;38;37,25
70;842;2097;"E. M. OLGA FIGUEIREDO";"Cidade de Deus";"Norte";379;280;81;28,93;82;29,29
70;843;2178;"C. E. RECANTO DA CRIANÇA INTERATIVA - PARTICULAR";"Novo Aleixo";"Norte";310;250;83;33,20;70;28,00
70;844;1880;"E. M. ULISSES GUIMARAES";"Novo Aleixo";"Norte";396;294;77;26,19;87;29,59
70;845;2038;"CMEI PADRE CLAUDIO DALBON";"Novo Aleixo";"Norte";73;49;13;26,53;12;24,49
70;846;2232;"CRECHE MARIA DO PERPÉTUO SOCORRO TRINDADE PEREIRA SENA";"Novo Aleixo";"Norte";228;185;50;27,03;75;40,54
70;847;2070;"E. M. GOVERNADOR EDUARDO RIBEIRO";"Cidade de Deus";"Norte";234;192;64;33,33;56;29,17
70;848;2119;"C. E. CENTRO EDUCACIONAL IMPERIAL - PARTICULAR";"Cidade de Deus";"Norte";244;195;72;36,92;58;29,74
