zona;secao;tipo;secao_principal;local;nome_local;bairro;eleitores
1;550;Principal;-1;2240;E. M. SERGIO ALFREDO PESSOA FIGUEIREDO;PRESIDENTE VARGAS;103
1;616;Principal;-1;2399;E. E. RIBEIRO DA CUNHA;CENTRO;256
1;640;Principal;-1;2429;E. E. CARVALHO LEAL;CACHOEIRINHA;312
1;641;Principal;-1;2089;ESCOLA SUPERIOR DE CIENCIAS DA SAUDE - UEA;CACHOEIRINHA;321
1;642;Principal;-1;2321;E. E. MILBURGES BEZERRA DE ARAUJO;RAIZ;319
1;643;Principal;-1;2054;E. E. 1º DE MAIO;PRAÇA 14 DE JANEIRO;322
1;644;Principal;-1;2402;E. E. SOLON DE LUCENA;SÃO GERALDO;344
1;645;Principal;-1;2542;SESC CENTRO;CENTRO;339
1;646;Principal;-1;2437;E. E. PRINCESA ISABEL (SEÇÕES IEA 646/702/723/749);CENTRO;273
1;647;Principal;-1;2135;E. E. ANGELO RAMAZZOTTI;ADRIANÓPOLIS;284
1;648;Principal;-1;2348;CENTRO ESTADUAL DE CONVIVÊNCIA DO IDOSO - CECI APARECIDA;NOSSA SENHORA APARECIDA;345
1;649;Principal;-1;2194;PARQUE MUNICIPAL DO IDOSO 2;NOSSA SENHORA DAS GRAÇAS;313
1;650;Principal;-1;2569;E.E. ANTONIO TELLES DE SOUZA;PRESIDENTE VARGAS;287
1;651;Principal;-1;2178;ESCOLA DE ENFERMAGEM DE MANAUS - UFAM;ADRIANÓPOLIS;273
1;652;Principal;-1;2453;COLEGIO NOSSA SENHORA AUXILIADORA;CENTRO;388
1;653;Principal;-1;2160;ESCOLA SUPERIOR DE ARTES E TURISMO - UEA;PRAÇA 14 DE JANEIRO;276
1;654;Principal;-1;2518;JUCEA - SEÇÕES 654 692 714 745 E E NOSSA SENHORA DAS GRAÇAS;NOSSA SENHORA DAS GRAÇAS;301
1;655;Principal;-1;2119;FACULDADE DE MEDICINA - UFAM;CENTRO;297
1;656;Agregada;550;2291;E. M. PROF. WALDIR GARCIA;SÃO GERALDO;268
1;657;Principal;-1;2208;ESCOLA SUPERIOR DE CIÊNCIAS SOCIAIS - UEA;CACHOEIRINHA;272
1;658;Principal;-1;2534;COLÉGIO SANTA DOROTEIA;CENTRO;331
1;659;Principal;-1;2062;SENAI;CACHOEIRINHA;366
1;660;Principal;-1;2275;E. E. CONEGO AZEVEDO;NOSSA SENHORA APARECIDA;257
1;661;Principal;-1;2046;E. E. PLÁCIDO SERRANO;PRAÇA 14 DE JANEIRO;286
1;662;Principal;-1;2399;E. E. RIBEIRO DA CUNHA;CENTRO;270
1;663;Principal;-1;2380;E. E. SEN. CUNHA MELO;RAIZ;317
1;664;Principal;-1;2372;E. M. SAGRADO CORAÇÃO DE JESUS;CENTRO;307
1;665;Principal;-1;2020;E. E. FARIAS BRITO;CENTRO;310
1;666;Principal;-1;2550;E. M. JOSÉ CARLOS MARTINS MESTRINHO;NOSSA SENHORA DAS GRAÇAS;395
1;667;Principal;-1;1996;IFAM - INST FED DE EDUCAÇÃO CIÊNCIA E TECNOLOGIA DO AMAZONAS;CENTRO;307
1;668;Principal;-1;2062;SENAI;CACHOEIRINHA;343
1;669;Principal;-1;2496;COLÉGIO LATO SENSU UNIDADE ADRIANÓPOLIS;ADRIANÓPOLIS;341
1;670;Principal;-1;2313;E. E. VICENTE SCHETTINI;NOSSA SENHORA APARECIDA;284
1;671;Principal;-1;2240;E. M. SERGIO ALFREDO PESSOA FIGUEIREDO;PRESIDENTE VARGAS;295
1;672;Principal;-1;2402;E. E. SOLON DE LUCENA;SÃO GERALDO;270
1;673;Principal;-1;1996;IFAM - INST FED DE EDUCAÇÃO CIÊNCIA E TECNOLOGIA DO AMAZONAS;CENTRO;277
1;674;Principal;-1;2534;COLÉGIO SANTA DOROTEIA;CENTRO;337
1;675;Principal;-1;2437;E. E. PRINCESA ISABEL (SEÇÕES IEA 646/702/723/749);CENTRO;277
1;676;Principal;-1;2496;COLÉGIO LATO SENSU UNIDADE ADRIANÓPOLIS;ADRIANÓPOLIS;344
1;677;Principal;-1;2542;SESC CENTRO;CENTRO;233
1;678;Principal;-1;2097;E. E. ARTHUR ARAUJO;NOSSA SENHORA DAS GRAÇAS;306
1;679;Principal;-1;2224;E. M. LORIS CORDOVIL;PRAÇA 14 DE JANEIRO;323
1;681;Principal;-1;2216;E. M. DE EDUCACAO ESPECIAL ANDRE VIDAL DE ARAUJO;NOSSA SENHORA DAS GRAÇAS;309
1;682;Principal;-1;2330;CENTRO DE REFERÊNCIA DA FAMÍLIA ANDRÉ ARAÚJO - CECF;RAIZ;266
1;683;Principal;-1;2348;CENTRO ESTADUAL DE CONVIVÊNCIA DO IDOSO - CECI APARECIDA;NOSSA SENHORA APARECIDA;346
1;684;Principal;-1;2135;E. E. ANGELO RAMAZZOTTI;ADRIANÓPOLIS;283
1;685;Principal;-1;2283;INSTITUTO DE EDUCACAO DO AMAZONAS;CENTRO;271
1;686;Principal;-1;2429;E. E. CARVALHO LEAL;CACHOEIRINHA;318
1;687;Principal;-1;2453;COLEGIO NOSSA SENHORA AUXILIADORA;CENTRO;394
1;688;Principal;-1;1996;IFAM - INST FED DE EDUCAÇÃO CIÊNCIA E TECNOLOGIA DO AMAZONAS;CENTRO;310
1;689;Principal;-1;2321;E. E. MILBURGES BEZERRA DE ARAUJO;RAIZ;320
1;690;Principal;-1;2054;E. E. 1º DE MAIO;PRAÇA 14 DE JANEIRO;324
1;691;Principal;-1;2089;ESCOLA SUPERIOR DE CIENCIAS DA SAUDE - UEA;CACHOEIRINHA;321
1;692;Principal;-1;2518;JUCEA - SEÇÕES 654 692 714 745 E E NOSSA SENHORA DAS GRAÇAS;NOSSA SENHORA DAS GRAÇAS;299
1;693;Principal;-1;2380;E. E. SEN. CUNHA MELO;RAIZ;321
1;694;Principal;-1;2194;PARQUE MUNICIPAL DO IDOSO 2;NOSSA SENHORA DAS GRAÇAS;314
1;695;Principal;-1;2097;E. E. ARTHUR ARAUJO;NOSSA SENHORA DAS GRAÇAS;304
1;696;Principal;-1;2534;COLÉGIO SANTA DOROTEIA;CENTRO;336
1;697;Principal;-1;2135;E. E. ANGELO RAMAZZOTTI;ADRIANÓPOLIS;281
1;698;Principal;-1;2020;E. E. FARIAS BRITO;CENTRO;313
1;699;Principal;-1;2569;E.E. ANTONIO TELLES DE SOUZA;PRESIDENTE VARGAS;284
1;700;Principal;-1;2429;E. E. CARVALHO LEAL;CACHOEIRINHA;318
1;701;Principal;-1;2062;SENAI;CACHOEIRINHA;369
1;702;Principal;-1;2437;E. E. PRINCESA ISABEL (SEÇÕES IEA 646/702/723/749);CENTRO;267
1;703;Principal;-1;2178;ESCOLA DE ENFERMAGEM DE MANAUS - UFAM;ADRIANÓPOLIS;274
1;704;Principal;-1;2453;COLEGIO NOSSA SENHORA AUXILIADORA;CENTRO;393
1;705;Principal;-1;2399;E. E. RIBEIRO DA CUNHA;CENTRO;268
1;706;Principal;-1;1996;IFAM - INST FED DE EDUCAÇÃO CIÊNCIA E TECNOLOGIA DO AMAZONAS;CENTRO;308
1;707;Principal;-1;2542;SESC CENTRO;CENTRO;339
1;708;Principal;-1;2321;E. E. MILBURGES BEZERRA DE ARAUJO;RAIZ;324
1;709;Principal;-1;2160;ESCOLA SUPERIOR DE ARTES E TURISMO - UEA;PRAÇA 14 DE JANEIRO;261
1;710;Principal;-1;2135;E. E. ANGELO RAMAZZOTTI;ADRIANÓPOLIS;262
1;711;Principal;-1;2054;E. E. 1º DE MAIO;PRAÇA 14 DE JANEIRO;323
1;712;Principal;-1;2313;E. E. VICENTE SCHETTINI;NOSSA SENHORA APARECIDA;289
1;713;Principal;-1;2380;E. E. SEN. CUNHA MELO;RAIZ;321
1;714;Principal;-1;2518;JUCEA - SEÇÕES 654 692 714 745 E E NOSSA SENHORA DAS GRAÇAS;NOSSA SENHORA DAS GRAÇAS;296
1;715;Principal;-1;2046;E. E. PLÁCIDO SERRANO;PRAÇA 14 DE JANEIRO;274
1;716;Principal;-1;2089;ESCOLA SUPERIOR DE CIENCIAS DA SAUDE - UEA;CACHOEIRINHA;320
1;717;Principal;-1;2402;E. E. SOLON DE LUCENA;SÃO GERALDO;260
1;718;Principal;-1;2402;E. E. SOLON DE LUCENA;SÃO GERALDO;344
1;719;Principal;-1;2429;E. E. CARVALHO LEAL;CACHOEIRINHA;318
1;720;Principal;-1;2348;CENTRO ESTADUAL DE CONVIVÊNCIA DO IDOSO - CECI APARECIDA;NOSSA SENHORA APARECIDA;345
1;721;Principal;-1;2550;E. M. JOSÉ CARLOS MARTINS MESTRINHO;NOSSA SENHORA DAS GRAÇAS;395
1;722;Principal;-1;2372;E. M. SAGRADO CORAÇÃO DE JESUS;CENTRO;307
1;723;Principal;-1;2437;E. E. PRINCESA ISABEL (SEÇÕES IEA 646/702/723/749);CENTRO;270
1;724;Principal;-1;2275;E. E. CONEGO AZEVEDO;NOSSA SENHORA APARECIDA;262
1;725;Principal;-1;2453;COLEGIO NOSSA SENHORA AUXILIADORA;CENTRO;393
1;726;Principal;-1;2119;FACULDADE DE MEDICINA - UFAM;CENTRO;300
1;727;Principal;-1;2135;E. E. ANGELO RAMAZZOTTI;ADRIANÓPOLIS;278
1;728;Principal;-1;2496;COLÉGIO LATO SENSU UNIDADE ADRIANÓPOLIS;ADRIANÓPOLIS;341
1;729;Principal;-1;2194;PARQUE MUNICIPAL DO IDOSO 2;NOSSA SENHORA DAS GRAÇAS;315
1;730;Principal;-1;2321;E. E. MILBURGES BEZERRA DE ARAUJO;RAIZ;324
1;731;Principal;-1;1996;IFAM - INST FED DE EDUCAÇÃO CIÊNCIA E TECNOLOGIA DO AMAZONAS;CENTRO;307
1;732;Principal;-1;2534;COLÉGIO SANTA DOROTEIA;CENTRO;334
1;733;Principal;-1;2054;E. E. 1º DE MAIO;PRAÇA 14 DE JANEIRO;325
1;734;Principal;-1;2178;ESCOLA DE ENFERMAGEM DE MANAUS - UFAM;ADRIANÓPOLIS;277
1;735;Principal;-1;2380;E. E. SEN. CUNHA MELO;RAIZ;321
1;736;Principal;-1;2569;E.E. ANTONIO TELLES DE SOUZA;PRESIDENTE VARGAS;290
1;737;Principal;-1;2534;COLÉGIO SANTA DOROTEIA;CENTRO;335
1;738;Principal;-1;2429;E. E. CARVALHO LEAL;CACHOEIRINHA;320
1;739;Principal;-1;2089;ESCOLA SUPERIOR DE CIENCIAS DA SAUDE - UEA;CACHOEIRINHA;318
1;740;Principal;-1;2020;E. E. FARIAS BRITO;CENTRO;314
1;741;Principal;-1;2097;E. E. ARTHUR ARAUJO;NOSSA SENHORA DAS GRAÇAS;299
1;742;Principal;-1;2453;COLEGIO NOSSA SENHORA AUXILIADORA;CENTRO;393
1;743;Principal;-1;2135;E. E. ANGELO RAMAZZOTTI;ADRIANÓPOLIS;281
1;744;Principal;-1;2062;SENAI;CACHOEIRINHA;340
1;745;Principal;-1;2518;JUCEA - SEÇÕES 654 692 714 745 E E NOSSA SENHORA DAS GRAÇAS;NOSSA SENHORA DAS GRAÇAS;294
1;746;Principal;-1;2399;E. E. RIBEIRO DA CUNHA;CENTRO;271
1;747;Principal;-1;2062;SENAI;CACHOEIRINHA;373
1;748;Principal;-1;2542;SESC CENTRO;CENTRO;334
1;749;Principal;-1;2437;E. E. PRINCESA ISABEL (SEÇÕES IEA 646/702/723/749);CENTRO;280
1;750;Principal;-1;2208;ESCOLA SUPERIOR DE CIÊNCIAS SOCIAIS - UEA;CACHOEIRINHA;267
1;751;Principal;-1;2240;E. M. SERGIO ALFREDO PESSOA FIGUEIREDO;PRESIDENTE VARGAS;294
1;752;Principal;-1;2321;E. E. MILBURGES BEZERRA DE ARAUJO;RAIZ;321
1;753;Principal;-1;2429;E. E. CARVALHO LEAL;CACHOEIRINHA;319
1;754;Principal;-1;2054;E. E. 1º DE MAIO;PRAÇA 14 DE JANEIRO;325
1;755;Principal;-1;1996;IFAM - INST FED DE EDUCAÇÃO CIÊNCIA E TECNOLOGIA DO AMAZONAS;CENTRO;308
1;756;Principal;-1;2380;E. E. SEN. CUNHA MELO;RAIZ;322
1;757;Principal;-1;2194;PARQUE MUNICIPAL DO IDOSO 2;NOSSA SENHORA DAS GRAÇAS;307
1;758;Principal;-1;2402;E. E. SOLON DE LUCENA;SÃO GERALDO;264
1;759;Principal;-1;2046;E. E. PLÁCIDO SERRANO;PRAÇA 14 DE JANEIRO;266
1;760;Principal;-1;2135;E. E. ANGELO RAMAZZOTTI;ADRIANÓPOLIS;265
1;761;Principal;-1;2089;ESCOLA SUPERIOR DE CIENCIAS DA SAUDE - UEA;CACHOEIRINHA;322
1;762;Principal;-1;2160;ESCOLA SUPERIOR DE ARTES E TURISMO - UEA;PRAÇA 14 DE JANEIRO;304
1;763;Principal;-1;2402;E. E. SOLON DE LUCENA;SÃO GERALDO;343
1;764;Principal;-1;2020;E. E. FARIAS BRITO;CENTRO;306
1;765;Principal;-1;2453;COLEGIO NOSSA SENHORA AUXILIADORA;CENTRO;392
1;766;Principal;-1;2429;E. E. CARVALHO LEAL;CACHOEIRINHA;318
1;767;Principal;-1;2500;CMEI PROF JOELMA SILVA DE OLIVEIRA;NOSSA SENHORA DAS GRAÇAS;293
1;768;Principal;-1;2534;COLÉGIO SANTA DOROTEIA;CENTRO;338
1;769;Principal;-1;2569;E.E. ANTONIO TELLES DE SOUZA;PRESIDENTE VARGAS;282
1;770;Principal;-1;2330;CENTRO DE REFERÊNCIA DA FAMÍLIA ANDRÉ ARAÚJO - CECF;RAIZ;268
1;771;Principal;-1;2178;ESCOLA DE ENFERMAGEM DE MANAUS - UFAM;ADRIANÓPOLIS;272
1;772;Principal;-1;2240;E. M. SERGIO ALFREDO PESSOA FIGUEIREDO;PRESIDENTE VARGAS;252
1;773;Principal;-1;2550;E. M. JOSÉ CARLOS MARTINS MESTRINHO;NOSSA SENHORA DAS GRAÇAS;395
1;774;Principal;-1;2321;E. E. MILBURGES BEZERRA DE ARAUJO;RAIZ;322
1;775;Principal;-1;2348;CENTRO ESTADUAL DE CONVIVÊNCIA DO IDOSO - CECI APARECIDA;NOSSA SENHORA APARECIDA;348
1;776;Principal;-1;2380;E. E. SEN. CUNHA MELO;RAIZ;323
1;777;Principal;-1;2283;INSTITUTO DE EDUCACAO DO AMAZONAS;CENTRO;272
1;778;Principal;-1;2216;E. M. DE EDUCACAO ESPECIAL ANDRE VIDAL DE ARAUJO;NOSSA SENHORA DAS GRAÇAS;310
1;779;Principal;-1;2372;E. M. SAGRADO CORAÇÃO DE JESUS;CENTRO;305
1;780;Principal;-1;2194;PARQUE MUNICIPAL DO IDOSO 2;NOSSA SENHORA DAS GRAÇAS;306
1;781;Principal;-1;2097;E. E. ARTHUR ARAUJO;NOSSA SENHORA DAS GRAÇAS;295
1;782;Principal;-1;1996;IFAM - INST FED DE EDUCAÇÃO CIÊNCIA E TECNOLOGIA DO AMAZONAS;CENTRO;308
1;783;Principal;-1;2062;SENAI;CACHOEIRINHA;373
1;784;Principal;-1;2089;ESCOLA SUPERIOR DE CIENCIAS DA SAUDE - UEA;CACHOEIRINHA;320
1;785;Principal;-1;2054;E. E. 1º DE MAIO;PRAÇA 14 DE JANEIRO;322
1;786;Principal;-1;1996;IFAM - INST FED DE EDUCAÇÃO CIÊNCIA E TECNOLOGIA DO AMAZONAS;CENTRO;263
1;787;Principal;-1;2429;E. E. CARVALHO LEAL;CACHOEIRINHA;316
1;788;Principal;-1;2453;COLEGIO NOSSA SENHORA AUXILIADORA;CENTRO;391
1;789;Principal;-1;2542;SESC CENTRO;CENTRO;343
1;790;Principal;-1;2380;E. E. SEN. CUNHA MELO;RAIZ;322
1;791;Principal;-1;2178;ESCOLA DE ENFERMAGEM DE MANAUS - UFAM;ADRIANÓPOLIS;259
1;792;Principal;-1;2534;COLÉGIO SANTA DOROTEIA;CENTRO;332
1;793;Principal;-1;2321;E. E. MILBURGES BEZERRA DE ARAUJO;RAIZ;323
1;794;Principal;-1;2283;INSTITUTO DE EDUCACAO DO AMAZONAS;CENTRO;263
1;795;Principal;-1;2020;E. E. FARIAS BRITO;CENTRO;305
1;796;Principal;-1;2399;E. E. RIBEIRO DA CUNHA;CENTRO;275
1;797;Principal;-1;1996;IFAM - INST FED DE EDUCAÇÃO CIÊNCIA E TECNOLOGIA DO AMAZONAS;CENTRO;308
1;798;Principal;-1;2062;SENAI;CACHOEIRINHA;338
1;799;Principal;-1;2119;FACULDADE DE MEDICINA - UFAM;CENTRO;295
1;800;Principal;-1;2313;E. E. VICENTE SCHETTINI;NOSSA SENHORA APARECIDA;288
1;801;Principal;-1;2500;CMEI PROF JOELMA SILVA DE OLIVEIRA;NOSSA SENHORA DAS GRAÇAS;289
1;802;Principal;-1;2496;COLÉGIO LATO SENSU UNIDADE ADRIANÓPOLIS;ADRIANÓPOLIS;343
1;803;Principal;-1;2534;COLÉGIO SANTA DOROTEIA;CENTRO;330
1;804;Principal;-1;2429;E. E. CARVALHO LEAL;CACHOEIRINHA;318
1;805;Principal;-1;2402;E. E. SOLON DE LUCENA;SÃO GERALDO;342
1;806;Principal;-1;2402;E. E. SOLON DE LUCENA;SÃO GERALDO;278
1;807;Principal;-1;2569;E.E. ANTONIO TELLES DE SOUZA;PRESIDENTE VARGAS;288
1;808;Principal;-1;2275;E. E. CONEGO AZEVEDO;NOSSA SENHORA APARECIDA;256
1;809;Principal;-1;2054;E. E. 1º DE MAIO;PRAÇA 14 DE JANEIRO;323
1;810;Principal;-1;2178;ESCOLA DE ENFERMAGEM DE MANAUS - UFAM;ADRIANÓPOLIS;269
1;811;Principal;-1;2453;COLEGIO NOSSA SENHORA AUXILIADORA;CENTRO;395
1;812;Principal;-1;2089;ESCOLA SUPERIOR DE CIENCIAS DA SAUDE - UEA;CACHOEIRINHA;320
1;813;Principal;-1;2380;E. E. SEN. CUNHA MELO;RAIZ;322
1;814;Principal;-1;2550;E. M. JOSÉ CARLOS MARTINS MESTRINHO;NOSSA SENHORA DAS GRAÇAS;391
1;815;Principal;-1;2046;E. E. PLÁCIDO SERRANO;PRAÇA 14 DE JANEIRO;264
1;816;Principal;-1;2097;E. E. ARTHUR ARAUJO;NOSSA SENHORA DAS GRAÇAS;294
1;817;Principal;-1;2160;ESCOLA SUPERIOR DE ARTES E TURISMO - UEA;PRAÇA 14 DE JANEIRO;267
1;818;Principal;-1;2283;INSTITUTO DE EDUCACAO DO AMAZONAS;CENTRO;268
1;819;Principal;-1;2542;SESC CENTRO;CENTRO;342
1;820;Principal;-1;2062;SENAI;CACHOEIRINHA;369
1;821;Principal;-1;2321;E. E. MILBURGES BEZERRA DE ARAUJO;RAIZ;322
1;822;Principal;-1;2429;E. E. CARVALHO LEAL;CACHOEIRINHA;316
1;823;Principal;-1;1996;IFAM - INST FED DE EDUCAÇÃO CIÊNCIA E TECNOLOGIA DO AMAZONAS;CENTRO;307
1;824;Principal;-1;2178;ESCOLA DE ENFERMAGEM DE MANAUS - UFAM;ADRIANÓPOLIS;287
1;825;Principal;-1;2437;E. E. PRINCESA ISABEL (SEÇÕES IEA 646/702/723/749);CENTRO;256
1;826;Principal;-1;2240;E. M. SERGIO ALFREDO PESSOA FIGUEIREDO;PRESIDENTE VARGAS;292
1;827;Principal;-1;2348;CENTRO ESTADUAL DE CONVIVÊNCIA DO IDOSO - CECI APARECIDA;NOSSA SENHORA APARECIDA;344
1;828;Principal;-1;2216;E. M. DE EDUCACAO ESPECIAL ANDRE VIDAL DE ARAUJO;NOSSA SENHORA DAS GRAÇAS;309
1;829;Principal;-1;2020;E. E. FARIAS BRITO;CENTRO;311
1;830;Principal;-1;2372;E. M. SAGRADO CORAÇÃO DE JESUS;CENTRO;303
1;831;Principal;-1;2500;CMEI PROF JOELMA SILVA DE OLIVEIRA;NOSSA SENHORA DAS GRAÇAS;292
1;832;Principal;-1;2402;E. E. SOLON DE LUCENA;SÃO GERALDO;343
1;833;Principal;-1;2534;COLÉGIO SANTA DOROTEIA;CENTRO;335
1;834;Principal;-1;2380;E. E. SEN. CUNHA MELO;RAIZ;317
1;835;Principal;-1;2089;ESCOLA SUPERIOR DE CIENCIAS DA SAUDE - UEA;CACHOEIRINHA;323
1;836;Principal;-1;2054;E. E. 1º DE MAIO;PRAÇA 14 DE JANEIRO;323
1;837;Principal;-1;2178;ESCOLA DE ENFERMAGEM DE MANAUS - UFAM;ADRIANÓPOLIS;281
1;838;Principal;-1;2283;INSTITUTO DE EDUCACAO DO AMAZONAS;CENTRO;256
1;839;Principal;-1;2429;E. E. CARVALHO LEAL;CACHOEIRINHA;318
1;840;Principal;-1;2321;E. E. MILBURGES BEZERRA DE ARAUJO;RAIZ;324
1;841;Principal;-1;1996;IFAM - INST FED DE EDUCAÇÃO CIÊNCIA E TECNOLOGIA DO AMAZONAS;CENTRO;308
1;842;Principal;-1;2542;SESC CENTRO;CENTRO;334
1;843;Principal;-1;2550;E. M. JOSÉ CARLOS MARTINS MESTRINHO;NOSSA SENHORA DAS GRAÇAS;392
1;844;Principal;-1;2534;COLÉGIO SANTA DOROTEIA;CENTRO;331
1;845;Principal;-1;2046;E. E. PLÁCIDO SERRANO;PRAÇA 14 DE JANEIRO;264
1;846;Principal;-1;2097;E. E. ARTHUR ARAUJO;NOSSA SENHORA DAS GRAÇAS;290
1;847;Principal;-1;2496;COLÉGIO LATO SENSU UNIDADE ADRIANÓPOLIS;ADRIANÓPOLIS;343
1;848;Principal;-1;2496;COLÉGIO LATO SENSU UNIDADE ADRIANÓPOLIS;ADRIANÓPOLIS;343
1;849;Principal;-1;2283;INSTITUTO DE EDUCACAO DO AMAZONAS;CENTRO;253
1;850;Principal;-1;2208;ESCOLA SUPERIOR DE CIÊNCIAS SOCIAIS - UEA;CACHOEIRINHA;252
1;851;Principal;-1;2089;ESCOLA SUPERIOR DE CIENCIAS DA SAUDE - UEA;CACHOEIRINHA;321
1;852;Principal;-1;2054;E. E. 1º DE MAIO;PRAÇA 14 DE JANEIRO;324
1;853;Principal;-1;2429;E. E. CARVALHO LEAL;CACHOEIRINHA;316
1;854;Principal;-1;2380;E. E. SEN. CUNHA MELO;RAIZ;320
1;855;Principal;-1;2160;ESCOLA SUPERIOR DE ARTES E TURISMO - UEA;PRAÇA 14 DE JANEIRO;251
1;856;Principal;-1;2402;E. E. SOLON DE LUCENA;SÃO GERALDO;248
1;857;Principal;-1;2062;SENAI;CACHOEIRINHA;369
1;858;Principal;-1;2534;COLÉGIO SANTA DOROTEIA;CENTRO;330
1;859;Principal;-1;2500;CMEI PROF JOELMA SILVA DE OLIVEIRA;NOSSA SENHORA DAS GRAÇAS;294
1;860;Principal;-1;2321;E. E. MILBURGES BEZERRA DE ARAUJO;RAIZ;318
1;861;Principal;-1;2020;E. E. FARIAS BRITO;CENTRO;306
1;862;Principal;-1;2372;E. M. SAGRADO CORAÇÃO DE JESUS;CENTRO;306
1;863;Principal;-1;2402;E. E. SOLON DE LUCENA;SÃO GERALDO;344
1;864;Principal;-1;2119;FACULDADE DE MEDICINA - UFAM;CENTRO;284
1;865;Principal;-1;2240;E. M. SERGIO ALFREDO PESSOA FIGUEIREDO;PRESIDENTE VARGAS;285
1;866;Principal;-1;2062;SENAI;CACHOEIRINHA;327
1;867;Principal;-1;2348;CENTRO ESTADUAL DE CONVIVÊNCIA DO IDOSO - CECI APARECIDA;NOSSA SENHORA APARECIDA;345
1;868;Principal;-1;2542;SESC CENTRO;CENTRO;344
1;869;Principal;-1;2216;E. M. DE EDUCACAO ESPECIAL ANDRE VIDAL DE ARAUJO;NOSSA SENHORA DAS GRAÇAS;308
1;870;Principal;-1;1996;IFAM - INST FED DE EDUCAÇÃO CIÊNCIA E TECNOLOGIA DO AMAZONAS;CENTRO;307
1;871;Principal;-1;2178;ESCOLA DE ENFERMAGEM DE MANAUS - UFAM;ADRIANÓPOLIS;250
1;872;Principal;-1;2399;E. E. RIBEIRO DA CUNHA;CENTRO;263
1;873;Principal;-1;2569;E.E. ANTONIO TELLES DE SOUZA;PRESIDENTE VARGAS;284
1;874;Principal;-1;2453;COLEGIO NOSSA SENHORA AUXILIADORA;CENTRO;390
1;875;Principal;-1;2283;INSTITUTO DE EDUCACAO DO AMAZONAS;CENTRO;254
1;876;Principal;-1;2429;E. E. CARVALHO LEAL;CACHOEIRINHA;314
1;877;Principal;-1;2135;E. E. ANGELO RAMAZZOTTI;ADRIANÓPOLIS;263
1;878;Principal;-1;2380;E. E. SEN. CUNHA MELO;RAIZ;319
1;879;Principal;-1;2550;E. M. JOSÉ CARLOS MARTINS MESTRINHO;NOSSA SENHORA DAS GRAÇAS;395
1;880;Principal;-1;2054;E. E. 1º DE MAIO;PRAÇA 14 DE JANEIRO;322
1;881;Principal;-1;2097;E. E. ARTHUR ARAUJO;NOSSA SENHORA DAS GRAÇAS;289
1;882;Principal;-1;2089;ESCOLA SUPERIOR DE CIENCIAS DA SAUDE - UEA;CACHOEIRINHA;318
1;883;Agregada;772;2291;E. M. PROF. WALDIR GARCIA;SÃO GERALDO;107
1;884;Principal;-1;2321;E. E. MILBURGES BEZERRA DE ARAUJO;RAIZ;318
1;885;Principal;-1;2534;COLÉGIO SANTA DOROTEIA;CENTRO;336
1;886;Principal;-1;2313;E. E. VICENTE SCHETTINI;NOSSA SENHORA APARECIDA;270
1;887;Principal;-1;2500;CMEI PROF JOELMA SILVA DE OLIVEIRA;NOSSA SENHORA DAS GRAÇAS;293
1;888;Principal;-1;2275;E. E. CONEGO AZEVEDO;NOSSA SENHORA APARECIDA;242
1;889;Principal;-1;2046;E. E. PLÁCIDO SERRANO;PRAÇA 14 DE JANEIRO;236
1;890;Principal;-1;2020;E. E. FARIAS BRITO;CENTRO;300
1;891;Principal;-1;2330;CENTRO DE REFERÊNCIA DA FAMÍLIA ANDRÉ ARAÚJO - CECF;RAIZ;265
1;892;Principal;-1;2429;E. E. CARVALHO LEAL;CACHOEIRINHA;318
1;893;Principal;-1;2534;COLÉGIO SANTA DOROTEIA;CENTRO;327
1;894;Principal;-1;2135;E. E. ANGELO RAMAZZOTTI;ADRIANÓPOLIS;258
1;895;Principal;-1;2283;INSTITUTO DE EDUCACAO DO AMAZONAS;CENTRO;257
1;896;Principal;-1;2380;E. E. SEN. CUNHA MELO;RAIZ;319
1;897;Principal;-1;2453;COLEGIO NOSSA SENHORA AUXILIADORA;CENTRO;393
1;898;Principal;-1;2062;SENAI;CACHOEIRINHA;368
1;899;Principal;-1;2542;SESC CENTRO;CENTRO;330
1;900;Principal;-1;1996;IFAM - INST FED DE EDUCAÇÃO CIÊNCIA E TECNOLOGIA DO AMAZONAS;CENTRO;245
1;901;Principal;-1;2054;E. E. 1º DE MAIO;PRAÇA 14 DE JANEIRO;319
1;902;Principal;-1;2402;E. E. SOLON DE LUCENA;SÃO GERALDO;240
1;904;Principal;-1;2372;E. M. SAGRADO CORAÇÃO DE JESUS;CENTRO;304
1;905;Principal;-1;2534;COLÉGIO SANTA DOROTEIA;CENTRO;320
1;907;Principal;-1;2402;E. E. SOLON DE LUCENA;SÃO GERALDO;329
1;908;Principal;-1;2089;ESCOLA SUPERIOR DE CIENCIAS DA SAUDE - UEA;CACHOEIRINHA;310
1;910;Principal;-1;2283;INSTITUTO DE EDUCACAO DO AMAZONAS;CENTRO;246
1;912;Principal;-1;2135;E. E. ANGELO RAMAZZOTTI;ADRIANÓPOLIS;261
1;918;Principal;-1;2496;COLÉGIO LATO SENSU UNIDADE ADRIANÓPOLIS;ADRIANÓPOLIS;343
1;919;Principal;-1;2453;COLEGIO NOSSA SENHORA AUXILIADORA;CENTRO;392
1;920;Principal;-1;2062;SENAI;CACHOEIRINHA;341
1;921;Principal;-1;2542;SESC CENTRO;CENTRO;333
1;922;Principal;-1;2062;SENAI;CACHOEIRINHA;370
1;923;Principal;-1;2178;ESCOLA DE ENFERMAGEM DE MANAUS - UFAM;ADRIANÓPOLIS;215
1;924;Principal;-1;2216;E. M. DE EDUCACAO ESPECIAL ANDRE VIDAL DE ARAUJO;NOSSA SENHORA DAS GRAÇAS;309
1;925;Principal;-1;2194;PARQUE MUNICIPAL DO IDOSO 2;NOSSA SENHORA DAS GRAÇAS;304
1;926;Principal;-1;1996;IFAM - INST FED DE EDUCAÇÃO CIÊNCIA E TECNOLOGIA DO AMAZONAS;CENTRO;309
1;927;Principal;-1;2380;E. E. SEN. CUNHA MELO;RAIZ;314
1;928;Principal;-1;2321;E. E. MILBURGES BEZERRA DE ARAUJO;RAIZ;326
1;929;Principal;-1;2097;E. E. ARTHUR ARAUJO;NOSSA SENHORA DAS GRAÇAS;288
1;930;Principal;-1;2429;E. E. CARVALHO LEAL;CACHOEIRINHA;321
1;931;Principal;-1;2020;E. E. FARIAS BRITO;CENTRO;302
1;932;Principal;-1;2160;ESCOLA SUPERIOR DE ARTES E TURISMO - UEA;PRAÇA 14 DE JANEIRO;253
1;933;Principal;-1;2500;CMEI PROF JOELMA SILVA DE OLIVEIRA;NOSSA SENHORA DAS GRAÇAS;287
1;934;Principal;-1;2569;E.E. ANTONIO TELLES DE SOUZA;PRESIDENTE VARGAS;283
1;935;Principal;-1;2348;CENTRO ESTADUAL DE CONVIVÊNCIA DO IDOSO - CECI APARECIDA;NOSSA SENHORA APARECIDA;342
1;936;Principal;-1;2550;E. M. JOSÉ CARLOS MARTINS MESTRINHO;NOSSA SENHORA DAS GRAÇAS;395
1;937;Principal;-1;2330;CENTRO DE REFERÊNCIA DA FAMÍLIA ANDRÉ ARAÚJO - CECF;RAIZ;266
1;938;Principal;-1;2240;E. M. SERGIO ALFREDO PESSOA FIGUEIREDO;PRESIDENTE VARGAS;292
1;939;Principal;-1;2224;E. M. LORIS CORDOVIL;PRAÇA 14 DE JANEIRO;319
1;940;Agregada;786;2186;E. E. PROF. DIOFANTO VIEIRA MONTEIRO;CENTRO;117
1;941;Principal;-1;2089;ESCOLA SUPERIOR DE CIENCIAS DA SAUDE - UEA;CACHOEIRINHA;321
1;942;Principal;-1;2054;E. E. 1º DE MAIO;PRAÇA 14 DE JANEIRO;323
1;943;Principal;-1;2534;COLÉGIO SANTA DOROTEIA;CENTRO;333
1;944;Principal;-1;2534;COLÉGIO SANTA DOROTEIA;CENTRO;333
1;945;Principal;-1;2283;INSTITUTO DE EDUCACAO DO AMAZONAS;CENTRO;260
1;946;Principal;-1;2496;COLÉGIO LATO SENSU UNIDADE ADRIANÓPOLIS;ADRIANÓPOLIS;341
1;947;Agregada;845;2046;E. E. PLÁCIDO SERRANO;PRAÇA 14 DE JANEIRO;185
1;948;Principal;-1;2542;SESC CENTRO;CENTRO;336
1;949;Principal;-1;2313;E. E. VICENTE SCHETTINI;NOSSA SENHORA APARECIDA;283
1;950;Principal;-1;2402;E. E. SOLON DE LUCENA;SÃO GERALDO;341
1;951;Principal;-1;2160;ESCOLA SUPERIOR DE ARTES E TURISMO - UEA;PRAÇA 14 DE JANEIRO;252
1;952;Principal;-1;1996;IFAM - INST FED DE EDUCAÇÃO CIÊNCIA E TECNOLOGIA DO AMAZONAS;CENTRO;305
1;953;Principal;-1;2208;ESCOLA SUPERIOR DE CIÊNCIAS SOCIAIS - UEA;CACHOEIRINHA;250
1;954;Principal;-1;2119;FACULDADE DE MEDICINA - UFAM;CENTRO;278
1;955;Principal;-1;2283;INSTITUTO DE EDUCACAO DO AMAZONAS;CENTRO;94
1;956;Principal;-1;2461;FACULDADE MARTHA FALCAO;ADRIANÓPOLIS;344
1;957;Principal;-1;2208;ESCOLA SUPERIOR DE CIÊNCIAS SOCIAIS - UEA;CACHOEIRINHA;267
1;963;Principal;-1;2402;E. E. SOLON DE LUCENA;SÃO GERALDO;344
1;964;Principal;-1;1996;IFAM - INST FED DE EDUCAÇÃO CIÊNCIA E TECNOLOGIA DO AMAZONAS;CENTRO;307
1;965;Principal;-1;2208;ESCOLA SUPERIOR DE CIÊNCIAS SOCIAIS - UEA;CACHOEIRINHA;189
1;966;Principal;-1;2461;FACULDADE MARTHA FALCAO;ADRIANÓPOLIS;343
1;967;Principal;-1;2216;E. M. DE EDUCACAO ESPECIAL ANDRE VIDAL DE ARAUJO;NOSSA SENHORA DAS GRAÇAS;310
1;968;Principal;-1;2402;E. E. SOLON DE LUCENA;SÃO GERALDO;345
1;969;Principal;-1;2208;ESCOLA SUPERIOR DE CIÊNCIAS SOCIAIS - UEA;CACHOEIRINHA;201
1;970;Principal;-1;1996;IFAM - INST FED DE EDUCAÇÃO CIÊNCIA E TECNOLOGIA DO AMAZONAS;CENTRO;306
1;971;Agregada;965;2208;ESCOLA SUPERIOR DE CIÊNCIAS SOCIAIS - UEA;CACHOEIRINHA;185
1;972;Principal;-1;2461;FACULDADE MARTHA FALCAO;ADRIANÓPOLIS;343
1;973;Principal;-1;2062;SENAI;CACHOEIRINHA;371
1;974;Principal;-1;2496;COLÉGIO LATO SENSU UNIDADE ADRIANÓPOLIS;ADRIANÓPOLIS;343
1;975;Principal;-1;2461;FACULDADE MARTHA FALCAO;ADRIANÓPOLIS;348
1;976;Agregada;975;2461;FACULDADE MARTHA FALCAO;ADRIANÓPOLIS;51
2;534;Principal;-1;2011;E. E. ALTAIR SEVERIANO NUNES;PARQUE 10 DE NOVEMBRO;328
2;535;Principal;-1;1902;ESCOLA SUPERIOR DE TECNOLOGIA - UEA;PARQUE 10 DE NOVEMBRO;390
2;536;Principal;-1;1953;E. E. PROF. ALDA BARATA;FLORES;347
2;537;Principal;-1;2135;P.E. CRECHE INFANTE TIRADENTES (ANTIGO CIESA);FLORES;289
2;538;Principal;-1;1996;E. M. PROF. FRANCISCA PEREIRA DE ARAUJO;FLORES;338
2;539;Principal;-1;1899;CSU HUMBERTO DE ALENCAR CASTELO BRANCO;PARQUE 10 DE NOVEMBRO;356
2;540;Principal;-1;2038;ARENA GINÁSIO POLIESPORTIVA AMADEU TEIXEIRA;FLORES;309
2;541;Principal;-1;1856;FACULDADE ESTÁCIO (ANTIGO CEL);CHAPADA;339
2;542;Principal;-1;1910;UNIP;PARQUE 10 DE NOVEMBRO;360
2;543;Principal;-1;2135;P.E. CRECHE INFANTE TIRADENTES (ANTIGO CIESA);FLORES;292
2;544;Principal;-1;1988;E. E. LIBERTADOR SIMON BOLIVAR;ALEIXO;342
2;545;Principal;-1;2038;ARENA GINÁSIO POLIESPORTIVA AMADEU TEIXEIRA;FLORES;293
2;546;Principal;-1;1880;E. E. JOSE BENTES MONTEIRO;ALEIXO;349
2;547;Principal;-1;2038;ARENA GINÁSIO POLIESPORTIVA AMADEU TEIXEIRA;FLORES;304
2;548;Principal;-1;2003;E. E. ADERSON DE MENEZES;PARQUE 10 DE NOVEMBRO;364
2;549;Principal;-1;2011;E. E. ALTAIR SEVERIANO NUNES;PARQUE 10 DE NOVEMBRO;317
2;550;Principal;-1;1929;E. E. ALICE SALERNO;PARQUE 10 DE NOVEMBRO;362
2;551;Principal;-1;2020;E. E. PROF. AGENOR FERREIRA LIMA;ALEIXO;326
2;552;Principal;-1;1929;E. E. ALICE SALERNO;PARQUE 10 DE NOVEMBRO;355
2;553;Principal;-1;1996;E. M. PROF. FRANCISCA PEREIRA DE ARAUJO;FLORES;335
2;554;Principal;-1;1988;E. E. LIBERTADOR SIMON BOLIVAR;ALEIXO;346
2;555;Principal;-1;1899;CSU HUMBERTO DE ALENCAR CASTELO BRANCO;PARQUE 10 DE NOVEMBRO;356
2;556;Principal;-1;2135;P.E. CRECHE INFANTE TIRADENTES (ANTIGO CIESA);FLORES;296
2;557;Principal;-1;1880;E. E. JOSE BENTES MONTEIRO;ALEIXO;355
2;558;Principal;-1;1856;FACULDADE ESTÁCIO (ANTIGO CEL);CHAPADA;342
2;559;Principal;-1;2011;E. E. ALTAIR SEVERIANO NUNES;PARQUE 10 DE NOVEMBRO;318
2;560;Principal;-1;2003;E. E. ADERSON DE MENEZES;PARQUE 10 DE NOVEMBRO;364
2;561;Principal;-1;2011;E. E. ALTAIR SEVERIANO NUNES;PARQUE 10 DE NOVEMBRO;316
2;562;Principal;-1;1929;E. E. ALICE SALERNO;PARQUE 10 DE NOVEMBRO;359
2;563;Principal;-1;1929;E. E. ALICE SALERNO;PARQUE 10 DE NOVEMBRO;358
2;564;Principal;-1;1899;CSU HUMBERTO DE ALENCAR CASTELO BRANCO;PARQUE 10 DE NOVEMBRO;357
2;565;Principal;-1;1988;E. E. LIBERTADOR SIMON BOLIVAR;ALEIXO;343
2;566;Principal;-1;1880;E. E. JOSE BENTES MONTEIRO;ALEIXO;353
2;567;Principal;-1;1910;UNIP;PARQUE 10 DE NOVEMBRO;364
2;568;Principal;-1;1996;E. M. PROF. FRANCISCA PEREIRA DE ARAUJO;FLORES;324
2;569;Principal;-1;2135;P.E. CRECHE INFANTE TIRADENTES (ANTIGO CIESA);FLORES;303
2;570;Principal;-1;2020;E. E. PROF. AGENOR FERREIRA LIMA;ALEIXO;327
2;571;Principal;-1;1856;FACULDADE ESTÁCIO (ANTIGO CEL);CHAPADA;344
2;572;Principal;-1;1902;ESCOLA SUPERIOR DE TECNOLOGIA - UEA;PARQUE 10 DE NOVEMBRO;388
2;573;Principal;-1;2003;E. E. ADERSON DE MENEZES;PARQUE 10 DE NOVEMBRO;362
2;574;Principal;-1;1899;CSU HUMBERTO DE ALENCAR CASTELO BRANCO;PARQUE 10 DE NOVEMBRO;355
2;575;Principal;-1;2011;E. E. ALTAIR SEVERIANO NUNES;PARQUE 10 DE NOVEMBRO;315
2;576;Principal;-1;1988;E. E. LIBERTADOR SIMON BOLIVAR;ALEIXO;345
2;577;Principal;-1;2135;P.E. CRECHE INFANTE TIRADENTES (ANTIGO CIESA);FLORES;318
2;578;Principal;-1;1996;E. M. PROF. FRANCISCA PEREIRA DE ARAUJO;FLORES;335
2;579;Principal;-1;1929;E. E. ALICE SALERNO;PARQUE 10 DE NOVEMBRO;364
2;580;Principal;-1;1880;E. E. JOSE BENTES MONTEIRO;ALEIXO;356
2;581;Principal;-1;1899;CSU HUMBERTO DE ALENCAR CASTELO BRANCO;PARQUE 10 DE NOVEMBRO;357
2;582;Principal;-1;1856;FACULDADE ESTÁCIO (ANTIGO CEL);CHAPADA;344
2;583;Principal;-1;2135;P.E. CRECHE INFANTE TIRADENTES (ANTIGO CIESA);FLORES;300
2;584;Principal;-1;2038;ARENA GINÁSIO POLIESPORTIVA AMADEU TEIXEIRA;FLORES;309
2;585;Principal;-1;2011;E. E. ALTAIR SEVERIANO NUNES;PARQUE 10 DE NOVEMBRO;317
2;586;Principal;-1;2046;CENTRO UNIVERSITÁRIO NILTON LINS;FLORES;389
2;587;Principal;-1;2054;C. E. ADALBERTO VALLE - UNIDADE II MORADA DO SOL;ALEIXO;385
2;588;Principal;-1;2119;E.E. PROFESSORA LEONILA MARINHO;PARQUE 10 DE NOVEMBRO;313
2;589;Principal;-1;2070;E. M. ARTHUR CEZAR FERREIRA REIS;PARQUE 10 DE NOVEMBRO;374
2;590;Principal;-1;2003;E. E. ADERSON DE MENEZES;PARQUE 10 DE NOVEMBRO;364
2;591;Principal;-1;1996;E. M. PROF. FRANCISCA PEREIRA DE ARAUJO;FLORES;335
2;592;Principal;-1;1988;E. E. LIBERTADOR SIMON BOLIVAR;ALEIXO;350
2;593;Principal;-1;2020;E. E. PROF. AGENOR FERREIRA LIMA;ALEIXO;327
2;594;Principal;-1;1929;E. E. ALICE SALERNO;PARQUE 10 DE NOVEMBRO;363
2;595;Principal;-1;1899;CSU HUMBERTO DE ALENCAR CASTELO BRANCO;PARQUE 10 DE NOVEMBRO;358
2;596;Principal;-1;1910;UNIP;PARQUE 10 DE NOVEMBRO;362
2;597;Principal;-1;2046;CENTRO UNIVERSITÁRIO NILTON LINS;FLORES;389
2;598;Principal;-1;1902;ESCOLA SUPERIOR DE TECNOLOGIA - UEA;PARQUE 10 DE NOVEMBRO;392
2;599;Principal;-1;1880;E. E. JOSE BENTES MONTEIRO;ALEIXO;357
2;600;Principal;-1;1996;E. M. PROF. FRANCISCA PEREIRA DE ARAUJO;FLORES;338
2;601;Principal;-1;1856;FACULDADE ESTÁCIO (ANTIGO CEL);CHAPADA;343
2;602;Principal;-1;2046;CENTRO UNIVERSITÁRIO NILTON LINS;FLORES;390
2;603;Principal;-1;2011;E. E. ALTAIR SEVERIANO NUNES;PARQUE 10 DE NOVEMBRO;318
2;604;Principal;-1;1899;CSU HUMBERTO DE ALENCAR CASTELO BRANCO;PARQUE 10 DE NOVEMBRO;355
2;605;Principal;-1;2135;P.E. CRECHE INFANTE TIRADENTES (ANTIGO CIESA);FLORES;312
2;606;Principal;-1;1953;E. E. PROF. ALDA BARATA;FLORES;336
2;607;Principal;-1;1929;E. E. ALICE SALERNO;PARQUE 10 DE NOVEMBRO;361
2;608;Principal;-1;2054;C. E. ADALBERTO VALLE - UNIDADE II MORADA DO SOL;ALEIXO;387
2;609;Principal;-1;1988;E. E. LIBERTADOR SIMON BOLIVAR;ALEIXO;342
2;610;Principal;-1;1880;E. E. JOSE BENTES MONTEIRO;ALEIXO;355
2;611;Principal;-1;2046;CENTRO UNIVERSITÁRIO NILTON LINS;FLORES;390
2;612;Principal;-1;1996;E. M. PROF. FRANCISCA PEREIRA DE ARAUJO;FLORES;335
2;613;Principal;-1;2003;E. E. ADERSON DE MENEZES;PARQUE 10 DE NOVEMBRO;361
2;614;Principal;-1;1899;CSU HUMBERTO DE ALENCAR CASTELO BRANCO;PARQUE 10 DE NOVEMBRO;354
2;615;Principal;-1;1856;FACULDADE ESTÁCIO (ANTIGO CEL);CHAPADA;344
2;616;Principal;-1;2046;CENTRO UNIVERSITÁRIO NILTON LINS;FLORES;388
2;617;Principal;-1;2038;ARENA GINÁSIO POLIESPORTIVA AMADEU TEIXEIRA;FLORES;311
2;618;Principal;-1;1996;E. M. PROF. FRANCISCA PEREIRA DE ARAUJO;FLORES;336
2;619;Principal;-1;2011;E. E. ALTAIR SEVERIANO NUNES;PARQUE 10 DE NOVEMBRO;315
2;620;Principal;-1;1929;E. E. ALICE SALERNO;PARQUE 10 DE NOVEMBRO;359
2;621;Principal;-1;1902;ESCOLA SUPERIOR DE TECNOLOGIA - UEA;PARQUE 10 DE NOVEMBRO;389
2;622;Principal;-1;2054;C. E. ADALBERTO VALLE - UNIDADE II MORADA DO SOL;ALEIXO;383
2;623;Principal;-1;1880;E. E. JOSE BENTES MONTEIRO;ALEIXO;357
2;624;Principal;-1;2046;CENTRO UNIVERSITÁRIO NILTON LINS;FLORES;391
2;625;Principal;-1;2135;P.E. CRECHE INFANTE TIRADENTES (ANTIGO CIESA);FLORES;309
2;626;Principal;-1;1988;E. E. LIBERTADOR SIMON BOLIVAR;ALEIXO;346
2;627;Principal;-1;1910;UNIP;PARQUE 10 DE NOVEMBRO;358
2;628;Principal;-1;1996;E. M. PROF. FRANCISCA PEREIRA DE ARAUJO;FLORES;336
2;629;Principal;-1;1899;CSU HUMBERTO DE ALENCAR CASTELO BRANCO;PARQUE 10 DE NOVEMBRO;353
2;630;Principal;-1;2046;CENTRO UNIVERSITÁRIO NILTON LINS;FLORES;388
2;631;Principal;-1;2038;ARENA GINÁSIO POLIESPORTIVA AMADEU TEIXEIRA;FLORES;292
2;632;Principal;-1;1856;FACULDADE ESTÁCIO (ANTIGO CEL);CHAPADA;345
2;633;Principal;-1;2003;E. E. ADERSON DE MENEZES;PARQUE 10 DE NOVEMBRO;361
2;634;Principal;-1;1929;E. E. ALICE SALERNO;PARQUE 10 DE NOVEMBRO;358
2;635;Principal;-1;2011;E. E. ALTAIR SEVERIANO NUNES;PARQUE 10 DE NOVEMBRO;316
2;636;Principal;-1;2046;CENTRO UNIVERSITÁRIO NILTON LINS;FLORES;392
2;637;Principal;-1;2054;C. E. ADALBERTO VALLE - UNIDADE II MORADA DO SOL;ALEIXO;387
2;638;Principal;-1;1996;E. M. PROF. FRANCISCA PEREIRA DE ARAUJO;FLORES;338
2;639;Principal;-1;1988;E. E. LIBERTADOR SIMON BOLIVAR;ALEIXO;343
2;640;Principal;-1;1880;E. E. JOSE BENTES MONTEIRO;ALEIXO;352
2;641;Principal;-1;2135;P.E. CRECHE INFANTE TIRADENTES (ANTIGO CIESA);FLORES;296
2;642;Principal;-1;2046;CENTRO UNIVERSITÁRIO NILTON LINS;FLORES;388
2;643;Principal;-1;2020;E. E. PROF. AGENOR FERREIRA LIMA;ALEIXO;328
2;644;Principal;-1;1856;FACULDADE ESTÁCIO (ANTIGO CEL);CHAPADA;343
2;645;Principal;-1;2003;E. E. ADERSON DE MENEZES;PARQUE 10 DE NOVEMBRO;360
2;646;Principal;-1;1929;E. E. ALICE SALERNO;PARQUE 10 DE NOVEMBRO;359
2;647;Principal;-1;2011;E. E. ALTAIR SEVERIANO NUNES;PARQUE 10 DE NOVEMBRO;318
2;648;Principal;-1;2119;E.E. PROFESSORA LEONILA MARINHO;PARQUE 10 DE NOVEMBRO;315
2;649;Principal;-1;2046;CENTRO UNIVERSITÁRIO NILTON LINS;FLORES;391
2;650;Principal;-1;1902;ESCOLA SUPERIOR DE TECNOLOGIA - UEA;PARQUE 10 DE NOVEMBRO;391
2;651;Principal;-1;2054;C. E. ADALBERTO VALLE - UNIDADE II MORADA DO SOL;ALEIXO;386
2;652;Principal;-1;1953;E. E. PROF. ALDA BARATA;FLORES;337
2;653;Principal;-1;2046;CENTRO UNIVERSITÁRIO NILTON LINS;FLORES;388
2;654;Principal;-1;1910;UNIP;PARQUE 10 DE NOVEMBRO;360
2;655;Principal;-1;2135;P.E. CRECHE INFANTE TIRADENTES (ANTIGO CIESA);FLORES;308
2;656;Principal;-1;1880;E. E. JOSE BENTES MONTEIRO;ALEIXO;357
2;657;Principal;-1;1929;E. E. ALICE SALERNO;PARQUE 10 DE NOVEMBRO;362
2;658;Principal;-1;2046;CENTRO UNIVERSITÁRIO NILTON LINS;FLORES;389
2;659;Principal;-1;1856;FACULDADE ESTÁCIO (ANTIGO CEL);CHAPADA;344
2;660;Principal;-1;2003;E. E. ADERSON DE MENEZES;PARQUE 10 DE NOVEMBRO;365
2;661;Principal;-1;1988;E. E. LIBERTADOR SIMON BOLIVAR;ALEIXO;345
2;662;Principal;-1;2046;CENTRO UNIVERSITÁRIO NILTON LINS;FLORES;387
2;663;Principal;-1;2046;CENTRO UNIVERSITÁRIO NILTON LINS;FLORES;390
2;664;Principal;-1;2054;C. E. ADALBERTO VALLE - UNIDADE II MORADA DO SOL;ALEIXO;385
2;665;Principal;-1;2135;P.E. CRECHE INFANTE TIRADENTES (ANTIGO CIESA);FLORES;289
2;666;Principal;-1;2046;CENTRO UNIVERSITÁRIO NILTON LINS;FLORES;390
2;667;Principal;-1;2003;E. E. ADERSON DE MENEZES;PARQUE 10 DE NOVEMBRO;362
2;668;Principal;-1;2119;E.E. PROFESSORA LEONILA MARINHO;PARQUE 10 DE NOVEMBRO;299
2;669;Principal;-1;1880;E. E. JOSE BENTES MONTEIRO;ALEIXO;351
2;670;Principal;-1;1856;FACULDADE ESTÁCIO (ANTIGO CEL);CHAPADA;345
2;671;Principal;-1;2038;ARENA GINÁSIO POLIESPORTIVA AMADEU TEIXEIRA;FLORES;291
2;672;Principal;-1;1910;UNIP;PARQUE 10 DE NOVEMBRO;359
2;673;Principal;-1;2046;CENTRO UNIVERSITÁRIO NILTON LINS;FLORES;388
2;674;Principal;-1;1988;E. E. LIBERTADOR SIMON BOLIVAR;ALEIXO;344
2;675;Principal;-1;1902;ESCOLA SUPERIOR DE TECNOLOGIA - UEA;PARQUE 10 DE NOVEMBRO;391
2;676;Principal;-1;2011;E. E. ALTAIR SEVERIANO NUNES;PARQUE 10 DE NOVEMBRO;318
2;677;Principal;-1;2046;CENTRO UNIVERSITÁRIO NILTON LINS;FLORES;387
2;678;Principal;-1;2003;E. E. ADERSON DE MENEZES;PARQUE 10 DE NOVEMBRO;361
2;679;Principal;-1;2038;ARENA GINÁSIO POLIESPORTIVA AMADEU TEIXEIRA;FLORES;315
2;680;Principal;-1;2135;P.E. CRECHE INFANTE TIRADENTES (ANTIGO CIESA);FLORES;296
2;681;Principal;-1;2046;CENTRO UNIVERSITÁRIO NILTON LINS;FLORES;387
2;682;Principal;-1;2054;C. E. ADALBERTO VALLE - UNIDADE II MORADA DO SOL;ALEIXO;383
2;683;Principal;-1;1953;E. E. PROF. ALDA BARATA;FLORES;338
2;684;Principal;-1;2011;E. E. ALTAIR SEVERIANO NUNES;PARQUE 10 DE NOVEMBRO;317
2;685;Principal;-1;2135;P.E. CRECHE INFANTE TIRADENTES (ANTIGO CIESA);FLORES;309
2;686;Principal;-1;2119;E.E. PROFESSORA LEONILA MARINHO;PARQUE 10 DE NOVEMBRO;314
2;687;Principal;-1;2020;E. E. PROF. AGENOR FERREIRA LIMA;ALEIXO;324
2;688;Principal;-1;2038;ARENA GINÁSIO POLIESPORTIVA AMADEU TEIXEIRA;FLORES;301
2;689;Principal;-1;1910;UNIP;PARQUE 10 DE NOVEMBRO;358
2;690;Principal;-1;1902;ESCOLA SUPERIOR DE TECNOLOGIA - UEA;PARQUE 10 DE NOVEMBRO;394
2;691;Principal;-1;2011;E. E. ALTAIR SEVERIANO NUNES;PARQUE 10 DE NOVEMBRO;317
2;692;Principal;-1;2054;C. E. ADALBERTO VALLE - UNIDADE II MORADA DO SOL;ALEIXO;386
2;693;Principal;-1;2046;CENTRO UNIVERSITÁRIO NILTON LINS;FLORES;390
2;694;Principal;-1;2046;CENTRO UNIVERSITÁRIO NILTON LINS;FLORES;388
2;695;Principal;-1;2011;E. E. ALTAIR SEVERIANO NUNES;PARQUE 10 DE NOVEMBRO;317
2;696;Principal;-1;2119;E.E. PROFESSORA LEONILA MARINHO;PARQUE 10 DE NOVEMBRO;315
2;697;Principal;-1;2054;C. E. ADALBERTO VALLE - UNIDADE II MORADA DO SOL;ALEIXO;383
2;698;Principal;-1;1910;UNIP;PARQUE 10 DE NOVEMBRO;356
2;699;Principal;-1;2011;E. E. ALTAIR SEVERIANO NUNES;PARQUE 10 DE NOVEMBRO;318
2;700;Principal;-1;2038;ARENA GINÁSIO POLIESPORTIVA AMADEU TEIXEIRA;FLORES;296
2;701;Principal;-1;2135;P.E. CRECHE INFANTE TIRADENTES (ANTIGO CIESA);FLORES;303
2;702;Principal;-1;2011;E. E. ALTAIR SEVERIANO NUNES;PARQUE 10 DE NOVEMBRO;317
2;703;Principal;-1;2054;C. E. ADALBERTO VALLE - UNIDADE II MORADA DO SOL;ALEIXO;386
2;704;Principal;-1;1902;ESCOLA SUPERIOR DE TECNOLOGIA - UEA;PARQUE 10 DE NOVEMBRO;388
2;705;Principal;-1;1953;E. E. PROF. ALDA BARATA;FLORES;336
2;706;Principal;-1;1910;UNIP;PARQUE 10 DE NOVEMBRO;358
2;707;Principal;-1;1856;FACULDADE ESTÁCIO (ANTIGO CEL);CHAPADA;342
2;708;Principal;-1;2135;P.E. CRECHE INFANTE TIRADENTES (ANTIGO CIESA);FLORES;296
2;709;Principal;-1;2119;E.E. PROFESSORA LEONILA MARINHO;PARQUE 10 DE NOVEMBRO;308
2;711;Principal;-1;2054;C. E. ADALBERTO VALLE - UNIDADE II MORADA DO SOL;ALEIXO;385
2;712;Principal;-1;2038;ARENA GINÁSIO POLIESPORTIVA AMADEU TEIXEIRA;FLORES;296
2;713;Principal;-1;2070;E. M. ARTHUR CEZAR FERREIRA REIS;PARQUE 10 DE NOVEMBRO;378
2;714;Principal;-1;1910;UNIP;PARQUE 10 DE NOVEMBRO;358
2;715;Principal;-1;2119;E.E. PROFESSORA LEONILA MARINHO;PARQUE 10 DE NOVEMBRO;306
2;716;Principal;-1;1902;ESCOLA SUPERIOR DE TECNOLOGIA - UEA;PARQUE 10 DE NOVEMBRO;386
2;717;Principal;-1;2054;C. E. ADALBERTO VALLE - UNIDADE II MORADA DO SOL;ALEIXO;383
2;718;Principal;-1;1910;UNIP;PARQUE 10 DE NOVEMBRO;355
2;719;Principal;-1;2119;E.E. PROFESSORA LEONILA MARINHO;PARQUE 10 DE NOVEMBRO;296
2;720;Principal;-1;2135;P.E. CRECHE INFANTE TIRADENTES (ANTIGO CIESA);FLORES;305
2;721;Principal;-1;2046;CENTRO UNIVERSITÁRIO NILTON LINS;FLORES;392
2;722;Principal;-1;2119;E.E. PROFESSORA LEONILA MARINHO;PARQUE 10 DE NOVEMBRO;303
2;723;Principal;-1;2046;CENTRO UNIVERSITÁRIO NILTON LINS;FLORES;387
2;724;Principal;-1;2038;ARENA GINÁSIO POLIESPORTIVA AMADEU TEIXEIRA;FLORES;289
2;725;Principal;-1;1953;E. E. PROF. ALDA BARATA;FLORES;337
2;726;Principal;-1;2054;C. E. ADALBERTO VALLE - UNIDADE II MORADA DO SOL;ALEIXO;382
2;727;Principal;-1;2046;CENTRO UNIVERSITÁRIO NILTON LINS;FLORES;384
2;728;Principal;-1;1910;UNIP;PARQUE 10 DE NOVEMBRO;359
2;729;Principal;-1;1856;FACULDADE ESTÁCIO (ANTIGO CEL);CHAPADA;341
2;730;Principal;-1;2046;CENTRO UNIVERSITÁRIO NILTON LINS;FLORES;390
2;731;Principal;-1;2135;P.E. CRECHE INFANTE TIRADENTES (ANTIGO CIESA);FLORES;281
2;732;Principal;-1;1988;E. E. LIBERTADOR SIMON BOLIVAR;ALEIXO;344
2;733;Principal;-1;1902;ESCOLA SUPERIOR DE TECNOLOGIA - UEA;PARQUE 10 DE NOVEMBRO;387
2;734;Principal;-1;2046;CENTRO UNIVERSITÁRIO NILTON LINS;FLORES;389
2;735;Principal;-1;2046;CENTRO UNIVERSITÁRIO NILTON LINS;FLORES;387
2;736;Principal;-1;2046;CENTRO UNIVERSITÁRIO NILTON LINS;FLORES;387
2;737;Principal;-1;1910;UNIP;PARQUE 10 DE NOVEMBRO;358
2;738;Principal;-1;2054;C. E. ADALBERTO VALLE - UNIDADE II MORADA DO SOL;ALEIXO;385
2;739;Principal;-1;2046;CENTRO UNIVERSITÁRIO NILTON LINS;FLORES;387
2;740;Principal;-1;2119;E.E. PROFESSORA LEONILA MARINHO;PARQUE 10 DE NOVEMBRO;333
2;741;Principal;-1;2046;CENTRO UNIVERSITÁRIO NILTON LINS;FLORES;391
2;742;Principal;-1;2135;P.E. CRECHE INFANTE TIRADENTES (ANTIGO CIESA);FLORES;289
2;743;Principal;-1;2054;C. E. ADALBERTO VALLE - UNIDADE II MORADA DO SOL;ALEIXO;385
2;744;Principal;-1;2046;CENTRO UNIVERSITÁRIO NILTON LINS;FLORES;388
2;745;Principal;-1;1988;E. E. LIBERTADOR SIMON BOLIVAR;ALEIXO;332
2;746;Principal;-1;2119;E.E. PROFESSORA LEONILA MARINHO;PARQUE 10 DE NOVEMBRO;297
2;747;Principal;-1;1910;UNIP;PARQUE 10 DE NOVEMBRO;349
2;749;Principal;-1;2135;P.E. CRECHE INFANTE TIRADENTES (ANTIGO CIESA);FLORES;288
2;755;Principal;-1;2020;E. E. PROF. AGENOR FERREIRA LIMA;ALEIXO;325
2;756;Principal;-1;2038;ARENA GINÁSIO POLIESPORTIVA AMADEU TEIXEIRA;FLORES;292
2;757;Principal;-1;2119;E.E. PROFESSORA LEONILA MARINHO;PARQUE 10 DE NOVEMBRO;301
2;758;Principal;-1;1910;UNIP;PARQUE 10 DE NOVEMBRO;359
2;759;Principal;-1;2070;E. M. ARTHUR CEZAR FERREIRA REIS;PARQUE 10 DE NOVEMBRO;375
2;760;Principal;-1;2135;P.E. CRECHE INFANTE TIRADENTES (ANTIGO CIESA);FLORES;287
2;762;Principal;-1;1902;ESCOLA SUPERIOR DE TECNOLOGIA - UEA;PARQUE 10 DE NOVEMBRO;391
2;763;Principal;-1;2054;C. E. ADALBERTO VALLE - UNIDADE II MORADA DO SOL;ALEIXO;381
2;764;Principal;-1;1910;UNIP;PARQUE 10 DE NOVEMBRO;357
2;765;Principal;-1;1953;E. E. PROF. ALDA BARATA;FLORES;339
2;766;Principal;-1;1902;ESCOLA SUPERIOR DE TECNOLOGIA - UEA;PARQUE 10 DE NOVEMBRO;389
2;767;Principal;-1;1856;FACULDADE ESTÁCIO (ANTIGO CEL);CHAPADA;345
2;768;Principal;-1;1910;UNIP;PARQUE 10 DE NOVEMBRO;358
2;769;Principal;-1;2070;E. M. ARTHUR CEZAR FERREIRA REIS;PARQUE 10 DE NOVEMBRO;379
2;770;Principal;-1;1902;ESCOLA SUPERIOR DE TECNOLOGIA - UEA;PARQUE 10 DE NOVEMBRO;386
2;771;Principal;-1;1910;UNIP;PARQUE 10 DE NOVEMBRO;355
2;772;Principal;-1;1910;UNIP;PARQUE 10 DE NOVEMBRO;359
2;773;Principal;-1;2054;C. E. ADALBERTO VALLE - UNIDADE II MORADA DO SOL;ALEIXO;384
2;774;Principal;-1;1902;ESCOLA SUPERIOR DE TECNOLOGIA - UEA;PARQUE 10 DE NOVEMBRO;389
2;775;Principal;-1;1953;E. E. PROF. ALDA BARATA;FLORES;339
2;776;Principal;-1;1910;UNIP;PARQUE 10 DE NOVEMBRO;357
2;777;Principal;-1;1902;ESCOLA SUPERIOR DE TECNOLOGIA - UEA;PARQUE 10 DE NOVEMBRO;392
2;778;Principal;-1;2070;E. M. ARTHUR CEZAR FERREIRA REIS;PARQUE 10 DE NOVEMBRO;378
2;779;Principal;-1;1910;UNIP;PARQUE 10 DE NOVEMBRO;358
2;780;Principal;-1;1856;FACULDADE ESTÁCIO (ANTIGO CEL);CHAPADA;345
2;781;Principal;-1;1910;UNIP;PARQUE 10 DE NOVEMBRO;360
2;782;Principal;-1;1953;E. E. PROF. ALDA BARATA;FLORES;339
2;783;Principal;-1;1902;ESCOLA SUPERIOR DE TECNOLOGIA - UEA;PARQUE 10 DE NOVEMBRO;391
2;784;Principal;-1;2054;C. E. ADALBERTO VALLE - UNIDADE II MORADA DO SOL;ALEIXO;385
2;785;Principal;-1;1910;UNIP;PARQUE 10 DE NOVEMBRO;352
2;786;Principal;-1;1856;FACULDADE ESTÁCIO (ANTIGO CEL);CHAPADA;344
2;787;Principal;-1;2054;C. E. ADALBERTO VALLE - UNIDADE II MORADA DO SOL;ALEIXO;383
2;788;Principal;-1;1910;UNIP;PARQUE 10 DE NOVEMBRO;358
2;789;Principal;-1;2070;E. M. ARTHUR CEZAR FERREIRA REIS;PARQUE 10 DE NOVEMBRO;377
2;790;Principal;-1;1902;ESCOLA SUPERIOR DE TECNOLOGIA - UEA;PARQUE 10 DE NOVEMBRO;388
2;791;Principal;-1;1953;E. E. PROF. ALDA BARATA;FLORES;335
2;792;Principal;-1;2054;C. E. ADALBERTO VALLE - UNIDADE II MORADA DO SOL;ALEIXO;382
2;793;Principal;-1;1910;UNIP;PARQUE 10 DE NOVEMBRO;356
2;794;Principal;-1;1856;FACULDADE ESTÁCIO (ANTIGO CEL);CHAPADA;345
2;795;Principal;-1;1902;ESCOLA SUPERIOR DE TECNOLOGIA - UEA;PARQUE 10 DE NOVEMBRO;391
2;796;Principal;-1;1910;UNIP;PARQUE 10 DE NOVEMBRO;361
2;797;Principal;-1;2070;E. M. ARTHUR CEZAR FERREIRA REIS;PARQUE 10 DE NOVEMBRO;374
2;798;Principal;-1;2054;C. E. ADALBERTO VALLE - UNIDADE II MORADA DO SOL;ALEIXO;378
2;799;Principal;-1;1910;UNIP;PARQUE 10 DE NOVEMBRO;358
2;800;Principal;-1;1902;ESCOLA SUPERIOR DE TECNOLOGIA - UEA;PARQUE 10 DE NOVEMBRO;385
2;801;Principal;-1;2070;E. M. ARTHUR CEZAR FERREIRA REIS;PARQUE 10 DE NOVEMBRO;375
2;802;Principal;-1;2020;E. E. PROF. AGENOR FERREIRA LIMA;ALEIXO;328
2;803;Principal;-1;1902;ESCOLA SUPERIOR DE TECNOLOGIA - UEA;PARQUE 10 DE NOVEMBRO;390
2;804;Principal;-1;2100;CENTRO EDUCACIONAL PINGO DE GENTE LAVINIENSE ENSINO INTEGRADO;ALEIXO;299
2;805;Principal;-1;1988;E. E. LIBERTADOR SIMON BOLIVAR;ALEIXO;227
2;806;Principal;-1;2100;CENTRO EDUCACIONAL PINGO DE GENTE LAVINIENSE ENSINO INTEGRADO;ALEIXO;293
2;807;Principal;-1;2100;CENTRO EDUCACIONAL PINGO DE GENTE LAVINIENSE ENSINO INTEGRADO;ALEIXO;249
2;808;Agregada;805;1988;E. E. LIBERTADOR SIMON BOLIVAR;ALEIXO;148
2;809;Principal;-1;1856;FACULDADE ESTÁCIO (ANTIGO CEL);CHAPADA;342
2;810;Principal;-1;2135;P.E. CRECHE INFANTE TIRADENTES (ANTIGO CIESA);FLORES;205
2;811;Agregada;806;2100;CENTRO EDUCACIONAL PINGO DE GENTE LAVINIENSE ENSINO INTEGRADO;ALEIXO;170
2;812;Agregada;807;2097;ESCOLA IDAAM - UNIDADE MORADA DO SOL;ALEIXO;51
31;1;Principal;-1;2232;E. E. MACHADO DE ASSIS;EDUCANDOS;296
31;13;Principal;-1;2151;E. E. ESTELITA TAPAJÓS;EDUCANDOS;374
31;23;Principal;-1;2003;CETI GILBERTO MESTRINHO;EDUCANDOS;338
31;35;Principal;-1;2194;E. E. PROF. DIANA PINHEIRO;EDUCANDOS;357
31;44;Principal;-1;2160;E. E. J. G. ARAÚJO;SANTA LUZIA;279
31;46;Principal;-1;2178;E. E. LEOPOLDO NEVES;SANTA LUZIA;350
31;55;Principal;-1;1910;E. E. ISAAC BENZECRY;COLÔNIA OLIVEIRA MACHADO;299
31;56;Principal;-1;1988;E. E. PROF. ROXANA PEREIRA BONESSE;COLÔNIA OLIVEIRA MACHADO;334
31;62;Principal;-1;2135;E. E. ADALBERTO VALE;MORRO DA LIBERDADE;330
31;73;Principal;-1;2186;E. E. PAULA ANGELA FRASSINETTI;MORRO DA LIBERDADE;336
31;80;Principal;-1;2127;E. E. ANTOVILA MOURÃO VIEIRA;SÃO LÁZARO;384
31;84;Principal;-1;2216;E. M. ANASTÁCIO ASSUNÇÃO;SÃO LÁZARO;284
31;98;Principal;-1;2208;E. E. PROF. NELSON ALVES FERREIRA;BETÂNIA;381
31;100;Principal;-1;2143;E. E. N. S. DA DIVINA PROVIDENCIA;BETÂNIA;346
31;360;Principal;-1;1929;E. M. JOSE TAVARES DE MACEDO;SANTA LUZIA;236
31;384;Principal;-1;1899;E. E. ANTONIO LUCENA BITENCOURT;BETÂNIA;361
31;386;Principal;-1;1970;E. M. IRMÃ IDELVIRA DE SOUTO CABRAL;MORRO DA LIBERDADE;210
31;408;Principal;-1;1945;E. M. NAZIRA CHAMMA DAOU;EDUCANDOS;336
31;424;Principal;-1;1961;CMEI CORAÇÃO DE JESUS;MORRO DA LIBERDADE;280
31;425;Principal;-1;1953;CMEI PROF. JOSE ERICO II;EDUCANDOS;99
31;427;Principal;-1;1937;E. E. BRIGADEIRO JOÃO CAMARÃO TELLES RIBEIRO;SÃO LÁZARO;358
31;447;Principal;-1;1996;ESCOLA DE FORMAÇÃO PROFISSIONAL ENF. FRANCISCA SAAVEDRA - CETAM;COLÔNIA OLIVEIRA MACHADO;278
31;466;Principal;-1;2143;E. E. N. S. DA DIVINA PROVIDENCIA;BETÂNIA;184
31;479;Principal;-1;2011;E. E. PROF.  BENEDITO ALMEIDA;MAUAZINHO;358
31;484;Principal;-1;2020;E. E. ALMIRANTE ERNESTO DE MELLO BAPTISTA;VILA BURITI;225
31;489;Principal;-1;2038;E. E. BOM PASTOR;CRESPO;347
31;493;Principal;-1;2046;E. E. DORVAL PORTO;CRESPO;358
31;500;Principal;-1;2054;CMEI PADRE LUIS RUAS;MAUAZINHO;360
31;502;Principal;-1;2070;E. M. THALLES SILVESTRE;CRESPO;214
31;507;Principal;-1;2062;E. M.  ANA MARIA DE SOUZA BARROS;MAUAZINHO;374
31;519;Principal;-1;2089;E. E. JOSE CARLOS MESTRINHO;CRESPO;338
31;526;Principal;-1;2097;E. M. NOVA VIDA;MAUAZINHO;378
31;536;Principal;-1;2100;E. M. VILA DA FELICIDADE;MAUAZINHO;310
31;539;Principal;-1;2119;E. M. GRAZIELA RIBEIRO;CRESPO;309
31;550;Principal;-1;2224;E. M. PADRE JOSÉ DE ANCHIETA;BETÂNIA;160
31;552;Principal;-1;1902;E. M. JOÃO VALENTE;BETÂNIA;176
31;553;Principal;-1;1910;E. E. ISAAC BENZECRY;COLÔNIA OLIVEIRA MACHADO;314
31;554;Principal;-1;1899;E. E. ANTONIO LUCENA BITENCOURT;BETÂNIA;370
31;555;Principal;-1;1937;E. E. BRIGADEIRO JOÃO CAMARÃO TELLES RIBEIRO;SÃO LÁZARO;374
31;556;Principal;-1;1929;E. M. JOSE TAVARES DE MACEDO;SANTA LUZIA;331
31;557;Principal;-1;1945;E. M. NAZIRA CHAMMA DAOU;EDUCANDOS;365
31;558;Principal;-1;2062;E. M.  ANA MARIA DE SOUZA BARROS;MAUAZINHO;392
31;559;Principal;-1;2046;E. E. DORVAL PORTO;CRESPO;367
31;560;Principal;-1;2097;E. M. NOVA VIDA;MAUAZINHO;391
31;561;Principal;-1;2003;CETI GILBERTO MESTRINHO;EDUCANDOS;344
31;562;Principal;-1;2089;E. E. JOSE CARLOS MESTRINHO;CRESPO;341
31;563;Principal;-1;2038;E. E. BOM PASTOR;CRESPO;352
31;564;Principal;-1;2011;E. E. PROF.  BENEDITO ALMEIDA;MAUAZINHO;360
31;565;Principal;-1;2070;E. M. THALLES SILVESTRE;CRESPO;307
31;566;Principal;-1;1902;E. M. JOÃO VALENTE;BETÂNIA;324
31;567;Principal;-1;1988;E. E. PROF. ROXANA PEREIRA BONESSE;COLÔNIA OLIVEIRA MACHADO;350
31;568;Principal;-1;1996;ESCOLA DE FORMAÇÃO PROFISSIONAL ENF. FRANCISCA SAAVEDRA - CETAM;COLÔNIA OLIVEIRA MACHADO;317
31;569;Agregada;425;1953;CMEI PROF. JOSE ERICO II;EDUCANDOS;250
31;570;Principal;-1;1880;E. M. ESCRITOR ANISIO TEIXEIRA;MAUAZINHO;392
31;571;Principal;-1;2100;E. M. VILA DA FELICIDADE;MAUAZINHO;314
31;572;Principal;-1;1961;CMEI CORAÇÃO DE JESUS;MORRO DA LIBERDADE;314
31;573;Principal;-1;2119;E. M. GRAZIELA RIBEIRO;CRESPO;315
31;574;Principal;-1;2054;CMEI PADRE LUIS RUAS;MAUAZINHO;364
31;575;Principal;-1;1970;E. M. IRMÃ IDELVIRA DE SOUTO CABRAL;MORRO DA LIBERDADE;306
31;576;Principal;-1;2020;E. E. ALMIRANTE ERNESTO DE MELLO BAPTISTA;VILA BURITI;230
31;577;Principal;-1;2135;E. E. ADALBERTO VALE;MORRO DA LIBERDADE;352
31;578;Principal;-1;2127;E. E. ANTOVILA MOURÃO VIEIRA;SÃO LÁZARO;390
31;579;Principal;-1;2194;E. E. PROF. DIANA PINHEIRO;EDUCANDOS;380
31;580;Principal;-1;2151;E. E. ESTELITA TAPAJÓS;EDUCANDOS;391
31;581;Principal;-1;2178;E. E. LEOPOLDO NEVES;SANTA LUZIA;351
31;582;Principal;-1;2186;E. E. PAULA ANGELA FRASSINETTI;MORRO DA LIBERDADE;337
31;583;Principal;-1;2208;E. E. PROF. NELSON ALVES FERREIRA;BETÂNIA;385
31;584;Principal;-1;2160;E. E. J. G. ARAÚJO;SANTA LUZIA;313
31;585;Principal;-1;2143;E. E. N. S. DA DIVINA PROVIDENCIA;BETÂNIA;369
31;586;Principal;-1;2224;E. M. PADRE JOSÉ DE ANCHIETA;BETÂNIA;318
31;587;Principal;-1;2216;E. M. ANASTÁCIO ASSUNÇÃO;SÃO LÁZARO;320
31;588;Principal;-1;2232;E. E. MACHADO DE ASSIS;EDUCANDOS;311
31;589;Principal;-1;2151;E. E. ESTELITA TAPAJÓS;EDUCANDOS;390
31;590;Principal;-1;2194;E. E. PROF. DIANA PINHEIRO;EDUCANDOS;378
31;591;Principal;-1;2062;E. M.  ANA MARIA DE SOUZA BARROS;MAUAZINHO;395
31;592;Principal;-1;2097;E. M. NOVA VIDA;MAUAZINHO;392
31;593;Principal;-1;1937;E. E. BRIGADEIRO JOÃO CAMARÃO TELLES RIBEIRO;SÃO LÁZARO;372
31;594;Principal;-1;2135;E. E. ADALBERTO VALE;MORRO DA LIBERDADE;352
31;595;Principal;-1;1899;E. E. ANTONIO LUCENA BITENCOURT;BETÂNIA;367
31;596;Principal;-1;1988;E. E. PROF. ROXANA PEREIRA BONESSE;COLÔNIA OLIVEIRA MACHADO;351
31;597;Principal;-1;2046;E. E. DORVAL PORTO;CRESPO;367
31;598;Principal;-1;1945;E. M. NAZIRA CHAMMA DAOU;EDUCANDOS;355
31;599;Principal;-1;2232;E. E. MACHADO DE ASSIS;EDUCANDOS;320
31;600;Principal;-1;2127;E. E. ANTOVILA MOURÃO VIEIRA;SÃO LÁZARO;388
31;601;Principal;-1;2143;E. E. N. S. DA DIVINA PROVIDENCIA;BETÂNIA;366
31;602;Principal;-1;2208;E. E. PROF. NELSON ALVES FERREIRA;BETÂNIA;388
31;603;Principal;-1;2011;E. E. PROF.  BENEDITO ALMEIDA;MAUAZINHO;366
31;604;Principal;-1;2089;E. E. JOSE CARLOS MESTRINHO;CRESPO;348
31;605;Principal;-1;2062;E. M.  ANA MARIA DE SOUZA BARROS;MAUAZINHO;396
31;606;Principal;-1;2186;E. E. PAULA ANGELA FRASSINETTI;MORRO DA LIBERDADE;334
31;607;Principal;-1;2194;E. E. PROF. DIANA PINHEIRO;EDUCANDOS;377
31;608;Principal;-1;2097;E. M. NOVA VIDA;MAUAZINHO;392
31;609;Principal;-1;2151;E. E. ESTELITA TAPAJÓS;EDUCANDOS;388
31;610;Principal;-1;2216;E. M. ANASTÁCIO ASSUNÇÃO;SÃO LÁZARO;320
31;611;Principal;-1;1937;E. E. BRIGADEIRO JOÃO CAMARÃO TELLES RIBEIRO;SÃO LÁZARO;373
31;612;Principal;-1;2003;CETI GILBERTO MESTRINHO;EDUCANDOS;350
31;613;Principal;-1;2135;E. E. ADALBERTO VALE;MORRO DA LIBERDADE;355
31;614;Principal;-1;2178;E. E. LEOPOLDO NEVES;SANTA LUZIA;351
31;615;Principal;-1;1899;E. E. ANTONIO LUCENA BITENCOURT;BETÂNIA;371
31;616;Principal;-1;2160;E. E. J. G. ARAÚJO;SANTA LUZIA;315
31;617;Principal;-1;2062;E. M.  ANA MARIA DE SOUZA BARROS;MAUAZINHO;395
31;618;Principal;-1;1988;E. E. PROF. ROXANA PEREIRA BONESSE;COLÔNIA OLIVEIRA MACHADO;356
31;619;Principal;-1;1945;E. M. NAZIRA CHAMMA DAOU;EDUCANDOS;355
31;620;Principal;-1;2127;E. E. ANTOVILA MOURÃO VIEIRA;SÃO LÁZARO;391
31;621;Principal;-1;1996;ESCOLA DE FORMAÇÃO PROFISSIONAL ENF. FRANCISCA SAAVEDRA - CETAM;COLÔNIA OLIVEIRA MACHADO;309
31;622;Principal;-1;2046;E. E. DORVAL PORTO;CRESPO;360
31;623;Principal;-1;2097;E. M. NOVA VIDA;MAUAZINHO;389
31;624;Principal;-1;2194;E. E. PROF. DIANA PINHEIRO;EDUCANDOS;378
31;625;Principal;-1;2089;E. E. JOSE CARLOS MESTRINHO;CRESPO;349
31;626;Principal;-1;2232;E. E. MACHADO DE ASSIS;EDUCANDOS;309
31;627;Principal;-1;2208;E. E. PROF. NELSON ALVES FERREIRA;BETÂNIA;387
31;628;Principal;-1;1937;E. E. BRIGADEIRO JOÃO CAMARÃO TELLES RIBEIRO;SÃO LÁZARO;374
31;629;Principal;-1;2151;E. E. ESTELITA TAPAJÓS;EDUCANDOS;393
31;630;Principal;-1;2038;E. E. BOM PASTOR;CRESPO;351
31;631;Principal;-1;2143;E. E. N. S. DA DIVINA PROVIDENCIA;BETÂNIA;367
31;632;Principal;-1;2119;E. M. GRAZIELA RIBEIRO;CRESPO;314
31;633;Principal;-1;2135;E. E. ADALBERTO VALE;MORRO DA LIBERDADE;348
31;634;Principal;-1;1929;E. M. JOSE TAVARES DE MACEDO;SANTA LUZIA;312
31;635;Principal;-1;2062;E. M.  ANA MARIA DE SOUZA BARROS;MAUAZINHO;395
31;636;Principal;-1;2011;E. E. PROF.  BENEDITO ALMEIDA;MAUAZINHO;366
31;637;Principal;-1;1899;E. E. ANTONIO LUCENA BITENCOURT;BETÂNIA;357
31;638;Principal;-1;2186;E. E. PAULA ANGELA FRASSINETTI;MORRO DA LIBERDADE;330
31;639;Principal;-1;2097;E. M. NOVA VIDA;MAUAZINHO;394
31;640;Principal;-1;1970;E. M. IRMÃ IDELVIRA DE SOUTO CABRAL;MORRO DA LIBERDADE;319
31;641;Principal;-1;2046;E. E. DORVAL PORTO;CRESPO;354
31;642;Principal;-1;1910;E. E. ISAAC BENZECRY;COLÔNIA OLIVEIRA MACHADO;314
31;643;Principal;-1;2127;E. E. ANTOVILA MOURÃO VIEIRA;SÃO LÁZARO;389
31;644;Principal;-1;2194;E. E. PROF. DIANA PINHEIRO;EDUCANDOS;380
31;645;Principal;-1;2178;E. E. LEOPOLDO NEVES;SANTA LUZIA;349
31;646;Principal;-1;2062;E. M.  ANA MARIA DE SOUZA BARROS;MAUAZINHO;396
31;647;Principal;-1;1937;E. E. BRIGADEIRO JOÃO CAMARÃO TELLES RIBEIRO;SÃO LÁZARO;370
31;648;Principal;-1;2216;E. M. ANASTÁCIO ASSUNÇÃO;SÃO LÁZARO;311
31;649;Principal;-1;1988;E. E. PROF. ROXANA PEREIRA BONESSE;COLÔNIA OLIVEIRA MACHADO;357
31;650;Principal;-1;2089;E. E. JOSE CARLOS MESTRINHO;CRESPO;347
31;651;Principal;-1;1902;E. M. JOÃO VALENTE;BETÂNIA;320
31;652;Principal;-1;2151;E. E. ESTELITA TAPAJÓS;EDUCANDOS;390
31;653;Principal;-1;1961;CMEI CORAÇÃO DE JESUS;MORRO DA LIBERDADE;300
31;654;Principal;-1;2070;E. M. THALLES SILVESTRE;CRESPO;296
31;655;Principal;-1;1945;E. M. NAZIRA CHAMMA DAOU;EDUCANDOS;352
31;656;Principal;-1;2097;E. M. NOVA VIDA;MAUAZINHO;393
31;657;Principal;-1;2135;E. E. ADALBERTO VALE;MORRO DA LIBERDADE;339
31;658;Principal;-1;2011;E. E. PROF.  BENEDITO ALMEIDA;MAUAZINHO;364
31;659;Principal;-1;2208;E. E. PROF. NELSON ALVES FERREIRA;BETÂNIA;384
31;660;Principal;-1;2100;E. M. VILA DA FELICIDADE;MAUAZINHO;313
31;661;Principal;-1;1899;E. E. ANTONIO LUCENA BITENCOURT;BETÂNIA;373
31;662;Principal;-1;2062;E. M.  ANA MARIA DE SOUZA BARROS;MAUAZINHO;390
31;663;Principal;-1;2232;E. E. MACHADO DE ASSIS;EDUCANDOS;309
31;664;Principal;-1;2003;CETI GILBERTO MESTRINHO;EDUCANDOS;348
31;665;Principal;-1;2143;E. E. N. S. DA DIVINA PROVIDENCIA;BETÂNIA;366
31;666;Principal;-1;2194;E. E. PROF. DIANA PINHEIRO;EDUCANDOS;379
31;667;Principal;-1;2160;E. E. J. G. ARAÚJO;SANTA LUZIA;305
31;668;Principal;-1;2046;E. E. DORVAL PORTO;CRESPO;357
31;669;Agregada;550;2224;E. M. PADRE JOSÉ DE ANCHIETA;BETÂNIA;250
31;670;Principal;-1;2097;E. M. NOVA VIDA;MAUAZINHO;393
31;671;Principal;-1;1937;E. E. BRIGADEIRO JOÃO CAMARÃO TELLES RIBEIRO;SÃO LÁZARO;371
31;672;Principal;-1;2062;E. M.  ANA MARIA DE SOUZA BARROS;MAUAZINHO;394
31;673;Principal;-1;2151;E. E. ESTELITA TAPAJÓS;EDUCANDOS;389
31;674;Principal;-1;2127;E. E. ANTOVILA MOURÃO VIEIRA;SÃO LÁZARO;389
31;675;Principal;-1;1945;E. M. NAZIRA CHAMMA DAOU;EDUCANDOS;354
31;676;Principal;-1;2089;E. E. JOSE CARLOS MESTRINHO;CRESPO;346
31;677;Principal;-1;1996;ESCOLA DE FORMAÇÃO PROFISSIONAL ENF. FRANCISCA SAAVEDRA - CETAM;COLÔNIA OLIVEIRA MACHADO;284
31;678;Principal;-1;2135;E. E. ADALBERTO VALE;MORRO DA LIBERDADE;337
31;679;Principal;-1;2186;E. E. PAULA ANGELA FRASSINETTI;MORRO DA LIBERDADE;326
31;680;Principal;-1;1988;E. E. PROF. ROXANA PEREIRA BONESSE;COLÔNIA OLIVEIRA MACHADO;348
31;681;Principal;-1;1899;E. E. ANTONIO LUCENA BITENCOURT;BETÂNIA;372
31;682;Principal;-1;2194;E. E. PROF. DIANA PINHEIRO;EDUCANDOS;380
31;683;Principal;-1;1880;E. M. ESCRITOR ANISIO TEIXEIRA;MAUAZINHO;393
31;684;Principal;-1;2097;E. M. NOVA VIDA;MAUAZINHO;391
31;685;Principal;-1;2208;E. E. PROF. NELSON ALVES FERREIRA;BETÂNIA;384
31;686;Principal;-1;2151;E. E. ESTELITA TAPAJÓS;EDUCANDOS;391
31;687;Principal;-1;2046;E. E. DORVAL PORTO;CRESPO;366
31;688;Principal;-1;2232;E. E. MACHADO DE ASSIS;EDUCANDOS;306
31;689;Principal;-1;2178;E. E. LEOPOLDO NEVES;SANTA LUZIA;347
31;690;Principal;-1;2216;E. M. ANASTÁCIO ASSUNÇÃO;SÃO LÁZARO;310
31;691;Principal;-1;2062;E. M.  ANA MARIA DE SOUZA BARROS;MAUAZINHO;395
31;692;Principal;-1;1937;E. E. BRIGADEIRO JOÃO CAMARÃO TELLES RIBEIRO;SÃO LÁZARO;368
31;693;Principal;-1;2038;E. E. BOM PASTOR;CRESPO;350
31;694;Principal;-1;2143;E. E. N. S. DA DIVINA PROVIDENCIA;BETÂNIA;367
31;695;Principal;-1;2135;E. E. ADALBERTO VALE;MORRO DA LIBERDADE;350
31;696;Principal;-1;1945;E. M. NAZIRA CHAMMA DAOU;EDUCANDOS;352
31;697;Principal;-1;1899;E. E. ANTONIO LUCENA BITENCOURT;BETÂNIA;349
31;698;Principal;-1;2089;E. E. JOSE CARLOS MESTRINHO;CRESPO;349
31;699;Principal;-1;2194;E. E. PROF. DIANA PINHEIRO;EDUCANDOS;377
31;700;Principal;-1;2097;E. M. NOVA VIDA;MAUAZINHO;381
31;701;Principal;-1;2054;CMEI PADRE LUIS RUAS;MAUAZINHO;361
31;702;Principal;-1;2119;E. M. GRAZIELA RIBEIRO;CRESPO;314
31;703;Principal;-1;2062;E. M.  ANA MARIA DE SOUZA BARROS;MAUAZINHO;391
31;704;Principal;-1;2003;CETI GILBERTO MESTRINHO;EDUCANDOS;341
31;705;Agregada;360;1929;E. M. JOSE TAVARES DE MACEDO;SANTA LUZIA;237
31;706;Principal;-1;2127;E. E. ANTOVILA MOURÃO VIEIRA;SÃO LÁZARO;387
31;707;Principal;-1;2151;E. E. ESTELITA TAPAJÓS;EDUCANDOS;388
31;708;Principal;-1;1937;E. E. BRIGADEIRO JOÃO CAMARÃO TELLES RIBEIRO;SÃO LÁZARO;366
31;709;Principal;-1;1988;E. E. PROF. ROXANA PEREIRA BONESSE;COLÔNIA OLIVEIRA MACHADO;353
31;710;Principal;-1;2046;E. E. DORVAL PORTO;CRESPO;352
31;711;Principal;-1;2160;E. E. J. G. ARAÚJO;SANTA LUZIA;299
31;712;Principal;-1;2097;E. M. NOVA VIDA;MAUAZINHO;388
31;713;Principal;-1;2135;E. E. ADALBERTO VALE;MORRO DA LIBERDADE;349
31;714;Principal;-1;2208;E. E. PROF. NELSON ALVES FERREIRA;BETÂNIA;387
31;715;Principal;-1;2186;E. E. PAULA ANGELA FRASSINETTI;MORRO DA LIBERDADE;320
31;716;Agregada;552;1902;E. M. JOÃO VALENTE;BETÂNIA;184
31;717;Principal;-1;1910;E. E. ISAAC BENZECRY;COLÔNIA OLIVEIRA MACHADO;314
31;718;Principal;-1;1899;E. E. ANTONIO LUCENA BITENCOURT;BETÂNIA;356
31;719;Principal;-1;2232;E. E. MACHADO DE ASSIS;EDUCANDOS;307
31;720;Principal;-1;2194;E. E. PROF. DIANA PINHEIRO;EDUCANDOS;378
31;721;Principal;-1;2097;E. M. NOVA VIDA;MAUAZINHO;388
31;722;Principal;-1;1945;E. M. NAZIRA CHAMMA DAOU;EDUCANDOS;346
31;724;Principal;-1;2089;E. E. JOSE CARLOS MESTRINHO;CRESPO;342
31;725;Principal;-1;1996;ESCOLA DE FORMAÇÃO PROFISSIONAL ENF. FRANCISCA SAAVEDRA - CETAM;COLÔNIA OLIVEIRA MACHADO;279
31;726;Principal;-1;2178;E. E. LEOPOLDO NEVES;SANTA LUZIA;347
31;727;Principal;-1;2151;E. E. ESTELITA TAPAJÓS;EDUCANDOS;383
31;728;Principal;-1;1937;E. E. BRIGADEIRO JOÃO CAMARÃO TELLES RIBEIRO;SÃO LÁZARO;368
31;729;Principal;-1;2100;E. M. VILA DA FELICIDADE;MAUAZINHO;303
31;730;Principal;-1;2097;E. M. NOVA VIDA;MAUAZINHO;393
31;731;Principal;-1;2216;E. M. ANASTÁCIO ASSUNÇÃO;SÃO LÁZARO;286
31;732;Principal;-1;2135;E. E. ADALBERTO VALE;MORRO DA LIBERDADE;341
31;733;Agregada;386;1970;E. M. IRMÃ IDELVIRA DE SOUTO CABRAL;MORRO DA LIBERDADE;219
31;734;Principal;-1;2046;E. E. DORVAL PORTO;CRESPO;344
31;735;Agregada;484;2020;E. E. ALMIRANTE ERNESTO DE MELLO BAPTISTA;VILA BURITI;229
31;736;Principal;-1;2054;CMEI PADRE LUIS RUAS;MAUAZINHO;359
31;737;Principal;-1;2127;E. E. ANTOVILA MOURÃO VIEIRA;SÃO LÁZARO;389
31;738;Principal;-1;2208;E. E. PROF. NELSON ALVES FERREIRA;BETÂNIA;386
31;739;Principal;-1;1988;E. E. PROF. ROXANA PEREIRA BONESSE;COLÔNIA OLIVEIRA MACHADO;352
31;740;Principal;-1;2194;E. E. PROF. DIANA PINHEIRO;EDUCANDOS;372
31;741;Principal;-1;1961;CMEI CORAÇÃO DE JESUS;MORRO DA LIBERDADE;279
31;742;Principal;-1;1945;E. M. NAZIRA CHAMMA DAOU;EDUCANDOS;354
31;743;Principal;-1;1937;E. E. BRIGADEIRO JOÃO CAMARÃO TELLES RIBEIRO;SÃO LÁZARO;365
31;744;Principal;-1;2151;E. E. ESTELITA TAPAJÓS;EDUCANDOS;391
31;745;Principal;-1;2054;CMEI PADRE LUIS RUAS;MAUAZINHO;361
31;746;Principal;-1;2135;E. E. ADALBERTO VALE;MORRO DA LIBERDADE;342
31;747;Principal;-1;2089;E. E. JOSE CARLOS MESTRINHO;CRESPO;348
31;814;Principal;-1;1880;E. M. ESCRITOR ANISIO TEIXEIRA;MAUAZINHO;393
31;815;Principal;-1;2062;E. M.  ANA MARIA DE SOUZA BARROS;MAUAZINHO;395
31;816;Principal;-1;2097;E. M. NOVA VIDA;MAUAZINHO;391
31;817;Principal;-1;1937;E. E. BRIGADEIRO JOÃO CAMARÃO TELLES RIBEIRO;SÃO LÁZARO;364
31;818;Principal;-1;2003;CETI GILBERTO MESTRINHO;EDUCANDOS;343
31;820;Principal;-1;2267;E. M. JOAQUIM DA SILVA PINTO;CRESPO;278
31;821;Principal;-1;2062;E. M.  ANA MARIA DE SOUZA BARROS;MAUAZINHO;393
31;822;Principal;-1;2259;E. E. T. I. MADRE TEREZA DE CALCUTÁ;MORRO DA LIBERDADE;264
31;823;Principal;-1;2011;E. E. PROF.  BENEDITO ALMEIDA;MAUAZINHO;364
31;828;Agregada;526;2097;E. M. NOVA VIDA;MAUAZINHO;102
32;613;Principal;-1;1899;E. E. ANTONIO BITTENCOURT;GLÓRIA;390
32;614;Principal;-1;2208;E. E. JOÃO BOSCO PANTOJA EVANGELISTA;COMPENSA;390
32;615;Principal;-1;2089;E. M. PROF. ALBERTO MAKAREM;COMPENSA;388
32;616;Principal;-1;2216;E. E. CORONEL PEDRO CÂMARA (CMPM VIII);COMPENSA;386
32;617;Principal;-1;1937;E. E. SANTO ANTONIO;SANTO ANTÔNIO;384
32;618;Principal;-1;2054;E. M. CARLOS GOMES;COMPENSA;376
32;619;Principal;-1;2160;E. M. PROF. PERCILIA DO NASCIMENTO SOUZA;COMPENSA;344
32;620;Principal;-1;2372;E. E. DUQUE DE CAXIAS;COMPENSA;344
32;621;Principal;-1;2100;E. M. MONSENHOR FRANCISCO DA SILVEIRA PINTO;COMPENSA;284
32;622;Principal;-1;2046;E. E. BENJAMIN MAGALHÃES BRANDÃO;COMPENSA;391
32;623;Principal;-1;2127;E. E. PADRE PEDRO GISLANDY;COMPENSA;413
32;624;Principal;-1;1872;E. E. MARQUÊS DE SANTA CRUZ;SÃO RAIMUNDO;332
32;625;Principal;-1;2143;E. E. JULIA BITTENCOURT;COMPENSA;417
32;626;Principal;-1;1945;E. E. PRESIDENTE CASTELO BRANCO;SÃO JORGE;372
32;627;Principal;-1;1988;E. M. SÃO DIMAS;SÃO JORGE;327
32;628;Principal;-1;1929;E. E. GOVERNADOR MELO E POVOAS;SANTO ANTÔNIO;369
32;629;Principal;-1;2186;E. M. PROF. SEBASTIÃO NORÕES;COMPENSA;345
32;630;Principal;-1;2097;E. M. ELVIRA BORGES;COMPENSA;415
32;631;Principal;-1;2364;C. E. DE EDUC. ESPECIAL JOANA RODRIGUES VIEIRA;GLÓRIA;273
32;632;Principal;-1;1953;E. E. ZULMIRA BITTENCOURT;SÃO JORGE;332
32;633;Principal;-1;2070;E. E. SENADOR FLAVIO DA COSTA BRITO;COMPENSA;402
32;634;Principal;-1;2003;E. M. PAULA FRASSINETTI;GLÓRIA;303
32;635;Principal;-1;2178;E. M. SÃO PEDRO;COMPENSA;394
32;636;Principal;-1;2038;C. E. AMAZÔNIA;SANTO ANTÔNIO;315
32;637;Principal;-1;2119;E. M. PROF. JOAQUIM GONZAGA PINHEIRO;VILA DA PRATA;405
32;638;Principal;-1;1880;E. E. SAO LUIZ DE GONZAGA;SÃO RAIMUNDO;364
32;639;Principal;-1;2305;E. DE EDUCAÇÃO PROFISSIONAL PADRE ESTÉLIO DALISON;SÃO JORGE;325
32;640;Principal;-1;1996;E. M. PADRE RAIMUNDO NONATO PINHEIRO;SANTO ANTÔNIO;333
32;641;Principal;-1;2232;E. M. FRANCISCA GOMES MENDES;COMPENSA;340
32;642;Principal;-1;1961;E. E. ISAAC BENAYON SABBA;SÃO JORGE;275
32;643;Principal;-1;2020;E. M. GUILHERME BARBOSA BARKER;SANTO ANTÔNIO;373
32;644;Principal;-1;2240;E. M. MARIA MADALENA CORREA;VILA DA PRATA;319
32;645;Principal;-1;2151;E. M. MINISTRO MARIO ANDREAZZA;COMPENSA;379
32;646;Principal;-1;1970;E. E. GENERAL SAMPAIO;SÃO JORGE;346
32;647;Principal;-1;2135;E. M. MARIA FERNANDES;COMPENSA;334
32;648;Principal;-1;2194;E. M. SÃO VICENTE DE PAULA;COMPENSA;353
32;649;Principal;-1;2062;E. E. IRMÃ ADONAI POLITI;VILA DA PRATA;335
32;650;Principal;-1;2224;E. E. WALDEMIRO PERES LUSTOZA;COMPENSA;397
32;651;Principal;-1;1910;E. M. GENERAL ARISTIDES BARRETO;SANTO ANTÔNIO;307
32;652;Principal;-1;2267;E. E. PEDRO SILVESTRE;SÃO RAIMUNDO;365
32;653;Principal;-1;2216;E. E. CORONEL PEDRO CÂMARA (CMPM VIII);COMPENSA;386
32;654;Principal;-1;1872;E. E. MARQUÊS DE SANTA CRUZ;SÃO RAIMUNDO;339
32;655;Principal;-1;1945;E. E. PRESIDENTE CASTELO BRANCO;SÃO JORGE;377
32;656;Principal;-1;2267;E. E. PEDRO SILVESTRE;SÃO RAIMUNDO;357
32;657;Principal;-1;2127;E. E. PADRE PEDRO GISLANDY;COMPENSA;414
32;658;Principal;-1;1899;E. E. ANTONIO BITTENCOURT;GLÓRIA;395
32;659;Principal;-1;1937;E. E. SANTO ANTONIO;SANTO ANTÔNIO;386
32;660;Principal;-1;2046;E. E. BENJAMIN MAGALHÃES BRANDÃO;COMPENSA;410
32;661;Principal;-1;2143;E. E. JULIA BITTENCOURT;COMPENSA;400
32;662;Principal;-1;1929;E. E. GOVERNADOR MELO E POVOAS;SANTO ANTÔNIO;376
32;663;Principal;-1;2119;E. M. PROF. JOAQUIM GONZAGA PINHEIRO;VILA DA PRATA;408
32;664;Principal;-1;1880;E. E. SAO LUIZ DE GONZAGA;SÃO RAIMUNDO;358
32;665;Principal;-1;2208;E. E. JOÃO BOSCO PANTOJA EVANGELISTA;COMPENSA;391
32;666;Principal;-1;2097;E. M. ELVIRA BORGES;COMPENSA;420
32;667;Principal;-1;1970;E. E. GENERAL SAMPAIO;SÃO JORGE;337
32;668;Principal;-1;2054;E. M. CARLOS GOMES;COMPENSA;381
32;669;Principal;-1;2216;E. E. CORONEL PEDRO CÂMARA (CMPM VIII);COMPENSA;384
32;670;Principal;-1;2038;C. E. AMAZÔNIA;SANTO ANTÔNIO;315
32;671;Principal;-1;2178;E. M. SÃO PEDRO;COMPENSA;386
32;672;Principal;-1;1953;E. E. ZULMIRA BITTENCOURT;SÃO JORGE;331
32;673;Principal;-1;2119;E. M. PROF. JOAQUIM GONZAGA PINHEIRO;VILA DA PRATA;405
32;674;Principal;-1;1945;E. E. PRESIDENTE CASTELO BRANCO;SÃO JORGE;382
32;675;Principal;-1;2046;E. E. BENJAMIN MAGALHÃES BRANDÃO;COMPENSA;404
32;676;Principal;-1;2127;E. E. PADRE PEDRO GISLANDY;COMPENSA;409
32;677;Principal;-1;1872;E. E. MARQUÊS DE SANTA CRUZ;SÃO RAIMUNDO;335
32;678;Principal;-1;2267;E. E. PEDRO SILVESTRE;SÃO RAIMUNDO;364
32;679;Principal;-1;2003;E. M. PAULA FRASSINETTI;GLÓRIA;304
32;680;Principal;-1;2224;E. E. WALDEMIRO PERES LUSTOZA;COMPENSA;391
32;681;Principal;-1;1899;E. E. ANTONIO BITTENCOURT;GLÓRIA;393
32;682;Principal;-1;2143;E. E. JULIA BITTENCOURT;COMPENSA;414
32;683;Principal;-1;1937;E. E. SANTO ANTONIO;SANTO ANTÔNIO;384
32;684;Principal;-1;2216;E. E. CORONEL PEDRO CÂMARA (CMPM VIII);COMPENSA;386
32;685;Principal;-1;1929;E. E. GOVERNADOR MELO E POVOAS;SANTO ANTÔNIO;376
32;686;Principal;-1;2160;E. M. PROF. PERCILIA DO NASCIMENTO SOUZA;COMPENSA;340
32;687;Principal;-1;2020;E. M. GUILHERME BARBOSA BARKER;SANTO ANTÔNIO;371
32;688;Principal;-1;1945;E. E. PRESIDENTE CASTELO BRANCO;SÃO JORGE;377
32;689;Principal;-1;1961;E. E. ISAAC BENAYON SABBA;SÃO JORGE;275
32;690;Principal;-1;2119;E. M. PROF. JOAQUIM GONZAGA PINHEIRO;VILA DA PRATA;406
32;691;Principal;-1;2097;E. M. ELVIRA BORGES;COMPENSA;420
32;692;Principal;-1;2178;E. M. SÃO PEDRO;COMPENSA;393
32;693;Principal;-1;1988;E. M. SÃO DIMAS;SÃO JORGE;330
32;694;Principal;-1;2089;E. M. PROF. ALBERTO MAKAREM;COMPENSA;383
32;695;Principal;-1;2208;E. E. JOÃO BOSCO PANTOJA EVANGELISTA;COMPENSA;394
32;696;Principal;-1;2054;E. M. CARLOS GOMES;COMPENSA;380
32;697;Principal;-1;1996;E. M. PADRE RAIMUNDO NONATO PINHEIRO;SANTO ANTÔNIO;328
32;698;Principal;-1;2046;E. E. BENJAMIN MAGALHÃES BRANDÃO;COMPENSA;405
32;699;Principal;-1;2216;E. E. CORONEL PEDRO CÂMARA (CMPM VIII);COMPENSA;386
32;700;Principal;-1;2070;E. E. SENADOR FLAVIO DA COSTA BRITO;COMPENSA;405
32;701;Principal;-1;2127;E. E. PADRE PEDRO GISLANDY;COMPENSA;412
32;702;Principal;-1;1953;E. E. ZULMIRA BITTENCOURT;SÃO JORGE;333
32;703;Principal;-1;1910;E. M. GENERAL ARISTIDES BARRETO;SANTO ANTÔNIO;311
32;704;Principal;-1;1970;E. E. GENERAL SAMPAIO;SÃO JORGE;350
32;705;Principal;-1;2143;E. E. JULIA BITTENCOURT;COMPENSA;418
32;706;Principal;-1;1880;E. E. SAO LUIZ DE GONZAGA;SÃO RAIMUNDO;362
32;707;Principal;-1;1937;E. E. SANTO ANTONIO;SANTO ANTÔNIO;387
32;708;Principal;-1;2151;E. M. MINISTRO MARIO ANDREAZZA;COMPENSA;385
32;709;Principal;-1;2194;E. M. SÃO VICENTE DE PAULA;COMPENSA;349
32;710;Principal;-1;1945;E. E. PRESIDENTE CASTELO BRANCO;SÃO JORGE;379
32;711;Principal;-1;1872;E. E. MARQUÊS DE SANTA CRUZ;SÃO RAIMUNDO;338
32;712;Principal;-1;2119;E. M. PROF. JOAQUIM GONZAGA PINHEIRO;VILA DA PRATA;407
32;713;Principal;-1;2216;E. E. CORONEL PEDRO CÂMARA (CMPM VIII);COMPENSA;380
32;714;Principal;-1;1899;E. E. ANTONIO BITTENCOURT;GLÓRIA;392
32;715;Principal;-1;1929;E. E. GOVERNADOR MELO E POVOAS;SANTO ANTÔNIO;377
32;716;Principal;-1;2038;C. E. AMAZÔNIA;SANTO ANTÔNIO;308
32;717;Principal;-1;2305;E. DE EDUCAÇÃO PROFISSIONAL PADRE ESTÉLIO DALISON;SÃO JORGE;292
32;718;Principal;-1;2046;E. E. BENJAMIN MAGALHÃES BRANDÃO;COMPENSA;401
32;719;Principal;-1;2267;E. E. PEDRO SILVESTRE;SÃO RAIMUNDO;364
32;720;Principal;-1;2224;E. E. WALDEMIRO PERES LUSTOZA;COMPENSA;388
32;721;Principal;-1;2186;E. M. PROF. SEBASTIÃO NORÕES;COMPENSA;345
32;722;Principal;-1;2097;E. M. ELVIRA BORGES;COMPENSA;414
32;723;Principal;-1;2135;E. M. MARIA FERNANDES;COMPENSA;325
32;724;Principal;-1;2062;E. E. IRMÃ ADONAI POLITI;VILA DA PRATA;331
32;725;Principal;-1;2178;E. M. SÃO PEDRO;COMPENSA;395
32;726;Principal;-1;2240;E. M. MARIA MADALENA CORREA;VILA DA PRATA;323
32;727;Principal;-1;2127;E. E. PADRE PEDRO GISLANDY;COMPENSA;412
32;728;Principal;-1;2143;E. E. JULIA BITTENCOURT;COMPENSA;417
32;729;Principal;-1;2208;E. E. JOÃO BOSCO PANTOJA EVANGELISTA;COMPENSA;395
32;730;Principal;-1;2216;E. E. CORONEL PEDRO CÂMARA (CMPM VIII);COMPENSA;354
32;731;Principal;-1;1937;E. E. SANTO ANTONIO;SANTO ANTÔNIO;386
32;732;Principal;-1;1953;E. E. ZULMIRA BITTENCOURT;SÃO JORGE;330
32;733;Principal;-1;2054;E. M. CARLOS GOMES;COMPENSA;379
32;734;Principal;-1;2119;E. M. PROF. JOAQUIM GONZAGA PINHEIRO;VILA DA PRATA;405
32;735;Principal;-1;1945;E. E. PRESIDENTE CASTELO BRANCO;SÃO JORGE;378
32;736;Principal;-1;2046;E. E. BENJAMIN MAGALHÃES BRANDÃO;COMPENSA;411
32;737;Principal;-1;2160;E. M. PROF. PERCILIA DO NASCIMENTO SOUZA;COMPENSA;337
32;738;Principal;-1;1970;E. E. GENERAL SAMPAIO;SÃO JORGE;348
32;739;Principal;-1;2216;E. E. CORONEL PEDRO CÂMARA (CMPM VIII);COMPENSA;384
32;740;Principal;-1;2372;E. E. DUQUE DE CAXIAS;COMPENSA;342
32;741;Principal;-1;2127;E. E. PADRE PEDRO GISLANDY;COMPENSA;412
32;742;Principal;-1;1929;E. E. GOVERNADOR MELO E POVOAS;SANTO ANTÔNIO;376
32;743;Principal;-1;1872;E. E. MARQUÊS DE SANTA CRUZ;SÃO RAIMUNDO;336
32;744;Principal;-1;1937;E. E. SANTO ANTONIO;SANTO ANTÔNIO;377
32;745;Principal;-1;2119;E. M. PROF. JOAQUIM GONZAGA PINHEIRO;VILA DA PRATA;409
32;746;Principal;-1;1899;E. E. ANTONIO BITTENCOURT;GLÓRIA;388
32;747;Principal;-1;2208;E. E. JOÃO BOSCO PANTOJA EVANGELISTA;COMPENSA;397
32;748;Principal;-1;2003;E. M. PAULA FRASSINETTI;GLÓRIA;303
32;749;Principal;-1;2046;E. E. BENJAMIN MAGALHÃES BRANDÃO;COMPENSA;406
32;750;Principal;-1;2143;E. E. JULIA BITTENCOURT;COMPENSA;416
32;751;Principal;-1;1961;E. E. ISAAC BENAYON SABBA;SÃO JORGE;275
32;752;Principal;-1;2216;E. E. CORONEL PEDRO CÂMARA (CMPM VIII);COMPENSA;384
32;753;Principal;-1;2020;E. M. GUILHERME BARBOSA BARKER;SANTO ANTÔNIO;371
32;754;Principal;-1;2089;E. M. PROF. ALBERTO MAKAREM;COMPENSA;388
32;755;Principal;-1;2178;E. M. SÃO PEDRO;COMPENSA;395
32;756;Principal;-1;2224;E. E. WALDEMIRO PERES LUSTOZA;COMPENSA;398
32;757;Principal;-1;2097;E. M. ELVIRA BORGES;COMPENSA;421
32;758;Principal;-1;2267;E. E. PEDRO SILVESTRE;SÃO RAIMUNDO;367
32;759;Principal;-1;1945;E. E. PRESIDENTE CASTELO BRANCO;SÃO JORGE;380
32;760;Principal;-1;2054;E. M. CARLOS GOMES;COMPENSA;376
32;761;Principal;-1;1988;E. M. SÃO DIMAS;SÃO JORGE;326
32;762;Principal;-1;1953;E. E. ZULMIRA BITTENCOURT;SÃO JORGE;326
32;763;Principal;-1;2364;C. E. DE EDUC. ESPECIAL JOANA RODRIGUES VIEIRA;GLÓRIA;268
32;764;Principal;-1;1880;E. E. SAO LUIZ DE GONZAGA;SÃO RAIMUNDO;363
32;765;Principal;-1;1961;E. E. ISAAC BENAYON SABBA;SÃO JORGE;273
32;766;Principal;-1;2062;E. E. IRMÃ ADONAI POLITI;VILA DA PRATA;333
32;767;Principal;-1;1945;E. E. PRESIDENTE CASTELO BRANCO;SÃO JORGE;381
32;768;Principal;-1;2372;E. E. DUQUE DE CAXIAS;COMPENSA;343
32;769;Principal;-1;2224;E. E. WALDEMIRO PERES LUSTOZA;COMPENSA;398
32;770;Principal;-1;1996;E. M. PADRE RAIMUNDO NONATO PINHEIRO;SANTO ANTÔNIO;331
32;771;Principal;-1;2267;E. E. PEDRO SILVESTRE;SÃO RAIMUNDO;365
32;772;Principal;-1;1953;E. E. ZULMIRA BITTENCOURT;SÃO JORGE;335
32;773;Principal;-1;2003;E. M. PAULA FRASSINETTI;GLÓRIA;301
32;774;Principal;-1;2070;E. E. SENADOR FLAVIO DA COSTA BRITO;COMPENSA;402
32;775;Principal;-1;2194;E. M. SÃO VICENTE DE PAULA;COMPENSA;355
32;776;Principal;-1;2240;E. M. MARIA MADALENA CORREA;VILA DA PRATA;320
32;777;Principal;-1;2186;E. M. PROF. SEBASTIÃO NORÕES;COMPENSA;350
32;778;Principal;-1;2232;E. M. FRANCISCA GOMES MENDES;COMPENSA;344
32;779;Principal;-1;1910;E. M. GENERAL ARISTIDES BARRETO;SANTO ANTÔNIO;303
32;780;Principal;-1;2089;E. M. PROF. ALBERTO MAKAREM;COMPENSA;387
32;781;Principal;-1;2135;E. M. MARIA FERNANDES;COMPENSA;330
32;782;Principal;-1;2100;E. M. MONSENHOR FRANCISCO DA SILVEIRA PINTO;COMPENSA;291
32;783;Principal;-1;2151;E. M. MINISTRO MARIO ANDREAZZA;COMPENSA;381
32;784;Principal;-1;2305;E. DE EDUCAÇÃO PROFISSIONAL PADRE ESTÉLIO DALISON;SÃO JORGE;292
32;785;Principal;-1;2127;E. E. PADRE PEDRO GISLANDY;COMPENSA;411
32;786;Principal;-1;2216;E. E. CORONEL PEDRO CÂMARA (CMPM VIII);COMPENSA;388
32;787;Principal;-1;2046;E. E. BENJAMIN MAGALHÃES BRANDÃO;COMPENSA;414
32;788;Principal;-1;2038;C. E. AMAZÔNIA;SANTO ANTÔNIO;304
32;789;Principal;-1;2119;E. M. PROF. JOAQUIM GONZAGA PINHEIRO;VILA DA PRATA;405
32;790;Principal;-1;1937;E. E. SANTO ANTONIO;SANTO ANTÔNIO;386
32;791;Principal;-1;2143;E. E. JULIA BITTENCOURT;COMPENSA;416
32;792;Principal;-1;1970;E. E. GENERAL SAMPAIO;SÃO JORGE;348
32;793;Principal;-1;1929;E. E. GOVERNADOR MELO E POVOAS;SANTO ANTÔNIO;379
32;794;Principal;-1;2208;E. E. JOÃO BOSCO PANTOJA EVANGELISTA;COMPENSA;396
32;795;Principal;-1;2216;E. E. CORONEL PEDRO CÂMARA (CMPM VIII);COMPENSA;383
32;796;Principal;-1;2160;E. M. PROF. PERCILIA DO NASCIMENTO SOUZA;COMPENSA;334
32;797;Principal;-1;2178;E. M. SÃO PEDRO;COMPENSA;393
32;798;Principal;-1;1899;E. E. ANTONIO BITTENCOURT;GLÓRIA;393
32;799;Principal;-1;1945;E. E. PRESIDENTE CASTELO BRANCO;SÃO JORGE;377
32;800;Principal;-1;1872;E. E. MARQUÊS DE SANTA CRUZ;SÃO RAIMUNDO;333
32;801;Principal;-1;2046;E. E. BENJAMIN MAGALHÃES BRANDÃO;COMPENSA;408
32;802;Principal;-1;2127;E. E. PADRE PEDRO GISLANDY;COMPENSA;407
32;803;Principal;-1;2097;E. M. ELVIRA BORGES;COMPENSA;422
32;804;Principal;-1;1937;E. E. SANTO ANTONIO;SANTO ANTÔNIO;383
32;805;Principal;-1;2216;E. E. CORONEL PEDRO CÂMARA (CMPM VIII);COMPENSA;386
32;806;Principal;-1;2143;E. E. JULIA BITTENCOURT;COMPENSA;413
32;807;Principal;-1;2054;E. M. CARLOS GOMES;COMPENSA;377
32;808;Principal;-1;1953;E. E. ZULMIRA BITTENCOURT;SÃO JORGE;331
32;809;Principal;-1;1945;E. E. PRESIDENTE CASTELO BRANCO;SÃO JORGE;376
32;810;Principal;-1;2216;E. E. CORONEL PEDRO CÂMARA (CMPM VIII);COMPENSA;385
32;811;Principal;-1;2127;E. E. PADRE PEDRO GISLANDY;COMPENSA;413
32;812;Principal;-1;2267;E. E. PEDRO SILVESTRE;SÃO RAIMUNDO;365
32;813;Principal;-1;2208;E. E. JOÃO BOSCO PANTOJA EVANGELISTA;COMPENSA;391
32;814;Principal;-1;1929;E. E. GOVERNADOR MELO E POVOAS;SANTO ANTÔNIO;377
32;815;Principal;-1;2089;E. M. PROF. ALBERTO MAKAREM;COMPENSA;387
32;816;Principal;-1;2178;E. M. SÃO PEDRO;COMPENSA;394
32;817;Principal;-1;1970;E. E. GENERAL SAMPAIO;SÃO JORGE;344
32;818;Principal;-1;2216;E. E. CORONEL PEDRO CÂMARA (CMPM VIII);COMPENSA;384
32;819;Principal;-1;2240;E. M. MARIA MADALENA CORREA;VILA DA PRATA;320
32;820;Principal;-1;1899;E. E. ANTONIO BITTENCOURT;GLÓRIA;396
32;821;Principal;-1;2127;E. E. PADRE PEDRO GISLANDY;COMPENSA;410
32;822;Principal;-1;2097;E. M. ELVIRA BORGES;COMPENSA;413
32;823;Principal;-1;1872;E. E. MARQUÊS DE SANTA CRUZ;SÃO RAIMUNDO;339
32;824;Principal;-1;2216;E. E. CORONEL PEDRO CÂMARA (CMPM VIII);COMPENSA;380
32;825;Principal;-1;1910;E. M. GENERAL ARISTIDES BARRETO;SANTO ANTÔNIO;306
32;826;Principal;-1;2020;E. M. GUILHERME BARBOSA BARKER;SANTO ANTÔNIO;370
32;827;Principal;-1;2062;E. E. IRMÃ ADONAI POLITI;VILA DA PRATA;332
32;828;Principal;-1;2038;C. E. AMAZÔNIA;SANTO ANTÔNIO;305
32;829;Principal;-1;2160;E. M. PROF. PERCILIA DO NASCIMENTO SOUZA;COMPENSA;339
32;830;Principal;-1;1945;E. E. PRESIDENTE CASTELO BRANCO;SÃO JORGE;374
32;831;Principal;-1;2054;E. M. CARLOS GOMES;COMPENSA;380
32;832;Principal;-1;2151;E. M. MINISTRO MARIO ANDREAZZA;COMPENSA;384
32;833;Principal;-1;2216;E. E. CORONEL PEDRO CÂMARA (CMPM VIII);COMPENSA;384
32;834;Principal;-1;2070;E. E. SENADOR FLAVIO DA COSTA BRITO;COMPENSA;403
32;835;Principal;-1;1961;E. E. ISAAC BENAYON SABBA;SÃO JORGE;274
32;836;Principal;-1;1929;E. E. GOVERNADOR MELO E POVOAS;SANTO ANTÔNIO;379
32;837;Principal;-1;1988;E. M. SÃO DIMAS;SÃO JORGE;331
32;838;Principal;-1;1996;E. M. PADRE RAIMUNDO NONATO PINHEIRO;SANTO ANTÔNIO;331
32;839;Principal;-1;1970;E. E. GENERAL SAMPAIO;SÃO JORGE;342
32;840;Principal;-1;2127;E. E. PADRE PEDRO GISLANDY;COMPENSA;413
32;841;Principal;-1;2003;E. M. PAULA FRASSINETTI;GLÓRIA;302
32;842;Principal;-1;1880;E. E. SAO LUIZ DE GONZAGA;SÃO RAIMUNDO;364
32;843;Principal;-1;1953;E. E. ZULMIRA BITTENCOURT;SÃO JORGE;333
32;844;Principal;-1;2186;E. M. PROF. SEBASTIÃO NORÕES;COMPENSA;350
32;845;Principal;-1;2216;E. E. CORONEL PEDRO CÂMARA (CMPM VIII);COMPENSA;387
32;846;Principal;-1;2178;E. M. SÃO PEDRO;COMPENSA;394
32;847;Principal;-1;1945;E. E. PRESIDENTE CASTELO BRANCO;SÃO JORGE;381
32;848;Principal;-1;1899;E. E. ANTONIO BITTENCOURT;GLÓRIA;390
32;849;Principal;-1;2216;E. E. CORONEL PEDRO CÂMARA (CMPM VIII);COMPENSA;378
32;850;Principal;-1;2097;E. M. ELVIRA BORGES;COMPENSA;419
32;851;Principal;-1;2054;E. M. CARLOS GOMES;COMPENSA;378
32;852;Principal;-1;1872;E. E. MARQUÊS DE SANTA CRUZ;SÃO RAIMUNDO;334
32;853;Principal;-1;1929;E. E. GOVERNADOR MELO E POVOAS;SANTO ANTÔNIO;376
32;854;Principal;-1;2240;E. M. MARIA MADALENA CORREA;VILA DA PRATA;319
32;855;Principal;-1;2305;E. DE EDUCAÇÃO PROFISSIONAL PADRE ESTÉLIO DALISON;SÃO JORGE;292
32;856;Principal;-1;2216;E. E. CORONEL PEDRO CÂMARA (CMPM VIII);COMPENSA;388
32;857;Principal;-1;2038;C. E. AMAZÔNIA;SANTO ANTÔNIO;308
32;858;Principal;-1;1970;E. E. GENERAL SAMPAIO;SÃO JORGE;349
32;859;Principal;-1;2372;E. E. DUQUE DE CAXIAS;COMPENSA;342
32;860;Principal;-1;2062;E. E. IRMÃ ADONAI POLITI;VILA DA PRATA;328
32;861;Principal;-1;2216;E. E. CORONEL PEDRO CÂMARA (CMPM VIII);COMPENSA;379
32;862;Principal;-1;2151;E. M. MINISTRO MARIO ANDREAZZA;COMPENSA;388
32;863;Principal;-1;2160;E. M. PROF. PERCILIA DO NASCIMENTO SOUZA;COMPENSA;338
32;864;Principal;-1;1996;E. M. PADRE RAIMUNDO NONATO PINHEIRO;SANTO ANTÔNIO;331
32;865;Principal;-1;1953;E. E. ZULMIRA BITTENCOURT;SÃO JORGE;332
32;866;Principal;-1;1880;E. E. SAO LUIZ DE GONZAGA;SÃO RAIMUNDO;360
32;867;Principal;-1;2135;E. M. MARIA FERNANDES;COMPENSA;335
32;868;Principal;-1;2232;E. M. FRANCISCA GOMES MENDES;COMPENSA;341
32;869;Principal;-1;2216;E. E. CORONEL PEDRO CÂMARA (CMPM VIII);COMPENSA;386
32;870;Principal;-1;2143;E. E. JULIA BITTENCOURT;COMPENSA;416
32;871;Principal;-1;1910;E. M. GENERAL ARISTIDES BARRETO;SANTO ANTÔNIO;290
32;872;Principal;-1;2127;E. E. PADRE PEDRO GISLANDY;COMPENSA;410
32;873;Principal;-1;2054;E. M. CARLOS GOMES;COMPENSA;379
32;874;Principal;-1;1961;E. E. ISAAC BENAYON SABBA;SÃO JORGE;271
32;875;Principal;-1;2020;E. M. GUILHERME BARBOSA BARKER;SANTO ANTÔNIO;369
32;876;Principal;-1;2178;E. M. SÃO PEDRO;COMPENSA;394
32;877;Principal;-1;1945;E. E. PRESIDENTE CASTELO BRANCO;SÃO JORGE;370
32;878;Principal;-1;1970;E. E. GENERAL SAMPAIO;SÃO JORGE;348
32;879;Principal;-1;1872;E. E. MARQUÊS DE SANTA CRUZ;SÃO RAIMUNDO;335
32;880;Principal;-1;2216;E. E. CORONEL PEDRO CÂMARA (CMPM VIII);COMPENSA;384
32;881;Principal;-1;1953;E. E. ZULMIRA BITTENCOURT;SÃO JORGE;328
32;882;Principal;-1;2038;C. E. AMAZÔNIA;SANTO ANTÔNIO;291
32;883;Principal;-1;1899;E. E. ANTONIO BITTENCOURT;GLÓRIA;390
32;884;Principal;-1;2070;E. E. SENADOR FLAVIO DA COSTA BRITO;COMPENSA;404
32;885;Principal;-1;2216;E. E. CORONEL PEDRO CÂMARA (CMPM VIII);COMPENSA;379
32;886;Principal;-1;2062;E. E. IRMÃ ADONAI POLITI;VILA DA PRATA;330
32;887;Principal;-1;2143;E. E. JULIA BITTENCOURT;COMPENSA;419
32;888;Principal;-1;2240;E. M. MARIA MADALENA CORREA;VILA DA PRATA;318
32;889;Principal;-1;1996;E. M. PADRE RAIMUNDO NONATO PINHEIRO;SANTO ANTÔNIO;332
32;890;Principal;-1;2003;E. M. PAULA FRASSINETTI;GLÓRIA;302
32;891;Principal;-1;1988;E. M. SÃO DIMAS;SÃO JORGE;327
32;892;Principal;-1;2127;E. E. PADRE PEDRO GISLANDY;COMPENSA;415
32;893;Principal;-1;2216;E. E. CORONEL PEDRO CÂMARA (CMPM VIII);COMPENSA;381
32;894;Principal;-1;1929;E. E. GOVERNADOR MELO E POVOAS;SANTO ANTÔNIO;377
32;895;Principal;-1;2240;E. M. MARIA MADALENA CORREA;VILA DA PRATA;315
32;896;Principal;-1;2224;E. E. WALDEMIRO PERES LUSTOZA;COMPENSA;393
32;897;Principal;-1;2038;C. E. AMAZÔNIA;SANTO ANTÔNIO;295
32;898;Principal;-1;1945;E. E. PRESIDENTE CASTELO BRANCO;SÃO JORGE;380
32;899;Principal;-1;1970;E. E. GENERAL SAMPAIO;SÃO JORGE;346
32;900;Principal;-1;2151;E. M. MINISTRO MARIO ANDREAZZA;COMPENSA;384
32;901;Principal;-1;2267;E. E. PEDRO SILVESTRE;SÃO RAIMUNDO;355
32;902;Principal;-1;2160;E. M. PROF. PERCILIA DO NASCIMENTO SOUZA;COMPENSA;340
32;903;Principal;-1;2089;E. M. PROF. ALBERTO MAKAREM;COMPENSA;387
32;904;Principal;-1;2224;E. E. WALDEMIRO PERES LUSTOZA;COMPENSA;397
32;905;Principal;-1;2135;E. M. MARIA FERNANDES;COMPENSA;331
32;906;Principal;-1;1872;E. E. MARQUÊS DE SANTA CRUZ;SÃO RAIMUNDO;334
32;907;Principal;-1;2100;E. M. MONSENHOR FRANCISCO DA SILVEIRA PINTO;COMPENSA;286
32;908;Principal;-1;2364;C. E. DE EDUC. ESPECIAL JOANA RODRIGUES VIEIRA;GLÓRIA;269
32;909;Principal;-1;1880;E. E. SAO LUIZ DE GONZAGA;SÃO RAIMUNDO;366
32;910;Principal;-1;2224;E. E. WALDEMIRO PERES LUSTOZA;COMPENSA;394
32;911;Principal;-1;2240;E. M. MARIA MADALENA CORREA;VILA DA PRATA;316
32;912;Principal;-1;2186;E. M. PROF. SEBASTIÃO NORÕES;COMPENSA;344
32;913;Principal;-1;2232;E. M. FRANCISCA GOMES MENDES;COMPENSA;340
32;914;Principal;-1;2062;E. E. IRMÃ ADONAI POLITI;VILA DA PRATA;330
32;915;Principal;-1;2305;E. DE EDUCAÇÃO PROFISSIONAL PADRE ESTÉLIO DALISON;SÃO JORGE;287
32;916;Principal;-1;1970;E. E. GENERAL SAMPAIO;SÃO JORGE;348
32;917;Principal;-1;2275;E. E. LIBERALINA WEILL;SANTO ANTÔNIO;254
32;918;Principal;-1;2283;E. E. FUETH PAULO MOURÃO;SÃO JORGE;342
32;919;Principal;-1;2160;E. M. PROF. PERCILIA DO NASCIMENTO SOUZA;COMPENSA;151
32;920;Principal;-1;2003;E. M. PAULA FRASSINETTI;GLÓRIA;296
32;921;Principal;-1;1996;E. M. PADRE RAIMUNDO NONATO PINHEIRO;SANTO ANTÔNIO;324
32;922;Principal;-1;2160;E. M. PROF. PERCILIA DO NASCIMENTO SOUZA;COMPENSA;331
32;923;Principal;-1;2275;E. E. LIBERALINA WEILL;SANTO ANTÔNIO;252
32;924;Principal;-1;2283;E. E. FUETH PAULO MOURÃO;SÃO JORGE;339
32;925;Agregada;919;2291;E. M. SÃO JOSÉ;COMPENSA;205
32;926;Principal;-1;2135;E. M. MARIA FERNANDES;COMPENSA;329
32;927;Principal;-1;2089;E. M. PROF. ALBERTO MAKAREM;COMPENSA;385
32;928;Principal;-1;1961;E. E. ISAAC BENAYON SABBA;SÃO JORGE;261
32;929;Principal;-1;2020;E. M. GUILHERME BARBOSA BARKER;SANTO ANTÔNIO;369
32;930;Principal;-1;2119;E. M. PROF. JOAQUIM GONZAGA PINHEIRO;VILA DA PRATA;388
32;931;Principal;-1;2232;E. M. FRANCISCA GOMES MENDES;COMPENSA;341
32;932;Principal;-1;2283;E. E. FUETH PAULO MOURÃO;SÃO JORGE;346
32;933;Principal;-1;1988;E. M. SÃO DIMAS;SÃO JORGE;320
32;934;Principal;-1;2275;E. E. LIBERALINA WEILL;SANTO ANTÔNIO;253
32;935;Principal;-1;2240;E. M. MARIA MADALENA CORREA;VILA DA PRATA;314
32;936;Principal;-1;2089;E. M. PROF. ALBERTO MAKAREM;COMPENSA;388
32;937;Principal;-1;1872;E. E. MARQUÊS DE SANTA CRUZ;SÃO RAIMUNDO;324
32;938;Principal;-1;2305;E. DE EDUCAÇÃO PROFISSIONAL PADRE ESTÉLIO DALISON;SÃO JORGE;287
32;939;Principal;-1;2275;E. E. LIBERALINA WEILL;SANTO ANTÔNIO;253
32;940;Principal;-1;2054;E. M. CARLOS GOMES;COMPENSA;373
32;941;Principal;-1;2194;E. M. SÃO VICENTE DE PAULA;COMPENSA;353
32;942;Principal;-1;2097;E. M. ELVIRA BORGES;COMPENSA;421
32;943;Principal;-1;2054;E. M. CARLOS GOMES;COMPENSA;374
32;944;Principal;-1;2208;E. E. JOÃO BOSCO PANTOJA EVANGELISTA;COMPENSA;396
32;945;Principal;-1;2283;E. E. FUETH PAULO MOURÃO;SÃO JORGE;339
32;946;Principal;-1;1910;E. M. GENERAL ARISTIDES BARRETO;SANTO ANTÔNIO;241
32;947;Principal;-1;2224;E. E. WALDEMIRO PERES LUSTOZA;COMPENSA;388
37;41;Principal;-1;1791;E. E. TIRADENTES;PETRÓPOLIS;344
37;313;Principal;-1;1597;E.E.T.I. BILINGUE  PROF. DJALMA DA CUNHA BATISTA;JAPIIM;316
37;378;Principal;-1;1961;E. M. VICENTE DE PAULA;JAPIIM;367
37;392;Principal;-1;1970;E. E. LUIZ VAZ DE CAMOES;JAPIIM;374
37;400;Principal;-1;1988;E. E. NATALIA UCHOA;JAPIIM;390
37;449;Principal;-1;2054;E. E. ONDINA DE PAULA RIBEIRO;JAPIIM;387
37;467;Agregada;518;2070;CMEI JOAO BARBOSA;JAPIIM;228
37;489;Principal;-1;1783;E. E. HELENA ARAUJO;SÃO FRANCISCO;346
37;490;Principal;-1;1791;E. E. TIRADENTES;PETRÓPOLIS;361
37;491;Principal;-1;1775;E. E. MARCIO NERY;SÃO FRANCISCO;359
37;492;Principal;-1;1813;E. M. THOMAS MEIRELLES;PETRÓPOLIS;396
37;493;Principal;-1;1740;E. E. PE. AGOSTINHO MARTIN;SÃO FRANCISCO;401
37;494;Principal;-1;1856;CMEI MAESTRO DIRSON COSTA;PETRÓPOLIS;388
37;495;Principal;-1;1864;E. M. PE. MAURO FANCELLO;PETRÓPOLIS;424
37;496;Principal;-1;1899;COLEGIO MILITAR DA POLICIA MILITAR;PETRÓPOLIS;394
37;497;Principal;-1;1759;E. M. VILLA LOBOS;SÃO FRANCISCO;351
37;498;Principal;-1;1767;E. E. GETULIO VARGAS;SÃO FRANCISCO;320
37;499;Principal;-1;1830;E. E. SANTANA;PETRÓPOLIS;383
37;500;Principal;-1;1821;SECRETARIA DE ESTADO DA FAZENDA - SEFAZ;SÃO FRANCISCO;369
37;501;Principal;-1;1929;E. M. MARIA LIRA PEREIRA;PETRÓPOLIS;391
37;502;Principal;-1;1872;E. M. ANA MOTA BRAGA;PETRÓPOLIS;396
37;503;Principal;-1;1910;CMEI CECILIA CABRAL;PETRÓPOLIS;427
37;504;Principal;-1;1970;E. E. LUIZ VAZ DE CAMOES;JAPIIM;387
37;505;Principal;-1;2054;E. E. ONDINA DE PAULA RIBEIRO;JAPIIM;393
37;506;Principal;-1;1988;E. E. NATALIA UCHOA;JAPIIM;396
37;507;Principal;-1;2020;E. E. ALFREDO CAMPOS;JAPIIM;377
37;508;Principal;-1;1996;E. M. AMINE DAOU LINDOSO;JAPIIM;390
37;509;Principal;-1;2089;E. M. PE. SEBASTIAO LUIZ DOS SANTOS PUGA BARBOSA;JAPIIM;394
37;510;Principal;-1;2062;E. M. ISABEL ANGARITA;JAPIIM;345
37;511;Principal;-1;2046;CMEI FERNANDO TRIGUEIRO;JAPIIM;375
37;512;Principal;-1;1805;E. E. MAJOR SILVA COUTINHO;PETRÓPOLIS;384
37;513;Principal;-1;1961;E. M. VICENTE DE PAULA;JAPIIM;376
37;514;Principal;-1;2003;E. E. LUCINDA FELIX DE AZEVEDO;JAPIIM;374
37;515;Principal;-1;1953;E. M. PROF. JOSE WANDEMBERG RAMOS LEITE;JAPIIM;366
37;516;Principal;-1;1848;INCRA;PETRÓPOLIS;300
37;517;Principal;-1;1880;E. E. IZABEL BARRONCAS;SÃO FRANCISCO;359
37;518;Principal;-1;2070;CMEI JOAO BARBOSA;JAPIIM;259
37;519;Principal;-1;1945;E. M. TEREZA ROSA ABTIBOL;SÃO FRANCISCO;392
37;520;Principal;-1;2011;E. E. BENICIO LEAO;JAPIIM;379
37;521;Principal;-1;1902;CMEI MARIA CLARA MACHADO;PETRÓPOLIS;390
37;522;Principal;-1;2038;CMEI JURACY FREITAS MACIEL;JAPIIM;308
37;523;Principal;-1;1597;E.E.T.I. BILINGUE  PROF. DJALMA DA CUNHA BATISTA;JAPIIM;331
37;524;Principal;-1;1899;COLEGIO MILITAR DA POLICIA MILITAR;PETRÓPOLIS;389
37;525;Principal;-1;2100;CORPO DE BOMBEIROS DO AMAZONAS;PETRÓPOLIS;335
37;529;Principal;-1;1791;E. E. TIRADENTES;PETRÓPOLIS;359
37;530;Principal;-1;1961;E. M. VICENTE DE PAULA;JAPIIM;382
37;531;Principal;-1;1805;E. E. MAJOR SILVA COUTINHO;PETRÓPOLIS;385
37;532;Principal;-1;1791;E. E. TIRADENTES;PETRÓPOLIS;363
37;533;Principal;-1;1988;E. E. NATALIA UCHOA;JAPIIM;397
37;534;Principal;-1;1899;COLEGIO MILITAR DA POLICIA MILITAR;PETRÓPOLIS;390
37;535;Principal;-1;1813;E. M. THOMAS MEIRELLES;PETRÓPOLIS;394
37;536;Principal;-1;2054;E. E. ONDINA DE PAULA RIBEIRO;JAPIIM;394
37;537;Principal;-1;1740;E. E. PE. AGOSTINHO MARTIN;SÃO FRANCISCO;401
37;538;Principal;-1;1775;E. E. MARCIO NERY;SÃO FRANCISCO;353
37;539;Principal;-1;1970;E. E. LUIZ VAZ DE CAMOES;JAPIIM;391
37;540;Principal;-1;2020;E. E. ALFREDO CAMPOS;JAPIIM;376
37;541;Principal;-1;1791;E. E. TIRADENTES;PETRÓPOLIS;363
37;542;Principal;-1;2046;CMEI FERNANDO TRIGUEIRO;JAPIIM;377
37;543;Principal;-1;1961;E. M. VICENTE DE PAULA;JAPIIM;383
37;544;Principal;-1;1805;E. E. MAJOR SILVA COUTINHO;PETRÓPOLIS;382
37;545;Principal;-1;1759;E. M. VILLA LOBOS;SÃO FRANCISCO;356
37;546;Principal;-1;1988;E. E. NATALIA UCHOA;JAPIIM;396
37;547;Principal;-1;1791;E. E. TIRADENTES;PETRÓPOLIS;355
37;548;Principal;-1;1899;COLEGIO MILITAR DA POLICIA MILITAR;PETRÓPOLIS;388
37;549;Principal;-1;1813;E. M. THOMAS MEIRELLES;PETRÓPOLIS;397
37;550;Principal;-1;2011;E. E. BENICIO LEAO;JAPIIM;382
37;551;Principal;-1;2003;E. E. LUCINDA FELIX DE AZEVEDO;JAPIIM;380
37;552;Principal;-1;1872;E. M. ANA MOTA BRAGA;PETRÓPOLIS;393
37;553;Principal;-1;2054;E. E. ONDINA DE PAULA RIBEIRO;JAPIIM;388
37;554;Principal;-1;1961;E. M. VICENTE DE PAULA;JAPIIM;380
37;555;Principal;-1;1970;E. E. LUIZ VAZ DE CAMOES;JAPIIM;390
37;556;Principal;-1;1597;E.E.T.I. BILINGUE  PROF. DJALMA DA CUNHA BATISTA;JAPIIM;330
37;557;Principal;-1;1783;E. E. HELENA ARAUJO;SÃO FRANCISCO;345
37;558;Principal;-1;1791;E. E. TIRADENTES;PETRÓPOLIS;359
37;559;Principal;-1;1830;E. E. SANTANA;PETRÓPOLIS;386
37;560;Principal;-1;1740;E. E. PE. AGOSTINHO MARTIN;SÃO FRANCISCO;399
37;561;Principal;-1;1805;E. E. MAJOR SILVA COUTINHO;PETRÓPOLIS;382
37;562;Principal;-1;1988;E. E. NATALIA UCHOA;JAPIIM;393
37;563;Principal;-1;1775;E. E. MARCIO NERY;SÃO FRANCISCO;355
37;564;Principal;-1;1953;E. M. PROF. JOSE WANDEMBERG RAMOS LEITE;JAPIIM;368
37;565;Principal;-1;1813;E. M. THOMAS MEIRELLES;PETRÓPOLIS;397
37;566;Principal;-1;1899;COLEGIO MILITAR DA POLICIA MILITAR;PETRÓPOLIS;392
37;567;Principal;-1;1791;E. E. TIRADENTES;PETRÓPOLIS;359
37;568;Principal;-1;2020;E. E. ALFREDO CAMPOS;JAPIIM;375
37;569;Principal;-1;2046;CMEI FERNANDO TRIGUEIRO;JAPIIM;376
37;570;Principal;-1;1961;E. M. VICENTE DE PAULA;JAPIIM;376
37;571;Principal;-1;2089;E. M. PE. SEBASTIAO LUIZ DOS SANTOS PUGA BARBOSA;JAPIIM;397
37;572;Principal;-1;1910;CMEI CECILIA CABRAL;PETRÓPOLIS;429
37;573;Principal;-1;2054;E. E. ONDINA DE PAULA RIBEIRO;JAPIIM;394
37;574;Principal;-1;1759;E. M. VILLA LOBOS;SÃO FRANCISCO;351
37;575;Principal;-1;2062;E. M. ISABEL ANGARITA;JAPIIM;341
37;576;Principal;-1;1996;E. M. AMINE DAOU LINDOSO;JAPIIM;390
37;577;Principal;-1;1821;SECRETARIA DE ESTADO DA FAZENDA - SEFAZ;SÃO FRANCISCO;369
37;578;Principal;-1;1767;E. E. GETULIO VARGAS;SÃO FRANCISCO;325
37;579;Principal;-1;1970;E. E. LUIZ VAZ DE CAMOES;JAPIIM;386
37;580;Principal;-1;1805;E. E. MAJOR SILVA COUTINHO;PETRÓPOLIS;384
37;581;Principal;-1;1791;E. E. TIRADENTES;PETRÓPOLIS;360
37;582;Principal;-1;1929;E. M. MARIA LIRA PEREIRA;PETRÓPOLIS;389
37;583;Principal;-1;2011;E. E. BENICIO LEAO;JAPIIM;382
37;584;Principal;-1;1872;E. M. ANA MOTA BRAGA;PETRÓPOLIS;397
37;585;Principal;-1;1961;E. M. VICENTE DE PAULA;JAPIIM;379
37;586;Principal;-1;1813;E. M. THOMAS MEIRELLES;PETRÓPOLIS;393
37;587;Principal;-1;1988;E. E. NATALIA UCHOA;JAPIIM;392
37;588;Principal;-1;2003;E. E. LUCINDA FELIX DE AZEVEDO;JAPIIM;379
37;589;Principal;-1;1899;COLEGIO MILITAR DA POLICIA MILITAR;PETRÓPOLIS;390
37;590;Principal;-1;1740;E. E. PE. AGOSTINHO MARTIN;SÃO FRANCISCO;399
37;591;Principal;-1;1791;E. E. TIRADENTES;PETRÓPOLIS;360
37;592;Principal;-1;1775;E. E. MARCIO NERY;SÃO FRANCISCO;358
37;593;Principal;-1;2054;E. E. ONDINA DE PAULA RIBEIRO;JAPIIM;392
37;594;Principal;-1;1856;CMEI MAESTRO DIRSON COSTA;PETRÓPOLIS;388
37;595;Principal;-1;1961;E. M. VICENTE DE PAULA;JAPIIM;371
37;596;Principal;-1;1805;E. E. MAJOR SILVA COUTINHO;PETRÓPOLIS;383
37;597;Principal;-1;1597;E.E.T.I. BILINGUE  PROF. DJALMA DA CUNHA BATISTA;JAPIIM;327
37;598;Principal;-1;1791;E. E. TIRADENTES;PETRÓPOLIS;360
37;599;Principal;-1;1970;E. E. LUIZ VAZ DE CAMOES;JAPIIM;385
37;600;Principal;-1;2020;E. E. ALFREDO CAMPOS;JAPIIM;375
37;601;Principal;-1;1813;E. M. THOMAS MEIRELLES;PETRÓPOLIS;396
37;602;Principal;-1;2046;CMEI FERNANDO TRIGUEIRO;JAPIIM;376
37;603;Principal;-1;1988;E. E. NATALIA UCHOA;JAPIIM;397
37;604;Principal;-1;1783;E. E. HELENA ARAUJO;SÃO FRANCISCO;344
37;605;Principal;-1;1880;E. E. IZABEL BARRONCAS;SÃO FRANCISCO;362
37;606;Principal;-1;1961;E. M. VICENTE DE PAULA;JAPIIM;378
37;607;Principal;-1;1791;E. E. TIRADENTES;PETRÓPOLIS;355
37;608;Principal;-1;1899;COLEGIO MILITAR DA POLICIA MILITAR;PETRÓPOLIS;394
37;609;Principal;-1;1759;E. M. VILLA LOBOS;SÃO FRANCISCO;355
37;610;Principal;-1;2054;E. E. ONDINA DE PAULA RIBEIRO;JAPIIM;394
37;611;Principal;-1;1805;E. E. MAJOR SILVA COUTINHO;PETRÓPOLIS;385
37;612;Principal;-1;1988;E. E. NATALIA UCHOA;JAPIIM;395
37;613;Principal;-1;1872;E. M. ANA MOTA BRAGA;PETRÓPOLIS;393
37;614;Principal;-1;1813;E. M. THOMAS MEIRELLES;PETRÓPOLIS;398
37;615;Principal;-1;1740;E. E. PE. AGOSTINHO MARTIN;SÃO FRANCISCO;400
37;616;Principal;-1;1902;CMEI MARIA CLARA MACHADO;PETRÓPOLIS;384
37;617;Principal;-1;1791;E. E. TIRADENTES;PETRÓPOLIS;361
37;618;Principal;-1;2011;E. E. BENICIO LEAO;JAPIIM;383
37;619;Principal;-1;1775;E. E. MARCIO NERY;SÃO FRANCISCO;350
37;620;Principal;-1;1961;E. M. VICENTE DE PAULA;JAPIIM;373
37;621;Principal;-1;1970;E. E. LUIZ VAZ DE CAMOES;JAPIIM;388
37;622;Principal;-1;1830;E. E. SANTANA;PETRÓPOLIS;385
37;623;Principal;-1;1953;E. M. PROF. JOSE WANDEMBERG RAMOS LEITE;JAPIIM;370
37;624;Principal;-1;2003;E. E. LUCINDA FELIX DE AZEVEDO;JAPIIM;378
37;625;Principal;-1;1910;CMEI CECILIA CABRAL;PETRÓPOLIS;423
37;626;Principal;-1;1791;E. E. TIRADENTES;PETRÓPOLIS;360
37;627;Principal;-1;1805;E. E. MAJOR SILVA COUTINHO;PETRÓPOLIS;385
37;628;Principal;-1;2089;E. M. PE. SEBASTIAO LUIZ DOS SANTOS PUGA BARBOSA;JAPIIM;397
37;629;Principal;-1;1899;COLEGIO MILITAR DA POLICIA MILITAR;PETRÓPOLIS;392
37;630;Principal;-1;2046;CMEI FERNANDO TRIGUEIRO;JAPIIM;376
37;631;Principal;-1;1813;E. M. THOMAS MEIRELLES;PETRÓPOLIS;399
37;632;Principal;-1;1929;E. M. MARIA LIRA PEREIRA;PETRÓPOLIS;398
37;633;Principal;-1;1961;E. M. VICENTE DE PAULA;JAPIIM;384
37;634;Principal;-1;2054;E. E. ONDINA DE PAULA RIBEIRO;JAPIIM;395
37;635;Principal;-1;1988;E. E. NATALIA UCHOA;JAPIIM;393
37;636;Principal;-1;1597;E.E.T.I. BILINGUE  PROF. DJALMA DA CUNHA BATISTA;JAPIIM;331
37;637;Principal;-1;1791;E. E. TIRADENTES;PETRÓPOLIS;359
37;638;Principal;-1;1970;E. E. LUIZ VAZ DE CAMOES;JAPIIM;386
37;639;Principal;-1;1996;E. M. AMINE DAOU LINDOSO;JAPIIM;392
37;640;Principal;-1;2062;E. M. ISABEL ANGARITA;JAPIIM;341
37;641;Principal;-1;1872;E. M. ANA MOTA BRAGA;PETRÓPOLIS;393
37;642;Principal;-1;1961;E. M. VICENTE DE PAULA;JAPIIM;385
37;643;Principal;-1;1988;E. E. NATALIA UCHOA;JAPIIM;394
37;644;Principal;-1;1805;E. E. MAJOR SILVA COUTINHO;PETRÓPOLIS;381
37;645;Principal;-1;1813;E. M. THOMAS MEIRELLES;PETRÓPOLIS;394
37;646;Principal;-1;1775;E. E. MARCIO NERY;SÃO FRANCISCO;350
37;647;Principal;-1;1791;E. E. TIRADENTES;PETRÓPOLIS;363
37;648;Principal;-1;1899;COLEGIO MILITAR DA POLICIA MILITAR;PETRÓPOLIS;392
37;649;Principal;-1;2070;CMEI JOAO BARBOSA;JAPIIM;238
37;650;Principal;-1;1759;E. M. VILLA LOBOS;SÃO FRANCISCO;351
37;651;Principal;-1;2054;E. E. ONDINA DE PAULA RIBEIRO;JAPIIM;391
37;652;Principal;-1;2011;E. E. BENICIO LEAO;JAPIIM;379
37;653;Principal;-1;1791;E. E. TIRADENTES;PETRÓPOLIS;354
37;654;Principal;-1;1783;E. E. HELENA ARAUJO;SÃO FRANCISCO;344
37;655;Principal;-1;1961;E. M. VICENTE DE PAULA;JAPIIM;382
37;656;Principal;-1;1988;E. E. NATALIA UCHOA;JAPIIM;392
37;657;Principal;-1;1945;E. M. TEREZA ROSA ABTIBOL;SÃO FRANCISCO;397
37;658;Principal;-1;2046;CMEI FERNANDO TRIGUEIRO;JAPIIM;377
37;659;Principal;-1;2003;E. E. LUCINDA FELIX DE AZEVEDO;JAPIIM;381
37;660;Principal;-1;1970;E. E. LUIZ VAZ DE CAMOES;JAPIIM;389
37;661;Principal;-1;1813;E. M. THOMAS MEIRELLES;PETRÓPOLIS;393
37;662;Principal;-1;1821;SECRETARIA DE ESTADO DA FAZENDA - SEFAZ;SÃO FRANCISCO;365
37;663;Principal;-1;1805;E. E. MAJOR SILVA COUTINHO;PETRÓPOLIS;383
37;664;Principal;-1;1899;COLEGIO MILITAR DA POLICIA MILITAR;PETRÓPOLIS;389
37;665;Principal;-1;1791;E. E. TIRADENTES;PETRÓPOLIS;359
37;666;Principal;-1;1988;E. E. NATALIA UCHOA;JAPIIM;392
37;667;Principal;-1;2054;E. E. ONDINA DE PAULA RIBEIRO;JAPIIM;388
37;668;Principal;-1;1961;E. M. VICENTE DE PAULA;JAPIIM;377
37;669;Principal;-1;1767;E. E. GETULIO VARGAS;SÃO FRANCISCO;313
37;670;Principal;-1;1775;E. E. MARCIO NERY;SÃO FRANCISCO;355
37;671;Principal;-1;2020;E. E. ALFREDO CAMPOS;JAPIIM;373
37;672;Principal;-1;2089;E. M. PE. SEBASTIAO LUIZ DOS SANTOS PUGA BARBOSA;JAPIIM;392
37;673;Principal;-1;1953;E. M. PROF. JOSE WANDEMBERG RAMOS LEITE;JAPIIM;368
37;674;Principal;-1;2100;CORPO DE BOMBEIROS DO AMAZONAS;PETRÓPOLIS;330
37;675;Principal;-1;1791;E. E. TIRADENTES;PETRÓPOLIS;357
37;676;Principal;-1;1597;E.E.T.I. BILINGUE  PROF. DJALMA DA CUNHA BATISTA;JAPIIM;331
37;677;Principal;-1;1872;E. M. ANA MOTA BRAGA;PETRÓPOLIS;395
37;678;Principal;-1;1830;E. E. SANTANA;PETRÓPOLIS;380
37;679;Principal;-1;1759;E. M. VILLA LOBOS;SÃO FRANCISCO;353
37;680;Principal;-1;1880;E. E. IZABEL BARRONCAS;SÃO FRANCISCO;356
37;681;Principal;-1;1805;E. E. MAJOR SILVA COUTINHO;PETRÓPOLIS;383
37;682;Principal;-1;1910;CMEI CECILIA CABRAL;PETRÓPOLIS;423
37;683;Principal;-1;1970;E. E. LUIZ VAZ DE CAMOES;JAPIIM;387
37;684;Principal;-1;2046;CMEI FERNANDO TRIGUEIRO;JAPIIM;377
37;685;Principal;-1;1791;E. E. TIRADENTES;PETRÓPOLIS;354
37;686;Principal;-1;1899;COLEGIO MILITAR DA POLICIA MILITAR;PETRÓPOLIS;388
37;687;Principal;-1;1864;E. M. PE. MAURO FANCELLO;PETRÓPOLIS;425
37;688;Principal;-1;1929;E. M. MARIA LIRA PEREIRA;PETRÓPOLIS;391
37;689;Principal;-1;2054;E. E. ONDINA DE PAULA RIBEIRO;JAPIIM;389
37;690;Principal;-1;2011;E. E. BENICIO LEAO;JAPIIM;385
37;691;Principal;-1;1856;CMEI MAESTRO DIRSON COSTA;PETRÓPOLIS;382
37;692;Principal;-1;1791;E. E. TIRADENTES;PETRÓPOLIS;356
37;693;Principal;-1;1996;E. M. AMINE DAOU LINDOSO;JAPIIM;392
37;694;Principal;-1;1805;E. E. MAJOR SILVA COUTINHO;PETRÓPOLIS;385
37;695;Principal;-1;2003;E. E. LUCINDA FELIX DE AZEVEDO;JAPIIM;376
37;696;Principal;-1;2046;CMEI FERNANDO TRIGUEIRO;JAPIIM;376
37;697;Principal;-1;2062;E. M. ISABEL ANGARITA;JAPIIM;336
37;698;Principal;-1;1775;E. E. MARCIO NERY;SÃO FRANCISCO;348
37;699;Principal;-1;1791;E. E. TIRADENTES;PETRÓPOLIS;360
37;700;Principal;-1;1872;E. M. ANA MOTA BRAGA;PETRÓPOLIS;389
37;701;Principal;-1;1899;COLEGIO MILITAR DA POLICIA MILITAR;PETRÓPOLIS;388
37;702;Principal;-1;2054;E. E. ONDINA DE PAULA RIBEIRO;JAPIIM;392
37;703;Principal;-1;1597;E.E.T.I. BILINGUE  PROF. DJALMA DA CUNHA BATISTA;JAPIIM;326
37;704;Principal;-1;2038;CMEI JURACY FREITAS MACIEL;JAPIIM;301
37;705;Principal;-1;1805;E. E. MAJOR SILVA COUTINHO;PETRÓPOLIS;380
37;706;Principal;-1;2046;CMEI FERNANDO TRIGUEIRO;JAPIIM;371
37;707;Principal;-1;2127;CENTRO DE TREINAMENTO PADRE JOSÉ DE ANCHIETA - CEPAN;JAPIIM;419
37;708;Principal;-1;1783;E. E. HELENA ARAUJO;SÃO FRANCISCO;336
37;709;Principal;-1;1899;COLEGIO MILITAR DA POLICIA MILITAR;PETRÓPOLIS;389
37;710;Principal;-1;1759;E. M. VILLA LOBOS;SÃO FRANCISCO;349
37;711;Principal;-1;2089;E. M. PE. SEBASTIAO LUIZ DOS SANTOS PUGA BARBOSA;JAPIIM;390
37;712;Principal;-1;1996;E. M. AMINE DAOU LINDOSO;JAPIIM;389
37;713;Principal;-1;1953;E. M. PROF. JOSE WANDEMBERG RAMOS LEITE;JAPIIM;354
37;714;Principal;-1;2011;E. E. BENICIO LEAO;JAPIIM;381
37;715;Principal;-1;2046;CMEI FERNANDO TRIGUEIRO;JAPIIM;377
37;716;Principal;-1;1830;E. E. SANTANA;PETRÓPOLIS;379
37;717;Principal;-1;2003;E. E. LUCINDA FELIX DE AZEVEDO;JAPIIM;368
37;718;Principal;-1;1899;COLEGIO MILITAR DA POLICIA MILITAR;PETRÓPOLIS;392
37;719;Principal;-1;2100;CORPO DE BOMBEIROS DO AMAZONAS;PETRÓPOLIS;331
37;720;Principal;-1;1775;E. E. MARCIO NERY;SÃO FRANCISCO;348
37;721;Principal;-1;1597;E.E.T.I. BILINGUE  PROF. DJALMA DA CUNHA BATISTA;JAPIIM;329
37;722;Principal;-1;1910;CMEI CECILIA CABRAL;PETRÓPOLIS;423
37;723;Principal;-1;1848;INCRA;PETRÓPOLIS;228
37;724;Principal;-1;1996;E. M. AMINE DAOU LINDOSO;JAPIIM;384
37;725;Principal;-1;1929;E. M. MARIA LIRA PEREIRA;PETRÓPOLIS;391
37;726;Principal;-1;1899;COLEGIO MILITAR DA POLICIA MILITAR;PETRÓPOLIS;383
37;727;Principal;-1;1856;CMEI MAESTRO DIRSON COSTA;PETRÓPOLIS;382
37;728;Principal;-1;1899;COLEGIO MILITAR DA POLICIA MILITAR;PETRÓPOLIS;388
37;729;Principal;-1;1872;E. M. ANA MOTA BRAGA;PETRÓPOLIS;387
37;730;Principal;-1;2062;E. M. ISABEL ANGARITA;JAPIIM;343
37;731;Agregada;649;2070;CMEI JOAO BARBOSA;JAPIIM;232
37;732;Principal;-1;2089;E. M. PE. SEBASTIAO LUIZ DOS SANTOS PUGA BARBOSA;JAPIIM;390
37;733;Principal;-1;1767;E. E. GETULIO VARGAS;SÃO FRANCISCO;326
37;734;Principal;-1;1830;E. E. SANTANA;PETRÓPOLIS;377
37;735;Principal;-1;1775;E. E. MARCIO NERY;SÃO FRANCISCO;354
37;736;Principal;-1;1821;SECRETARIA DE ESTADO DA FAZENDA - SEFAZ;SÃO FRANCISCO;363
37;737;Principal;-1;1953;E. M. PROF. JOSE WANDEMBERG RAMOS LEITE;JAPIIM;368
37;738;Principal;-1;2127;CENTRO DE TREINAMENTO PADRE JOSÉ DE ANCHIETA - CEPAN;JAPIIM;417
37;739;Principal;-1;1902;CMEI MARIA CLARA MACHADO;PETRÓPOLIS;386
37;740;Principal;-1;1996;E. M. AMINE DAOU LINDOSO;JAPIIM;390
37;741;Principal;-1;2011;E. E. BENICIO LEAO;JAPIIM;377
37;742;Principal;-1;1899;COLEGIO MILITAR DA POLICIA MILITAR;PETRÓPOLIS;390
37;743;Principal;-1;1597;E.E.T.I. BILINGUE  PROF. DJALMA DA CUNHA BATISTA;JAPIIM;325
37;744;Agregada;313;1937;E. E. JACIMAR DA SILVA GAMA;PETRÓPOLIS;46
40;196;Principal;-1;1503;E. E. MARECHAL HERMES;NOVA ESPERANÇA;425
40;313;Principal;-1;1589;E. E. MARIA DE LOURDES RODRIGUES ARRUDA;ALVORADA;376
40;315;Principal;-1;1589;E. E. MARIA DE LOURDES RODRIGUES ARRUDA;ALVORADA;383
40;316;Principal;-1;1465;E. E. FRANCELINA ASSIS DANTAS;ALVORADA;429
40;317;Principal;-1;1678;E. E. RAIMUNDO GOMES NOGUEIRA;ALVORADA;370
40;318;Principal;-1;1503;E. E. MARECHAL HERMES;NOVA ESPERANÇA;435
40;319;Principal;-1;1759;E. E. PROF. ADELAIDE TAVARES DE MACEDO;ALVORADA;434
40;320;Principal;-1;1732;E. E. HUMBERTO DE CAMPOS;ALVORADA;448
40;321;Principal;-1;1554;E. E. PROF. WALDIR GARCIA;ALVORADA;400
40;322;Principal;-1;1627;E. M. FIRME NA FE;ALVORADA;417
40;323;Principal;-1;1490;E. E. AGUINELO BITTENCOURT;SANTO AGOSTINHO;426
40;324;Principal;-1;1457;E. E. SEN PETRONIO PORTELLA;DOM PEDRO;439
40;325;Principal;-1;1686;E. E. FRANCISCA BOTINELLY CUNHA E SILVA;DOM PEDRO;433
40;326;Principal;-1;1767;E. E. GONCALVES DIAS;DOM PEDRO;435
40;327;Principal;-1;1520;E. E. ANTONIO ENCARNACAO FILHO;LÍRIO DO VALE;429
40;328;Principal;-1;1694;E. M. ELINEA FOLHADELA;ALVORADA;419
40;329;Principal;-1;1546;E. M. SEN. FABIO PEREIRA DE LUCENA BITTENCOURT;NOVA ESPERANÇA;438
40;330;Principal;-1;1740;E. M. MARIA RUFINA DE ALMEIDA;ALVORADA;384
40;331;Principal;-1;1708;E. E. ROSINA FERREIRA DA SILVA;ALVORADA;352
40;332;Principal;-1;1562;E. E. JOSE RIBAMAR DA COSTA;LÍRIO DO VALE;439
40;333;Principal;-1;1619;E. M. PROF. ELIANA LUCIA MONTEIRO DA SILVA;SANTO AGOSTINHO;386
40;334;Principal;-1;1538;E. M. LIRIO DO VALE;LÍRIO DO VALE;406
40;335;Principal;-1;1724;E. E. MARIA AMELIA DO ESPIRITO SANTO;DOM PEDRO;430
40;336;Principal;-1;1473;E. E. SEN. MANOEL SEVERIANO NUNES;ALVORADA;433
40;337;Principal;-1;1481;E. M. SANTO AGOSTINHO;SANTO AGOSTINHO;359
40;339;Principal;-1;1570;E. M. SAO SEBASTIAO II;ZONA RURAL;330
40;340;Principal;-1;1716;CMEI PROF. MARIA DO CEU VAZ DE OLIVEIRA;ALVORADA;359
40;341;Principal;-1;1635;E. M. JOSE SOBREIRA DO NASCIMENTO;ZONA RURAL;330
40;342;Principal;-1;1600;E. M. LUIZ JORGE SILVA;ZONA RURAL;196
40;343;Principal;-1;1511;E. M. SAO JOSE;ZONA RURAL;326
40;345;Principal;-1;1643;E. M. SAO SEBASTIAO I;ZONA RURAL;337
40;346;Principal;-1;1597;E. M. BOM JESUS;ZONA RURAL;117
40;347;Principal;-1;1767;E. E. GONCALVES DIAS;DOM PEDRO;435
40;348;Principal;-1;1503;E. E. MARECHAL HERMES;NOVA ESPERANÇA;436
40;349;Principal;-1;1732;E. E. HUMBERTO DE CAMPOS;ALVORADA;439
40;350;Principal;-1;1465;E. E. FRANCELINA ASSIS DANTAS;ALVORADA;430
40;351;Principal;-1;1520;E. E. ANTONIO ENCARNACAO FILHO;LÍRIO DO VALE;433
40;352;Principal;-1;1473;E. E. SEN. MANOEL SEVERIANO NUNES;ALVORADA;435
40;353;Principal;-1;1546;E. M. SEN. FABIO PEREIRA DE LUCENA BITTENCOURT;NOVA ESPERANÇA;436
40;354;Principal;-1;1619;E. M. PROF. ELIANA LUCIA MONTEIRO DA SILVA;SANTO AGOSTINHO;388
40;355;Principal;-1;1562;E. E. JOSE RIBAMAR DA COSTA;LÍRIO DO VALE;439
40;356;Principal;-1;1457;E. E. SEN PETRONIO PORTELLA;DOM PEDRO;437
40;357;Principal;-1;1678;E. E. RAIMUNDO GOMES NOGUEIRA;ALVORADA;372
40;358;Principal;-1;1490;E. E. AGUINELO BITTENCOURT;SANTO AGOSTINHO;425
40;359;Principal;-1;1767;E. E. GONCALVES DIAS;DOM PEDRO;434
40;360;Principal;-1;1686;E. E. FRANCISCA BOTINELLY CUNHA E SILVA;DOM PEDRO;429
40;361;Principal;-1;1759;E. E. PROF. ADELAIDE TAVARES DE MACEDO;ALVORADA;433
40;362;Principal;-1;1627;E. M. FIRME NA FE;ALVORADA;415
40;363;Principal;-1;1503;E. E. MARECHAL HERMES;NOVA ESPERANÇA;434
40;364;Principal;-1;1554;E. E. PROF. WALDIR GARCIA;ALVORADA;406
40;365;Principal;-1;1732;E. E. HUMBERTO DE CAMPOS;ALVORADA;438
40;366;Principal;-1;1546;E. M. SEN. FABIO PEREIRA DE LUCENA BITTENCOURT;NOVA ESPERANÇA;437
40;367;Principal;-1;1473;E. E. SEN. MANOEL SEVERIANO NUNES;ALVORADA;431
40;368;Principal;-1;1520;E. E. ANTONIO ENCARNACAO FILHO;LÍRIO DO VALE;438
40;369;Principal;-1;1465;E. E. FRANCELINA ASSIS DANTAS;ALVORADA;429
40;370;Principal;-1;1538;E. M. LIRIO DO VALE;LÍRIO DO VALE;408
40;371;Principal;-1;1724;E. E. MARIA AMELIA DO ESPIRITO SANTO;DOM PEDRO;436
40;372;Principal;-1;1767;E. E. GONCALVES DIAS;DOM PEDRO;433
40;373;Principal;-1;1562;E. E. JOSE RIBAMAR DA COSTA;LÍRIO DO VALE;438
40;374;Principal;-1;1619;E. M. PROF. ELIANA LUCIA MONTEIRO DA SILVA;SANTO AGOSTINHO;384
40;375;Principal;-1;1457;E. E. SEN PETRONIO PORTELLA;DOM PEDRO;438
40;376;Principal;-1;1449;E. M. DIVINO ESPIRITO SANTO;ZONA RURAL;303
40;377;Principal;-1;1694;E. M. ELINEA FOLHADELA;ALVORADA;417
40;378;Principal;-1;1740;E. M. MARIA RUFINA DE ALMEIDA;ALVORADA;381
40;379;Principal;-1;1732;E. E. HUMBERTO DE CAMPOS;ALVORADA;435
40;380;Principal;-1;1678;E. E. RAIMUNDO GOMES NOGUEIRA;ALVORADA;373
40;381;Principal;-1;1503;E. E. MARECHAL HERMES;NOVA ESPERANÇA;432
40;382;Principal;-1;1546;E. M. SEN. FABIO PEREIRA DE LUCENA BITTENCOURT;NOVA ESPERANÇA;438
40;383;Principal;-1;1686;E. E. FRANCISCA BOTINELLY CUNHA E SILVA;DOM PEDRO;430
40;384;Principal;-1;1490;E. E. AGUINELO BITTENCOURT;SANTO AGOSTINHO;425
40;385;Principal;-1;1481;E. M. SANTO AGOSTINHO;SANTO AGOSTINHO;355
40;386;Principal;-1;1520;E. E. ANTONIO ENCARNACAO FILHO;LÍRIO DO VALE;432
40;387;Principal;-1;1767;E. E. GONCALVES DIAS;DOM PEDRO;434
40;388;Principal;-1;1465;E. E. FRANCELINA ASSIS DANTAS;ALVORADA;430
40;389;Principal;-1;1589;E. E. MARIA DE LOURDES RODRIGUES ARRUDA;ALVORADA;382
40;390;Principal;-1;1473;E. E. SEN. MANOEL SEVERIANO NUNES;ALVORADA;431
40;391;Principal;-1;1627;E. M. FIRME NA FE;ALVORADA;413
40;392;Principal;-1;1732;E. E. HUMBERTO DE CAMPOS;ALVORADA;436
40;393;Principal;-1;1759;E. E. PROF. ADELAIDE TAVARES DE MACEDO;ALVORADA;438
40;394;Principal;-1;1554;E. E. PROF. WALDIR GARCIA;ALVORADA;405
40;395;Principal;-1;1708;E. E. ROSINA FERREIRA DA SILVA;ALVORADA;351
40;396;Principal;-1;1562;E. E. JOSE RIBAMAR DA COSTA;LÍRIO DO VALE;440
40;397;Principal;-1;1503;E. E. MARECHAL HERMES;NOVA ESPERANÇA;432
40;398;Principal;-1;1457;E. E. SEN PETRONIO PORTELLA;DOM PEDRO;435
40;399;Principal;-1;1546;E. M. SEN. FABIO PEREIRA DE LUCENA BITTENCOURT;NOVA ESPERANÇA;434
40;400;Principal;-1;1767;E. E. GONCALVES DIAS;DOM PEDRO;435
40;401;Principal;-1;1732;E. E. HUMBERTO DE CAMPOS;ALVORADA;438
40;402;Principal;-1;1465;E. E. FRANCELINA ASSIS DANTAS;ALVORADA;431
40;403;Principal;-1;1520;E. E. ANTONIO ENCARNACAO FILHO;LÍRIO DO VALE;436
40;404;Principal;-1;1473;E. E. SEN. MANOEL SEVERIANO NUNES;ALVORADA;431
40;405;Principal;-1;1619;E. M. PROF. ELIANA LUCIA MONTEIRO DA SILVA;SANTO AGOSTINHO;385
40;406;Principal;-1;1686;E. E. FRANCISCA BOTINELLY CUNHA E SILVA;DOM PEDRO;434
40;407;Principal;-1;1678;E. E. RAIMUNDO GOMES NOGUEIRA;ALVORADA;372
40;408;Principal;-1;1538;E. M. LIRIO DO VALE;LÍRIO DO VALE;407
40;409;Principal;-1;1490;E. E. AGUINELO BITTENCOURT;SANTO AGOSTINHO;427
40;410;Principal;-1;1546;E. M. SEN. FABIO PEREIRA DE LUCENA BITTENCOURT;NOVA ESPERANÇA;438
40;411;Principal;-1;1732;E. E. HUMBERTO DE CAMPOS;ALVORADA;436
40;412;Principal;-1;1740;E. M. MARIA RUFINA DE ALMEIDA;ALVORADA;384
40;413;Principal;-1;1503;E. E. MARECHAL HERMES;NOVA ESPERANÇA;430
40;414;Principal;-1;1694;E. M. ELINEA FOLHADELA;ALVORADA;417
40;415;Principal;-1;1759;E. E. PROF. ADELAIDE TAVARES DE MACEDO;ALVORADA;435
40;416;Principal;-1;1457;E. E. SEN PETRONIO PORTELLA;DOM PEDRO;434
40;417;Principal;-1;1724;E. E. MARIA AMELIA DO ESPIRITO SANTO;DOM PEDRO;433
40;418;Principal;-1;1627;E. M. FIRME NA FE;ALVORADA;414
40;419;Principal;-1;1562;E. E. JOSE RIBAMAR DA COSTA;LÍRIO DO VALE;438
40;420;Principal;-1;1767;E. E. GONCALVES DIAS;DOM PEDRO;434
40;421;Principal;-1;1554;E. E. PROF. WALDIR GARCIA;ALVORADA;401
40;422;Principal;-1;1465;E. E. FRANCELINA ASSIS DANTAS;ALVORADA;426
40;423;Principal;-1;1473;E. E. SEN. MANOEL SEVERIANO NUNES;ALVORADA;430
40;424;Principal;-1;1520;E. E. ANTONIO ENCARNACAO FILHO;LÍRIO DO VALE;440
40;425;Principal;-1;1589;E. E. MARIA DE LOURDES RODRIGUES ARRUDA;ALVORADA;382
40;426;Principal;-1;1732;E. E. HUMBERTO DE CAMPOS;ALVORADA;435
40;427;Principal;-1;1546;E. M. SEN. FABIO PEREIRA DE LUCENA BITTENCOURT;NOVA ESPERANÇA;436
40;428;Principal;-1;1678;E. E. RAIMUNDO GOMES NOGUEIRA;ALVORADA;374
40;429;Principal;-1;1465;E. E. FRANCELINA ASSIS DANTAS;ALVORADA;428
40;430;Principal;-1;1503;E. E. MARECHAL HERMES;NOVA ESPERANÇA;435
40;431;Principal;-1;1562;E. E. JOSE RIBAMAR DA COSTA;LÍRIO DO VALE;435
40;432;Principal;-1;1457;E. E. SEN PETRONIO PORTELLA;DOM PEDRO;437
40;433;Principal;-1;1627;E. M. FIRME NA FE;ALVORADA;415
40;434;Principal;-1;1732;E. E. HUMBERTO DE CAMPOS;ALVORADA;437
40;435;Principal;-1;1473;E. E. SEN. MANOEL SEVERIANO NUNES;ALVORADA;431
40;436;Principal;-1;1767;E. E. GONCALVES DIAS;DOM PEDRO;434
40;437;Principal;-1;1520;E. E. ANTONIO ENCARNACAO FILHO;LÍRIO DO VALE;434
40;438;Principal;-1;1554;E. E. PROF. WALDIR GARCIA;ALVORADA;408
40;439;Principal;-1;1686;E. E. FRANCISCA BOTINELLY CUNHA E SILVA;DOM PEDRO;434
40;440;Principal;-1;1481;E. M. SANTO AGOSTINHO;SANTO AGOSTINHO;352
40;441;Principal;-1;1490;E. E. AGUINELO BITTENCOURT;SANTO AGOSTINHO;427
40;442;Principal;-1;1759;E. E. PROF. ADELAIDE TAVARES DE MACEDO;ALVORADA;433
40;443;Principal;-1;1619;E. M. PROF. ELIANA LUCIA MONTEIRO DA SILVA;SANTO AGOSTINHO;381
40;444;Principal;-1;1546;E. M. SEN. FABIO PEREIRA DE LUCENA BITTENCOURT;NOVA ESPERANÇA;432
40;445;Principal;-1;1708;E. E. ROSINA FERREIRA DA SILVA;ALVORADA;352
40;446;Principal;-1;1538;E. M. LIRIO DO VALE;LÍRIO DO VALE;404
40;447;Principal;-1;1740;E. M. MARIA RUFINA DE ALMEIDA;ALVORADA;380
40;448;Principal;-1;1732;E. E. HUMBERTO DE CAMPOS;ALVORADA;434
40;449;Principal;-1;1465;E. E. FRANCELINA ASSIS DANTAS;ALVORADA;427
40;450;Principal;-1;1473;E. E. SEN. MANOEL SEVERIANO NUNES;ALVORADA;433
40;451;Principal;-1;1503;E. E. MARECHAL HERMES;NOVA ESPERANÇA;432
40;452;Principal;-1;1520;E. E. ANTONIO ENCARNACAO FILHO;LÍRIO DO VALE;432
40;453;Principal;-1;1562;E. E. JOSE RIBAMAR DA COSTA;LÍRIO DO VALE;434
40;454;Principal;-1;1694;E. M. ELINEA FOLHADELA;ALVORADA;417
40;455;Principal;-1;1457;E. E. SEN PETRONIO PORTELLA;DOM PEDRO;435
40;456;Principal;-1;1627;E. M. FIRME NA FE;ALVORADA;414
40;457;Principal;-1;1678;E. E. RAIMUNDO GOMES NOGUEIRA;ALVORADA;370
40;458;Principal;-1;1554;E. E. PROF. WALDIR GARCIA;ALVORADA;403
40;459;Principal;-1;1589;E. E. MARIA DE LOURDES RODRIGUES ARRUDA;ALVORADA;382
40;460;Principal;-1;1465;E. E. FRANCELINA ASSIS DANTAS;ALVORADA;431
40;461;Principal;-1;1724;E. E. MARIA AMELIA DO ESPIRITO SANTO;DOM PEDRO;434
40;462;Principal;-1;1490;E. E. AGUINELO BITTENCOURT;SANTO AGOSTINHO;426
40;463;Principal;-1;1473;E. E. SEN. MANOEL SEVERIANO NUNES;ALVORADA;431
40;464;Principal;-1;1503;E. E. MARECHAL HERMES;NOVA ESPERANÇA;431
40;465;Principal;-1;1686;E. E. FRANCISCA BOTINELLY CUNHA E SILVA;DOM PEDRO;430
40;466;Principal;-1;1759;E. E. PROF. ADELAIDE TAVARES DE MACEDO;ALVORADA;433
40;467;Principal;-1;1520;E. E. ANTONIO ENCARNACAO FILHO;LÍRIO DO VALE;429
40;468;Principal;-1;1457;E. E. SEN PETRONIO PORTELLA;DOM PEDRO;436
40;469;Principal;-1;1619;E. M. PROF. ELIANA LUCIA MONTEIRO DA SILVA;SANTO AGOSTINHO;383
40;470;Principal;-1;1562;E. E. JOSE RIBAMAR DA COSTA;LÍRIO DO VALE;436
40;472;Principal;-1;1627;E. M. FIRME NA FE;ALVORADA;415
40;473;Principal;-1;1546;E. M. SEN. FABIO PEREIRA DE LUCENA BITTENCOURT;NOVA ESPERANÇA;437
40;474;Principal;-1;1767;E. E. GONCALVES DIAS;DOM PEDRO;434
40;475;Principal;-1;1465;E. E. FRANCELINA ASSIS DANTAS;ALVORADA;428
40;476;Principal;-1;1678;E. E. RAIMUNDO GOMES NOGUEIRA;ALVORADA;373
40;477;Principal;-1;1538;E. M. LIRIO DO VALE;LÍRIO DO VALE;405
40;478;Principal;-1;1473;E. E. SEN. MANOEL SEVERIANO NUNES;ALVORADA;429
40;479;Principal;-1;1503;E. E. MARECHAL HERMES;NOVA ESPERANÇA;431
40;480;Principal;-1;1554;E. E. PROF. WALDIR GARCIA;ALVORADA;402
40;481;Principal;-1;1740;E. M. MARIA RUFINA DE ALMEIDA;ALVORADA;378
40;482;Principal;-1;1520;E. E. ANTONIO ENCARNACAO FILHO;LÍRIO DO VALE;437
40;483;Principal;-1;1694;E. M. ELINEA FOLHADELA;ALVORADA;417
40;484;Principal;-1;1481;E. M. SANTO AGOSTINHO;SANTO AGOSTINHO;349
40;485;Principal;-1;1686;E. E. FRANCISCA BOTINELLY CUNHA E SILVA;DOM PEDRO;430
40;486;Principal;-1;1457;E. E. SEN PETRONIO PORTELLA;DOM PEDRO;435
40;487;Principal;-1;1708;E. E. ROSINA FERREIRA DA SILVA;ALVORADA;351
40;488;Principal;-1;1759;E. E. PROF. ADELAIDE TAVARES DE MACEDO;ALVORADA;432
40;489;Principal;-1;1490;E. E. AGUINELO BITTENCOURT;SANTO AGOSTINHO;423
40;490;Principal;-1;1465;E. E. FRANCELINA ASSIS DANTAS;ALVORADA;431
40;491;Principal;-1;1562;E. E. JOSE RIBAMAR DA COSTA;LÍRIO DO VALE;437
40;492;Principal;-1;1520;E. E. ANTONIO ENCARNACAO FILHO;LÍRIO DO VALE;434
40;493;Principal;-1;1473;E. E. SEN. MANOEL SEVERIANO NUNES;ALVORADA;430
40;494;Principal;-1;1503;E. E. MARECHAL HERMES;NOVA ESPERANÇA;436
40;495;Principal;-1;1627;E. M. FIRME NA FE;ALVORADA;408
40;496;Principal;-1;1589;E. E. MARIA DE LOURDES RODRIGUES ARRUDA;ALVORADA;379
40;497;Principal;-1;1619;E. M. PROF. ELIANA LUCIA MONTEIRO DA SILVA;SANTO AGOSTINHO;386
40;498;Principal;-1;1554;E. E. PROF. WALDIR GARCIA;ALVORADA;405
40;499;Principal;-1;1678;E. E. RAIMUNDO GOMES NOGUEIRA;ALVORADA;370
40;500;Principal;-1;1767;E. E. GONCALVES DIAS;DOM PEDRO;433
40;501;Principal;-1;1724;E. E. MARIA AMELIA DO ESPIRITO SANTO;DOM PEDRO;434
40;502;Principal;-1;1457;E. E. SEN PETRONIO PORTELLA;DOM PEDRO;439
40;504;Principal;-1;1686;E. E. FRANCISCA BOTINELLY CUNHA E SILVA;DOM PEDRO;431
40;505;Principal;-1;1520;E. E. ANTONIO ENCARNACAO FILHO;LÍRIO DO VALE;436
40;506;Principal;-1;1465;E. E. FRANCELINA ASSIS DANTAS;ALVORADA;430
40;507;Principal;-1;1694;E. M. ELINEA FOLHADELA;ALVORADA;420
40;508;Principal;-1;1503;E. E. MARECHAL HERMES;NOVA ESPERANÇA;432
40;509;Principal;-1;1538;E. M. LIRIO DO VALE;LÍRIO DO VALE;405
40;510;Principal;-1;1473;E. E. SEN. MANOEL SEVERIANO NUNES;ALVORADA;428
40;511;Principal;-1;1490;E. E. AGUINELO BITTENCOURT;SANTO AGOSTINHO;423
40;512;Principal;-1;1716;CMEI PROF. MARIA DO CEU VAZ DE OLIVEIRA;ALVORADA;357
40;513;Principal;-1;1759;E. E. PROF. ADELAIDE TAVARES DE MACEDO;ALVORADA;430
40;514;Principal;-1;1562;E. E. JOSE RIBAMAR DA COSTA;LÍRIO DO VALE;437
40;515;Principal;-1;1740;E. M. MARIA RUFINA DE ALMEIDA;ALVORADA;374
40;516;Principal;-1;1503;E. E. MARECHAL HERMES;NOVA ESPERANÇA;439
40;517;Principal;-1;1457;E. E. SEN PETRONIO PORTELLA;DOM PEDRO;438
40;518;Principal;-1;1520;E. E. ANTONIO ENCARNACAO FILHO;LÍRIO DO VALE;433
40;519;Principal;-1;1678;E. E. RAIMUNDO GOMES NOGUEIRA;ALVORADA;372
40;520;Principal;-1;1619;E. M. PROF. ELIANA LUCIA MONTEIRO DA SILVA;SANTO AGOSTINHO;384
40;521;Principal;-1;1627;E. M. FIRME NA FE;ALVORADA;412
40;522;Principal;-1;1465;E. E. FRANCELINA ASSIS DANTAS;ALVORADA;428
40;523;Principal;-1;1473;E. E. SEN. MANOEL SEVERIANO NUNES;ALVORADA;433
40;524;Principal;-1;1481;E. M. SANTO AGOSTINHO;SANTO AGOSTINHO;352
40;525;Principal;-1;1686;E. E. FRANCISCA BOTINELLY CUNHA E SILVA;DOM PEDRO;431
40;526;Principal;-1;1708;E. E. ROSINA FERREIRA DA SILVA;ALVORADA;352
40;527;Principal;-1;1759;E. E. PROF. ADELAIDE TAVARES DE MACEDO;ALVORADA;432
40;528;Principal;-1;1724;E. E. MARIA AMELIA DO ESPIRITO SANTO;DOM PEDRO;436
40;529;Principal;-1;1520;E. E. ANTONIO ENCARNACAO FILHO;LÍRIO DO VALE;430
40;530;Principal;-1;1589;E. E. MARIA DE LOURDES RODRIGUES ARRUDA;ALVORADA;384
40;531;Principal;-1;1457;E. E. SEN PETRONIO PORTELLA;DOM PEDRO;436
40;532;Principal;-1;1465;E. E. FRANCELINA ASSIS DANTAS;ALVORADA;427
40;533;Principal;-1;1619;E. M. PROF. ELIANA LUCIA MONTEIRO DA SILVA;SANTO AGOSTINHO;385
40;534;Principal;-1;1686;E. E. FRANCISCA BOTINELLY CUNHA E SILVA;DOM PEDRO;435
40;535;Principal;-1;1538;E. M. LIRIO DO VALE;LÍRIO DO VALE;407
40;536;Principal;-1;1635;E. M. JOSE SOBREIRA DO NASCIMENTO;ZONA RURAL;331
40;537;Principal;-1;1678;E. E. RAIMUNDO GOMES NOGUEIRA;ALVORADA;372
40;538;Principal;-1;1473;E. E. SEN. MANOEL SEVERIANO NUNES;ALVORADA;429
40;539;Principal;-1;1520;E. E. ANTONIO ENCARNACAO FILHO;LÍRIO DO VALE;435
40;540;Principal;-1;1490;E. E. AGUINELO BITTENCOURT;SANTO AGOSTINHO;430
40;541;Principal;-1;1465;E. E. FRANCELINA ASSIS DANTAS;ALVORADA;428
40;542;Principal;-1;1562;E. E. JOSE RIBAMAR DA COSTA;LÍRIO DO VALE;436
40;543;Principal;-1;1740;E. M. MARIA RUFINA DE ALMEIDA;ALVORADA;377
40;544;Principal;-1;1627;E. M. FIRME NA FE;ALVORADA;409
40;545;Principal;-1;1457;E. E. SEN PETRONIO PORTELLA;DOM PEDRO;435
40;546;Principal;-1;1759;E. E. PROF. ADELAIDE TAVARES DE MACEDO;ALVORADA;430
40;547;Principal;-1;1619;E. M. PROF. ELIANA LUCIA MONTEIRO DA SILVA;SANTO AGOSTINHO;382
40;548;Principal;-1;1465;E. E. FRANCELINA ASSIS DANTAS;ALVORADA;413
40;549;Principal;-1;1473;E. E. SEN. MANOEL SEVERIANO NUNES;ALVORADA;421
40;550;Principal;-1;1589;E. E. MARIA DE LOURDES RODRIGUES ARRUDA;ALVORADA;375
40;551;Principal;-1;1481;E. M. SANTO AGOSTINHO;SANTO AGOSTINHO;339
40;552;Principal;-1;1791;C. E. LA SALLE;DOM PEDRO;429
40;553;Principal;-1;1783;CMEI PROF. DIERDRE GAMA MACHADO;LÍRIO DO VALE;436
40;554;Principal;-1;1775;E. M. CÂNDIDO HONÓRIO;ALVORADA II;348
40;555;Principal;-1;1538;E. M. LIRIO DO VALE;LÍRIO DO VALE;409
40;556;Principal;-1;1562;E. E. JOSE RIBAMAR DA COSTA;LÍRIO DO VALE;431
40;557;Principal;-1;1511;E. M. SAO JOSE;ZONA RURAL;325
40;558;Principal;-1;1490;E. E. AGUINELO BITTENCOURT;SANTO AGOSTINHO;414
40;559;Principal;-1;1457;E. E. SEN PETRONIO PORTELLA;DOM PEDRO;434
40;560;Principal;-1;1791;C. E. LA SALLE;DOM PEDRO;428
40;561;Principal;-1;1619;E. M. PROF. ELIANA LUCIA MONTEIRO DA SILVA;SANTO AGOSTINHO;384
40;562;Principal;-1;1708;E. E. ROSINA FERREIRA DA SILVA;ALVORADA;349
40;563;Principal;-1;1740;E. M. MARIA RUFINA DE ALMEIDA;ALVORADA;380
40;564;Principal;-1;1538;E. M. LIRIO DO VALE;LÍRIO DO VALE;404
40;565;Principal;-1;1678;E. E. RAIMUNDO GOMES NOGUEIRA;ALVORADA;371
40;566;Principal;-1;1791;C. E. LA SALLE;DOM PEDRO;427
40;567;Principal;-1;1805;CMEI N. S. DA BOA ESPERANÇA;NOVA ESPERANÇA;318
40;568;Principal;-1;1759;E. E. PROF. ADELAIDE TAVARES DE MACEDO;ALVORADA;433
40;569;Principal;-1;1627;E. M. FIRME NA FE;ALVORADA;410
40;570;Principal;-1;1791;C. E. LA SALLE;DOM PEDRO;426
40;571;Principal;-1;1775;E. M. CÂNDIDO HONÓRIO;ALVORADA II;365
40;572;Principal;-1;1589;E. E. MARIA DE LOURDES RODRIGUES ARRUDA;ALVORADA;379
40;573;Principal;-1;1538;E. M. LIRIO DO VALE;LÍRIO DO VALE;403
40;574;Principal;-1;1457;E. E. SEN PETRONIO PORTELLA;DOM PEDRO;437
40;575;Principal;-1;1791;C. E. LA SALLE;DOM PEDRO;426
40;576;Principal;-1;1619;E. M. PROF. ELIANA LUCIA MONTEIRO DA SILVA;SANTO AGOSTINHO;385
40;577;Principal;-1;1627;E. M. FIRME NA FE;ALVORADA;413
40;578;Principal;-1;1791;C. E. LA SALLE;DOM PEDRO;420
40;579;Principal;-1;1783;CMEI PROF. DIERDRE GAMA MACHADO;LÍRIO DO VALE;433
40;580;Principal;-1;1740;E. M. MARIA RUFINA DE ALMEIDA;ALVORADA;376
40;581;Principal;-1;1759;E. E. PROF. ADELAIDE TAVARES DE MACEDO;ALVORADA;430
40;582;Principal;-1;1805;CMEI N. S. DA BOA ESPERANÇA;NOVA ESPERANÇA;305
40;583;Principal;-1;1775;E. M. CÂNDIDO HONÓRIO;ALVORADA II;354
40;584;Principal;-1;1481;E. M. SANTO AGOSTINHO;SANTO AGOSTINHO;350
40;585;Principal;-1;1791;C. E. LA SALLE;DOM PEDRO;423
40;586;Principal;-1;1619;E. M. PROF. ELIANA LUCIA MONTEIRO DA SILVA;SANTO AGOSTINHO;383
40;587;Principal;-1;1783;CMEI PROF. DIERDRE GAMA MACHADO;LÍRIO DO VALE;439
40;588;Principal;-1;1708;E. E. ROSINA FERREIRA DA SILVA;ALVORADA;342
40;589;Principal;-1;1791;C. E. LA SALLE;DOM PEDRO;423
40;590;Principal;-1;1627;E. M. FIRME NA FE;ALVORADA;406
40;591;Principal;-1;1589;E. E. MARIA DE LOURDES RODRIGUES ARRUDA;ALVORADA;379
40;592;Principal;-1;1678;E. E. RAIMUNDO GOMES NOGUEIRA;ALVORADA;360
40;593;Principal;-1;1775;E. M. CÂNDIDO HONÓRIO;ALVORADA II;336
40;594;Principal;-1;1538;E. M. LIRIO DO VALE;LÍRIO DO VALE;396
40;595;Principal;-1;1457;E. E. SEN PETRONIO PORTELLA;DOM PEDRO;430
40;596;Principal;-1;1791;C. E. LA SALLE;DOM PEDRO;428
40;597;Principal;-1;1805;CMEI N. S. DA BOA ESPERANÇA;NOVA ESPERANÇA;296
40;598;Principal;-1;1759;E. E. PROF. ADELAIDE TAVARES DE MACEDO;ALVORADA;423
40;599;Principal;-1;1619;E. M. PROF. ELIANA LUCIA MONTEIRO DA SILVA;SANTO AGOSTINHO;373
40;600;Principal;-1;1481;E. M. SANTO AGOSTINHO;SANTO AGOSTINHO;351
40;602;Principal;-1;1740;E. M. MARIA RUFINA DE ALMEIDA;ALVORADA;376
40;603;Principal;-1;1791;C. E. LA SALLE;DOM PEDRO;419
40;604;Principal;-1;1775;E. M. CÂNDIDO HONÓRIO;ALVORADA II;349
40;605;Principal;-1;1783;CMEI PROF. DIERDRE GAMA MACHADO;LÍRIO DO VALE;435
40;606;Principal;-1;1791;C. E. LA SALLE;DOM PEDRO;426
40;607;Principal;-1;1813;CETI ÁUREA PINHEIRO BRAGA;SANTO AGOSTINHO;402
40;608;Principal;-1;1791;C. E. LA SALLE;DOM PEDRO;422
40;609;Principal;-1;1708;E. E. ROSINA FERREIRA DA SILVA;ALVORADA;350
40;610;Principal;-1;1635;E. M. JOSE SOBREIRA DO NASCIMENTO;ZONA RURAL;330
40;611;Principal;-1;1775;E. M. CÂNDIDO HONÓRIO;ALVORADA II;345
40;612;Principal;-1;1813;CETI ÁUREA PINHEIRO BRAGA;SANTO AGOSTINHO;396
40;613;Principal;-1;1821;C.S.E.A.S. DAGMAR FEITOZA;ALVORADA I;0
40;614;Agregada;342;1600;E. M. LUIZ JORGE SILVA;ZONA RURAL;159
40;615;Agregada;346;1597;E. M. BOM JESUS;ZONA RURAL;118
40;616;Principal;-1;1791;C. E. LA SALLE;DOM PEDRO;426
40;617;Principal;-1;1813;CETI ÁUREA PINHEIRO BRAGA;SANTO AGOSTINHO;398
40;618;Principal;-1;1791;C. E. LA SALLE;DOM PEDRO;423
40;619;Principal;-1;1775;E. M. CÂNDIDO HONÓRIO;ALVORADA II;227
40;621;Principal;-1;1813;CETI ÁUREA PINHEIRO BRAGA;SANTO AGOSTINHO;382
40;622;Principal;-1;1716;CMEI PROF. MARIA DO CEU VAZ DE OLIVEIRA;ALVORADA;352
40;623;Principal;-1;1678;E. E. RAIMUNDO GOMES NOGUEIRA;ALVORADA;368
40;624;Principal;-1;1813;CETI ÁUREA PINHEIRO BRAGA;SANTO AGOSTINHO;395
40;625;Principal;-1;1791;C. E. LA SALLE;DOM PEDRO;422
40;626;Principal;-1;1805;CMEI N. S. DA BOA ESPERANÇA;NOVA ESPERANÇA;296
40;627;Principal;-1;1813;CETI ÁUREA PINHEIRO BRAGA;SANTO AGOSTINHO;402
40;628;Principal;-1;1775;E. M. CÂNDIDO HONÓRIO;ALVORADA II;266
40;629;Agregada;339;1570;E. M. SAO SEBASTIAO II;ZONA RURAL;91
40;630;Principal;-1;1856;E. M. SANTO ANTÔNIO;ZONA RURAL;168
40;631;Principal;-1;1864;E. M. ESTRELA DA MANHÃ;ZONA RURAL;192
40;632;Agregada;345;1643;E. M. SAO SEBASTIAO I;ZONA RURAL;68
40;633;Principal;-1;1813;CETI ÁUREA PINHEIRO BRAGA;SANTO AGOSTINHO;211
58;725;Principal;-1;1848;E. E. CID CABRAL DA SILVA;CIDADE NOVA;395
58;726;Principal;-1;1821;E. E. DOM MILTON CORREA PEREIRA;CIDADE NOVA;387
58;728;Principal;-1;1953;E. E. HOMERO DE MIRANDA LEAO;CIDADE NOVA;379
58;729;Principal;-1;1899;E. E. JULIO CESAR DE MORAES PASSOS;CIDADE NOVA;397
58;730;Principal;-1;2054;E. E. ALDEIA DO CONHECIMENTO PROF. RUTH PRESTES GONÇALVES;CIDADE NOVA;397
58;731;Principal;-1;1791;E. E. DESDOR ANDRE ARAUJO.;CIDADE NOVA;375
58;732;Principal;-1;1902;E. M. PROF. NILTON LINS;CIDADE NOVA;384
58;733;Principal;-1;2070;E. M. LUCILA FREITAS;COLÔNIA SANTO ANTÔNIO;395
58;734;Principal;-1;1813;E. E. DOM JOAO DE SOUZA LIMA;CIDADE NOVA;379
58;735;Principal;-1;2046;CMEI ARGENTINA BARROS.;CIDADE NOVA;375
58;736;Principal;-1;1937;E. E. SEN JOÃO BOSCO RAMOS DE LIMA;CIDADE NOVA;393
58;737;Principal;-1;1864;E. E. MARCANTONIO VILAÇA II - POLÍCIA MILITAR.;CIDADE NOVA;380
58;738;Principal;-1;1830;E. E. LENINA FERRARO DA SILVA;CIDADE NOVA;380
58;739;Principal;-1;1910;E. M. MARIO JORGE DO COUTO LOPES;CIDADE NOVA;360
58;740;Principal;-1;2020;E. E. DR. JOSE MILTON BANDEIRA;CIDADE NOVA;397
58;741;Principal;-1;1970;E. M. SANTA RITA DE CASSIA;CIDADE NOVA;399
58;743;Principal;-1;1805;E. E. HILDA DE AZEVEDO TRIBUZY.;CIDADE NOVA;372
58;745;Principal;-1;1856;E. E. MARCANTONIO VILAÇA;CIDADE NOVA;396
58;746;Principal;-1;1872;E. E. PROF. SEBASTIANA BRAGA;CIDADE NOVA;393
58;747;Principal;-1;1880;E. M. ANTONIA ALEXANDRINA.;CIDADE NOVA;376
58;748;Principal;-1;1988;E. M. DJALMA PASSOS.;CIDADE NOVA;390
58;749;Principal;-1;2011;E. E. FRANCISCA DE PAULA DE JESUS IZABEL;CIDADE NOVA;372
58;750;Principal;-1;1996;E. M. PROF. JULIO CESAR DE MORAES PASSOS;CIDADE NOVA;388
58;751;Principal;-1;1945;E. M. ENG JOÃO ALBERTO DE MENEZES BRAGA.;CIDADE NOVA;386
58;753;Principal;-1;1929;E. M. DR. JOAO QUEIROZ (ATRÁS DO SHOPPING SUMAÚMA).;CIDADE NOVA;363
58;754;Principal;-1;2054;E. E. ALDEIA DO CONHECIMENTO PROF. RUTH PRESTES GONÇALVES;CIDADE NOVA;391
58;755;Principal;-1;1848;E. E. CID CABRAL DA SILVA;CIDADE NOVA;394
58;756;Principal;-1;1813;E. E. DOM JOAO DE SOUZA LIMA;CIDADE NOVA;380
58;757;Principal;-1;1821;E. E. DOM MILTON CORREA PEREIRA;CIDADE NOVA;388
58;758;Principal;-1;2054;E. E. ALDEIA DO CONHECIMENTO PROF. RUTH PRESTES GONÇALVES;CIDADE NOVA;393
58;759;Principal;-1;2020;E. E. DR. JOSE MILTON BANDEIRA;CIDADE NOVA;392
58;760;Principal;-1;1856;E. E. MARCANTONIO VILAÇA;CIDADE NOVA;394
58;761;Principal;-1;1791;E. E. DESDOR ANDRE ARAUJO.;CIDADE NOVA;377
58;762;Principal;-1;1953;E. E. HOMERO DE MIRANDA LEAO;CIDADE NOVA;381
58;764;Principal;-1;1864;E. E. MARCANTONIO VILAÇA II - POLÍCIA MILITAR.;CIDADE NOVA;380
58;765;Principal;-1;1872;E. E. PROF. SEBASTIANA BRAGA;CIDADE NOVA;394
58;767;Principal;-1;1805;E. E. HILDA DE AZEVEDO TRIBUZY.;CIDADE NOVA;373
58;768;Principal;-1;1937;E. E. SEN JOÃO BOSCO RAMOS DE LIMA;CIDADE NOVA;398
58;769;Principal;-1;1848;E. E. CID CABRAL DA SILVA;CIDADE NOVA;395
58;770;Principal;-1;2054;E. E. ALDEIA DO CONHECIMENTO PROF. RUTH PRESTES GONÇALVES;CIDADE NOVA;400
58;771;Principal;-1;2011;E. E. FRANCISCA DE PAULA DE JESUS IZABEL;CIDADE NOVA;372
58;772;Principal;-1;1830;E. E. LENINA FERRARO DA SILVA;CIDADE NOVA;379
58;773;Principal;-1;1821;E. E. DOM MILTON CORREA PEREIRA;CIDADE NOVA;390
58;774;Principal;-1;1813;E. E. DOM JOAO DE SOUZA LIMA;CIDADE NOVA;379
58;775;Principal;-1;1899;E. E. JULIO CESAR DE MORAES PASSOS;CIDADE NOVA;396
58;777;Principal;-1;2054;E. E. ALDEIA DO CONHECIMENTO PROF. RUTH PRESTES GONÇALVES;CIDADE NOVA;395
58;778;Principal;-1;2070;E. M. LUCILA FREITAS;COLÔNIA SANTO ANTÔNIO;394
58;779;Principal;-1;1988;E. M. DJALMA PASSOS.;CIDADE NOVA;392
58;780;Principal;-1;1813;E. E. DOM JOAO DE SOUZA LIMA;CIDADE NOVA;374
58;781;Principal;-1;1848;E. E. CID CABRAL DA SILVA;CIDADE NOVA;395
58;782;Principal;-1;1996;E. M. PROF. JULIO CESAR DE MORAES PASSOS;CIDADE NOVA;387
58;783;Principal;-1;2020;E. E. DR. JOSE MILTON BANDEIRA;CIDADE NOVA;395
58;784;Principal;-1;1821;E. E. DOM MILTON CORREA PEREIRA;CIDADE NOVA;388
58;785;Principal;-1;1872;E. E. PROF. SEBASTIANA BRAGA;CIDADE NOVA;395
58;787;Principal;-1;1791;E. E. DESDOR ANDRE ARAUJO.;CIDADE NOVA;376
58;788;Principal;-1;1970;E. M. SANTA RITA DE CASSIA;CIDADE NOVA;396
58;789;Principal;-1;1856;E. E. MARCANTONIO VILAÇA;CIDADE NOVA;394
58;790;Principal;-1;2054;E. E. ALDEIA DO CONHECIMENTO PROF. RUTH PRESTES GONÇALVES;CIDADE NOVA;396
58;791;Principal;-1;1953;E. E. HOMERO DE MIRANDA LEAO;CIDADE NOVA;378
58;793;Principal;-1;1902;E. M. PROF. NILTON LINS;CIDADE NOVA;383
58;794;Principal;-1;1864;E. E. MARCANTONIO VILAÇA II - POLÍCIA MILITAR.;CIDADE NOVA;377
58;795;Principal;-1;1937;E. E. SEN JOÃO BOSCO RAMOS DE LIMA;CIDADE NOVA;398
58;796;Principal;-1;1880;E. M. ANTONIA ALEXANDRINA.;CIDADE NOVA;377
58;797;Principal;-1;1805;E. E. HILDA DE AZEVEDO TRIBUZY.;CIDADE NOVA;372
58;799;Principal;-1;2011;E. E. FRANCISCA DE PAULA DE JESUS IZABEL;CIDADE NOVA;370
58;800;Principal;-1;2054;E. E. ALDEIA DO CONHECIMENTO PROF. RUTH PRESTES GONÇALVES;CIDADE NOVA;398
58;801;Principal;-1;1830;E. E. LENINA FERRARO DA SILVA;CIDADE NOVA;380
58;802;Principal;-1;1813;E. E. DOM JOAO DE SOUZA LIMA;CIDADE NOVA;377
58;803;Principal;-1;1848;E. E. CID CABRAL DA SILVA;CIDADE NOVA;394
58;804;Principal;-1;1821;E. E. DOM MILTON CORREA PEREIRA;CIDADE NOVA;389
58;805;Principal;-1;2046;CMEI ARGENTINA BARROS.;CIDADE NOVA;376
58;806;Principal;-1;2020;E. E. DR. JOSE MILTON BANDEIRA;CIDADE NOVA;398
58;807;Principal;-1;1899;E. E. JULIO CESAR DE MORAES PASSOS;CIDADE NOVA;395
58;808;Principal;-1;2054;E. E. ALDEIA DO CONHECIMENTO PROF. RUTH PRESTES GONÇALVES;CIDADE NOVA;392
58;809;Principal;-1;1945;E. M. ENG JOÃO ALBERTO DE MENEZES BRAGA.;CIDADE NOVA;388
58;810;Principal;-1;1856;E. E. MARCANTONIO VILAÇA;CIDADE NOVA;395
58;811;Principal;-1;1872;E. E. PROF. SEBASTIANA BRAGA;CIDADE NOVA;394
58;814;Principal;-1;1848;E. E. CID CABRAL DA SILVA;CIDADE NOVA;391
58;815;Principal;-1;1791;E. E. DESDOR ANDRE ARAUJO.;CIDADE NOVA;375
58;816;Principal;-1;2054;E. E. ALDEIA DO CONHECIMENTO PROF. RUTH PRESTES GONÇALVES;CIDADE NOVA;399
58;817;Principal;-1;1821;E. E. DOM MILTON CORREA PEREIRA;CIDADE NOVA;386
58;818;Principal;-1;2070;E. M. LUCILA FREITAS;COLÔNIA SANTO ANTÔNIO;396
58;819;Principal;-1;1813;E. E. DOM JOAO DE SOUZA LIMA;CIDADE NOVA;376
58;820;Principal;-1;1864;E. E. MARCANTONIO VILAÇA II - POLÍCIA MILITAR.;CIDADE NOVA;377
58;821;Principal;-1;1953;E. E. HOMERO DE MIRANDA LEAO;CIDADE NOVA;379
58;822;Principal;-1;1937;E. E. SEN JOÃO BOSCO RAMOS DE LIMA;CIDADE NOVA;397
58;823;Principal;-1;1988;E. M. DJALMA PASSOS.;CIDADE NOVA;388
58;824;Principal;-1;2020;E. E. DR. JOSE MILTON BANDEIRA;CIDADE NOVA;396
58;826;Principal;-1;1996;E. M. PROF. JULIO CESAR DE MORAES PASSOS;CIDADE NOVA;388
58;827;Principal;-1;2011;E. E. FRANCISCA DE PAULA DE JESUS IZABEL;CIDADE NOVA;371
58;828;Principal;-1;1830;E. E. LENINA FERRARO DA SILVA;CIDADE NOVA;380
58;829;Principal;-1;1805;E. E. HILDA DE AZEVEDO TRIBUZY.;CIDADE NOVA;371
58;830;Principal;-1;2054;E. E. ALDEIA DO CONHECIMENTO PROF. RUTH PRESTES GONÇALVES;CIDADE NOVA;392
58;832;Principal;-1;1848;E. E. CID CABRAL DA SILVA;CIDADE NOVA;394
58;833;Principal;-1;1821;E. E. DOM MILTON CORREA PEREIRA;CIDADE NOVA;387
58;834;Principal;-1;1970;E. M. SANTA RITA DE CASSIA;CIDADE NOVA;396
58;835;Principal;-1;1902;E. M. PROF. NILTON LINS;CIDADE NOVA;382
58;836;Principal;-1;1813;E. E. DOM JOAO DE SOUZA LIMA;CIDADE NOVA;377
58;838;Principal;-1;1899;E. E. JULIO CESAR DE MORAES PASSOS;CIDADE NOVA;395
58;839;Principal;-1;1856;E. E. MARCANTONIO VILAÇA;CIDADE NOVA;396
58;840;Principal;-1;1872;E. E. PROF. SEBASTIANA BRAGA;CIDADE NOVA;394
58;841;Principal;-1;2054;E. E. ALDEIA DO CONHECIMENTO PROF. RUTH PRESTES GONÇALVES;CIDADE NOVA;398
58;842;Principal;-1;1953;E. E. HOMERO DE MIRANDA LEAO;CIDADE NOVA;378
58;843;Principal;-1;2020;E. E. DR. JOSE MILTON BANDEIRA;CIDADE NOVA;394
58;844;Principal;-1;1848;E. E. CID CABRAL DA SILVA;CIDADE NOVA;395
58;845;Principal;-1;1791;E. E. DESDOR ANDRE ARAUJO.;CIDADE NOVA;375
58;846;Principal;-1;1937;E. E. SEN JOÃO BOSCO RAMOS DE LIMA;CIDADE NOVA;396
58;847;Principal;-1;1864;E. E. MARCANTONIO VILAÇA II - POLÍCIA MILITAR.;CIDADE NOVA;375
58;848;Principal;-1;1821;E. E. DOM MILTON CORREA PEREIRA;CIDADE NOVA;392
58;849;Principal;-1;2054;E. E. ALDEIA DO CONHECIMENTO PROF. RUTH PRESTES GONÇALVES;CIDADE NOVA;395
58;850;Principal;-1;2070;E. M. LUCILA FREITAS;COLÔNIA SANTO ANTÔNIO;398
58;851;Principal;-1;2011;E. E. FRANCISCA DE PAULA DE JESUS IZABEL;CIDADE NOVA;369
58;853;Principal;-1;1996;E. M. PROF. JULIO CESAR DE MORAES PASSOS;CIDADE NOVA;393
58;854;Principal;-1;1880;E. M. ANTONIA ALEXANDRINA.;CIDADE NOVA;375
58;855;Principal;-1;2046;CMEI ARGENTINA BARROS.;CIDADE NOVA;375
58;857;Principal;-1;1830;E. E. LENINA FERRARO DA SILVA;CIDADE NOVA;376
58;858;Principal;-1;1805;E. E. HILDA DE AZEVEDO TRIBUZY.;CIDADE NOVA;374
58;859;Principal;-1;1813;E. E. DOM JOAO DE SOUZA LIMA;CIDADE NOVA;380
58;860;Principal;-1;1988;E. M. DJALMA PASSOS.;CIDADE NOVA;391
58;862;Principal;-1;2054;E. E. ALDEIA DO CONHECIMENTO PROF. RUTH PRESTES GONÇALVES;CIDADE NOVA;395
58;863;Principal;-1;1848;E. E. CID CABRAL DA SILVA;CIDADE NOVA;395
58;864;Principal;-1;1856;E. E. MARCANTONIO VILAÇA;CIDADE NOVA;395
58;865;Principal;-1;1945;E. M. ENG JOÃO ALBERTO DE MENEZES BRAGA.;CIDADE NOVA;387
58;866;Principal;-1;2020;E. E. DR. JOSE MILTON BANDEIRA;CIDADE NOVA;399
58;867;Principal;-1;1821;E. E. DOM MILTON CORREA PEREIRA;CIDADE NOVA;389
58;868;Principal;-1;1953;E. E. HOMERO DE MIRANDA LEAO;CIDADE NOVA;379
58;870;Principal;-1;1872;E. E. PROF. SEBASTIANA BRAGA;CIDADE NOVA;390
58;871;Principal;-1;1899;E. E. JULIO CESAR DE MORAES PASSOS;CIDADE NOVA;394
58;872;Principal;-1;1970;E. M. SANTA RITA DE CASSIA;CIDADE NOVA;392
58;873;Principal;-1;2054;E. E. ALDEIA DO CONHECIMENTO PROF. RUTH PRESTES GONÇALVES;CIDADE NOVA;398
58;874;Principal;-1;1864;E. E. MARCANTONIO VILAÇA II - POLÍCIA MILITAR.;CIDADE NOVA;375
58;875;Principal;-1;1848;E. E. CID CABRAL DA SILVA;CIDADE NOVA;397
58;876;Principal;-1;1937;E. E. SEN JOÃO BOSCO RAMOS DE LIMA;CIDADE NOVA;394
58;877;Principal;-1;1902;E. M. PROF. NILTON LINS;CIDADE NOVA;383
58;878;Principal;-1;1813;E. E. DOM JOAO DE SOUZA LIMA;CIDADE NOVA;377
58;879;Principal;-1;1791;E. E. DESDOR ANDRE ARAUJO.;CIDADE NOVA;376
58;881;Principal;-1;2020;E. E. DR. JOSE MILTON BANDEIRA;CIDADE NOVA;398
58;882;Principal;-1;2011;E. E. FRANCISCA DE PAULA DE JESUS IZABEL;CIDADE NOVA;371
58;883;Principal;-1;2054;E. E. ALDEIA DO CONHECIMENTO PROF. RUTH PRESTES GONÇALVES;CIDADE NOVA;396
58;884;Principal;-1;1830;E. E. LENINA FERRARO DA SILVA;CIDADE NOVA;376
58;886;Principal;-1;2070;E. M. LUCILA FREITAS;COLÔNIA SANTO ANTÔNIO;393
58;887;Principal;-1;1856;E. E. MARCANTONIO VILAÇA;CIDADE NOVA;397
58;889;Principal;-1;1821;E. E. DOM MILTON CORREA PEREIRA;CIDADE NOVA;385
58;890;Principal;-1;1996;E. M. PROF. JULIO CESAR DE MORAES PASSOS;CIDADE NOVA;388
58;891;Principal;-1;1953;E. E. HOMERO DE MIRANDA LEAO;CIDADE NOVA;378
58;892;Principal;-1;2054;E. E. ALDEIA DO CONHECIMENTO PROF. RUTH PRESTES GONÇALVES;CIDADE NOVA;396
58;893;Principal;-1;1848;E. E. CID CABRAL DA SILVA;CIDADE NOVA;392
58;894;Principal;-1;1988;E. M. DJALMA PASSOS.;CIDADE NOVA;388
58;895;Principal;-1;1899;E. E. JULIO CESAR DE MORAES PASSOS;CIDADE NOVA;394
58;896;Principal;-1;1864;E. E. MARCANTONIO VILAÇA II - POLÍCIA MILITAR.;CIDADE NOVA;379
58;897;Principal;-1;1805;E. E. HILDA DE AZEVEDO TRIBUZY.;CIDADE NOVA;371
58;898;Principal;-1;2020;E. E. DR. JOSE MILTON BANDEIRA;CIDADE NOVA;396
58;899;Principal;-1;1813;E. E. DOM JOAO DE SOUZA LIMA;CIDADE NOVA;377
58;900;Principal;-1;1872;E. E. PROF. SEBASTIANA BRAGA;CIDADE NOVA;391
58;901;Principal;-1;1937;E. E. SEN JOÃO BOSCO RAMOS DE LIMA;CIDADE NOVA;392
58;903;Principal;-1;2054;E. E. ALDEIA DO CONHECIMENTO PROF. RUTH PRESTES GONÇALVES;CIDADE NOVA;396
58;904;Principal;-1;1821;E. E. DOM MILTON CORREA PEREIRA;CIDADE NOVA;391
58;906;Principal;-1;2011;E. E. FRANCISCA DE PAULA DE JESUS IZABEL;CIDADE NOVA;371
58;907;Principal;-1;1902;E. M. PROF. NILTON LINS;CIDADE NOVA;382
58;908;Principal;-1;1856;E. E. MARCANTONIO VILAÇA;CIDADE NOVA;397
58;909;Principal;-1;1848;E. E. CID CABRAL DA SILVA;CIDADE NOVA;393
58;910;Principal;-1;1791;E. E. DESDOR ANDRE ARAUJO.;CIDADE NOVA;374
58;912;Principal;-1;2070;E. M. LUCILA FREITAS;COLÔNIA SANTO ANTÔNIO;393
58;913;Principal;-1;2054;E. E. ALDEIA DO CONHECIMENTO PROF. RUTH PRESTES GONÇALVES;CIDADE NOVA;395
58;914;Principal;-1;2020;E. E. DR. JOSE MILTON BANDEIRA;CIDADE NOVA;392
58;915;Principal;-1;1830;E. E. LENINA FERRARO DA SILVA;CIDADE NOVA;379
58;916;Principal;-1;1996;E. M. PROF. JULIO CESAR DE MORAES PASSOS;CIDADE NOVA;390
58;917;Principal;-1;1813;E. E. DOM JOAO DE SOUZA LIMA;CIDADE NOVA;375
58;918;Principal;-1;1945;E. M. ENG JOÃO ALBERTO DE MENEZES BRAGA.;CIDADE NOVA;387
58;919;Principal;-1;2046;CMEI ARGENTINA BARROS.;CIDADE NOVA;373
58;920;Principal;-1;1953;E. E. HOMERO DE MIRANDA LEAO;CIDADE NOVA;375
58;921;Principal;-1;1970;E. M. SANTA RITA DE CASSIA;CIDADE NOVA;397
58;922;Principal;-1;1880;E. M. ANTONIA ALEXANDRINA.;CIDADE NOVA;373
58;923;Principal;-1;1864;E. E. MARCANTONIO VILAÇA II - POLÍCIA MILITAR.;CIDADE NOVA;378
58;924;Principal;-1;2054;E. E. ALDEIA DO CONHECIMENTO PROF. RUTH PRESTES GONÇALVES;CIDADE NOVA;397
58;925;Principal;-1;1899;E. E. JULIO CESAR DE MORAES PASSOS;CIDADE NOVA;392
58;927;Principal;-1;1821;E. E. DOM MILTON CORREA PEREIRA;CIDADE NOVA;390
58;928;Principal;-1;1805;E. E. HILDA DE AZEVEDO TRIBUZY.;CIDADE NOVA;373
58;929;Principal;-1;1988;E. M. DJALMA PASSOS.;CIDADE NOVA;385
58;931;Principal;-1;2054;E. E. ALDEIA DO CONHECIMENTO PROF. RUTH PRESTES GONÇALVES;CIDADE NOVA;396
58;932;Principal;-1;1929;E. M. DR. JOAO QUEIROZ (ATRÁS DO SHOPPING SUMAÚMA).;CIDADE NOVA;360
58;933;Principal;-1;1830;E. E. LENINA FERRARO DA SILVA;CIDADE NOVA;378
58;934;Principal;-1;1937;E. E. SEN JOÃO BOSCO RAMOS DE LIMA;CIDADE NOVA;394
58;935;Principal;-1;2011;E. E. FRANCISCA DE PAULA DE JESUS IZABEL;CIDADE NOVA;372
58;936;Principal;-1;1872;E. E. PROF. SEBASTIANA BRAGA;CIDADE NOVA;392
58;937;Principal;-1;1856;E. E. MARCANTONIO VILAÇA;CIDADE NOVA;393
58;939;Principal;-1;1813;E. E. DOM JOAO DE SOUZA LIMA;CIDADE NOVA;378
58;940;Principal;-1;1902;E. M. PROF. NILTON LINS;CIDADE NOVA;379
58;942;Principal;-1;2054;E. E. ALDEIA DO CONHECIMENTO PROF. RUTH PRESTES GONÇALVES;CIDADE NOVA;394
58;943;Principal;-1;1996;E. M. PROF. JULIO CESAR DE MORAES PASSOS;CIDADE NOVA;394
58;944;Principal;-1;1864;E. E. MARCANTONIO VILAÇA II - POLÍCIA MILITAR.;CIDADE NOVA;378
58;945;Principal;-1;1821;E. E. DOM MILTON CORREA PEREIRA;CIDADE NOVA;391
58;946;Principal;-1;1791;E. E. DESDOR ANDRE ARAUJO.;CIDADE NOVA;375
58;947;Principal;-1;1830;E. E. LENINA FERRARO DA SILVA;CIDADE NOVA;380
58;948;Principal;-1;1953;E. E. HOMERO DE MIRANDA LEAO;CIDADE NOVA;377
58;949;Principal;-1;2054;E. E. ALDEIA DO CONHECIMENTO PROF. RUTH PRESTES GONÇALVES;CIDADE NOVA;394
58;950;Principal;-1;1945;E. M. ENG JOÃO ALBERTO DE MENEZES BRAGA.;CIDADE NOVA;382
58;951;Principal;-1;1899;E. E. JULIO CESAR DE MORAES PASSOS;CIDADE NOVA;395
58;952;Principal;-1;1813;E. E. DOM JOAO DE SOUZA LIMA;CIDADE NOVA;376
58;953;Principal;-1;1856;E. E. MARCANTONIO VILAÇA;CIDADE NOVA;392
58;954;Principal;-1;1830;E. E. LENINA FERRARO DA SILVA;CIDADE NOVA;377
58;955;Principal;-1;2070;E. M. LUCILA FREITAS;COLÔNIA SANTO ANTÔNIO;395
58;956;Principal;-1;1937;E. E. SEN JOÃO BOSCO RAMOS DE LIMA;CIDADE NOVA;394
58;957;Principal;-1;1805;E. E. HILDA DE AZEVEDO TRIBUZY.;CIDADE NOVA;372
58;958;Principal;-1;1864;E. E. MARCANTONIO VILAÇA II - POLÍCIA MILITAR.;CIDADE NOVA;379
58;959;Principal;-1;1872;E. E. PROF. SEBASTIANA BRAGA;CIDADE NOVA;393
58;960;Principal;-1;1970;E. M. SANTA RITA DE CASSIA;CIDADE NOVA;393
58;961;Principal;-1;1902;E. M. PROF. NILTON LINS;CIDADE NOVA;381
58;963;Principal;-1;2011;E. E. FRANCISCA DE PAULA DE JESUS IZABEL;CIDADE NOVA;372
58;964;Principal;-1;1996;E. M. PROF. JULIO CESAR DE MORAES PASSOS;CIDADE NOVA;389
58;966;Principal;-1;1830;E. E. LENINA FERRARO DA SILVA;CIDADE NOVA;375
58;967;Principal;-1;1953;E. E. HOMERO DE MIRANDA LEAO;CIDADE NOVA;378
58;969;Principal;-1;1937;E. E. SEN JOÃO BOSCO RAMOS DE LIMA;CIDADE NOVA;397
58;970;Principal;-1;1791;E. E. DESDOR ANDRE ARAUJO.;CIDADE NOVA;376
58;971;Principal;-1;1880;E. M. ANTONIA ALEXANDRINA.;CIDADE NOVA;378
58;972;Principal;-1;1805;E. E. HILDA DE AZEVEDO TRIBUZY.;CIDADE NOVA;372
58;973;Principal;-1;1988;E. M. DJALMA PASSOS.;CIDADE NOVA;388
58;974;Principal;-1;1899;E. E. JULIO CESAR DE MORAES PASSOS;CIDADE NOVA;393
58;975;Principal;-1;2046;CMEI ARGENTINA BARROS.;CIDADE NOVA;374
58;976;Principal;-1;1864;E. E. MARCANTONIO VILAÇA II - POLÍCIA MILITAR.;CIDADE NOVA;378
58;977;Principal;-1;1872;E. E. PROF. SEBASTIANA BRAGA;CIDADE NOVA;391
58;978;Principal;-1;1945;E. M. ENG JOÃO ALBERTO DE MENEZES BRAGA.;CIDADE NOVA;385
58;980;Principal;-1;1805;E. E. HILDA DE AZEVEDO TRIBUZY.;CIDADE NOVA;367
58;981;Principal;-1;1791;E. E. DESDOR ANDRE ARAUJO.;CIDADE NOVA;376
58;982;Principal;-1;1996;E. M. PROF. JULIO CESAR DE MORAES PASSOS;CIDADE NOVA;388
58;983;Principal;-1;1864;E. E. MARCANTONIO VILAÇA II - POLÍCIA MILITAR.;CIDADE NOVA;377
58;984;Principal;-1;2070;E. M. LUCILA FREITAS;COLÔNIA SANTO ANTÔNIO;392
58;985;Principal;-1;1805;E. E. HILDA DE AZEVEDO TRIBUZY.;CIDADE NOVA;376
58;986;Principal;-1;1872;E. E. PROF. SEBASTIANA BRAGA;CIDADE NOVA;394
58;987;Principal;-1;1899;E. E. JULIO CESAR DE MORAES PASSOS;CIDADE NOVA;394
58;988;Principal;-1;1902;E. M. PROF. NILTON LINS;CIDADE NOVA;372
58;989;Principal;-1;1953;E. E. HOMERO DE MIRANDA LEAO;CIDADE NOVA;368
58;991;Principal;-1;1848;E. E. CID CABRAL DA SILVA;CIDADE NOVA;397
58;994;Principal;-1;1813;E. E. DOM JOAO DE SOUZA LIMA;CIDADE NOVA;368
58;995;Principal;-1;1821;E. E. DOM MILTON CORREA PEREIRA;CIDADE NOVA;379
58;996;Principal;-1;1937;E. E. SEN JOÃO BOSCO RAMOS DE LIMA;CIDADE NOVA;396
58;997;Principal;-1;1864;E. E. MARCANTONIO VILAÇA II - POLÍCIA MILITAR.;CIDADE NOVA;379
58;998;Principal;-1;2011;E. E. FRANCISCA DE PAULA DE JESUS IZABEL;CIDADE NOVA;367
58;999;Principal;-1;1945;E. M. ENG JOÃO ALBERTO DE MENEZES BRAGA.;CIDADE NOVA;387
58;1000;Principal;-1;1830;E. E. LENINA FERRARO DA SILVA;CIDADE NOVA;372
58;1001;Principal;-1;1848;E. E. CID CABRAL DA SILVA;CIDADE NOVA;375
58;1002;Principal;-1;1996;E. M. PROF. JULIO CESAR DE MORAES PASSOS;CIDADE NOVA;376
58;1004;Principal;-1;1805;E. E. HILDA DE AZEVEDO TRIBUZY.;CIDADE NOVA;368
58;1005;Principal;-1;1937;E. E. SEN JOÃO BOSCO RAMOS DE LIMA;CIDADE NOVA;394
58;1006;Principal;-1;1791;E. E. DESDOR ANDRE ARAUJO.;CIDADE NOVA;375
58;1007;Principal;-1;1899;E. E. JULIO CESAR DE MORAES PASSOS;CIDADE NOVA;391
58;1008;Principal;-1;1864;E. E. MARCANTONIO VILAÇA II - POLÍCIA MILITAR.;CIDADE NOVA;380
58;1009;Principal;-1;1880;E. M. ANTONIA ALEXANDRINA.;CIDADE NOVA;366
58;1011;Principal;-1;2070;E. M. LUCILA FREITAS;COLÔNIA SANTO ANTÔNIO;391
58;1012;Principal;-1;1872;E. E. PROF. SEBASTIANA BRAGA;CIDADE NOVA;386
58;1013;Principal;-1;1988;E. M. DJALMA PASSOS.;CIDADE NOVA;387
58;1014;Principal;-1;2046;CMEI ARGENTINA BARROS.;CIDADE NOVA;374
58;1015;Principal;-1;1805;E. E. HILDA DE AZEVEDO TRIBUZY.;CIDADE NOVA;366
58;1016;Principal;-1;1945;E. M. ENG JOÃO ALBERTO DE MENEZES BRAGA.;CIDADE NOVA;381
58;1017;Principal;-1;1899;E. E. JULIO CESAR DE MORAES PASSOS;CIDADE NOVA;373
58;1018;Principal;-1;1791;E. E. DESDOR ANDRE ARAUJO.;CIDADE NOVA;376
58;1019;Principal;-1;1864;E. E. MARCANTONIO VILAÇA II - POLÍCIA MILITAR.;CIDADE NOVA;375
58;1022;Principal;-1;1929;E. M. DR. JOAO QUEIROZ (ATRÁS DO SHOPPING SUMAÚMA).;CIDADE NOVA;360
58;1023;Principal;-1;2011;E. E. FRANCISCA DE PAULA DE JESUS IZABEL;CIDADE NOVA;363
58;1024;Principal;-1;1910;E. M. MARIO JORGE DO COUTO LOPES;CIDADE NOVA;360
58;1025;Principal;-1;1864;E. E. MARCANTONIO VILAÇA II - POLÍCIA MILITAR.;CIDADE NOVA;375
58;1026;Principal;-1;1791;E. E. DESDOR ANDRE ARAUJO.;CIDADE NOVA;375
58;1027;Principal;-1;2046;CMEI ARGENTINA BARROS.;CIDADE NOVA;372
58;1028;Principal;-1;1791;E. E. DESDOR ANDRE ARAUJO.;CIDADE NOVA;369
58;1029;Principal;-1;1945;E. M. ENG JOÃO ALBERTO DE MENEZES BRAGA.;CIDADE NOVA;386
58;1030;Principal;-1;2054;E. E. ALDEIA DO CONHECIMENTO PROF. RUTH PRESTES GONÇALVES;CIDADE NOVA;381
58;1031;Principal;-1;1864;E. E. MARCANTONIO VILAÇA II - POLÍCIA MILITAR.;CIDADE NOVA;373
58;1032;Principal;-1;1988;E. M. DJALMA PASSOS.;CIDADE NOVA;385
58;1033;Principal;-1;1929;E. M. DR. JOAO QUEIROZ (ATRÁS DO SHOPPING SUMAÚMA).;CIDADE NOVA;351
58;1034;Principal;-1;1910;E. M. MARIO JORGE DO COUTO LOPES;CIDADE NOVA;350
58;1035;Principal;-1;1945;E. M. ENG JOÃO ALBERTO DE MENEZES BRAGA.;CIDADE NOVA;380
58;1036;Principal;-1;1813;E. E. DOM JOAO DE SOUZA LIMA;CIDADE NOVA;374
58;1037;Principal;-1;1821;E. E. DOM MILTON CORREA PEREIRA;CIDADE NOVA;385
58;1038;Principal;-1;2020;E. E. DR. JOSE MILTON BANDEIRA;CIDADE NOVA;391
58;1039;Principal;-1;2097;E. M. RAIMUNDO THEODORO BOTINELLY ASSUMPÇÃO;CIDADE NOVA;349
58;1040;Principal;-1;1864;E. E. MARCANTONIO VILAÇA II - POLÍCIA MILITAR.;CIDADE NOVA;373
58;1041;Principal;-1;2046;CMEI ARGENTINA BARROS.;CIDADE NOVA;368
58;1042;Principal;-1;1929;E. M. DR. JOAO QUEIROZ (ATRÁS DO SHOPPING SUMAÚMA).;CIDADE NOVA;358
58;1043;Principal;-1;2089;CMEI PROF. ROZENDO NETO DE LIMA;CIDADE NOVA;351
58;1044;Principal;-1;1910;E. M. MARIO JORGE DO COUTO LOPES;CIDADE NOVA;353
58;1045;Principal;-1;1945;E. M. ENG JOÃO ALBERTO DE MENEZES BRAGA.;CIDADE NOVA;384
58;1046;Principal;-1;1929;E. M. DR. JOAO QUEIROZ (ATRÁS DO SHOPPING SUMAÚMA).;CIDADE NOVA;360
58;1047;Principal;-1;2046;CMEI ARGENTINA BARROS.;CIDADE NOVA;371
58;1048;Principal;-1;1910;E. M. MARIO JORGE DO COUTO LOPES;CIDADE NOVA;360
58;1049;Principal;-1;1929;E. M. DR. JOAO QUEIROZ (ATRÁS DO SHOPPING SUMAÚMA).;CIDADE NOVA;358
58;1050;Principal;-1;2097;E. M. RAIMUNDO THEODORO BOTINELLY ASSUMPÇÃO;CIDADE NOVA;353
58;1051;Principal;-1;1929;E. M. DR. JOAO QUEIROZ (ATRÁS DO SHOPPING SUMAÚMA).;CIDADE NOVA;355
58;1052;Principal;-1;1910;E. M. MARIO JORGE DO COUTO LOPES;CIDADE NOVA;357
58;1053;Principal;-1;1945;E. M. ENG JOÃO ALBERTO DE MENEZES BRAGA.;CIDADE NOVA;389
58;1054;Principal;-1;2097;E. M. RAIMUNDO THEODORO BOTINELLY ASSUMPÇÃO;CIDADE NOVA;355
58;1055;Principal;-1;1945;E. M. ENG JOÃO ALBERTO DE MENEZES BRAGA.;CIDADE NOVA;389
58;1056;Principal;-1;1864;E. E. MARCANTONIO VILAÇA II - POLÍCIA MILITAR.;CIDADE NOVA;381
58;1057;Principal;-1;2097;E. M. RAIMUNDO THEODORO BOTINELLY ASSUMPÇÃO;CIDADE NOVA;355
58;1058;Principal;-1;2089;CMEI PROF. ROZENDO NETO DE LIMA;CIDADE NOVA;355
58;1059;Principal;-1;2097;E. M. RAIMUNDO THEODORO BOTINELLY ASSUMPÇÃO;CIDADE NOVA;353
58;1060;Principal;-1;2089;CMEI PROF. ROZENDO NETO DE LIMA;CIDADE NOVA;350
58;1061;Principal;-1;2097;E. M. RAIMUNDO THEODORO BOTINELLY ASSUMPÇÃO;CIDADE NOVA;354
58;1062;Principal;-1;2097;E. M. RAIMUNDO THEODORO BOTINELLY ASSUMPÇÃO;CIDADE NOVA;349
58;1063;Principal;-1;2097;E. M. RAIMUNDO THEODORO BOTINELLY ASSUMPÇÃO;CIDADE NOVA;345
58;1064;Principal;-1;2089;CMEI PROF. ROZENDO NETO DE LIMA;CIDADE NOVA;367
58;1065;Principal;-1;2100;CMEI MAGNOLIA FROTA;CIDADE NOVA;367
58;1066;Principal;-1;2119;CRECHE MUNICIPAL MARIA DA ANUNCIAÇÃO NORONHA PINTO;CIDADE NOVA;328
58;1067;Principal;-1;2097;E. M. RAIMUNDO THEODORO BOTINELLY ASSUMPÇÃO;CIDADE NOVA;366
58;1068;Principal;-1;2100;CMEI MAGNOLIA FROTA;CIDADE NOVA;373
58;1069;Principal;-1;2097;E. M. RAIMUNDO THEODORO BOTINELLY ASSUMPÇÃO;CIDADE NOVA;367
58;1070;Principal;-1;2119;CRECHE MUNICIPAL MARIA DA ANUNCIAÇÃO NORONHA PINTO;CIDADE NOVA;324
58;1071;Principal;-1;2100;CMEI MAGNOLIA FROTA;CIDADE NOVA;375
58;1072;Principal;-1;2089;CMEI PROF. ROZENDO NETO DE LIMA;CIDADE NOVA;351
58;1073;Principal;-1;2097;E. M. RAIMUNDO THEODORO BOTINELLY ASSUMPÇÃO;CIDADE NOVA;361
58;1074;Principal;-1;2100;CMEI MAGNOLIA FROTA;CIDADE NOVA;362
58;1075;Principal;-1;1929;E. M. DR. JOAO QUEIROZ (ATRÁS DO SHOPPING SUMAÚMA).;CIDADE NOVA;369
58;1076;Principal;-1;1910;E. M. MARIO JORGE DO COUTO LOPES;CIDADE NOVA;362
58;1077;Principal;-1;2119;CRECHE MUNICIPAL MARIA DA ANUNCIAÇÃO NORONHA PINTO;CIDADE NOVA;325
58;1078;Principal;-1;2100;CMEI MAGNOLIA FROTA;CIDADE NOVA;359
58;1079;Principal;-1;2100;CMEI MAGNOLIA FROTA;CIDADE NOVA;360
58;1080;Principal;-1;2119;CRECHE MUNICIPAL MARIA DA ANUNCIAÇÃO NORONHA PINTO;CIDADE NOVA;149
59;493;Principal;-1;2089;E. E. ANTONIO NUNES JIMENEZ;ZUMBI DOS PALMARES;391
59;494;Principal;-1;2194;E. M. JOÃO DOS SANTOS PEREIRA BRAGA;ZUMBI DOS PALMARES;359
59;495;Principal;-1;2216;E. E. PADRE LUIS RUAS;ZUMBI DOS PALMARES;393
59;496;Principal;-1;2046;E. E. MANUEL RODRIGUES DE SOUZA;ARMANDO MENDES;389
59;497;Principal;-1;2291;E. E. MARIA MADALENA SANTANA DE LIMA;ARMANDO MENDES;385
59;498;Principal;-1;2313;E. E. PROF. MARIA TEIXEIRA GOES;ZUMBI DOS PALMARES;397
59;499;Principal;-1;2240;E. E. PROF. ARISTOTELES COMTE DE ALENCAR;COROADO;355
59;500;Principal;-1;2020;E. E. MANUEL ANTONIO DE SOUZA;COLÔNIA ANTÔNIO ALEIXO;381
59;501;Principal;-1;2232;E. E. CACILDA BRAULE PINTO;COROADO;391
59;502;Principal;-1;2178;E. M. ETELVINA PEREIRA BRAGA;COROADO;366
59;503;Principal;-1;2127;E. E. PROF. ANTONIO MAURITI MONTEIRO COELHO;COROADO;388
59;504;Principal;-1;2275;E. E. PROF. MARIA ARMINDA GUIMARAES DE ANDRADE;COROADO;349
59;505;Principal;-1;2186;E. M. PROF. AGENOR FERREIRA LIMA;ZUMBI DOS PALMARES;373
59;506;Principal;-1;2224;E. E. PROF. REINALDO THOMPSON;COROADO;378
59;507;Principal;-1;2097;E. M. ARTE E CULTURA;COROADO;304
59;508;Principal;-1;2259;E. E. PROF. MYRTHES MARQUES TRIGUEIRO;COROADO;376
59;509;Principal;-1;2305;E. M. PROF. FRANCISCA PERGENTINA DA SILVA;ZUMBI DOS PALMARES;377
59;510;Principal;-1;2097;E. M. ARTE E CULTURA;COROADO;323
59;511;Principal;-1;2135;E. M. RUI BARBOSA LIMA;ARMANDO MENDES;363
59;512;Principal;-1;2330;CMEI UMBERTO CALDERARO;ZUMBI DOS PALMARES;343
59;513;Principal;-1;2062;E. M. ENG. ANTONIO NELSON DE OLIVEIRA NETO;ARMANDO MENDES;369
59;514;Principal;-1;2054;CMEI ABELINHA;COROADO;365
59;515;Principal;-1;2100;E. E. GILBERTO MESTRINHO;COLÔNIA ANTÔNIO ALEIXO;395
59;516;Principal;-1;2240;E. E. PROF. ARISTOTELES COMTE DE ALENCAR;COROADO;375
59;517;Principal;-1;2399;E. M. FREI MARIO MONACELLI DE GRELLO;COLÔNIA ANTÔNIO ALEIXO;322
59;518;Principal;-1;2119;E. E. DEP. JOSUÉ CLAUDIO DE SOUZA - GM3;COROADO;389
59;519;Principal;-1;2038;E. M. SAO LUIZ;COLÔNIA ANTÔNIO ALEIXO;378
59;520;Principal;-1;2267;E. M. HEMETERIO CABRINHA;COROADO;358
59;521;Principal;-1;2283;E. M. NOSSA SENHORA DAS GRAÇAS;COLÔNIA ANTÔNIO ALEIXO;372
59;522;Principal;-1;2070;E. M. ARISTOTELES COMTE DE ALENCAR;ARMANDO MENDES;368
59;523;Principal;-1;2291;E. E. MARIA MADALENA SANTANA DE LIMA;ARMANDO MENDES;382
59;524;Principal;-1;2313;E. E. PROF. MARIA TEIXEIRA GOES;ZUMBI DOS PALMARES;408
59;525;Principal;-1;2127;E. E. PROF. ANTONIO MAURITI MONTEIRO COELHO;COROADO;396
59;526;Principal;-1;2178;E. M. ETELVINA PEREIRA BRAGA;COROADO;366
59;527;Principal;-1;2305;E. M. PROF. FRANCISCA PERGENTINA DA SILVA;ZUMBI DOS PALMARES;381
59;528;Principal;-1;2119;E. E. DEP. JOSUÉ CLAUDIO DE SOUZA - GM3;COROADO;392
59;529;Principal;-1;2232;E. E. CACILDA BRAULE PINTO;COROADO;389
59;530;Principal;-1;2240;E. E. PROF. ARISTOTELES COMTE DE ALENCAR;COROADO;374
59;531;Principal;-1;2275;E. E. PROF. MARIA ARMINDA GUIMARAES DE ANDRADE;COROADO;352
59;532;Principal;-1;2216;E. E. PADRE LUIS RUAS;ZUMBI DOS PALMARES;393
59;533;Principal;-1;2224;E. E. PROF. REINALDO THOMPSON;COROADO;374
59;534;Principal;-1;2291;E. E. MARIA MADALENA SANTANA DE LIMA;ARMANDO MENDES;373
59;535;Principal;-1;2046;E. E. MANUEL RODRIGUES DE SOUZA;ARMANDO MENDES;390
59;536;Principal;-1;2313;E. E. PROF. MARIA TEIXEIRA GOES;ZUMBI DOS PALMARES;404
59;537;Principal;-1;2127;E. E. PROF. ANTONIO MAURITI MONTEIRO COELHO;COROADO;397
59;538;Principal;-1;2259;E. E. PROF. MYRTHES MARQUES TRIGUEIRO;COROADO;385
59;539;Principal;-1;2089;E. E. ANTONIO NUNES JIMENEZ;ZUMBI DOS PALMARES;386
59;540;Principal;-1;2178;E. M. ETELVINA PEREIRA BRAGA;COROADO;365
59;541;Principal;-1;2135;E. M. RUI BARBOSA LIMA;ARMANDO MENDES;365
59;542;Principal;-1;2054;CMEI ABELINHA;COROADO;383
59;543;Principal;-1;2186;E. M. PROF. AGENOR FERREIRA LIMA;ZUMBI DOS PALMARES;370
59;544;Principal;-1;2305;E. M. PROF. FRANCISCA PERGENTINA DA SILVA;ZUMBI DOS PALMARES;386
59;545;Principal;-1;2100;E. E. GILBERTO MESTRINHO;COLÔNIA ANTÔNIO ALEIXO;394
59;546;Principal;-1;2127;E. E. PROF. ANTONIO MAURITI MONTEIRO COELHO;COROADO;394
59;547;Principal;-1;2291;E. E. MARIA MADALENA SANTANA DE LIMA;ARMANDO MENDES;386
59;548;Principal;-1;2038;E. M. SAO LUIZ;COLÔNIA ANTÔNIO ALEIXO;377
59;549;Principal;-1;2267;E. M. HEMETERIO CABRINHA;COROADO;353
59;550;Principal;-1;2330;CMEI UMBERTO CALDERARO;ZUMBI DOS PALMARES;343
59;551;Principal;-1;2283;E. M. NOSSA SENHORA DAS GRAÇAS;COLÔNIA ANTÔNIO ALEIXO;369
59;552;Principal;-1;2178;E. M. ETELVINA PEREIRA BRAGA;COROADO;365
59;553;Principal;-1;2119;E. E. DEP. JOSUÉ CLAUDIO DE SOUZA - GM3;COROADO;395
59;554;Principal;-1;2232;E. E. CACILDA BRAULE PINTO;COROADO;386
59;555;Principal;-1;2313;E. E. PROF. MARIA TEIXEIRA GOES;ZUMBI DOS PALMARES;401
59;556;Principal;-1;2216;E. E. PADRE LUIS RUAS;ZUMBI DOS PALMARES;392
59;557;Principal;-1;2127;E. E. PROF. ANTONIO MAURITI MONTEIRO COELHO;COROADO;390
59;558;Principal;-1;2275;E. E. PROF. MARIA ARMINDA GUIMARAES DE ANDRADE;COROADO;352
59;559;Principal;-1;2291;E. E. MARIA MADALENA SANTANA DE LIMA;ARMANDO MENDES;383
59;560;Principal;-1;2240;E. E. PROF. ARISTOTELES COMTE DE ALENCAR;COROADO;374
59;561;Principal;-1;2046;E. E. MANUEL RODRIGUES DE SOUZA;ARMANDO MENDES;395
59;562;Principal;-1;2224;E. E. PROF. REINALDO THOMPSON;COROADO;375
59;563;Principal;-1;2305;E. M. PROF. FRANCISCA PERGENTINA DA SILVA;ZUMBI DOS PALMARES;385
59;564;Principal;-1;2313;E. E. PROF. MARIA TEIXEIRA GOES;ZUMBI DOS PALMARES;401
59;565;Principal;-1;2178;E. M. ETELVINA PEREIRA BRAGA;COROADO;365
59;566;Principal;-1;2291;E. E. MARIA MADALENA SANTANA DE LIMA;ARMANDO MENDES;381
59;567;Principal;-1;2259;E. E. PROF. MYRTHES MARQUES TRIGUEIRO;COROADO;383
59;568;Principal;-1;2089;E. E. ANTONIO NUNES JIMENEZ;ZUMBI DOS PALMARES;384
59;569;Principal;-1;2020;E. E. MANUEL ANTONIO DE SOUZA;COLÔNIA ANTÔNIO ALEIXO;388
59;570;Principal;-1;2194;E. M. JOÃO DOS SANTOS PEREIRA BRAGA;ZUMBI DOS PALMARES;361
59;571;Principal;-1;2070;E. M. ARISTOTELES COMTE DE ALENCAR;ARMANDO MENDES;362
59;572;Principal;-1;2127;E. E. PROF. ANTONIO MAURITI MONTEIRO COELHO;COROADO;398
59;573;Principal;-1;2135;E. M. RUI BARBOSA LIMA;ARMANDO MENDES;367
59;574;Principal;-1;2062;E. M. ENG. ANTONIO NELSON DE OLIVEIRA NETO;ARMANDO MENDES;370
59;575;Principal;-1;2232;E. E. CACILDA BRAULE PINTO;COROADO;392
59;576;Principal;-1;2119;E. E. DEP. JOSUÉ CLAUDIO DE SOUZA - GM3;COROADO;395
59;577;Principal;-1;2291;E. E. MARIA MADALENA SANTANA DE LIMA;ARMANDO MENDES;385
59;578;Principal;-1;2178;E. M. ETELVINA PEREIRA BRAGA;COROADO;366
59;579;Principal;-1;2216;E. E. PADRE LUIS RUAS;ZUMBI DOS PALMARES;398
59;580;Principal;-1;2097;E. M. ARTE E CULTURA;COROADO;303
59;581;Principal;-1;2313;E. E. PROF. MARIA TEIXEIRA GOES;ZUMBI DOS PALMARES;403
59;582;Principal;-1;2186;E. M. PROF. AGENOR FERREIRA LIMA;ZUMBI DOS PALMARES;373
59;583;Principal;-1;2305;E. M. PROF. FRANCISCA PERGENTINA DA SILVA;ZUMBI DOS PALMARES;383
59;584;Principal;-1;2046;E. E. MANUEL RODRIGUES DE SOUZA;ARMANDO MENDES;395
59;585;Principal;-1;2054;CMEI ABELINHA;COROADO;380
59;586;Principal;-1;2100;E. E. GILBERTO MESTRINHO;COLÔNIA ANTÔNIO ALEIXO;395
59;587;Principal;-1;2275;E. E. PROF. MARIA ARMINDA GUIMARAES DE ANDRADE;COROADO;349
59;588;Principal;-1;2127;E. E. PROF. ANTONIO MAURITI MONTEIRO COELHO;COROADO;399
59;589;Principal;-1;2240;E. E. PROF. ARISTOTELES COMTE DE ALENCAR;COROADO;369
59;590;Principal;-1;2038;E. M. SAO LUIZ;COLÔNIA ANTÔNIO ALEIXO;378
59;591;Principal;-1;2291;E. E. MARIA MADALENA SANTANA DE LIMA;ARMANDO MENDES;386
59;592;Principal;-1;2330;CMEI UMBERTO CALDERARO;ZUMBI DOS PALMARES;341
59;593;Principal;-1;2267;E. M. HEMETERIO CABRINHA;COROADO;357
59;594;Principal;-1;2224;E. E. PROF. REINALDO THOMPSON;COROADO;377
59;595;Principal;-1;2178;E. M. ETELVINA PEREIRA BRAGA;COROADO;356
59;596;Principal;-1;2313;E. E. PROF. MARIA TEIXEIRA GOES;ZUMBI DOS PALMARES;403
59;597;Principal;-1;2232;E. E. CACILDA BRAULE PINTO;COROADO;395
59;598;Principal;-1;2399;E. M. FREI MARIO MONACELLI DE GRELLO;COLÔNIA ANTÔNIO ALEIXO;320
59;599;Principal;-1;2259;E. E. PROF. MYRTHES MARQUES TRIGUEIRO;COROADO;389
59;600;Principal;-1;2127;E. E. PROF. ANTONIO MAURITI MONTEIRO COELHO;COROADO;395
59;601;Principal;-1;2089;E. E. ANTONIO NUNES JIMENEZ;ZUMBI DOS PALMARES;383
59;602;Principal;-1;2380;CMEI MADRE ANA ROSA GATTORNO;ARMANDO MENDES;350
59;603;Principal;-1;2135;E. M. RUI BARBOSA LIMA;ARMANDO MENDES;370
59;604;Principal;-1;2119;E. E. DEP. JOSUÉ CLAUDIO DE SOUZA - GM3;COROADO;392
59;605;Principal;-1;2216;E. E. PADRE LUIS RUAS;ZUMBI DOS PALMARES;387
59;606;Principal;-1;2305;E. M. PROF. FRANCISCA PERGENTINA DA SILVA;ZUMBI DOS PALMARES;387
59;607;Principal;-1;2313;E. E. PROF. MARIA TEIXEIRA GOES;ZUMBI DOS PALMARES;405
59;608;Principal;-1;2046;E. E. MANUEL RODRIGUES DE SOUZA;ARMANDO MENDES;380
59;609;Principal;-1;2275;E. E. PROF. MARIA ARMINDA GUIMARAES DE ANDRADE;COROADO;352
59;610;Principal;-1;2380;CMEI MADRE ANA ROSA GATTORNO;ARMANDO MENDES;342
59;611;Principal;-1;2178;E. M. ETELVINA PEREIRA BRAGA;COROADO;365
59;612;Principal;-1;2283;E. M. NOSSA SENHORA DAS GRAÇAS;COLÔNIA ANTÔNIO ALEIXO;366
59;613;Principal;-1;2020;E. E. MANUEL ANTONIO DE SOUZA;COLÔNIA ANTÔNIO ALEIXO;380
59;614;Principal;-1;2240;E. E. PROF. ARISTOTELES COMTE DE ALENCAR;COROADO;375
59;615;Principal;-1;2127;E. E. PROF. ANTONIO MAURITI MONTEIRO COELHO;COROADO;396
59;616;Principal;-1;2186;E. M. PROF. AGENOR FERREIRA LIMA;ZUMBI DOS PALMARES;372
59;617;Principal;-1;2100;E. E. GILBERTO MESTRINHO;COLÔNIA ANTÔNIO ALEIXO;395
59;618;Principal;-1;2305;E. M. PROF. FRANCISCA PERGENTINA DA SILVA;ZUMBI DOS PALMARES;384
59;619;Principal;-1;2232;E. E. CACILDA BRAULE PINTO;COROADO;393
59;620;Principal;-1;2216;E. E. PADRE LUIS RUAS;ZUMBI DOS PALMARES;395
59;621;Principal;-1;2313;E. E. PROF. MARIA TEIXEIRA GOES;ZUMBI DOS PALMARES;406
59;622;Principal;-1;2224;E. E. PROF. REINALDO THOMPSON;COROADO;379
59;623;Principal;-1;2135;E. M. RUI BARBOSA LIMA;ARMANDO MENDES;366
59;624;Principal;-1;2194;E. M. JOÃO DOS SANTOS PEREIRA BRAGA;ZUMBI DOS PALMARES;359
59;625;Principal;-1;2070;E. M. ARISTOTELES COMTE DE ALENCAR;ARMANDO MENDES;361
59;626;Principal;-1;2259;E. E. PROF. MYRTHES MARQUES TRIGUEIRO;COROADO;386
59;627;Principal;-1;2119;E. E. DEP. JOSUÉ CLAUDIO DE SOUZA - GM3;COROADO;393
59;628;Principal;-1;2062;E. M. ENG. ANTONIO NELSON DE OLIVEIRA NETO;ARMANDO MENDES;362
59;629;Principal;-1;2038;E. M. SAO LUIZ;COLÔNIA ANTÔNIO ALEIXO;381
59;630;Principal;-1;2046;E. E. MANUEL RODRIGUES DE SOUZA;ARMANDO MENDES;394
59;631;Principal;-1;2054;CMEI ABELINHA;COROADO;379
59;632;Principal;-1;2127;E. E. PROF. ANTONIO MAURITI MONTEIRO COELHO;COROADO;397
59;633;Principal;-1;2089;E. E. ANTONIO NUNES JIMENEZ;ZUMBI DOS PALMARES;383
59;634;Principal;-1;2275;E. E. PROF. MARIA ARMINDA GUIMARAES DE ANDRADE;COROADO;352
59;635;Principal;-1;2330;CMEI UMBERTO CALDERARO;ZUMBI DOS PALMARES;341
59;636;Principal;-1;2135;E. M. RUI BARBOSA LIMA;ARMANDO MENDES;364
59;637;Principal;-1;2267;E. M. HEMETERIO CABRINHA;COROADO;355
59;638;Principal;-1;2313;E. E. PROF. MARIA TEIXEIRA GOES;ZUMBI DOS PALMARES;403
59;639;Principal;-1;2305;E. M. PROF. FRANCISCA PERGENTINA DA SILVA;ZUMBI DOS PALMARES;384
59;640;Principal;-1;2216;E. E. PADRE LUIS RUAS;ZUMBI DOS PALMARES;395
59;641;Principal;-1;2046;E. E. MANUEL RODRIGUES DE SOUZA;ARMANDO MENDES;391
59;642;Principal;-1;2119;E. E. DEP. JOSUÉ CLAUDIO DE SOUZA - GM3;COROADO;391
59;643;Principal;-1;2240;E. E. PROF. ARISTOTELES COMTE DE ALENCAR;COROADO;372
59;644;Principal;-1;2232;E. E. CACILDA BRAULE PINTO;COROADO;389
59;645;Principal;-1;2135;E. M. RUI BARBOSA LIMA;ARMANDO MENDES;368
59;646;Principal;-1;2119;E. E. DEP. JOSUÉ CLAUDIO DE SOUZA - GM3;COROADO;396
59;647;Principal;-1;2259;E. E. PROF. MYRTHES MARQUES TRIGUEIRO;COROADO;386
59;648;Principal;-1;2224;E. E. PROF. REINALDO THOMPSON;COROADO;373
59;649;Principal;-1;2313;E. E. PROF. MARIA TEIXEIRA GOES;ZUMBI DOS PALMARES;409
59;650;Principal;-1;2275;E. E. PROF. MARIA ARMINDA GUIMARAES DE ANDRADE;COROADO;347
59;651;Principal;-1;2100;E. E. GILBERTO MESTRINHO;COLÔNIA ANTÔNIO ALEIXO;389
59;652;Principal;-1;2046;E. E. MANUEL RODRIGUES DE SOUZA;ARMANDO MENDES;390
59;653;Principal;-1;2186;E. M. PROF. AGENOR FERREIRA LIMA;ZUMBI DOS PALMARES;368
59;654;Principal;-1;2305;E. M. PROF. FRANCISCA PERGENTINA DA SILVA;ZUMBI DOS PALMARES;381
59;655;Principal;-1;2070;E. M. ARISTOTELES COMTE DE ALENCAR;ARMANDO MENDES;358
59;656;Principal;-1;2062;E. M. ENG. ANTONIO NELSON DE OLIVEIRA NETO;ARMANDO MENDES;367
59;657;Principal;-1;2020;E. E. MANUEL ANTONIO DE SOUZA;COLÔNIA ANTÔNIO ALEIXO;384
59;658;Principal;-1;2097;E. M. ARTE E CULTURA;COROADO;287
59;659;Principal;-1;2216;E. E. PADRE LUIS RUAS;ZUMBI DOS PALMARES;396
59;660;Principal;-1;2089;E. E. ANTONIO NUNES JIMENEZ;ZUMBI DOS PALMARES;386
59;661;Principal;-1;2429;E. M. PROF. MARIA RODRIGUES TAPAJOS;COROADO;340
59;662;Principal;-1;2240;E. E. PROF. ARISTOTELES COMTE DE ALENCAR;COROADO;371
59;663;Principal;-1;2283;E. M. NOSSA SENHORA DAS GRAÇAS;COLÔNIA ANTÔNIO ALEIXO;360
59;664;Principal;-1;2054;CMEI ABELINHA;COROADO;376
59;665;Principal;-1;2232;E. E. CACILDA BRAULE PINTO;COROADO;385
59;666;Principal;-1;2046;E. E. MANUEL RODRIGUES DE SOUZA;ARMANDO MENDES;388
59;667;Principal;-1;2313;E. E. PROF. MARIA TEIXEIRA GOES;ZUMBI DOS PALMARES;405
59;668;Principal;-1;2259;E. E. PROF. MYRTHES MARQUES TRIGUEIRO;COROADO;383
59;669;Principal;-1;2038;E. M. SAO LUIZ;COLÔNIA ANTÔNIO ALEIXO;373
59;670;Principal;-1;2224;E. E. PROF. REINALDO THOMPSON;COROADO;376
59;671;Principal;-1;2305;E. M. PROF. FRANCISCA PERGENTINA DA SILVA;ZUMBI DOS PALMARES;389
59;672;Principal;-1;2275;E. E. PROF. MARIA ARMINDA GUIMARAES DE ANDRADE;COROADO;348
59;673;Principal;-1;2429;E. M. PROF. MARIA RODRIGUES TAPAJOS;COROADO;328
59;674;Principal;-1;2399;E. M. FREI MARIO MONACELLI DE GRELLO;COLÔNIA ANTÔNIO ALEIXO;316
59;675;Principal;-1;2216;E. E. PADRE LUIS RUAS;ZUMBI DOS PALMARES;393
59;676;Principal;-1;2070;E. M. ARISTOTELES COMTE DE ALENCAR;ARMANDO MENDES;345
59;677;Principal;-1;2062;E. M. ENG. ANTONIO NELSON DE OLIVEIRA NETO;ARMANDO MENDES;365
59;678;Principal;-1;2330;CMEI UMBERTO CALDERARO;ZUMBI DOS PALMARES;344
59;679;Principal;-1;2194;E. M. JOÃO DOS SANTOS PEREIRA BRAGA;ZUMBI DOS PALMARES;349
59;680;Principal;-1;2429;E. M. PROF. MARIA RODRIGUES TAPAJOS;COROADO;319
59;681;Principal;-1;2240;E. E. PROF. ARISTOTELES COMTE DE ALENCAR;COROADO;371
59;682;Principal;-1;2100;E. E. GILBERTO MESTRINHO;COLÔNIA ANTÔNIO ALEIXO;392
59;683;Principal;-1;2305;E. M. PROF. FRANCISCA PERGENTINA DA SILVA;ZUMBI DOS PALMARES;385
59;684;Principal;-1;2267;E. M. HEMETERIO CABRINHA;COROADO;353
59;685;Principal;-1;2070;E. M. ARISTOTELES COMTE DE ALENCAR;ARMANDO MENDES;358
59;686;Principal;-1;2224;E. E. PROF. REINALDO THOMPSON;COROADO;375
59;687;Principal;-1;2054;CMEI ABELINHA;COROADO;373
59;688;Principal;-1;2429;E. M. PROF. MARIA RODRIGUES TAPAJOS;COROADO;333
59;689;Principal;-1;2186;E. M. PROF. AGENOR FERREIRA LIMA;ZUMBI DOS PALMARES;368
59;690;Principal;-1;2216;E. E. PADRE LUIS RUAS;ZUMBI DOS PALMARES;394
59;691;Principal;-1;2062;E. M. ENG. ANTONIO NELSON DE OLIVEIRA NETO;ARMANDO MENDES;366
59;692;Principal;-1;2402;E. M. ANITA GARIBALDI;ZUMBI DOS PALMARES;358
59;693;Principal;-1;2429;E. M. PROF. MARIA RODRIGUES TAPAJOS;COROADO;324
59;694;Principal;-1;2348;E. E. RILTON LEAL FILHO;ARMANDO MENDES;349
59;695;Principal;-1;2330;CMEI UMBERTO CALDERARO;ZUMBI DOS PALMARES;338
59;696;Principal;-1;2305;E. M. PROF. FRANCISCA PERGENTINA DA SILVA;ZUMBI DOS PALMARES;381
59;697;Principal;-1;2070;E. M. ARISTOTELES COMTE DE ALENCAR;ARMANDO MENDES;351
59;698;Principal;-1;2038;E. M. SAO LUIZ;COLÔNIA ANTÔNIO ALEIXO;356
59;699;Principal;-1;2240;E. E. PROF. ARISTOTELES COMTE DE ALENCAR;COROADO;370
59;700;Principal;-1;2020;E. E. MANUEL ANTONIO DE SOUZA;COLÔNIA ANTÔNIO ALEIXO;387
59;701;Principal;-1;2429;E. M. PROF. MARIA RODRIGUES TAPAJOS;COROADO;313
59;702;Principal;-1;2054;CMEI ABELINHA;COROADO;378
59;703;Principal;-1;2348;E. E. RILTON LEAL FILHO;ARMANDO MENDES;345
59;704;Principal;-1;2097;E. M. ARTE E CULTURA;COROADO;276
59;705;Principal;-1;2054;CMEI ABELINHA;COROADO;375
59;706;Principal;-1;2062;E. M. ENG. ANTONIO NELSON DE OLIVEIRA NETO;ARMANDO MENDES;363
59;707;Principal;-1;2283;E. M. NOSSA SENHORA DAS GRAÇAS;COLÔNIA ANTÔNIO ALEIXO;340
59;708;Principal;-1;2186;E. M. PROF. AGENOR FERREIRA LIMA;ZUMBI DOS PALMARES;351
59;709;Principal;-1;2305;E. M. PROF. FRANCISCA PERGENTINA DA SILVA;ZUMBI DOS PALMARES;384
59;710;Principal;-1;2100;E. E. GILBERTO MESTRINHO;COLÔNIA ANTÔNIO ALEIXO;394
59;711;Principal;-1;2267;E. M. HEMETERIO CABRINHA;COROADO;354
59;712;Principal;-1;2348;E. E. RILTON LEAL FILHO;ARMANDO MENDES;340
59;713;Principal;-1;2402;E. M. ANITA GARIBALDI;ZUMBI DOS PALMARES;350
59;714;Principal;-1;2070;E. M. ARISTOTELES COMTE DE ALENCAR;ARMANDO MENDES;351
59;716;Principal;-1;2305;E. M. PROF. FRANCISCA PERGENTINA DA SILVA;ZUMBI DOS PALMARES;381
59;717;Principal;-1;2275;E. E. PROF. MARIA ARMINDA GUIMARAES DE ANDRADE;COROADO;331
59;718;Principal;-1;2224;E. E. PROF. REINALDO THOMPSON;COROADO;370
59;719;Principal;-1;2054;CMEI ABELINHA;COROADO;374
59;720;Principal;-1;2119;E. E. DEP. JOSUÉ CLAUDIO DE SOUZA - GM3;COROADO;392
59;721;Principal;-1;2186;E. M. PROF. AGENOR FERREIRA LIMA;ZUMBI DOS PALMARES;366
59;722;Principal;-1;2330;CMEI UMBERTO CALDERARO;ZUMBI DOS PALMARES;327
59;723;Principal;-1;2194;E. M. JOÃO DOS SANTOS PEREIRA BRAGA;ZUMBI DOS PALMARES;353
59;724;Principal;-1;2348;E. E. RILTON LEAL FILHO;ARMANDO MENDES;343
59;726;Principal;-1;2062;E. M. ENG. ANTONIO NELSON DE OLIVEIRA NETO;ARMANDO MENDES;366
59;729;Principal;-1;2119;E. E. DEP. JOSUÉ CLAUDIO DE SOUZA - GM3;COROADO;384
59;730;Principal;-1;2348;E. E. RILTON LEAL FILHO;ARMANDO MENDES;341
59;731;Principal;-1;2402;E. M. ANITA GARIBALDI;ZUMBI DOS PALMARES;347
59;737;Principal;-1;2259;E. E. PROF. MYRTHES MARQUES TRIGUEIRO;COROADO;381
59;738;Principal;-1;2100;E. E. GILBERTO MESTRINHO;COLÔNIA ANTÔNIO ALEIXO;390
59;740;Principal;-1;2038;E. M. SAO LUIZ;COLÔNIA ANTÔNIO ALEIXO;373
59;741;Principal;-1;2313;E. E. PROF. MARIA TEIXEIRA GOES;ZUMBI DOS PALMARES;396
59;742;Principal;-1;2216;E. E. PADRE LUIS RUAS;ZUMBI DOS PALMARES;399
59;743;Principal;-1;2127;E. E. PROF. ANTONIO MAURITI MONTEIRO COELHO;COROADO;387
59;744;Principal;-1;2186;E. M. PROF. AGENOR FERREIRA LIMA;ZUMBI DOS PALMARES;370
59;745;Principal;-1;2380;CMEI MADRE ANA ROSA GATTORNO;ARMANDO MENDES;332
59;746;Principal;-1;2020;E. E. MANUEL ANTONIO DE SOUZA;COLÔNIA ANTÔNIO ALEIXO;390
59;747;Principal;-1;2232;E. E. CACILDA BRAULE PINTO;COROADO;386
59;748;Principal;-1;2224;E. E. PROF. REINALDO THOMPSON;COROADO;374
59;749;Principal;-1;2046;E. E. MANUEL RODRIGUES DE SOUZA;ARMANDO MENDES;393
59;750;Principal;-1;2054;CMEI ABELINHA;COROADO;378
59;751;Principal;-1;2399;E. M. FREI MARIO MONACELLI DE GRELLO;COLÔNIA ANTÔNIO ALEIXO;322
59;752;Principal;-1;2305;E. M. PROF. FRANCISCA PERGENTINA DA SILVA;ZUMBI DOS PALMARES;382
59;753;Principal;-1;2178;E. M. ETELVINA PEREIRA BRAGA;COROADO;360
59;754;Principal;-1;2240;E. E. PROF. ARISTOTELES COMTE DE ALENCAR;COROADO;371
59;755;Principal;-1;2135;E. M. RUI BARBOSA LIMA;ARMANDO MENDES;368
59;756;Principal;-1;2097;E. M. ARTE E CULTURA;COROADO;274
59;757;Principal;-1;2267;E. M. HEMETERIO CABRINHA;COROADO;352
59;758;Principal;-1;2119;E. E. DEP. JOSUÉ CLAUDIO DE SOUZA - GM3;COROADO;386
59;759;Principal;-1;2402;E. M. ANITA GARIBALDI;ZUMBI DOS PALMARES;356
59;760;Principal;-1;2380;CMEI MADRE ANA ROSA GATTORNO;ARMANDO MENDES;339
59;761;Principal;-1;2127;E. E. PROF. ANTONIO MAURITI MONTEIRO COELHO;COROADO;392
59;762;Principal;-1;2313;E. E. PROF. MARIA TEIXEIRA GOES;ZUMBI DOS PALMARES;405
59;763;Principal;-1;2100;E. E. GILBERTO MESTRINHO;COLÔNIA ANTÔNIO ALEIXO;394
59;764;Principal;-1;2232;E. E. CACILDA BRAULE PINTO;COROADO;393
59;765;Principal;-1;2178;E. M. ETELVINA PEREIRA BRAGA;COROADO;367
59;766;Principal;-1;2216;E. E. PADRE LUIS RUAS;ZUMBI DOS PALMARES;393
59;767;Principal;-1;2127;E. E. PROF. ANTONIO MAURITI MONTEIRO COELHO;COROADO;398
59;768;Principal;-1;2399;E. M. FREI MARIO MONACELLI DE GRELLO;COLÔNIA ANTÔNIO ALEIXO;318
59;769;Principal;-1;2313;E. E. PROF. MARIA TEIXEIRA GOES;ZUMBI DOS PALMARES;404
59;770;Principal;-1;2402;E. M. ANITA GARIBALDI;ZUMBI DOS PALMARES;359
59;771;Principal;-1;2119;E. E. DEP. JOSUÉ CLAUDIO DE SOUZA - GM3;COROADO;397
59;772;Principal;-1;2283;E. M. NOSSA SENHORA DAS GRAÇAS;COLÔNIA ANTÔNIO ALEIXO;369
59;773;Principal;-1;2046;E. E. MANUEL RODRIGUES DE SOUZA;ARMANDO MENDES;391
59;774;Principal;-1;2348;E. E. RILTON LEAL FILHO;ARMANDO MENDES;353
59;775;Principal;-1;2330;CMEI UMBERTO CALDERARO;ZUMBI DOS PALMARES;335
59;776;Principal;-1;2020;E. E. MANUEL ANTONIO DE SOUZA;COLÔNIA ANTÔNIO ALEIXO;390
59;777;Principal;-1;2216;E. E. PADRE LUIS RUAS;ZUMBI DOS PALMARES;397
59;778;Principal;-1;2232;E. E. CACILDA BRAULE PINTO;COROADO;387
59;779;Principal;-1;2119;E. E. DEP. JOSUÉ CLAUDIO DE SOUZA - GM3;COROADO;394
59;780;Principal;-1;2135;E. M. RUI BARBOSA LIMA;ARMANDO MENDES;364
59;781;Principal;-1;2178;E. M. ETELVINA PEREIRA BRAGA;COROADO;368
59;782;Principal;-1;2038;E. M. SAO LUIZ;COLÔNIA ANTÔNIO ALEIXO;366
59;783;Principal;-1;2046;E. E. MANUEL RODRIGUES DE SOUZA;ARMANDO MENDES;396
59;786;Principal;-1;2070;E. M. ARISTOTELES COMTE DE ALENCAR;ARMANDO MENDES;353
59;787;Principal;-1;2410;ESCOLA DO SESI - DRA EMINA BARBOSA MUSTAFA;COROADO;392
59;788;Principal;-1;2429;E. M. PROF. MARIA RODRIGUES TAPAJOS;COROADO;263
59;789;Principal;-1;2194;E. M. JOÃO DOS SANTOS PEREIRA BRAGA;ZUMBI DOS PALMARES;358
59;790;Principal;-1;2020;E. E. MANUEL ANTONIO DE SOUZA;COLÔNIA ANTÔNIO ALEIXO;386
59;791;Principal;-1;2216;E. E. PADRE LUIS RUAS;ZUMBI DOS PALMARES;393
59;792;Principal;-1;2186;E. M. PROF. AGENOR FERREIRA LIMA;ZUMBI DOS PALMARES;365
59;793;Agregada;745;2380;CMEI MADRE ANA ROSA GATTORNO;ARMANDO MENDES;123
59;794;Principal;-1;2348;E. E. RILTON LEAL FILHO;ARMANDO MENDES;299
59;795;Principal;-1;2089;E. E. ANTONIO NUNES JIMENEZ;ZUMBI DOS PALMARES;384
59;796;Principal;-1;2283;E. M. NOSSA SENHORA DAS GRAÇAS;COLÔNIA ANTÔNIO ALEIXO;244
59;797;Principal;-1;2291;E. E. MARIA MADALENA SANTANA DE LIMA;ARMANDO MENDES;249
59;798;Agregada;613;2020;E. E. MANUEL ANTONIO DE SOUZA;COLÔNIA ANTÔNIO ALEIXO;123
59;799;Agregada;665;2232;E. E. CACILDA BRAULE PINTO;COROADO;45
59;800;Agregada;729;2119;E. E. DEP. JOSUÉ CLAUDIO DE SOUZA - GM3;COROADO;83
59;801;Agregada;787;2410;ESCOLA DO SESI - DRA EMINA BARBOSA MUSTAFA;COROADO;20
62;14;Principal;-1;1945;C. E. JOSÉ ROBERTO TADROS;PLANALTO;411
62;106;Principal;-1;1686;E. E. THOMÉ DE MEDEIROS RAPOSO;REDENÇÃO;369
62;221;Principal;-1;2011;E. M. SANTA ROSA II;TARUMÃ AÇU;321
62;234;Principal;-1;1660;E. E. PROF. WALDOCKE FRICK DE LIRA- COLÉGIO MILITAR;TARUMÃ;440
62;268;Principal;-1;1643;E. E. OCTAVIO MOURÃO;SANTA ETELVINA;379
62;281;Principal;-1;1597;E. E. ARTHUR VIRGILIO FILHO;SANTA ETELVINA;393
62;307;Principal;-1;1600;E. E. ELIANA SOCORRO PACHECO BRAGA;LAGO AZUL;375
62;310;Principal;-1;1759;E. M. PROF. GELCY SENA ABRANTIS;REDENÇÃO;294
62;314;Principal;-1;1627;E. E. MARIA DA LUZ CALDERARO;REDENÇÃO;446
62;315;Principal;-1;1570;E. M. IRMA SERAFINA CINQUE;TARUMÃ;317
62;316;Principal;-1;1694;E. M. ANTONIA MEDEIROS DA SILVA;TARUMÃ;388
62;317;Principal;-1;1619;E. E. ITACYARA MARQUES PINHO;PLANALTO;393
62;318;Principal;-1;1660;E. E. PROF. WALDOCKE FRICK DE LIRA- COLÉGIO MILITAR;TARUMÃ;443
62;319;Principal;-1;1651;E. E. OLGA FALCONE;PAZ;393
62;320;Principal;-1;1597;E. E. ARTHUR VIRGILIO FILHO;SANTA ETELVINA;389
62;321;Principal;-1;1686;E. E. THOMÉ DE MEDEIROS RAPOSO;REDENÇÃO;368
62;322;Principal;-1;1945;C. E. JOSÉ ROBERTO TADROS;PLANALTO;411
62;323;Principal;-1;1813;E. M. JOAO GOULART;SANTA ETELVINA;364
62;324;Principal;-1;1740;E. M. PROF. ELIZABETH BELTRAO;SANTA ETELVINA;370
62;325;Principal;-1;1708;E. M. CARLOS SANTOS;ZONA RURAL;373
62;326;Principal;-1;1716;E. M. JOÃO ALFREDO;PAZ;401
62;327;Principal;-1;1600;E. E. ELIANA SOCORRO PACHECO BRAGA;LAGO AZUL;376
62;328;Principal;-1;1775;E. M. RODOLFO VALE;REDENÇÃO;382
62;329;Principal;-1;1589;CMEI PROF. RAIMUNDO FIGUEIREDO;REDENÇÃO;373
62;330;Principal;-1;1732;E. M. NESTOR JOSE DO NASCIMENTO;TARUMÃ;362
62;331;Principal;-1;2011;E. M. SANTA ROSA II;TARUMÃ AÇU;320
62;332;Principal;-1;1643;E. E. OCTAVIO MOURÃO;SANTA ETELVINA;388
62;333;Principal;-1;1791;E. M. SIRIA MAMED AMED CHAGAS;SANTA ETELVINA;387
62;334;Principal;-1;1830;CMEI - ISMAIL AZIZ;TARUMÃ AÇU;395
62;335;Principal;-1;1783;E. M. SARA BARROSO CORDEIRO;SANTA ETELVINA;388
62;336;Principal;-1;1848;E. M. MARIA LEIDE AMORIM;ZONA RURAL;337
62;337;Principal;-1;1759;E. M. PROF. GELCY SENA ABRANTIS;REDENÇÃO;314
62;338;Principal;-1;1678;E. E. TEREZA DE JESUS VASCONCELOS DIAS;REDENÇÃO;348
62;339;Principal;-1;1562;E. M. NOSSA SENHORA DA PAZ;PAZ;390
62;340;Principal;-1;1821;E. E. ALFREDO FERNANDES;PLANALTO;367
62;341;Principal;-1;1945;C. E. JOSÉ ROBERTO TADROS;PLANALTO;416
62;342;Principal;-1;1600;E. E. ELIANA SOCORRO PACHECO BRAGA;LAGO AZUL;375
62;343;Principal;-1;1660;E. E. PROF. WALDOCKE FRICK DE LIRA- COLÉGIO MILITAR;TARUMÃ;444
62;344;Principal;-1;1627;E. E. MARIA DA LUZ CALDERARO;REDENÇÃO;448
62;345;Principal;-1;1597;E. E. ARTHUR VIRGILIO FILHO;SANTA ETELVINA;387
62;346;Principal;-1;1619;E. E. ITACYARA MARQUES PINHO;PLANALTO;385
62;347;Principal;-1;1848;E. M. MARIA LEIDE AMORIM;ZONA RURAL;382
62;348;Principal;-1;1830;CMEI - ISMAIL AZIZ;TARUMÃ AÇU;397
62;349;Principal;-1;1651;E. E. OLGA FALCONE;PAZ;401
62;350;Principal;-1;1945;C. E. JOSÉ ROBERTO TADROS;PLANALTO;413
62;351;Principal;-1;1686;E. E. THOMÉ DE MEDEIROS RAPOSO;REDENÇÃO;369
62;352;Principal;-1;1600;E. E. ELIANA SOCORRO PACHECO BRAGA;LAGO AZUL;383
62;353;Principal;-1;1660;E. E. PROF. WALDOCKE FRICK DE LIRA- COLÉGIO MILITAR;TARUMÃ;446
62;354;Principal;-1;1716;E. M. JOÃO ALFREDO;PAZ;396
62;355;Principal;-1;2011;E. M. SANTA ROSA II;TARUMÃ AÇU;324
62;356;Principal;-1;1627;E. E. MARIA DA LUZ CALDERARO;REDENÇÃO;443
62;357;Principal;-1;1643;E. E. OCTAVIO MOURÃO;SANTA ETELVINA;392
62;358;Principal;-1;1619;E. E. ITACYARA MARQUES PINHO;PLANALTO;394
62;359;Principal;-1;1694;E. M. ANTONIA MEDEIROS DA SILVA;TARUMÃ;390
62;360;Principal;-1;1597;E. E. ARTHUR VIRGILIO FILHO;SANTA ETELVINA;389
62;361;Principal;-1;1651;E. E. OLGA FALCONE;PAZ;395
62;362;Principal;-1;1945;C. E. JOSÉ ROBERTO TADROS;PLANALTO;414
62;363;Principal;-1;1775;E. M. RODOLFO VALE;REDENÇÃO;386
62;364;Principal;-1;1970;E. E. SENADOR EVANDRO DAS NEVES CARREIRA;LAGO AZUL;395
62;365;Principal;-1;1660;E. E. PROF. WALDOCKE FRICK DE LIRA- COLÉGIO MILITAR;TARUMÃ;447
62;366;Principal;-1;1600;E. E. ELIANA SOCORRO PACHECO BRAGA;LAGO AZUL;383
62;367;Principal;-1;1627;E. E. MARIA DA LUZ CALDERARO;REDENÇÃO;444
62;368;Principal;-1;1813;E. M. JOAO GOULART;SANTA ETELVINA;366
62;369;Principal;-1;1740;E. M. PROF. ELIZABETH BELTRAO;SANTA ETELVINA;374
62;370;Principal;-1;1660;E. E. PROF. WALDOCKE FRICK DE LIRA- COLÉGIO MILITAR;TARUMÃ;447
62;371;Principal;-1;1597;E. E. ARTHUR VIRGILIO FILHO;SANTA ETELVINA;383
62;372;Principal;-1;1945;C. E. JOSÉ ROBERTO TADROS;PLANALTO;416
62;373;Principal;-1;1678;E. E. TEREZA DE JESUS VASCONCELOS DIAS;REDENÇÃO;343
62;374;Principal;-1;1686;E. E. THOMÉ DE MEDEIROS RAPOSO;REDENÇÃO;369
62;375;Principal;-1;1619;E. E. ITACYARA MARQUES PINHO;PLANALTO;394
62;376;Principal;-1;1791;E. M. SIRIA MAMED AMED CHAGAS;SANTA ETELVINA;385
62;377;Principal;-1;1716;E. M. JOÃO ALFREDO;PAZ;401
62;378;Principal;-1;1651;E. E. OLGA FALCONE;PAZ;397
62;379;Principal;-1;1643;E. E. OCTAVIO MOURÃO;SANTA ETELVINA;390
62;380;Principal;-1;2011;E. M. SANTA ROSA II;TARUMÃ AÇU;325
62;381;Principal;-1;1600;E. E. ELIANA SOCORRO PACHECO BRAGA;LAGO AZUL;381
62;382;Principal;-1;1627;E. E. MARIA DA LUZ CALDERARO;REDENÇÃO;438
62;383;Principal;-1;1660;E. E. PROF. WALDOCKE FRICK DE LIRA- COLÉGIO MILITAR;TARUMÃ;447
62;384;Principal;-1;1945;C. E. JOSÉ ROBERTO TADROS;PLANALTO;415
62;385;Principal;-1;1597;E. E. ARTHUR VIRGILIO FILHO;SANTA ETELVINA;391
62;386;Principal;-1;1694;E. M. ANTONIA MEDEIROS DA SILVA;TARUMÃ;393
62;387;Principal;-1;1775;E. M. RODOLFO VALE;REDENÇÃO;380
62;388;Principal;-1;1651;E. E. OLGA FALCONE;PAZ;393
62;389;Principal;-1;1619;E. E. ITACYARA MARQUES PINHO;PLANALTO;396
62;390;Principal;-1;1660;E. E. PROF. WALDOCKE FRICK DE LIRA- COLÉGIO MILITAR;TARUMÃ;448
62;391;Principal;-1;1716;E. M. JOÃO ALFREDO;PAZ;402
62;392;Principal;-1;1945;C. E. JOSÉ ROBERTO TADROS;PLANALTO;413
62;393;Principal;-1;1600;E. E. ELIANA SOCORRO PACHECO BRAGA;LAGO AZUL;386
62;394;Principal;-1;1686;E. E. THOMÉ DE MEDEIROS RAPOSO;REDENÇÃO;368
62;395;Principal;-1;1627;E. E. MARIA DA LUZ CALDERARO;REDENÇÃO;442
62;396;Principal;-1;1597;E. E. ARTHUR VIRGILIO FILHO;SANTA ETELVINA;393
62;397;Principal;-1;1783;E. M. SARA BARROSO CORDEIRO;SANTA ETELVINA;391
62;398;Principal;-1;1732;E. M. NESTOR JOSE DO NASCIMENTO;TARUMÃ;355
62;399;Principal;-1;1945;C. E. JOSÉ ROBERTO TADROS;PLANALTO;416
62;400;Principal;-1;1660;E. E. PROF. WALDOCKE FRICK DE LIRA- COLÉGIO MILITAR;TARUMÃ;447
62;401;Principal;-1;1864;E. E. GARCITYLZO DO LAGO E SILVA;TARUMÃ;387
62;402;Principal;-1;1619;E. E. ITACYARA MARQUES PINHO;PLANALTO;397
62;403;Principal;-1;2011;E. M. SANTA ROSA II;TARUMÃ AÇU;320
62;404;Principal;-1;1643;E. E. OCTAVIO MOURÃO;SANTA ETELVINA;393
62;405;Principal;-1;1651;E. E. OLGA FALCONE;PAZ;398
62;406;Principal;-1;1830;CMEI - ISMAIL AZIZ;TARUMÃ AÇU;392
62;407;Principal;-1;1678;E. E. TEREZA DE JESUS VASCONCELOS DIAS;REDENÇÃO;350
62;408;Principal;-1;1775;E. M. RODOLFO VALE;REDENÇÃO;383
62;409;Principal;-1;1627;E. E. MARIA DA LUZ CALDERARO;REDENÇÃO;444
62;410;Principal;-1;1945;C. E. JOSÉ ROBERTO TADROS;PLANALTO;414
62;411;Principal;-1;1600;E. E. ELIANA SOCORRO PACHECO BRAGA;LAGO AZUL;383
62;412;Principal;-1;1694;E. M. ANTONIA MEDEIROS DA SILVA;TARUMÃ;395
62;413;Principal;-1;1716;E. M. JOÃO ALFREDO;PAZ;397
62;414;Principal;-1;1740;E. M. PROF. ELIZABETH BELTRAO;SANTA ETELVINA;371
62;415;Principal;-1;1791;E. M. SIRIA MAMED AMED CHAGAS;SANTA ETELVINA;392
62;416;Principal;-1;1660;E. E. PROF. WALDOCKE FRICK DE LIRA- COLÉGIO MILITAR;TARUMÃ;444
62;417;Principal;-1;1597;E. E. ARTHUR VIRGILIO FILHO;SANTA ETELVINA;396
62;418;Principal;-1;1813;E. M. JOAO GOULART;SANTA ETELVINA;367
62;419;Principal;-1;1945;C. E. JOSÉ ROBERTO TADROS;PLANALTO;417
62;420;Principal;-1;1686;E. E. THOMÉ DE MEDEIROS RAPOSO;REDENÇÃO;372
62;421;Principal;-1;1821;E. E. ALFREDO FERNANDES;PLANALTO;360
62;422;Principal;-1;1619;E. E. ITACYARA MARQUES PINHO;PLANALTO;396
62;423;Principal;-1;1627;E. E. MARIA DA LUZ CALDERARO;REDENÇÃO;438
62;424;Principal;-1;1651;E. E. OLGA FALCONE;PAZ;399
62;425;Principal;-1;1660;E. E. PROF. WALDOCKE FRICK DE LIRA- COLÉGIO MILITAR;TARUMÃ;447
62;426;Principal;-1;1775;E. M. RODOLFO VALE;REDENÇÃO;382
62;427;Principal;-1;1848;E. M. MARIA LEIDE AMORIM;ZONA RURAL;384
62;428;Principal;-1;1570;E. M. IRMA SERAFINA CINQUE;TARUMÃ;316
62;429;Principal;-1;1600;E. E. ELIANA SOCORRO PACHECO BRAGA;LAGO AZUL;381
62;430;Principal;-1;1945;C. E. JOSÉ ROBERTO TADROS;PLANALTO;416
62;431;Principal;-1;1597;E. E. ARTHUR VIRGILIO FILHO;SANTA ETELVINA;389
62;432;Principal;-1;1716;E. M. JOÃO ALFREDO;PAZ;395
62;433;Principal;-1;1627;E. E. MARIA DA LUZ CALDERARO;REDENÇÃO;446
62;434;Principal;-1;1660;E. E. PROF. WALDOCKE FRICK DE LIRA- COLÉGIO MILITAR;TARUMÃ;443
62;435;Principal;-1;1643;E. E. OCTAVIO MOURÃO;SANTA ETELVINA;395
62;436;Principal;-1;1945;C. E. JOSÉ ROBERTO TADROS;PLANALTO;415
62;437;Principal;-1;1619;E. E. ITACYARA MARQUES PINHO;PLANALTO;397
62;438;Principal;-1;1600;E. E. ELIANA SOCORRO PACHECO BRAGA;LAGO AZUL;383
62;439;Principal;-1;1694;E. M. ANTONIA MEDEIROS DA SILVA;TARUMÃ;392
62;440;Principal;-1;1651;E. E. OLGA FALCONE;PAZ;392
62;441;Principal;-1;1589;CMEI PROF. RAIMUNDO FIGUEIREDO;REDENÇÃO;372
62;442;Principal;-1;1686;E. E. THOMÉ DE MEDEIROS RAPOSO;REDENÇÃO;368
62;443;Principal;-1;1660;E. E. PROF. WALDOCKE FRICK DE LIRA- COLÉGIO MILITAR;TARUMÃ;449
62;444;Principal;-1;1678;E. E. TEREZA DE JESUS VASCONCELOS DIAS;REDENÇÃO;346
62;445;Principal;-1;2011;E. M. SANTA ROSA II;TARUMÃ AÇU;324
62;446;Principal;-1;1597;E. E. ARTHUR VIRGILIO FILHO;SANTA ETELVINA;395
62;447;Principal;-1;1945;C. E. JOSÉ ROBERTO TADROS;PLANALTO;413
62;448;Principal;-1;1627;E. E. MARIA DA LUZ CALDERARO;REDENÇÃO;445
62;449;Principal;-1;1775;E. M. RODOLFO VALE;REDENÇÃO;384
62;450;Principal;-1;1791;E. M. SIRIA MAMED AMED CHAGAS;SANTA ETELVINA;389
62;451;Principal;-1;1660;E. E. PROF. WALDOCKE FRICK DE LIRA- COLÉGIO MILITAR;TARUMÃ;448
62;452;Principal;-1;1600;E. E. ELIANA SOCORRO PACHECO BRAGA;LAGO AZUL;375
62;453;Principal;-1;1716;E. M. JOÃO ALFREDO;PAZ;402
62;454;Principal;-1;1864;E. E. GARCITYLZO DO LAGO E SILVA;TARUMÃ;388
62;455;Principal;-1;1759;E. M. PROF. GELCY SENA ABRANTIS;REDENÇÃO;294
62;456;Principal;-1;1945;C. E. JOSÉ ROBERTO TADROS;PLANALTO;416
62;457;Principal;-1;1651;E. E. OLGA FALCONE;PAZ;399
62;458;Principal;-1;1660;E. E. PROF. WALDOCKE FRICK DE LIRA- COLÉGIO MILITAR;TARUMÃ;441
62;459;Principal;-1;1597;E. E. ARTHUR VIRGILIO FILHO;SANTA ETELVINA;386
62;460;Principal;-1;1694;E. M. ANTONIA MEDEIROS DA SILVA;TARUMÃ;397
62;461;Principal;-1;1740;E. M. PROF. ELIZABETH BELTRAO;SANTA ETELVINA;371
62;462;Principal;-1;1643;E. E. OCTAVIO MOURÃO;SANTA ETELVINA;392
62;463;Principal;-1;1813;E. M. JOAO GOULART;SANTA ETELVINA;362
62;464;Principal;-1;1686;E. E. THOMÉ DE MEDEIROS RAPOSO;REDENÇÃO;372
62;465;Principal;-1;1970;E. E. SENADOR EVANDRO DAS NEVES CARREIRA;LAGO AZUL;396
62;466;Principal;-1;1821;E. E. ALFREDO FERNANDES;PLANALTO;358
62;467;Principal;-1;1660;E. E. PROF. WALDOCKE FRICK DE LIRA- COLÉGIO MILITAR;TARUMÃ;440
62;468;Principal;-1;1783;E. M. SARA BARROSO CORDEIRO;SANTA ETELVINA;392
62;469;Principal;-1;1708;E. M. CARLOS SANTOS;ZONA RURAL;376
62;470;Principal;-1;2011;E. M. SANTA ROSA II;TARUMÃ AÇU;327
62;471;Principal;-1;1775;E. M. RODOLFO VALE;REDENÇÃO;377
62;472;Principal;-1;1830;CMEI - ISMAIL AZIZ;TARUMÃ AÇU;396
62;473;Principal;-1;1660;E. E. PROF. WALDOCKE FRICK DE LIRA- COLÉGIO MILITAR;TARUMÃ;446
62;474;Principal;-1;1686;E. E. THOMÉ DE MEDEIROS RAPOSO;REDENÇÃO;368
62;475;Principal;-1;1651;E. E. OLGA FALCONE;PAZ;393
62;476;Principal;-1;1848;E. M. MARIA LEIDE AMORIM;ZONA RURAL;379
62;477;Principal;-1;1643;E. E. OCTAVIO MOURÃO;SANTA ETELVINA;391
62;478;Principal;-1;1970;E. E. SENADOR EVANDRO DAS NEVES CARREIRA;LAGO AZUL;390
62;479;Principal;-1;1791;E. M. SIRIA MAMED AMED CHAGAS;SANTA ETELVINA;386
62;480;Principal;-1;1678;E. E. TEREZA DE JESUS VASCONCELOS DIAS;REDENÇÃO;352
62;481;Principal;-1;1694;E. M. ANTONIA MEDEIROS DA SILVA;TARUMÃ;393
62;482;Principal;-1;1864;E. E. GARCITYLZO DO LAGO E SILVA;TARUMÃ;394
62;483;Principal;-1;1732;E. M. NESTOR JOSE DO NASCIMENTO;TARUMÃ;360
62;484;Principal;-1;1651;E. E. OLGA FALCONE;PAZ;393
62;485;Principal;-1;1600;E. E. ELIANA SOCORRO PACHECO BRAGA;LAGO AZUL;385
62;486;Principal;-1;1813;E. M. JOAO GOULART;SANTA ETELVINA;365
62;487;Principal;-1;1686;E. E. THOMÉ DE MEDEIROS RAPOSO;REDENÇÃO;369
62;488;Principal;-1;1775;E. M. RODOLFO VALE;REDENÇÃO;381
62;489;Principal;-1;1821;E. E. ALFREDO FERNANDES;PLANALTO;365
62;490;Principal;-1;1643;E. E. OCTAVIO MOURÃO;SANTA ETELVINA;394
62;491;Principal;-1;1970;E. E. SENADOR EVANDRO DAS NEVES CARREIRA;LAGO AZUL;395
62;492;Principal;-1;1740;E. M. PROF. ELIZABETH BELTRAO;SANTA ETELVINA;369
62;493;Principal;-1;1732;E. M. NESTOR JOSE DO NASCIMENTO;TARUMÃ;358
62;494;Principal;-1;1686;E. E. THOMÉ DE MEDEIROS RAPOSO;REDENÇÃO;369
62;495;Principal;-1;1562;E. M. NOSSA SENHORA DA PAZ;PAZ;395
62;496;Principal;-1;1864;E. E. GARCITYLZO DO LAGO E SILVA;TARUMÃ;392
62;497;Principal;-1;1775;E. M. RODOLFO VALE;REDENÇÃO;379
62;498;Principal;-1;1570;E. M. IRMA SERAFINA CINQUE;TARUMÃ;317
62;499;Principal;-1;1732;E. M. NESTOR JOSE DO NASCIMENTO;TARUMÃ;359
62;500;Principal;-1;1643;E. E. OCTAVIO MOURÃO;SANTA ETELVINA;393
62;501;Principal;-1;1791;E. M. SIRIA MAMED AMED CHAGAS;SANTA ETELVINA;392
62;502;Principal;-1;1821;E. E. ALFREDO FERNANDES;PLANALTO;358
62;503;Principal;-1;1600;E. E. ELIANA SOCORRO PACHECO BRAGA;LAGO AZUL;382
62;504;Principal;-1;1694;E. M. ANTONIA MEDEIROS DA SILVA;TARUMÃ;399
62;505;Principal;-1;1678;E. E. TEREZA DE JESUS VASCONCELOS DIAS;REDENÇÃO;347
62;506;Principal;-1;1783;E. M. SARA BARROSO CORDEIRO;SANTA ETELVINA;390
62;507;Principal;-1;1732;E. M. NESTOR JOSE DO NASCIMENTO;TARUMÃ;353
62;508;Principal;-1;1813;E. M. JOAO GOULART;SANTA ETELVINA;367
62;509;Principal;-1;1589;CMEI PROF. RAIMUNDO FIGUEIREDO;REDENÇÃO;370
62;510;Principal;-1;2003;E. M. ANA CRISTINA DE AQUINO;TARUMÃ;369
62;511;Principal;-1;1562;E. M. NOSSA SENHORA DA PAZ;PAZ;394
62;512;Principal;-1;1864;E. E. GARCITYLZO DO LAGO E SILVA;TARUMÃ;388
62;513;Principal;-1;1740;E. M. PROF. ELIZABETH BELTRAO;SANTA ETELVINA;372
62;514;Principal;-1;1970;E. E. SENADOR EVANDRO DAS NEVES CARREIRA;LAGO AZUL;391
62;515;Principal;-1;1732;E. M. NESTOR JOSE DO NASCIMENTO;TARUMÃ;360
62;516;Principal;-1;1759;E. M. PROF. GELCY SENA ABRANTIS;REDENÇÃO;296
62;517;Principal;-1;1678;E. E. TEREZA DE JESUS VASCONCELOS DIAS;REDENÇÃO;346
62;518;Principal;-1;1821;E. E. ALFREDO FERNANDES;PLANALTO;359
62;519;Principal;-1;1848;E. M. MARIA LEIDE AMORIM;ZONA RURAL;383
62;520;Principal;-1;1562;E. M. NOSSA SENHORA DA PAZ;PAZ;395
62;521;Principal;-1;1813;E. M. JOAO GOULART;SANTA ETELVINA;361
62;522;Principal;-1;1570;E. M. IRMA SERAFINA CINQUE;TARUMÃ;317
62;523;Principal;-1;1740;E. M. PROF. ELIZABETH BELTRAO;SANTA ETELVINA;369
62;524;Principal;-1;1864;E. E. GARCITYLZO DO LAGO E SILVA;TARUMÃ;390
62;525;Principal;-1;1970;E. E. SENADOR EVANDRO DAS NEVES CARREIRA;LAGO AZUL;394
62;526;Principal;-1;1678;E. E. TEREZA DE JESUS VASCONCELOS DIAS;REDENÇÃO;348
62;527;Principal;-1;1830;CMEI - ISMAIL AZIZ;TARUMÃ AÇU;394
62;528;Principal;-1;1783;E. M. SARA BARROSO CORDEIRO;SANTA ETELVINA;383
62;529;Principal;-1;2003;E. M. ANA CRISTINA DE AQUINO;TARUMÃ;367
62;530;Principal;-1;1740;E. M. PROF. ELIZABETH BELTRAO;SANTA ETELVINA;372
62;531;Principal;-1;1694;E. M. ANTONIA MEDEIROS DA SILVA;TARUMÃ;395
62;532;Principal;-1;1589;CMEI PROF. RAIMUNDO FIGUEIREDO;REDENÇÃO;372
62;533;Principal;-1;1813;E. M. JOAO GOULART;SANTA ETELVINA;364
62;534;Principal;-1;1678;E. E. TEREZA DE JESUS VASCONCELOS DIAS;REDENÇÃO;347
62;535;Principal;-1;1864;E. E. GARCITYLZO DO LAGO E SILVA;TARUMÃ;393
62;536;Principal;-1;1759;E. M. PROF. GELCY SENA ABRANTIS;REDENÇÃO;294
62;537;Principal;-1;1970;E. E. SENADOR EVANDRO DAS NEVES CARREIRA;LAGO AZUL;394
62;538;Principal;-1;2003;E. M. ANA CRISTINA DE AQUINO;TARUMÃ;369
62;539;Principal;-1;1570;E. M. IRMA SERAFINA CINQUE;TARUMÃ;315
62;540;Principal;-1;1562;E. M. NOSSA SENHORA DA PAZ;PAZ;391
62;541;Principal;-1;1732;E. M. NESTOR JOSE DO NASCIMENTO;TARUMÃ;360
62;542;Principal;-1;1600;E. E. ELIANA SOCORRO PACHECO BRAGA;LAGO AZUL;386
62;543;Principal;-1;1791;E. M. SIRIA MAMED AMED CHAGAS;SANTA ETELVINA;390
62;544;Principal;-1;1597;E. E. ARTHUR VIRGILIO FILHO;SANTA ETELVINA;383
62;545;Principal;-1;1775;E. M. RODOLFO VALE;REDENÇÃO;382
62;546;Principal;-1;1716;E. M. JOÃO ALFREDO;PAZ;398
62;547;Principal;-1;1945;C. E. JOSÉ ROBERTO TADROS;PLANALTO;415
62;548;Principal;-1;1686;E. E. THOMÉ DE MEDEIROS RAPOSO;REDENÇÃO;370
62;549;Principal;-1;1627;E. E. MARIA DA LUZ CALDERARO;REDENÇÃO;444
62;550;Principal;-1;1880;E. M. ESMERALDA SOARES NEVES;TARUMÃ;385
62;551;Principal;-1;1821;E. E. ALFREDO FERNANDES;PLANALTO;359
62;552;Principal;-1;1619;E. E. ITACYARA MARQUES PINHO;PLANALTO;393
62;553;Principal;-1;1660;E. E. PROF. WALDOCKE FRICK DE LIRA- COLÉGIO MILITAR;TARUMÃ;444
62;554;Principal;-1;1651;E. E. OLGA FALCONE;PAZ;393
62;555;Principal;-1;1813;E. M. JOAO GOULART;SANTA ETELVINA;389
62;556;Principal;-1;1694;E. M. ANTONIA MEDEIROS DA SILVA;TARUMÃ;392
62;557;Principal;-1;1678;E. E. TEREZA DE JESUS VASCONCELOS DIAS;REDENÇÃO;352
62;558;Principal;-1;1600;E. E. ELIANA SOCORRO PACHECO BRAGA;LAGO AZUL;386
62;559;Principal;-1;1597;E. E. ARTHUR VIRGILIO FILHO;SANTA ETELVINA;390
62;560;Principal;-1;1660;E. E. PROF. WALDOCKE FRICK DE LIRA- COLÉGIO MILITAR;TARUMÃ;442
62;561;Principal;-1;1740;E. M. PROF. ELIZABETH BELTRAO;SANTA ETELVINA;373
62;562;Principal;-1;1708;E. M. CARLOS SANTOS;ZONA RURAL;372
62;563;Principal;-1;1970;E. E. SENADOR EVANDRO DAS NEVES CARREIRA;LAGO AZUL;390
62;564;Principal;-1;1945;C. E. JOSÉ ROBERTO TADROS;PLANALTO;416
62;565;Principal;-1;1627;E. E. MARIA DA LUZ CALDERARO;REDENÇÃO;446
62;566;Principal;-1;2003;E. M. ANA CRISTINA DE AQUINO;TARUMÃ;361
62;567;Principal;-1;1848;E. M. MARIA LEIDE AMORIM;ZONA RURAL;381
62;568;Principal;-1;1660;E. E. PROF. WALDOCKE FRICK DE LIRA- COLÉGIO MILITAR;TARUMÃ;440
62;569;Principal;-1;1600;E. E. ELIANA SOCORRO PACHECO BRAGA;LAGO AZUL;377
62;570;Principal;-1;1813;E. M. JOAO GOULART;SANTA ETELVINA;361
62;571;Principal;-1;1570;E. M. IRMA SERAFINA CINQUE;TARUMÃ;311
62;572;Principal;-1;1716;E. M. JOÃO ALFREDO;PAZ;398
62;573;Principal;-1;1651;E. E. OLGA FALCONE;PAZ;390
62;574;Principal;-1;1775;E. M. RODOLFO VALE;REDENÇÃO;380
62;575;Principal;-1;1597;E. E. ARTHUR VIRGILIO FILHO;SANTA ETELVINA;387
62;576;Principal;-1;1660;E. E. PROF. WALDOCKE FRICK DE LIRA- COLÉGIO MILITAR;TARUMÃ;438
62;577;Principal;-1;1600;E. E. ELIANA SOCORRO PACHECO BRAGA;LAGO AZUL;384
62;578;Principal;-1;1686;E. E. THOMÉ DE MEDEIROS RAPOSO;REDENÇÃO;364
62;579;Principal;-1;1945;C. E. JOSÉ ROBERTO TADROS;PLANALTO;413
62;580;Principal;-1;1813;E. M. JOAO GOULART;SANTA ETELVINA;386
62;581;Principal;-1;1864;E. E. GARCITYLZO DO LAGO E SILVA;TARUMÃ;389
62;582;Principal;-1;1732;E. M. NESTOR JOSE DO NASCIMENTO;TARUMÃ;351
62;583;Principal;-1;1821;E. E. ALFREDO FERNANDES;PLANALTO;348
62;584;Principal;-1;1597;E. E. ARTHUR VIRGILIO FILHO;SANTA ETELVINA;387
62;585;Principal;-1;1791;E. M. SIRIA MAMED AMED CHAGAS;SANTA ETELVINA;392
62;586;Principal;-1;1783;E. M. SARA BARROSO CORDEIRO;SANTA ETELVINA;386
62;587;Principal;-1;1600;E. E. ELIANA SOCORRO PACHECO BRAGA;LAGO AZUL;372
62;588;Principal;-1;1570;E. M. IRMA SERAFINA CINQUE;TARUMÃ;312
62;589;Principal;-1;2003;E. M. ANA CRISTINA DE AQUINO;TARUMÃ;365
62;590;Principal;-1;1732;E. M. NESTOR JOSE DO NASCIMENTO;TARUMÃ;351
62;591;Principal;-1;1597;E. E. ARTHUR VIRGILIO FILHO;SANTA ETELVINA;386
62;592;Principal;-1;1651;E. E. OLGA FALCONE;PAZ;390
62;593;Principal;-1;1945;C. E. JOSÉ ROBERTO TADROS;PLANALTO;412
62;594;Principal;-1;1740;E. M. PROF. ELIZABETH BELTRAO;SANTA ETELVINA;363
62;595;Principal;-1;1830;CMEI - ISMAIL AZIZ;TARUMÃ AÇU;390
62;596;Principal;-1;1678;E. E. TEREZA DE JESUS VASCONCELOS DIAS;REDENÇÃO;342
62;597;Principal;-1;1970;E. E. SENADOR EVANDRO DAS NEVES CARREIRA;LAGO AZUL;388
62;598;Principal;-1;1864;E. E. GARCITYLZO DO LAGO E SILVA;TARUMÃ;387
62;599;Principal;-1;1589;CMEI PROF. RAIMUNDO FIGUEIREDO;REDENÇÃO;370
62;600;Principal;-1;1813;E. M. JOAO GOULART;SANTA ETELVINA;359
62;601;Principal;-1;2003;E. M. ANA CRISTINA DE AQUINO;TARUMÃ;368
62;602;Principal;-1;1791;E. M. SIRIA MAMED AMED CHAGAS;SANTA ETELVINA;393
62;603;Principal;-1;1880;E. M. ESMERALDA SOARES NEVES;TARUMÃ;382
62;604;Principal;-1;1570;E. M. IRMA SERAFINA CINQUE;TARUMÃ;309
62;605;Principal;-1;1970;E. E. SENADOR EVANDRO DAS NEVES CARREIRA;LAGO AZUL;396
62;606;Principal;-1;1899;E. M. CARLOS ANTONIO CARDOSO;ZONA RURAL;333
62;607;Principal;-1;1864;E. E. GARCITYLZO DO LAGO E SILVA;TARUMÃ;391
62;608;Principal;-1;1740;E. M. PROF. ELIZABETH BELTRAO;SANTA ETELVINA;369
62;609;Principal;-1;1783;E. M. SARA BARROSO CORDEIRO;SANTA ETELVINA;390
62;610;Principal;-1;1970;E. E. SENADOR EVANDRO DAS NEVES CARREIRA;LAGO AZUL;395
62;611;Principal;-1;1821;E. E. ALFREDO FERNANDES;PLANALTO;362
62;612;Principal;-1;1813;E. M. JOAO GOULART;SANTA ETELVINA;365
62;613;Principal;-1;2003;E. M. ANA CRISTINA DE AQUINO;TARUMÃ;367
62;614;Principal;-1;1945;C. E. JOSÉ ROBERTO TADROS;PLANALTO;415
62;615;Principal;-1;1961;CMEI MARY ASSAYAG HANNAN;TARUMÃ;329
62;616;Principal;-1;2011;E. M. SANTA ROSA II;TARUMÃ AÇU;325
62;617;Principal;-1;1970;E. E. SENADOR EVANDRO DAS NEVES CARREIRA;LAGO AZUL;389
62;618;Principal;-1;1899;E. M. CARLOS ANTONIO CARDOSO;ZONA RURAL;334
62;619;Principal;-1;1864;E. E. GARCITYLZO DO LAGO E SILVA;TARUMÃ;386
62;620;Principal;-1;1635;E. E. MARIA RODRIGUES TAPAJÓS;REDENÇÃO;387
62;621;Principal;-1;1970;E. E. SENADOR EVANDRO DAS NEVES CARREIRA;LAGO AZUL;395
62;622;Principal;-1;1961;CMEI MARY ASSAYAG HANNAN;TARUMÃ;328
62;623;Principal;-1;1635;E. E. MARIA RODRIGUES TAPAJÓS;REDENÇÃO;388
62;624;Principal;-1;1970;E. E. SENADOR EVANDRO DAS NEVES CARREIRA;LAGO AZUL;393
62;625;Principal;-1;1635;E. E. MARIA RODRIGUES TAPAJÓS;REDENÇÃO;386
62;626;Principal;-1;1961;CMEI MARY ASSAYAG HANNAN;TARUMÃ;333
62;627;Principal;-1;1880;E. M. ESMERALDA SOARES NEVES;TARUMÃ;385
62;628;Principal;-1;1970;E. E. SENADOR EVANDRO DAS NEVES CARREIRA;LAGO AZUL;397
62;629;Principal;-1;1635;E. E. MARIA RODRIGUES TAPAJÓS;REDENÇÃO;389
62;630;Principal;-1;1635;E. E. MARIA RODRIGUES TAPAJÓS;REDENÇÃO;387
62;631;Principal;-1;1813;E. M. JOAO GOULART;SANTA ETELVINA;391
62;632;Principal;-1;1562;E. M. NOSSA SENHORA DA PAZ;PAZ;393
62;633;Principal;-1;1970;E. E. SENADOR EVANDRO DAS NEVES CARREIRA;LAGO AZUL;396
62;634;Principal;-1;1830;CMEI - ISMAIL AZIZ;TARUMÃ AÇU;393
62;635;Principal;-1;1996;E. M. JOÃO APARECIDO ALVES DOS SANTOS;TARUMÃ;372
62;636;Principal;-1;1864;E. E. GARCITYLZO DO LAGO E SILVA;TARUMÃ;391
62;638;Principal;-1;1619;E. E. ITACYARA MARQUES PINHO;PLANALTO;391
62;639;Principal;-1;1597;E. E. ARTHUR VIRGILIO FILHO;SANTA ETELVINA;390
62;640;Principal;-1;1783;E. M. SARA BARROSO CORDEIRO;SANTA ETELVINA;391
62;641;Principal;-1;1813;E. M. JOAO GOULART;SANTA ETELVINA;365
62;642;Principal;-1;2003;E. M. ANA CRISTINA DE AQUINO;TARUMÃ;367
62;643;Principal;-1;1961;CMEI MARY ASSAYAG HANNAN;TARUMÃ;333
62;644;Principal;-1;1635;E. E. MARIA RODRIGUES TAPAJÓS;REDENÇÃO;391
62;645;Principal;-1;1880;E. M. ESMERALDA SOARES NEVES;TARUMÃ;382
62;646;Principal;-1;1597;E. E. ARTHUR VIRGILIO FILHO;SANTA ETELVINA;395
62;647;Principal;-1;2011;E. M. SANTA ROSA II;TARUMÃ AÇU;388
62;648;Principal;-1;1635;E. E. MARIA RODRIGUES TAPAJÓS;REDENÇÃO;386
62;649;Principal;-1;1970;E. E. SENADOR EVANDRO DAS NEVES CARREIRA;LAGO AZUL;395
62;650;Principal;-1;1970;E. E. SENADOR EVANDRO DAS NEVES CARREIRA;LAGO AZUL;392
62;651;Principal;-1;1864;E. E. GARCITYLZO DO LAGO E SILVA;TARUMÃ;391
62;652;Principal;-1;1996;E. M. JOÃO APARECIDO ALVES DOS SANTOS;TARUMÃ;367
62;653;Principal;-1;1562;E. M. NOSSA SENHORA DA PAZ;PAZ;390
62;654;Principal;-1;1635;E. E. MARIA RODRIGUES TAPAJÓS;REDENÇÃO;386
62;655;Principal;-1;1783;E. M. SARA BARROSO CORDEIRO;SANTA ETELVINA;384
62;656;Principal;-1;1970;E. E. SENADOR EVANDRO DAS NEVES CARREIRA;LAGO AZUL;389
62;1007;Principal;-1;1813;E. M. JOAO GOULART;SANTA ETELVINA;373
62;1008;Principal;-1;2003;E. M. ANA CRISTINA DE AQUINO;TARUMÃ;368
62;1009;Principal;-1;1988;E. M. IVAN JR. SARAIVA DE BARROS;ZONA RURAL;288
62;1010;Principal;-1;1864;E. E. GARCITYLZO DO LAGO E SILVA;TARUMÃ;395
62;1011;Principal;-1;1848;E. M. MARIA LEIDE AMORIM;ZONA RURAL;383
62;1012;Principal;-1;1830;CMEI - ISMAIL AZIZ;TARUMÃ AÇU;388
62;1013;Principal;-1;1635;E. E. MARIA RODRIGUES TAPAJÓS;REDENÇÃO;387
62;1014;Principal;-1;1961;CMEI MARY ASSAYAG HANNAN;TARUMÃ;330
62;1015;Principal;-1;2100;E. M. GILBERTO RODRIGUES DOS SANTOS;LAGO AZUL;437
62;1016;Principal;-1;1627;E. E. MARIA DA LUZ CALDERARO;REDENÇÃO;445
62;1017;Principal;-1;1880;E. M. ESMERALDA SOARES NEVES;TARUMÃ;381
62;1018;Principal;-1;1970;E. E. SENADOR EVANDRO DAS NEVES CARREIRA;LAGO AZUL;396
62;1019;Principal;-1;1791;E. M. SIRIA MAMED AMED CHAGAS;SANTA ETELVINA;390
62;1020;Principal;-1;1813;E. M. JOAO GOULART;SANTA ETELVINA;385
62;1021;Principal;-1;2011;E. M. SANTA ROSA II;TARUMÃ AÇU;414
62;1022;Principal;-1;2100;E. M. GILBERTO RODRIGUES DOS SANTOS;LAGO AZUL;442
62;1023;Principal;-1;1996;E. M. JOÃO APARECIDO ALVES DOS SANTOS;TARUMÃ;368
62;1024;Principal;-1;1783;E. M. SARA BARROSO CORDEIRO;SANTA ETELVINA;390
62;1025;Principal;-1;2003;E. M. ANA CRISTINA DE AQUINO;TARUMÃ;363
62;1026;Principal;-1;2100;E. M. GILBERTO RODRIGUES DOS SANTOS;LAGO AZUL;457
62;1027;Principal;-1;1635;E. E. MARIA RODRIGUES TAPAJÓS;REDENÇÃO;400
62;1028;Principal;-1;1864;E. E. GARCITYLZO DO LAGO E SILVA;TARUMÃ;386
62;1029;Principal;-1;2100;E. M. GILBERTO RODRIGUES DOS SANTOS;LAGO AZUL;442
62;1030;Principal;-1;1635;E. E. MARIA RODRIGUES TAPAJÓS;REDENÇÃO;387
62;1031;Principal;-1;2011;E. M. SANTA ROSA II;TARUMÃ AÇU;323
62;1032;Principal;-1;1813;E. M. JOAO GOULART;SANTA ETELVINA;364
62;1033;Principal;-1;1813;E. M. JOAO GOULART;SANTA ETELVINA;229
62;1034;Principal;-1;2100;E. M. GILBERTO RODRIGUES DOS SANTOS;LAGO AZUL;442
62;1035;Principal;-1;2119;E. M. PROF.ª ZILDA IRACEMA MELGUEIRO NUNES;ZONA RURAL;91
62;1037;Principal;-1;2127;E. M. MARIA ISABEL CORDEIRO DE MELGUEIRO;ZONA RURAL;340
62;1038;Principal;-1;2127;E. M. MARIA ISABEL CORDEIRO DE MELGUEIRO;ZONA RURAL;342
62;1039;Principal;-1;2127;E. M. MARIA ISABEL CORDEIRO DE MELGUEIRO;ZONA RURAL;339
62;1041;Principal;-1;2135;E. M. NEUZA DOS SANTOS RIBEIRO;ZONA RURAL;388
62;1042;Principal;-1;2135;E. M. NEUZA DOS SANTOS RIBEIRO;ZONA RURAL;391
62;1043;Principal;-1;2135;E. M. NEUZA DOS SANTOS RIBEIRO;ZONA RURAL;389
62;1044;Principal;-1;2100;E. M. GILBERTO RODRIGUES DOS SANTOS;LAGO AZUL;443
62;1045;Principal;-1;1864;E. E. GARCITYLZO DO LAGO E SILVA;TARUMÃ;388
62;1046;Principal;-1;1783;E. M. SARA BARROSO CORDEIRO;SANTA ETELVINA;163
62;1047;Agregada;1041;2135;E. M. NEUZA DOS SANTOS RIBEIRO;ZONA RURAL;31
62;1048;Agregada;638;1619;E. E. ITACYARA MARQUES PINHO;PLANALTO;65
62;1049;Principal;-1;2100;E. M. GILBERTO RODRIGUES DOS SANTOS;LAGO AZUL;107
62;1050;Agregada;595;1830;CMEI - ISMAIL AZIZ;TARUMÃ AÇU;23
62;1051;Agregada;339;1562;E. M. NOSSA SENHORA DA PAZ;PAZ;16
63;208;Principal;-1;1732;E. M. ARMANDO MENDES;SÃO JOSÉ OPERÁRIO;355
63;223;Principal;-1;1759;E. M. HONORINA VASCONCELOS;SÃO JOSÉ OPERÁRIO;333
63;249;Principal;-1;1783;COLÉGIO DA POLICIA MILITAR ÁUREA PINHEIRO BRAGA;GILBERTO MESTRINHO;348
63;291;Principal;-1;1821;E. M. FRANCISCA MENDES;SÃO JOSÉ OPERÁRIO;362
63;298;Principal;-1;1848;CMEI MOACIR ANDRADE;SÃO JOSÉ OPERÁRIO;361
63;316;Principal;-1;1864;E. M. PROF. RICARDO PEREIRA PARENTE;SÃO JOSÉ OPERÁRIO;296
63;332;Principal;-1;1872;E. M. MARIA DO CARMO REBELLO DE SOUZA;SÃO JOSÉ OPERÁRIO;348
63;340;Principal;-1;2062;E. M. DR. OLAVO DAS NEVES;TANCREDO NEVES;384
63;343;Principal;-1;1880;E. M. GOV. DANILO MATTOS AREOSA;GILBERTO MESTRINHO;396
63;360;Agregada;578;2127;E. M. CATARINA PAZ DA COSTA;SÃO JOSÉ OPERÁRIO;168
63;378;Principal;-1;1945;E. E. RODERICK DE CASTELO BRANCO;SÃO JOSÉ OPERÁRIO;395
63;393;Principal;-1;1953;E. M. FRANCISCO GUEDES DE QUEIROZ;TANCREDO NEVES;368
63;399;Principal;-1;1961;E. M. MADRE TEREZA DE CALCUTÁ;TANCREDO NEVES;362
63;424;Principal;-1;1996;E. M. JORGE DE REZENDE SOBRINHO;TANCREDO NEVES;358
63;435;Principal;-1;2003;E. E. PROF. JORGE KARAM NETO;TANCREDO NEVES;375
63;452;Principal;-1;2020;E. M. PROF. JOÃO CHRYSÓSTOMO DE OLIVEIRA;SÃO JOSÉ OPERÁRIO;348
63;457;Principal;-1;2038;E. E. ERNESTO PENAFORT;SÃO JOSÉ OPERÁRIO;376
63;479;Principal;-1;1929;E. M. ALBÉRICO ANTUNES DE OLIVEIRA;SÃO JOSÉ OPERÁRIO;358
63;485;Principal;-1;1791;E. M. ANTONINA BORGES DE SÁ;SÃO JOSÉ OPERÁRIO;406
63;486;Principal;-1;1856;E. M. LEONOR UCHOA DE AMORIM;SÃO JOSÉ OPERÁRIO;367
63;487;Principal;-1;1767;E. E. ISAAC SVERNER;SÃO JOSÉ OPERÁRIO;376
63;488;Principal;-1;1694;E. M. PEQUENO PRINCIPE;SÃO JOSÉ OPERÁRIO;362
63;489;Principal;-1;1783;COLÉGIO DA POLICIA MILITAR ÁUREA PINHEIRO BRAGA;GILBERTO MESTRINHO;380
63;490;Principal;-1;1708;E. M. MOISES DE FRANCA VIANA;TANCREDO NEVES;352
63;491;Principal;-1;1759;E. M. HONORINA VASCONCELOS;SÃO JOSÉ OPERÁRIO;340
63;492;Principal;-1;1732;E. M. ARMANDO MENDES;SÃO JOSÉ OPERÁRIO;369
63;493;Principal;-1;2046;E. E. DOM JACSON DAMASCENO RODRIGUES;SÃO JOSÉ OPERÁRIO;384
63;494;Principal;-1;2089;E. M. JORGE AMADO;TANCREDO NEVES;365
63;495;Principal;-1;1821;E. M. FRANCISCA MENDES;SÃO JOSÉ OPERÁRIO;368
63;496;Principal;-1;2038;E. E. ERNESTO PENAFORT;SÃO JOSÉ OPERÁRIO;398
63;497;Principal;-1;1813;IFAM (COLÉGIO AGRÍCOLA);GILBERTO MESTRINHO;407
63;498;Principal;-1;1910;E. E. PROF. BERNARDETE DO SOCORRO TRINDADE DA ROCHA;SÃO JOSÉ OPERÁRIO;394
63;499;Principal;-1;1864;E. M. PROF. RICARDO PEREIRA PARENTE;SÃO JOSÉ OPERÁRIO;306
63;500;Principal;-1;1945;E. E. RODERICK DE CASTELO BRANCO;SÃO JOSÉ OPERÁRIO;399
63;501;Principal;-1;1880;E. M. GOV. DANILO MATTOS AREOSA;GILBERTO MESTRINHO;394
63;502;Principal;-1;1805;E. M. CAROLINA PEROLINA RAIMUNDA ALMEIDA;SÃO JOSÉ OPERÁRIO;390
63;503;Principal;-1;1988;E. M. ARTHUR ENGRACIO DA SILVA;TANCREDO NEVES;385
63;504;Principal;-1;1740;E. M. PRESIDENTE TANCREDO NEVES;TANCREDO NEVES;366
63;505;Principal;-1;1953;E. M. FRANCISCO GUEDES DE QUEIROZ;TANCREDO NEVES;394
63;506;Principal;-1;1929;E. M. ALBÉRICO ANTUNES DE OLIVEIRA;SÃO JOSÉ OPERÁRIO;362
63;507;Principal;-1;1899;E. M. ALFREDO LINHARES;SÃO JOSÉ OPERÁRIO;397
63;508;Principal;-1;1961;E. M. MADRE TEREZA DE CALCUTÁ;TANCREDO NEVES;377
63;509;Principal;-1;2003;E. E. PROF. JORGE KARAM NETO;TANCREDO NEVES;401
63;511;Principal;-1;1996;E. M. JORGE DE REZENDE SOBRINHO;TANCREDO NEVES;353
63;512;Principal;-1;1830;E. M. GOV. PLINIO RAMOS COELHO;TANCREDO NEVES;377
63;513;Principal;-1;2011;CMEI PROF. DULCINÉIA TINOCO;GILBERTO MESTRINHO;378
63;514;Principal;-1;1872;E. M. MARIA DO CARMO REBELLO DE SOUZA;SÃO JOSÉ OPERÁRIO;368
63;515;Principal;-1;2127;E. M. CATARINA PAZ DA COSTA;SÃO JOSÉ OPERÁRIO;279
63;516;Principal;-1;1848;CMEI MOACIR ANDRADE;SÃO JOSÉ OPERÁRIO;362
63;517;Principal;-1;2062;E. M. DR. OLAVO DAS NEVES;TANCREDO NEVES;405
63;518;Principal;-1;1872;E. M. MARIA DO CARMO REBELLO DE SOUZA;SÃO JOSÉ OPERÁRIO;368
63;519;Principal;-1;2020;E. M. PROF. JOÃO CHRYSÓSTOMO DE OLIVEIRA;SÃO JOSÉ OPERÁRIO;362
63;520;Principal;-1;1716;E. M. CEL JORGE TEIXEIRA DE OLIVEIRA;GILBERTO MESTRINHO;396
63;521;Principal;-1;2151;E. M. MANOEL FRANCISCO GARCIA MARQUES;GILBERTO MESTRINHO;330
63;522;Principal;-1;1783;COLÉGIO DA POLICIA MILITAR ÁUREA PINHEIRO BRAGA;GILBERTO MESTRINHO;357
63;523;Principal;-1;1864;E. M. PROF. RICARDO PEREIRA PARENTE;SÃO JOSÉ OPERÁRIO;305
63;524;Principal;-1;1961;E. M. MADRE TEREZA DE CALCUTÁ;TANCREDO NEVES;365
63;525;Principal;-1;1767;E. E. ISAAC SVERNER;SÃO JOSÉ OPERÁRIO;397
63;526;Principal;-1;2038;E. E. ERNESTO PENAFORT;SÃO JOSÉ OPERÁRIO;404
63;527;Principal;-1;1880;E. M. GOV. DANILO MATTOS AREOSA;GILBERTO MESTRINHO;405
63;528;Principal;-1;1791;E. M. ANTONINA BORGES DE SÁ;SÃO JOSÉ OPERÁRIO;395
63;529;Principal;-1;1953;E. M. FRANCISCO GUEDES DE QUEIROZ;TANCREDO NEVES;392
63;530;Principal;-1;1856;E. M. LEONOR UCHOA DE AMORIM;SÃO JOSÉ OPERÁRIO;367
63;531;Principal;-1;2046;E. E. DOM JACSON DAMASCENO RODRIGUES;SÃO JOSÉ OPERÁRIO;383
63;532;Principal;-1;1732;E. M. ARMANDO MENDES;SÃO JOSÉ OPERÁRIO;360
63;533;Principal;-1;1945;E. E. RODERICK DE CASTELO BRANCO;SÃO JOSÉ OPERÁRIO;405
63;534;Principal;-1;1783;COLÉGIO DA POLICIA MILITAR ÁUREA PINHEIRO BRAGA;GILBERTO MESTRINHO;366
63;535;Principal;-1;2062;E. M. DR. OLAVO DAS NEVES;TANCREDO NEVES;395
63;536;Principal;-1;1805;E. M. CAROLINA PEROLINA RAIMUNDA ALMEIDA;SÃO JOSÉ OPERÁRIO;399
63;537;Principal;-1;1910;E. E. PROF. BERNARDETE DO SOCORRO TRINDADE DA ROCHA;SÃO JOSÉ OPERÁRIO;384
63;538;Principal;-1;1899;E. M. ALFREDO LINHARES;SÃO JOSÉ OPERÁRIO;395
63;539;Principal;-1;2003;E. E. PROF. JORGE KARAM NETO;TANCREDO NEVES;399
63;540;Principal;-1;1988;E. M. ARTHUR ENGRACIO DA SILVA;TANCREDO NEVES;385
63;541;Principal;-1;1813;IFAM (COLÉGIO AGRÍCOLA);GILBERTO MESTRINHO;393
63;542;Principal;-1;1767;E. E. ISAAC SVERNER;SÃO JOSÉ OPERÁRIO;399
63;543;Principal;-1;1694;E. M. PEQUENO PRINCIPE;SÃO JOSÉ OPERÁRIO;365
63;544;Principal;-1;2011;CMEI PROF. DULCINÉIA TINOCO;GILBERTO MESTRINHO;376
63;545;Principal;-1;1961;E. M. MADRE TEREZA DE CALCUTÁ;TANCREDO NEVES;383
63;546;Principal;-1;1996;E. M. JORGE DE REZENDE SOBRINHO;TANCREDO NEVES;359
63;547;Principal;-1;1872;E. M. MARIA DO CARMO REBELLO DE SOUZA;SÃO JOSÉ OPERÁRIO;371
63;548;Principal;-1;2038;E. E. ERNESTO PENAFORT;SÃO JOSÉ OPERÁRIO;403
63;549;Principal;-1;1791;E. M. ANTONINA BORGES DE SÁ;SÃO JOSÉ OPERÁRIO;399
63;550;Principal;-1;1953;E. M. FRANCISCO GUEDES DE QUEIROZ;TANCREDO NEVES;389
63;551;Principal;-1;1783;COLÉGIO DA POLICIA MILITAR ÁUREA PINHEIRO BRAGA;GILBERTO MESTRINHO;360
63;552;Principal;-1;1880;E. M. GOV. DANILO MATTOS AREOSA;GILBERTO MESTRINHO;406
63;553;Principal;-1;1759;E. M. HONORINA VASCONCELOS;SÃO JOSÉ OPERÁRIO;346
63;554;Principal;-1;1708;E. M. MOISES DE FRANCA VIANA;TANCREDO NEVES;348
63;555;Principal;-1;1856;E. M. LEONOR UCHOA DE AMORIM;SÃO JOSÉ OPERÁRIO;364
63;556;Principal;-1;2046;E. E. DOM JACSON DAMASCENO RODRIGUES;SÃO JOSÉ OPERÁRIO;397
63;557;Principal;-1;1732;E. M. ARMANDO MENDES;SÃO JOSÉ OPERÁRIO;365
63;558;Principal;-1;1830;E. M. GOV. PLINIO RAMOS COELHO;TANCREDO NEVES;380
63;559;Principal;-1;1767;E. E. ISAAC SVERNER;SÃO JOSÉ OPERÁRIO;400
63;560;Principal;-1;1945;E. E. RODERICK DE CASTELO BRANCO;SÃO JOSÉ OPERÁRIO;402
63;561;Principal;-1;2062;E. M. DR. OLAVO DAS NEVES;TANCREDO NEVES;393
63;562;Principal;-1;1899;E. M. ALFREDO LINHARES;SÃO JOSÉ OPERÁRIO;396
63;563;Principal;-1;1805;E. M. CAROLINA PEROLINA RAIMUNDA ALMEIDA;SÃO JOSÉ OPERÁRIO;384
63;564;Principal;-1;1910;E. E. PROF. BERNARDETE DO SOCORRO TRINDADE DA ROCHA;SÃO JOSÉ OPERÁRIO;377
63;565;Principal;-1;1821;E. M. FRANCISCA MENDES;SÃO JOSÉ OPERÁRIO;368
63;566;Principal;-1;2003;E. E. PROF. JORGE KARAM NETO;TANCREDO NEVES;399
63;567;Principal;-1;2038;E. E. ERNESTO PENAFORT;SÃO JOSÉ OPERÁRIO;405
63;568;Principal;-1;1961;E. M. MADRE TEREZA DE CALCUTÁ;TANCREDO NEVES;365
63;569;Principal;-1;1783;COLÉGIO DA POLICIA MILITAR ÁUREA PINHEIRO BRAGA;GILBERTO MESTRINHO;366
63;570;Principal;-1;1791;E. M. ANTONINA BORGES DE SÁ;SÃO JOSÉ OPERÁRIO;397
63;571;Principal;-1;1953;E. M. FRANCISCO GUEDES DE QUEIROZ;TANCREDO NEVES;394
63;572;Principal;-1;1929;E. M. ALBÉRICO ANTUNES DE OLIVEIRA;SÃO JOSÉ OPERÁRIO;357
63;573;Principal;-1;1813;IFAM (COLÉGIO AGRÍCOLA);GILBERTO MESTRINHO;406
63;574;Principal;-1;1694;E. M. PEQUENO PRINCIPE;SÃO JOSÉ OPERÁRIO;366
63;575;Principal;-1;1988;E. M. ARTHUR ENGRACIO DA SILVA;TANCREDO NEVES;379
63;576;Principal;-1;1856;E. M. LEONOR UCHOA DE AMORIM;SÃO JOSÉ OPERÁRIO;364
63;577;Principal;-1;1880;E. M. GOV. DANILO MATTOS AREOSA;GILBERTO MESTRINHO;406
63;578;Principal;-1;2127;E. M. CATARINA PAZ DA COSTA;SÃO JOSÉ OPERÁRIO;259
63;579;Principal;-1;2011;CMEI PROF. DULCINÉIA TINOCO;GILBERTO MESTRINHO;370
63;580;Principal;-1;1783;COLÉGIO DA POLICIA MILITAR ÁUREA PINHEIRO BRAGA;GILBERTO MESTRINHO;353
63;581;Principal;-1;1996;E. M. JORGE DE REZENDE SOBRINHO;TANCREDO NEVES;364
63;582;Principal;-1;1767;E. E. ISAAC SVERNER;SÃO JOSÉ OPERÁRIO;406
63;583;Principal;-1;2038;E. E. ERNESTO PENAFORT;SÃO JOSÉ OPERÁRIO;402
63;584;Principal;-1;1864;E. M. PROF. RICARDO PEREIRA PARENTE;SÃO JOSÉ OPERÁRIO;305
63;585;Principal;-1;1961;E. M. MADRE TEREZA DE CALCUTÁ;TANCREDO NEVES;373
63;586;Principal;-1;1872;E. M. MARIA DO CARMO REBELLO DE SOUZA;SÃO JOSÉ OPERÁRIO;368
63;587;Principal;-1;1791;E. M. ANTONINA BORGES DE SÁ;SÃO JOSÉ OPERÁRIO;403
63;588;Principal;-1;1740;E. M. PRESIDENTE TANCREDO NEVES;TANCREDO NEVES;362
63;589;Principal;-1;1732;E. M. ARMANDO MENDES;SÃO JOSÉ OPERÁRIO;361
63;590;Principal;-1;1945;E. E. RODERICK DE CASTELO BRANCO;SÃO JOSÉ OPERÁRIO;409
63;591;Principal;-1;1953;E. M. FRANCISCO GUEDES DE QUEIROZ;TANCREDO NEVES;389
63;592;Principal;-1;2046;E. E. DOM JACSON DAMASCENO RODRIGUES;SÃO JOSÉ OPERÁRIO;395
63;593;Principal;-1;1910;E. E. PROF. BERNARDETE DO SOCORRO TRINDADE DA ROCHA;SÃO JOSÉ OPERÁRIO;384
63;594;Principal;-1;1805;E. M. CAROLINA PEROLINA RAIMUNDA ALMEIDA;SÃO JOSÉ OPERÁRIO;382
63;595;Principal;-1;1759;E. M. HONORINA VASCONCELOS;SÃO JOSÉ OPERÁRIO;338
63;596;Principal;-1;2003;E. E. PROF. JORGE KARAM NETO;TANCREDO NEVES;390
63;597;Principal;-1;2062;E. M. DR. OLAVO DAS NEVES;TANCREDO NEVES;398
63;598;Principal;-1;1899;E. M. ALFREDO LINHARES;SÃO JOSÉ OPERÁRIO;391
63;599;Principal;-1;1783;COLÉGIO DA POLICIA MILITAR ÁUREA PINHEIRO BRAGA;GILBERTO MESTRINHO;367
63;600;Principal;-1;1708;E. M. MOISES DE FRANCA VIANA;TANCREDO NEVES;357
63;601;Principal;-1;1880;E. M. GOV. DANILO MATTOS AREOSA;GILBERTO MESTRINHO;399
63;602;Principal;-1;1856;E. M. LEONOR UCHOA DE AMORIM;SÃO JOSÉ OPERÁRIO;370
63;603;Principal;-1;1767;E. E. ISAAC SVERNER;SÃO JOSÉ OPERÁRIO;391
63;604;Principal;-1;1988;E. M. ARTHUR ENGRACIO DA SILVA;TANCREDO NEVES;398
63;605;Principal;-1;2038;E. E. ERNESTO PENAFORT;SÃO JOSÉ OPERÁRIO;401
63;606;Principal;-1;1694;E. M. PEQUENO PRINCIPE;SÃO JOSÉ OPERÁRIO;358
63;607;Principal;-1;1961;E. M. MADRE TEREZA DE CALCUTÁ;TANCREDO NEVES;370
63;608;Principal;-1;1813;IFAM (COLÉGIO AGRÍCOLA);GILBERTO MESTRINHO;398
63;609;Principal;-1;1791;E. M. ANTONINA BORGES DE SÁ;SÃO JOSÉ OPERÁRIO;396
63;610;Principal;-1;1783;COLÉGIO DA POLICIA MILITAR ÁUREA PINHEIRO BRAGA;GILBERTO MESTRINHO;370
63;611;Principal;-1;2011;CMEI PROF. DULCINÉIA TINOCO;GILBERTO MESTRINHO;371
63;612;Principal;-1;1953;E. M. FRANCISCO GUEDES DE QUEIROZ;TANCREDO NEVES;381
63;613;Principal;-1;1880;E. M. GOV. DANILO MATTOS AREOSA;GILBERTO MESTRINHO;409
63;614;Principal;-1;1856;E. M. LEONOR UCHOA DE AMORIM;SÃO JOSÉ OPERÁRIO;358
63;615;Principal;-1;2038;E. E. ERNESTO PENAFORT;SÃO JOSÉ OPERÁRIO;401
63;616;Principal;-1;2046;E. E. DOM JACSON DAMASCENO RODRIGUES;SÃO JOSÉ OPERÁRIO;395
63;617;Principal;-1;1996;E. M. JORGE DE REZENDE SOBRINHO;TANCREDO NEVES;363
63;618;Principal;-1;1961;E. M. MADRE TEREZA DE CALCUTÁ;TANCREDO NEVES;372
63;619;Principal;-1;1910;E. E. PROF. BERNARDETE DO SOCORRO TRINDADE DA ROCHA;SÃO JOSÉ OPERÁRIO;380
63;620;Principal;-1;1945;E. E. RODERICK DE CASTELO BRANCO;SÃO JOSÉ OPERÁRIO;406
63;621;Principal;-1;1767;E. E. ISAAC SVERNER;SÃO JOSÉ OPERÁRIO;395
63;622;Principal;-1;1732;E. M. ARMANDO MENDES;SÃO JOSÉ OPERÁRIO;360
63;623;Principal;-1;1783;COLÉGIO DA POLICIA MILITAR ÁUREA PINHEIRO BRAGA;GILBERTO MESTRINHO;362
63;624;Principal;-1;1805;E. M. CAROLINA PEROLINA RAIMUNDA ALMEIDA;SÃO JOSÉ OPERÁRIO;384
63;625;Principal;-1;2003;E. E. PROF. JORGE KARAM NETO;TANCREDO NEVES;386
63;626;Principal;-1;2062;E. M. DR. OLAVO DAS NEVES;TANCREDO NEVES;394
63;627;Principal;-1;1830;E. M. GOV. PLINIO RAMOS COELHO;TANCREDO NEVES;372
63;628;Principal;-1;1988;E. M. ARTHUR ENGRACIO DA SILVA;TANCREDO NEVES;385
63;629;Principal;-1;1791;E. M. ANTONINA BORGES DE SÁ;SÃO JOSÉ OPERÁRIO;405
63;630;Principal;-1;1899;E. M. ALFREDO LINHARES;SÃO JOSÉ OPERÁRIO;386
63;631;Principal;-1;1953;E. M. FRANCISCO GUEDES DE QUEIROZ;TANCREDO NEVES;391
63;632;Principal;-1;1759;E. M. HONORINA VASCONCELOS;SÃO JOSÉ OPERÁRIO;345
63;633;Principal;-1;1872;E. M. MARIA DO CARMO REBELLO DE SOUZA;SÃO JOSÉ OPERÁRIO;368
63;634;Principal;-1;1783;COLÉGIO DA POLICIA MILITAR ÁUREA PINHEIRO BRAGA;GILBERTO MESTRINHO;359
63;635;Principal;-1;1813;IFAM (COLÉGIO AGRÍCOLA);GILBERTO MESTRINHO;401
63;636;Principal;-1;1961;E. M. MADRE TEREZA DE CALCUTÁ;TANCREDO NEVES;382
63;637;Principal;-1;1929;E. M. ALBÉRICO ANTUNES DE OLIVEIRA;SÃO JOSÉ OPERÁRIO;359
63;638;Principal;-1;1708;E. M. MOISES DE FRANCA VIANA;TANCREDO NEVES;348
63;639;Principal;-1;1880;E. M. GOV. DANILO MATTOS AREOSA;GILBERTO MESTRINHO;412
63;640;Principal;-1;2038;E. E. ERNESTO PENAFORT;SÃO JOSÉ OPERÁRIO;398
63;641;Principal;-1;2011;CMEI PROF. DULCINÉIA TINOCO;GILBERTO MESTRINHO;379
63;642;Principal;-1;1767;E. E. ISAAC SVERNER;SÃO JOSÉ OPERÁRIO;401
63;643;Principal;-1;1694;E. M. PEQUENO PRINCIPE;SÃO JOSÉ OPERÁRIO;359
63;644;Principal;-1;1821;E. M. FRANCISCA MENDES;SÃO JOSÉ OPERÁRIO;368
63;645;Principal;-1;1856;E. M. LEONOR UCHOA DE AMORIM;SÃO JOSÉ OPERÁRIO;359
63;646;Principal;-1;1783;COLÉGIO DA POLICIA MILITAR ÁUREA PINHEIRO BRAGA;GILBERTO MESTRINHO;354
63;647;Principal;-1;1791;E. M. ANTONINA BORGES DE SÁ;SÃO JOSÉ OPERÁRIO;391
63;648;Principal;-1;1945;E. E. RODERICK DE CASTELO BRANCO;SÃO JOSÉ OPERÁRIO;396
63;649;Principal;-1;1953;E. M. FRANCISCO GUEDES DE QUEIROZ;TANCREDO NEVES;393
63;650;Principal;-1;2003;E. E. PROF. JORGE KARAM NETO;TANCREDO NEVES;399
63;651;Principal;-1;2046;E. E. DOM JACSON DAMASCENO RODRIGUES;SÃO JOSÉ OPERÁRIO;394
63;652;Principal;-1;1988;E. M. ARTHUR ENGRACIO DA SILVA;TANCREDO NEVES;385
63;653;Principal;-1;1910;E. E. PROF. BERNARDETE DO SOCORRO TRINDADE DA ROCHA;SÃO JOSÉ OPERÁRIO;381
63;654;Principal;-1;2038;E. E. ERNESTO PENAFORT;SÃO JOSÉ OPERÁRIO;388
63;655;Principal;-1;2062;E. M. DR. OLAVO DAS NEVES;TANCREDO NEVES;383
63;656;Principal;-1;1996;E. M. JORGE DE REZENDE SOBRINHO;TANCREDO NEVES;360
63;657;Principal;-1;1805;E. M. CAROLINA PEROLINA RAIMUNDA ALMEIDA;SÃO JOSÉ OPERÁRIO;377
63;658;Principal;-1;1732;E. M. ARMANDO MENDES;SÃO JOSÉ OPERÁRIO;358
63;659;Principal;-1;1783;COLÉGIO DA POLICIA MILITAR ÁUREA PINHEIRO BRAGA;GILBERTO MESTRINHO;355
63;660;Principal;-1;2020;E. M. PROF. JOÃO CHRYSÓSTOMO DE OLIVEIRA;SÃO JOSÉ OPERÁRIO;356
63;661;Principal;-1;2011;CMEI PROF. DULCINÉIA TINOCO;GILBERTO MESTRINHO;370
63;662;Principal;-1;1899;E. M. ALFREDO LINHARES;SÃO JOSÉ OPERÁRIO;384
63;663;Principal;-1;1767;E. E. ISAAC SVERNER;SÃO JOSÉ OPERÁRIO;391
63;664;Principal;-1;1813;IFAM (COLÉGIO AGRÍCOLA);GILBERTO MESTRINHO;399
63;665;Principal;-1;1988;E. M. ARTHUR ENGRACIO DA SILVA;TANCREDO NEVES;387
63;666;Principal;-1;2127;E. M. CATARINA PAZ DA COSTA;SÃO JOSÉ OPERÁRIO;247
63;667;Principal;-1;1791;E. M. ANTONINA BORGES DE SÁ;SÃO JOSÉ OPERÁRIO;394
63;668;Principal;-1;1856;E. M. LEONOR UCHOA DE AMORIM;SÃO JOSÉ OPERÁRIO;369
63;669;Principal;-1;1759;E. M. HONORINA VASCONCELOS;SÃO JOSÉ OPERÁRIO;337
63;670;Principal;-1;1830;E. M. GOV. PLINIO RAMOS COELHO;TANCREDO NEVES;361
63;671;Principal;-1;1708;E. M. MOISES DE FRANCA VIANA;TANCREDO NEVES;354
63;672;Principal;-1;2003;E. E. PROF. JORGE KARAM NETO;TANCREDO NEVES;391
63;673;Principal;-1;1872;E. M. MARIA DO CARMO REBELLO DE SOUZA;SÃO JOSÉ OPERÁRIO;365
63;674;Principal;-1;2046;E. E. DOM JACSON DAMASCENO RODRIGUES;SÃO JOSÉ OPERÁRIO;390
63;675;Principal;-1;2062;E. M. DR. OLAVO DAS NEVES;TANCREDO NEVES;385
63;676;Principal;-1;2151;E. M. MANOEL FRANCISCO GARCIA MARQUES;GILBERTO MESTRINHO;324
63;677;Principal;-1;1848;CMEI MOACIR ANDRADE;SÃO JOSÉ OPERÁRIO;359
63;678;Principal;-1;1813;IFAM (COLÉGIO AGRÍCOLA);GILBERTO MESTRINHO;385
63;679;Principal;-1;1910;E. E. PROF. BERNARDETE DO SOCORRO TRINDADE DA ROCHA;SÃO JOSÉ OPERÁRIO;371
63;680;Principal;-1;1694;E. M. PEQUENO PRINCIPE;SÃO JOSÉ OPERÁRIO;342
63;681;Principal;-1;1740;E. M. PRESIDENTE TANCREDO NEVES;TANCREDO NEVES;361
63;682;Principal;-1;1767;E. E. ISAAC SVERNER;SÃO JOSÉ OPERÁRIO;383
63;683;Principal;-1;2089;E. M. JORGE AMADO;TANCREDO NEVES;359
63;684;Principal;-1;1805;E. M. CAROLINA PEROLINA RAIMUNDA ALMEIDA;SÃO JOSÉ OPERÁRIO;383
63;685;Principal;-1;2011;CMEI PROF. DULCINÉIA TINOCO;GILBERTO MESTRINHO;363
63;686;Principal;-1;1864;E. M. PROF. RICARDO PEREIRA PARENTE;SÃO JOSÉ OPERÁRIO;304
63;687;Principal;-1;2160;E. M. PINTOR CANDIDO PORTINARI;GILBERTO MESTRINHO;401
63;688;Principal;-1;2038;E. E. ERNESTO PENAFORT;SÃO JOSÉ OPERÁRIO;383
63;689;Principal;-1;1732;E. M. ARMANDO MENDES;SÃO JOSÉ OPERÁRIO;361
63;690;Principal;-1;2070;E. M. DR. VICENTE MENDONÇA JÚNIOR;GILBERTO MESTRINHO;413
63;691;Principal;-1;1813;IFAM (COLÉGIO AGRÍCOLA);GILBERTO MESTRINHO;388
63;692;Principal;-1;1945;E. E. RODERICK DE CASTELO BRANCO;SÃO JOSÉ OPERÁRIO;390
63;693;Principal;-1;1996;E. M. JORGE DE REZENDE SOBRINHO;TANCREDO NEVES;363
63;694;Principal;-1;1988;E. M. ARTHUR ENGRACIO DA SILVA;TANCREDO NEVES;379
63;695;Principal;-1;1791;E. M. ANTONINA BORGES DE SÁ;SÃO JOSÉ OPERÁRIO;393
63;696;Principal;-1;2003;E. E. PROF. JORGE KARAM NETO;TANCREDO NEVES;391
63;697;Principal;-1;1767;E. E. ISAAC SVERNER;SÃO JOSÉ OPERÁRIO;386
63;698;Principal;-1;1856;E. M. LEONOR UCHOA DE AMORIM;SÃO JOSÉ OPERÁRIO;359
63;699;Principal;-1;2062;E. M. DR. OLAVO DAS NEVES;TANCREDO NEVES;382
63;700;Principal;-1;1708;E. M. MOISES DE FRANCA VIANA;TANCREDO NEVES;352
63;701;Principal;-1;1988;E. M. ARTHUR ENGRACIO DA SILVA;TANCREDO NEVES;384
63;702;Principal;-1;1910;E. E. PROF. BERNARDETE DO SOCORRO TRINDADE DA ROCHA;SÃO JOSÉ OPERÁRIO;385
63;703;Principal;-1;2046;E. E. DOM JACSON DAMASCENO RODRIGUES;SÃO JOSÉ OPERÁRIO;396
63;704;Principal;-1;1830;E. M. GOV. PLINIO RAMOS COELHO;TANCREDO NEVES;375
63;705;Principal;-1;1821;E. M. FRANCISCA MENDES;SÃO JOSÉ OPERÁRIO;366
63;706;Principal;-1;1929;E. M. ALBÉRICO ANTUNES DE OLIVEIRA;SÃO JOSÉ OPERÁRIO;356
63;707;Principal;-1;2038;E. E. ERNESTO PENAFORT;SÃO JOSÉ OPERÁRIO;383
63;708;Principal;-1;1961;E. M. MADRE TEREZA DE CALCUTÁ;TANCREDO NEVES;369
63;709;Principal;-1;1953;E. M. FRANCISCO GUEDES DE QUEIROZ;TANCREDO NEVES;378
63;710;Principal;-1;2011;CMEI PROF. DULCINÉIA TINOCO;GILBERTO MESTRINHO;363
63;711;Principal;-1;2070;E. M. DR. VICENTE MENDONÇA JÚNIOR;GILBERTO MESTRINHO;387
63;712;Principal;-1;1899;E. M. ALFREDO LINHARES;SÃO JOSÉ OPERÁRIO;402
63;713;Principal;-1;1945;E. E. RODERICK DE CASTELO BRANCO;SÃO JOSÉ OPERÁRIO;401
63;714;Principal;-1;1791;E. M. ANTONINA BORGES DE SÁ;SÃO JOSÉ OPERÁRIO;397
63;715;Principal;-1;1694;E. M. PEQUENO PRINCIPE;SÃO JOSÉ OPERÁRIO;366
63;716;Principal;-1;1805;E. M. CAROLINA PEROLINA RAIMUNDA ALMEIDA;SÃO JOSÉ OPERÁRIO;375
63;717;Principal;-1;1767;E. E. ISAAC SVERNER;SÃO JOSÉ OPERÁRIO;398
63;718;Principal;-1;1759;E. M. HONORINA VASCONCELOS;SÃO JOSÉ OPERÁRIO;332
63;719;Principal;-1;2003;E. E. PROF. JORGE KARAM NETO;TANCREDO NEVES;380
63;720;Principal;-1;1872;E. M. MARIA DO CARMO REBELLO DE SOUZA;SÃO JOSÉ OPERÁRIO;361
63;721;Principal;-1;2151;E. M. MANOEL FRANCISCO GARCIA MARQUES;GILBERTO MESTRINHO;329
63;722;Principal;-1;1988;E. M. ARTHUR ENGRACIO DA SILVA;TANCREDO NEVES;386
63;723;Principal;-1;2062;E. M. DR. OLAVO DAS NEVES;TANCREDO NEVES;376
63;724;Principal;-1;1856;E. M. LEONOR UCHOA DE AMORIM;SÃO JOSÉ OPERÁRIO;357
63;725;Principal;-1;2070;E. M. DR. VICENTE MENDONÇA JÚNIOR;GILBERTO MESTRINHO;392
63;726;Principal;-1;1732;E. M. ARMANDO MENDES;SÃO JOSÉ OPERÁRIO;363
63;727;Principal;-1;2038;E. E. ERNESTO PENAFORT;SÃO JOSÉ OPERÁRIO;393
63;728;Principal;-1;1708;E. M. MOISES DE FRANCA VIANA;TANCREDO NEVES;342
63;729;Principal;-1;1767;E. E. ISAAC SVERNER;SÃO JOSÉ OPERÁRIO;388
63;730;Principal;-1;1716;E. M. CEL JORGE TEIXEIRA DE OLIVEIRA;GILBERTO MESTRINHO;384
63;731;Principal;-1;1791;E. M. ANTONINA BORGES DE SÁ;SÃO JOSÉ OPERÁRIO;386
63;732;Principal;-1;1830;E. M. GOV. PLINIO RAMOS COELHO;TANCREDO NEVES;362
63;733;Principal;-1;2070;E. M. DR. VICENTE MENDONÇA JÚNIOR;GILBERTO MESTRINHO;391
63;734;Principal;-1;1996;E. M. JORGE DE REZENDE SOBRINHO;TANCREDO NEVES;349
63;735;Principal;-1;1783;COLÉGIO DA POLICIA MILITAR ÁUREA PINHEIRO BRAGA;GILBERTO MESTRINHO;361
63;736;Principal;-1;1805;E. M. CAROLINA PEROLINA RAIMUNDA ALMEIDA;SÃO JOSÉ OPERÁRIO;382
63;737;Principal;-1;1694;E. M. PEQUENO PRINCIPE;SÃO JOSÉ OPERÁRIO;352
63;738;Principal;-1;1945;E. E. RODERICK DE CASTELO BRANCO;SÃO JOSÉ OPERÁRIO;410
63;739;Principal;-1;1767;E. E. ISAAC SVERNER;SÃO JOSÉ OPERÁRIO;374
63;740;Principal;-1;1708;E. M. MOISES DE FRANCA VIANA;TANCREDO NEVES;341
63;741;Principal;-1;2151;E. M. MANOEL FRANCISCO GARCIA MARQUES;GILBERTO MESTRINHO;338
63;742;Principal;-1;1783;COLÉGIO DA POLICIA MILITAR ÁUREA PINHEIRO BRAGA;GILBERTO MESTRINHO;360
63;743;Principal;-1;1856;E. M. LEONOR UCHOA DE AMORIM;SÃO JOSÉ OPERÁRIO;347
63;744;Principal;-1;1872;E. M. MARIA DO CARMO REBELLO DE SOUZA;SÃO JOSÉ OPERÁRIO;358
63;745;Principal;-1;2089;E. M. JORGE AMADO;TANCREDO NEVES;405
63;746;Principal;-1;1759;E. M. HONORINA VASCONCELOS;SÃO JOSÉ OPERÁRIO;340
63;747;Principal;-1;1783;COLÉGIO DA POLICIA MILITAR ÁUREA PINHEIRO BRAGA;GILBERTO MESTRINHO;356
63;748;Principal;-1;1732;E. M. ARMANDO MENDES;SÃO JOSÉ OPERÁRIO;357
63;749;Principal;-1;2100;E. M. PROF. DAVISON DE ARAUJO PEREIRA;TANCREDO NEVES;366
63;750;Principal;-1;1767;E. E. ISAAC SVERNER;SÃO JOSÉ OPERÁRIO;379
63;751;Principal;-1;2119;E. M. ROBERTO RUIZ HERNANDEZ;SÃO JOSÉ OPERÁRIO;354
63;752;Principal;-1;1945;E. E. RODERICK DE CASTELO BRANCO;SÃO JOSÉ OPERÁRIO;405
63;753;Principal;-1;1708;E. M. MOISES DE FRANCA VIANA;TANCREDO NEVES;337
63;754;Principal;-1;2097;E. M. LUCILENE DE SENA GUIMARÃES;TANCREDO NEVES;351
63;755;Principal;-1;1996;E. M. JORGE DE REZENDE SOBRINHO;TANCREDO NEVES;364
63;756;Principal;-1;1830;E. M. GOV. PLINIO RAMOS COELHO;TANCREDO NEVES;369
63;757;Principal;-1;1864;E. M. PROF. RICARDO PEREIRA PARENTE;SÃO JOSÉ OPERÁRIO;304
63;758;Principal;-1;1740;E. M. PRESIDENTE TANCREDO NEVES;TANCREDO NEVES;357
63;759;Principal;-1;1716;E. M. CEL JORGE TEIXEIRA DE OLIVEIRA;GILBERTO MESTRINHO;387
63;760;Principal;-1;2070;E. M. DR. VICENTE MENDONÇA JÚNIOR;GILBERTO MESTRINHO;385
63;761;Principal;-1;1821;E. M. FRANCISCA MENDES;SÃO JOSÉ OPERÁRIO;363
63;762;Principal;-1;2089;E. M. JORGE AMADO;TANCREDO NEVES;368
63;763;Principal;-1;1767;E. E. ISAAC SVERNER;SÃO JOSÉ OPERÁRIO;391
63;764;Principal;-1;1805;E. M. CAROLINA PEROLINA RAIMUNDA ALMEIDA;SÃO JOSÉ OPERÁRIO;365
63;765;Principal;-1;1708;E. M. MOISES DE FRANCA VIANA;TANCREDO NEVES;344
63;766;Principal;-1;1945;E. E. RODERICK DE CASTELO BRANCO;SÃO JOSÉ OPERÁRIO;394
63;767;Principal;-1;1759;E. M. HONORINA VASCONCELOS;SÃO JOSÉ OPERÁRIO;339
63;768;Principal;-1;2020;E. M. PROF. JOÃO CHRYSÓSTOMO DE OLIVEIRA;SÃO JOSÉ OPERÁRIO;353
63;769;Principal;-1;1929;E. M. ALBÉRICO ANTUNES DE OLIVEIRA;SÃO JOSÉ OPERÁRIO;352
63;770;Principal;-1;2070;E. M. DR. VICENTE MENDONÇA JÚNIOR;GILBERTO MESTRINHO;379
63;771;Principal;-1;1996;E. M. JORGE DE REZENDE SOBRINHO;TANCREDO NEVES;355
63;772;Principal;-1;1848;CMEI MOACIR ANDRADE;SÃO JOSÉ OPERÁRIO;359
63;773;Principal;-1;2089;E. M. JORGE AMADO;TANCREDO NEVES;373
63;774;Principal;-1;1872;E. M. MARIA DO CARMO REBELLO DE SOUZA;SÃO JOSÉ OPERÁRIO;366
63;775;Principal;-1;1732;E. M. ARMANDO MENDES;SÃO JOSÉ OPERÁRIO;359
63;776;Principal;-1;1945;E. E. RODERICK DE CASTELO BRANCO;SÃO JOSÉ OPERÁRIO;387
63;777;Principal;-1;2070;E. M. DR. VICENTE MENDONÇA JÚNIOR;GILBERTO MESTRINHO;397
63;778;Principal;-1;1830;E. M. GOV. PLINIO RAMOS COELHO;TANCREDO NEVES;358
63;779;Principal;-1;2151;E. M. MANOEL FRANCISCO GARCIA MARQUES;GILBERTO MESTRINHO;332
63;780;Principal;-1;1759;E. M. HONORINA VASCONCELOS;SÃO JOSÉ OPERÁRIO;335
63;781;Agregada;796;2127;E. M. CATARINA PAZ DA COSTA;SÃO JOSÉ OPERÁRIO;172
63;782;Principal;-1;2070;E. M. DR. VICENTE MENDONÇA JÚNIOR;GILBERTO MESTRINHO;378
63;783;Principal;-1;1996;E. M. JORGE DE REZENDE SOBRINHO;TANCREDO NEVES;365
63;784;Principal;-1;2089;E. M. JORGE AMADO;TANCREDO NEVES;374
63;785;Principal;-1;1856;E. M. LEONOR UCHOA DE AMORIM;SÃO JOSÉ OPERÁRIO;345
63;786;Principal;-1;2070;E. M. DR. VICENTE MENDONÇA JÚNIOR;GILBERTO MESTRINHO;382
63;787;Principal;-1;2097;E. M. LUCILENE DE SENA GUIMARÃES;TANCREDO NEVES;345
63;788;Principal;-1;1759;E. M. HONORINA VASCONCELOS;SÃO JOSÉ OPERÁRIO;346
63;789;Principal;-1;1716;E. M. CEL JORGE TEIXEIRA DE OLIVEIRA;GILBERTO MESTRINHO;375
63;790;Principal;-1;1988;E. M. ARTHUR ENGRACIO DA SILVA;TANCREDO NEVES;371
63;791;Principal;-1;1813;IFAM (COLÉGIO AGRÍCOLA);GILBERTO MESTRINHO;387
63;792;Principal;-1;2151;E. M. MANOEL FRANCISCO GARCIA MARQUES;GILBERTO MESTRINHO;329
63;793;Agregada;666;2127;E. M. CATARINA PAZ DA COSTA;SÃO JOSÉ OPERÁRIO;170
63;794;Principal;-1;2070;E. M. DR. VICENTE MENDONÇA JÚNIOR;GILBERTO MESTRINHO;383
63;795;Principal;-1;2070;E. M. DR. VICENTE MENDONÇA JÚNIOR;GILBERTO MESTRINHO;381
63;796;Principal;-1;2127;E. M. CATARINA PAZ DA COSTA;SÃO JOSÉ OPERÁRIO;174
63;797;Principal;-1;2135;E. E. JAIRO DA SILVA ROCHA;GILBERTO MESTRINHO;412
63;798;Principal;-1;1694;E. M. PEQUENO PRINCIPE;SÃO JOSÉ OPERÁRIO;357
63;799;Principal;-1;2135;E. E. JAIRO DA SILVA ROCHA;GILBERTO MESTRINHO;366
63;800;Principal;-1;1775;CMEI BEATRIZ SVERNER;TANCREDO NEVES;363
63;801;Principal;-1;2178;E. E. PROF. ERNANE NASCIMENTO SIMÃO;GILBERTO MESTRINHO;368
63;802;Principal;-1;2143;E.M.E.F. PROF. ALVARO CESAR DE CARVALHO;TANCREDO NEVES;355
63;803;Principal;-1;2135;E. E. JAIRO DA SILVA ROCHA;GILBERTO MESTRINHO;370
63;804;Principal;-1;1775;CMEI BEATRIZ SVERNER;TANCREDO NEVES;359
63;805;Principal;-1;2119;E. M. ROBERTO RUIZ HERNANDEZ;SÃO JOSÉ OPERÁRIO;353
63;806;Principal;-1;2178;E. E. PROF. ERNANE NASCIMENTO SIMÃO;GILBERTO MESTRINHO;368
63;807;Principal;-1;2160;E. M. PINTOR CANDIDO PORTINARI;GILBERTO MESTRINHO;238
63;808;Principal;-1;2194;C.I.M.E. SENADOR ARTUR VIRGÍLIO DO CARMO RIBEIRO FILHO;GILBERTO MESTRINHO;361
63;809;Principal;-1;2135;E. E. JAIRO DA SILVA ROCHA;GILBERTO MESTRINHO;379
63;810;Principal;-1;2100;E. M. PROF. DAVISON DE ARAUJO PEREIRA;TANCREDO NEVES;366
63;811;Principal;-1;1775;CMEI BEATRIZ SVERNER;TANCREDO NEVES;359
63;812;Principal;-1;2194;C.I.M.E. SENADOR ARTUR VIRGÍLIO DO CARMO RIBEIRO FILHO;GILBERTO MESTRINHO;363
63;813;Principal;-1;2178;E. E. PROF. ERNANE NASCIMENTO SIMÃO;GILBERTO MESTRINHO;363
63;814;Principal;-1;2135;E. E. JAIRO DA SILVA ROCHA;GILBERTO MESTRINHO;364
63;815;Principal;-1;2070;E. M. DR. VICENTE MENDONÇA JÚNIOR;GILBERTO MESTRINHO;362
63;816;Principal;-1;2089;E. M. JORGE AMADO;TANCREDO NEVES;362
63;817;Principal;-1;2151;E. M. MANOEL FRANCISCO GARCIA MARQUES;GILBERTO MESTRINHO;326
63;818;Principal;-1;2194;C.I.M.E. SENADOR ARTUR VIRGÍLIO DO CARMO RIBEIRO FILHO;GILBERTO MESTRINHO;362
63;819;Principal;-1;2143;E.M.E.F. PROF. ALVARO CESAR DE CARVALHO;TANCREDO NEVES;354
63;820;Principal;-1;1775;CMEI BEATRIZ SVERNER;TANCREDO NEVES;360
63;821;Principal;-1;2135;E. E. JAIRO DA SILVA ROCHA;GILBERTO MESTRINHO;365
63;822;Principal;-1;2070;E. M. DR. VICENTE MENDONÇA JÚNIOR;GILBERTO MESTRINHO;365
63;823;Principal;-1;2194;C.I.M.E. SENADOR ARTUR VIRGÍLIO DO CARMO RIBEIRO FILHO;GILBERTO MESTRINHO;358
63;824;Principal;-1;2089;E. M. JORGE AMADO;TANCREDO NEVES;363
63;825;Principal;-1;2135;E. E. JAIRO DA SILVA ROCHA;GILBERTO MESTRINHO;366
63;826;Principal;-1;2097;E. M. LUCILENE DE SENA GUIMARÃES;TANCREDO NEVES;172
63;827;Agregada;807;2186;E. M. ESCRITORA ZÉLIA GATTAI;GILBERTO MESTRINHO;77
63;828;Principal;-1;2208;CMEI JÚLIA BARJONA LABRE;SÃO JOSÉ OPERÁRIO;361
63;829;Principal;-1;2216;E. E. PROFESSOR ROFRAN BELCHIOR DA SILVA;TANCREDO NEVES;366
63;830;Agregada;769;2224;E. M. RAIMUNDO NONATO DE OLIVEIRA GOMES;SÃO JOSÉ OPERÁRIO;64
63;831;Principal;-1;2194;C.I.M.E. SENADOR ARTUR VIRGÍLIO DO CARMO RIBEIRO FILHO;GILBERTO MESTRINHO;362
63;832;Principal;-1;2135;E. E. JAIRO DA SILVA ROCHA;GILBERTO MESTRINHO;363
63;833;Agregada;804;1775;CMEI BEATRIZ SVERNER;TANCREDO NEVES;92
63;834;Agregada;810;2100;E. M. PROF. DAVISON DE ARAUJO PEREIRA;TANCREDO NEVES;32
63;835;Agregada;829;2216;E. E. PROFESSOR ROFRAN BELCHIOR DA SILVA;TANCREDO NEVES;53
63;836;Agregada;813;2178;E. E. PROF. ERNANE NASCIMENTO SIMÃO;GILBERTO MESTRINHO;35
63;837;Agregada;683;2089;E. M. JORGE AMADO;TANCREDO NEVES;40
63;838;Agregada;828;2208;CMEI JÚLIA BARJONA LABRE;SÃO JOSÉ OPERÁRIO;83
63;839;Agregada;808;2194;C.I.M.E. SENADOR ARTUR VIRGÍLIO DO CARMO RIBEIRO FILHO;GILBERTO MESTRINHO;129
63;840;Agregada;814;2135;E. E. JAIRO DA SILVA ROCHA;GILBERTO MESTRINHO;52
65;200;Principal;-1;1511;E. E. INSPETORA DULCINEIA VARELA MOURA;COLÔNIA TERRA NOVA;338
65;202;Principal;-1;1511;E. E. INSPETORA DULCINEIA VARELA MOURA;COLÔNIA TERRA NOVA;334
65;207;Principal;-1;1520;E. M. CARMEM GUIMARAES HAGGE;COLÔNIA TERRA NOVA;381
65;221;Principal;-1;1538;E. M. DOM MILTON CORREA PEREIRA;MONTE DAS OLIVEIRAS;326
65;225;Principal;-1;1538;E. M. DOM MILTON CORREA PEREIRA;MONTE DAS OLIVEIRAS;327
65;238;Principal;-1;1554;E. E. SAMUEL BENCHIMOL;NOVA CIDADE;362
65;246;Principal;-1;1562;E. E. PROF. TEREZA SIQUEIRA TUPINAMBA;NOVA CIDADE;385
65;249;Principal;-1;1570;E. M. NINA DE ARAUJO COSTA LINS;MONTE DAS OLIVEIRAS;368
65;250;Principal;-1;1589;E. M. PROF. ISABEL VICTORIA DO CARMO RIBEIRO;COLÔNIA TERRA NOVA;394
65;259;Principal;-1;1597;E. M. ANA SENA RODRIGUES;COLÔNIA TERRA NOVA;368
65;268;Principal;-1;1740;CMEI PROF DR FELIX VALOIS COELHO;NOVA CIDADE;291
65;276;Principal;-1;1619;E. M. ANTONIO MORAES;MONTE DAS OLIVEIRAS;342
65;295;Principal;-1;1627;E. M. JORNALISTA SABÁ RAPOSO;MONTE DAS OLIVEIRAS;354
65;310;Principal;-1;1643;E. E. SEBASTIÃO NORÕES;NOVA CIDADE;347
65;321;Principal;-1;1651;E. M. PROF. MARLY GARGANTA;MONTE DAS OLIVEIRAS;369
65;329;Principal;-1;1678;E. E. RUY ALENCAR;NOVA CIDADE;383
65;342;Principal;-1;1686;E. E. ANA LUCIA DE MORAES COSTA E SILVA;COLÔNIA TERRA NOVA;390
65;357;Principal;-1;1708;E. E. ERNESTO PINHO FILHO;NOVA CIDADE;381
65;358;Principal;-1;1694;E. E. PROF. SEBASTIAO AUGUSTO LOUREIRO FILHO;NOVA CIDADE;391
65;359;Principal;-1;1520;E. M. CARMEM GUIMARAES HAGGE;COLÔNIA TERRA NOVA;393
65;360;Principal;-1;1678;E. E. RUY ALENCAR;NOVA CIDADE;394
65;361;Principal;-1;1600;E. E. ROBERTO DOS SANTOS VIEIRA;NOVA CIDADE;395
65;362;Principal;-1;1562;E. E. PROF. TEREZA SIQUEIRA TUPINAMBA;NOVA CIDADE;394
65;363;Principal;-1;1597;E. M. ANA SENA RODRIGUES;COLÔNIA TERRA NOVA;383
65;364;Principal;-1;1694;E. E. PROF. SEBASTIAO AUGUSTO LOUREIRO FILHO;NOVA CIDADE;395
65;365;Principal;-1;1627;E. M. JORNALISTA SABÁ RAPOSO;MONTE DAS OLIVEIRAS;369
65;366;Principal;-1;1686;E. E. ANA LUCIA DE MORAES COSTA E SILVA;COLÔNIA TERRA NOVA;396
65;367;Principal;-1;1538;E. M. DOM MILTON CORREA PEREIRA;MONTE DAS OLIVEIRAS;338
65;368;Principal;-1;1511;E. E. INSPETORA DULCINEIA VARELA MOURA;COLÔNIA TERRA NOVA;341
65;369;Principal;-1;1651;E. M. PROF. MARLY GARGANTA;MONTE DAS OLIVEIRAS;375
65;370;Principal;-1;1554;E. E. SAMUEL BENCHIMOL;NOVA CIDADE;367
65;371;Principal;-1;1708;E. E. ERNESTO PINHO FILHO;NOVA CIDADE;386
65;372;Principal;-1;1570;E. M. NINA DE ARAUJO COSTA LINS;MONTE DAS OLIVEIRAS;373
65;373;Principal;-1;1660;E. E. RAFAEL HENRIQUE PINHEIRO DOS SANTOS;COLÔNIA TERRA NOVA;389
65;374;Principal;-1;1619;E. M. ANTONIO MORAES;MONTE DAS OLIVEIRAS;371
65;375;Principal;-1;1643;E. E. SEBASTIÃO NORÕES;NOVA CIDADE;360
65;376;Principal;-1;1589;E. M. PROF. ISABEL VICTORIA DO CARMO RIBEIRO;COLÔNIA TERRA NOVA;399
65;377;Principal;-1;1546;E. M. VICENTE CRUZ;COLÔNIA TERRA NOVA;345
65;379;Principal;-1;1724;E. E. PROF DORVAL VARELA MOURA;NOVA CIDADE;330
65;380;Principal;-1;1635;E. M. PROF. SERGIO AUGUSTO PARÁ;NOVO ISRAEL;386
65;381;Principal;-1;1600;E. E. ROBERTO DOS SANTOS VIEIRA;NOVA CIDADE;387
65;382;Principal;-1;1538;E. M. DOM MILTON CORREA PEREIRA;MONTE DAS OLIVEIRAS;338
65;383;Principal;-1;1678;E. E. RUY ALENCAR;NOVA CIDADE;398
65;384;Principal;-1;1511;E. E. INSPETORA DULCINEIA VARELA MOURA;COLÔNIA TERRA NOVA;340
65;385;Principal;-1;1520;E. M. CARMEM GUIMARAES HAGGE;COLÔNIA TERRA NOVA;393
65;386;Principal;-1;1708;E. E. ERNESTO PINHO FILHO;NOVA CIDADE;383
65;387;Principal;-1;1597;E. M. ANA SENA RODRIGUES;COLÔNIA TERRA NOVA;388
65;388;Principal;-1;1562;E. E. PROF. TEREZA SIQUEIRA TUPINAMBA;NOVA CIDADE;396
65;389;Principal;-1;1694;E. E. PROF. SEBASTIAO AUGUSTO LOUREIRO FILHO;NOVA CIDADE;391
65;390;Principal;-1;1538;E. M. DOM MILTON CORREA PEREIRA;MONTE DAS OLIVEIRAS;342
65;391;Principal;-1;1600;E. E. ROBERTO DOS SANTOS VIEIRA;NOVA CIDADE;397
65;392;Principal;-1;1554;E. E. SAMUEL BENCHIMOL;NOVA CIDADE;370
65;393;Principal;-1;1678;E. E. RUY ALENCAR;NOVA CIDADE;393
65;394;Principal;-1;1651;E. M. PROF. MARLY GARGANTA;MONTE DAS OLIVEIRAS;374
65;395;Principal;-1;1546;E. M. VICENTE CRUZ;COLÔNIA TERRA NOVA;346
65;396;Principal;-1;1538;E. M. DOM MILTON CORREA PEREIRA;MONTE DAS OLIVEIRAS;337
65;397;Principal;-1;1619;E. M. ANTONIO MORAES;MONTE DAS OLIVEIRAS;369
65;398;Principal;-1;1724;E. E. PROF DORVAL VARELA MOURA;NOVA CIDADE;331
65;399;Principal;-1;1511;E. E. INSPETORA DULCINEIA VARELA MOURA;COLÔNIA TERRA NOVA;342
65;400;Principal;-1;1520;E. M. CARMEM GUIMARAES HAGGE;COLÔNIA TERRA NOVA;390
65;401;Principal;-1;1600;E. E. ROBERTO DOS SANTOS VIEIRA;NOVA CIDADE;388
65;402;Principal;-1;1708;E. E. ERNESTO PINHO FILHO;NOVA CIDADE;388
65;403;Principal;-1;1694;E. E. PROF. SEBASTIAO AUGUSTO LOUREIRO FILHO;NOVA CIDADE;393
65;404;Principal;-1;1627;E. M. JORNALISTA SABÁ RAPOSO;MONTE DAS OLIVEIRAS;364
65;405;Principal;-1;1686;E. E. ANA LUCIA DE MORAES COSTA E SILVA;COLÔNIA TERRA NOVA;392
65;406;Principal;-1;1562;E. E. PROF. TEREZA SIQUEIRA TUPINAMBA;NOVA CIDADE;393
65;407;Principal;-1;1678;E. E. RUY ALENCAR;NOVA CIDADE;394
65;408;Principal;-1;1660;E. E. RAFAEL HENRIQUE PINHEIRO DOS SANTOS;COLÔNIA TERRA NOVA;384
65;409;Principal;-1;1597;E. M. ANA SENA RODRIGUES;COLÔNIA TERRA NOVA;386
65;410;Principal;-1;1643;E. E. SEBASTIÃO NORÕES;NOVA CIDADE;358
65;411;Principal;-1;1570;E. M. NINA DE ARAUJO COSTA LINS;MONTE DAS OLIVEIRAS;369
65;412;Principal;-1;1538;E. M. DOM MILTON CORREA PEREIRA;MONTE DAS OLIVEIRAS;337
65;413;Principal;-1;1600;E. E. ROBERTO DOS SANTOS VIEIRA;NOVA CIDADE;390
65;414;Principal;-1;1520;E. M. CARMEM GUIMARAES HAGGE;COLÔNIA TERRA NOVA;392
65;415;Principal;-1;1694;E. E. PROF. SEBASTIAO AUGUSTO LOUREIRO FILHO;NOVA CIDADE;400
65;416;Principal;-1;1554;E. E. SAMUEL BENCHIMOL;NOVA CIDADE;367
65;417;Principal;-1;1678;E. E. RUY ALENCAR;NOVA CIDADE;395
65;418;Principal;-1;1651;E. M. PROF. MARLY GARGANTA;MONTE DAS OLIVEIRAS;375
65;419;Principal;-1;1708;E. E. ERNESTO PINHO FILHO;NOVA CIDADE;384
65;420;Principal;-1;1562;E. E. PROF. TEREZA SIQUEIRA TUPINAMBA;NOVA CIDADE;392
65;421;Principal;-1;1511;E. E. INSPETORA DULCINEIA VARELA MOURA;COLÔNIA TERRA NOVA;355
65;422;Principal;-1;1538;E. M. DOM MILTON CORREA PEREIRA;MONTE DAS OLIVEIRAS;336
65;423;Principal;-1;1600;E. E. ROBERTO DOS SANTOS VIEIRA;NOVA CIDADE;398
65;424;Principal;-1;1597;E. M. ANA SENA RODRIGUES;COLÔNIA TERRA NOVA;380
65;425;Principal;-1;1520;E. M. CARMEM GUIMARAES HAGGE;COLÔNIA TERRA NOVA;389
65;426;Principal;-1;1546;E. M. VICENTE CRUZ;COLÔNIA TERRA NOVA;347
65;427;Principal;-1;1724;E. E. PROF DORVAL VARELA MOURA;NOVA CIDADE;330
65;428;Principal;-1;1619;E. M. ANTONIO MORAES;MONTE DAS OLIVEIRAS;365
65;429;Principal;-1;1694;E. E. PROF. SEBASTIAO AUGUSTO LOUREIRO FILHO;NOVA CIDADE;396
65;430;Principal;-1;1678;E. E. RUY ALENCAR;NOVA CIDADE;396
65;431;Principal;-1;1538;E. M. DOM MILTON CORREA PEREIRA;MONTE DAS OLIVEIRAS;337
65;432;Principal;-1;1627;E. M. JORNALISTA SABÁ RAPOSO;MONTE DAS OLIVEIRAS;362
65;433;Principal;-1;1589;E. M. PROF. ISABEL VICTORIA DO CARMO RIBEIRO;COLÔNIA TERRA NOVA;398
65;434;Principal;-1;1600;E. E. ROBERTO DOS SANTOS VIEIRA;NOVA CIDADE;392
65;435;Principal;-1;1708;E. E. ERNESTO PINHO FILHO;NOVA CIDADE;385
65;436;Principal;-1;1562;E. E. PROF. TEREZA SIQUEIRA TUPINAMBA;NOVA CIDADE;394
65;437;Principal;-1;1511;E. E. INSPETORA DULCINEIA VARELA MOURA;COLÔNIA TERRA NOVA;349
65;438;Principal;-1;1520;E. M. CARMEM GUIMARAES HAGGE;COLÔNIA TERRA NOVA;394
65;439;Principal;-1;1686;E. E. ANA LUCIA DE MORAES COSTA E SILVA;COLÔNIA TERRA NOVA;388
65;440;Principal;-1;1660;E. E. RAFAEL HENRIQUE PINHEIRO DOS SANTOS;COLÔNIA TERRA NOVA;385
65;441;Principal;-1;1538;E. M. DOM MILTON CORREA PEREIRA;MONTE DAS OLIVEIRAS;333
65;442;Principal;-1;1651;E. M. PROF. MARLY GARGANTA;MONTE DAS OLIVEIRAS;376
65;443;Principal;-1;1597;E. M. ANA SENA RODRIGUES;COLÔNIA TERRA NOVA;387
65;444;Principal;-1;1694;E. E. PROF. SEBASTIAO AUGUSTO LOUREIRO FILHO;NOVA CIDADE;395
65;445;Principal;-1;1554;E. E. SAMUEL BENCHIMOL;NOVA CIDADE;372
65;446;Principal;-1;1570;E. M. NINA DE ARAUJO COSTA LINS;MONTE DAS OLIVEIRAS;372
65;447;Principal;-1;1678;E. E. RUY ALENCAR;NOVA CIDADE;393
65;448;Principal;-1;1600;E. E. ROBERTO DOS SANTOS VIEIRA;NOVA CIDADE;395
65;449;Principal;-1;1643;E. E. SEBASTIÃO NORÕES;NOVA CIDADE;358
65;450;Principal;-1;1538;E. M. DOM MILTON CORREA PEREIRA;MONTE DAS OLIVEIRAS;335
65;451;Principal;-1;1724;E. E. PROF DORVAL VARELA MOURA;NOVA CIDADE;329
65;452;Principal;-1;1619;E. M. ANTONIO MORAES;MONTE DAS OLIVEIRAS;366
65;453;Principal;-1;1520;E. M. CARMEM GUIMARAES HAGGE;COLÔNIA TERRA NOVA;392
65;454;Principal;-1;1708;E. E. ERNESTO PINHO FILHO;NOVA CIDADE;383
65;455;Principal;-1;1511;E. E. INSPETORA DULCINEIA VARELA MOURA;COLÔNIA TERRA NOVA;340
65;456;Principal;-1;1694;E. E. PROF. SEBASTIAO AUGUSTO LOUREIRO FILHO;NOVA CIDADE;394
65;457;Principal;-1;1597;E. M. ANA SENA RODRIGUES;COLÔNIA TERRA NOVA;383
65;458;Principal;-1;1562;E. E. PROF. TEREZA SIQUEIRA TUPINAMBA;NOVA CIDADE;395
65;459;Principal;-1;1600;E. E. ROBERTO DOS SANTOS VIEIRA;NOVA CIDADE;393
65;460;Principal;-1;1678;E. E. RUY ALENCAR;NOVA CIDADE;395
65;461;Principal;-1;1651;E. M. PROF. MARLY GARGANTA;MONTE DAS OLIVEIRAS;374
65;462;Principal;-1;1627;E. M. JORNALISTA SABÁ RAPOSO;MONTE DAS OLIVEIRAS;365
65;463;Principal;-1;1546;E. M. VICENTE CRUZ;COLÔNIA TERRA NOVA;348
65;464;Principal;-1;1554;E. E. SAMUEL BENCHIMOL;NOVA CIDADE;371
65;465;Principal;-1;1520;E. M. CARMEM GUIMARAES HAGGE;COLÔNIA TERRA NOVA;392
65;466;Principal;-1;1511;E. E. INSPETORA DULCINEIA VARELA MOURA;COLÔNIA TERRA NOVA;342
65;467;Principal;-1;1600;E. E. ROBERTO DOS SANTOS VIEIRA;NOVA CIDADE;392
65;468;Principal;-1;1694;E. E. PROF. SEBASTIAO AUGUSTO LOUREIRO FILHO;NOVA CIDADE;390
65;469;Principal;-1;1686;E. E. ANA LUCIA DE MORAES COSTA E SILVA;COLÔNIA TERRA NOVA;393
65;470;Principal;-1;1660;E. E. RAFAEL HENRIQUE PINHEIRO DOS SANTOS;COLÔNIA TERRA NOVA;385
65;471;Principal;-1;1597;E. M. ANA SENA RODRIGUES;COLÔNIA TERRA NOVA;385
65;472;Principal;-1;1619;E. M. ANTONIO MORAES;MONTE DAS OLIVEIRAS;366
65;473;Principal;-1;1678;E. E. RUY ALENCAR;NOVA CIDADE;396
65;474;Principal;-1;1708;E. E. ERNESTO PINHO FILHO;NOVA CIDADE;388
65;475;Principal;-1;1570;E. M. NINA DE ARAUJO COSTA LINS;MONTE DAS OLIVEIRAS;371
65;476;Principal;-1;1554;E. E. SAMUEL BENCHIMOL;NOVA CIDADE;375
65;477;Principal;-1;1589;E. M. PROF. ISABEL VICTORIA DO CARMO RIBEIRO;COLÔNIA TERRA NOVA;394
65;478;Principal;-1;1651;E. M. PROF. MARLY GARGANTA;MONTE DAS OLIVEIRAS;374
65;479;Principal;-1;1562;E. E. PROF. TEREZA SIQUEIRA TUPINAMBA;NOVA CIDADE;391
65;480;Principal;-1;1600;E. E. ROBERTO DOS SANTOS VIEIRA;NOVA CIDADE;394
65;481;Principal;-1;1724;E. E. PROF DORVAL VARELA MOURA;NOVA CIDADE;325
65;482;Principal;-1;1511;E. E. INSPETORA DULCINEIA VARELA MOURA;COLÔNIA TERRA NOVA;340
65;483;Principal;-1;1694;E. E. PROF. SEBASTIAO AUGUSTO LOUREIRO FILHO;NOVA CIDADE;397
65;484;Principal;-1;1643;E. E. SEBASTIÃO NORÕES;NOVA CIDADE;352
65;485;Principal;-1;1600;E. E. ROBERTO DOS SANTOS VIEIRA;NOVA CIDADE;392
65;486;Principal;-1;1708;E. E. ERNESTO PINHO FILHO;NOVA CIDADE;383
65;487;Principal;-1;1554;E. E. SAMUEL BENCHIMOL;NOVA CIDADE;372
65;488;Principal;-1;1619;E. M. ANTONIO MORAES;MONTE DAS OLIVEIRAS;370
65;489;Principal;-1;1651;E. M. PROF. MARLY GARGANTA;MONTE DAS OLIVEIRAS;373
65;490;Principal;-1;1686;E. E. ANA LUCIA DE MORAES COSTA E SILVA;COLÔNIA TERRA NOVA;394
65;491;Principal;-1;1694;E. E. PROF. SEBASTIAO AUGUSTO LOUREIRO FILHO;NOVA CIDADE;392
65;492;Principal;-1;1627;E. M. JORNALISTA SABÁ RAPOSO;MONTE DAS OLIVEIRAS;363
65;493;Principal;-1;1511;E. E. INSPETORA DULCINEIA VARELA MOURA;COLÔNIA TERRA NOVA;339
65;494;Principal;-1;1660;E. E. RAFAEL HENRIQUE PINHEIRO DOS SANTOS;COLÔNIA TERRA NOVA;384
65;495;Principal;-1;1562;E. E. PROF. TEREZA SIQUEIRA TUPINAMBA;NOVA CIDADE;398
65;496;Principal;-1;1724;E. E. PROF DORVAL VARELA MOURA;NOVA CIDADE;333
65;497;Principal;-1;1570;E. M. NINA DE ARAUJO COSTA LINS;MONTE DAS OLIVEIRAS;370
65;498;Principal;-1;1554;E. E. SAMUEL BENCHIMOL;NOVA CIDADE;374
65;499;Principal;-1;1651;E. M. PROF. MARLY GARGANTA;MONTE DAS OLIVEIRAS;374
65;500;Principal;-1;1694;E. E. PROF. SEBASTIAO AUGUSTO LOUREIRO FILHO;NOVA CIDADE;393
65;501;Principal;-1;1511;E. E. INSPETORA DULCINEIA VARELA MOURA;COLÔNIA TERRA NOVA;338
65;502;Principal;-1;1554;E. E. SAMUEL BENCHIMOL;NOVA CIDADE;369
65;503;Principal;-1;1619;E. M. ANTONIO MORAES;MONTE DAS OLIVEIRAS;369
65;504;Principal;-1;1562;E. E. PROF. TEREZA SIQUEIRA TUPINAMBA;NOVA CIDADE;395
65;505;Principal;-1;1589;E. M. PROF. ISABEL VICTORIA DO CARMO RIBEIRO;COLÔNIA TERRA NOVA;394
65;506;Principal;-1;1724;E. E. PROF DORVAL VARELA MOURA;NOVA CIDADE;327
65;507;Principal;-1;1554;E. E. SAMUEL BENCHIMOL;NOVA CIDADE;372
65;508;Principal;-1;1651;E. M. PROF. MARLY GARGANTA;MONTE DAS OLIVEIRAS;373
65;509;Principal;-1;1694;E. E. PROF. SEBASTIAO AUGUSTO LOUREIRO FILHO;NOVA CIDADE;391
65;510;Principal;-1;1686;E. E. ANA LUCIA DE MORAES COSTA E SILVA;COLÔNIA TERRA NOVA;389
65;511;Principal;-1;1660;E. E. RAFAEL HENRIQUE PINHEIRO DOS SANTOS;COLÔNIA TERRA NOVA;381
65;512;Principal;-1;1643;E. E. SEBASTIÃO NORÕES;NOVA CIDADE;357
65;513;Principal;-1;1554;E. E. SAMUEL BENCHIMOL;NOVA CIDADE;372
65;514;Principal;-1;1724;E. E. PROF DORVAL VARELA MOURA;NOVA CIDADE;328
65;515;Principal;-1;1627;E. M. JORNALISTA SABÁ RAPOSO;MONTE DAS OLIVEIRAS;363
65;516;Principal;-1;1619;E. M. ANTONIO MORAES;MONTE DAS OLIVEIRAS;368
65;517;Principal;-1;1570;E. M. NINA DE ARAUJO COSTA LINS;MONTE DAS OLIVEIRAS;369
65;518;Principal;-1;1511;E. E. INSPETORA DULCINEIA VARELA MOURA;COLÔNIA TERRA NOVA;330
65;519;Principal;-1;1600;E. E. ROBERTO DOS SANTOS VIEIRA;NOVA CIDADE;388
65;520;Principal;-1;1708;E. E. ERNESTO PINHO FILHO;NOVA CIDADE;388
65;521;Principal;-1;1538;E. M. DOM MILTON CORREA PEREIRA;MONTE DAS OLIVEIRAS;331
65;522;Principal;-1;1759;CETI JOAO DOS SANTOS BRAGA;NOVA CIDADE;354
65;523;Principal;-1;1554;E. E. SAMUEL BENCHIMOL;NOVA CIDADE;370
65;524;Principal;-1;1686;E. E. ANA LUCIA DE MORAES COSTA E SILVA;COLÔNIA TERRA NOVA;392
65;525;Principal;-1;1600;E. E. ROBERTO DOS SANTOS VIEIRA;NOVA CIDADE;390
65;526;Principal;-1;1538;E. M. DOM MILTON CORREA PEREIRA;MONTE DAS OLIVEIRAS;338
65;527;Principal;-1;1619;E. M. ANTONIO MORAES;MONTE DAS OLIVEIRAS;368
65;528;Principal;-1;1660;E. E. RAFAEL HENRIQUE PINHEIRO DOS SANTOS;COLÔNIA TERRA NOVA;383
65;529;Principal;-1;1511;E. E. INSPETORA DULCINEIA VARELA MOURA;COLÔNIA TERRA NOVA;342
65;530;Principal;-1;1724;E. E. PROF DORVAL VARELA MOURA;NOVA CIDADE;331
65;531;Principal;-1;1759;CETI JOAO DOS SANTOS BRAGA;NOVA CIDADE;353
65;532;Principal;-1;1708;E. E. ERNESTO PINHO FILHO;NOVA CIDADE;384
65;533;Principal;-1;1600;E. E. ROBERTO DOS SANTOS VIEIRA;NOVA CIDADE;391
65;534;Principal;-1;1511;E. E. INSPETORA DULCINEIA VARELA MOURA;COLÔNIA TERRA NOVA;326
65;535;Principal;-1;1554;E. E. SAMUEL BENCHIMOL;NOVA CIDADE;372
65;536;Principal;-1;1627;E. M. JORNALISTA SABÁ RAPOSO;MONTE DAS OLIVEIRAS;365
65;537;Principal;-1;1619;E. M. ANTONIO MORAES;MONTE DAS OLIVEIRAS;362
65;538;Principal;-1;1686;E. E. ANA LUCIA DE MORAES COSTA E SILVA;COLÔNIA TERRA NOVA;385
65;539;Principal;-1;1589;E. M. PROF. ISABEL VICTORIA DO CARMO RIBEIRO;COLÔNIA TERRA NOVA;395
65;540;Principal;-1;1570;E. M. NINA DE ARAUJO COSTA LINS;MONTE DAS OLIVEIRAS;373
65;541;Principal;-1;1724;E. E. PROF DORVAL VARELA MOURA;NOVA CIDADE;330
65;542;Principal;-1;1600;E. E. ROBERTO DOS SANTOS VIEIRA;NOVA CIDADE;394
65;543;Principal;-1;1538;E. M. DOM MILTON CORREA PEREIRA;MONTE DAS OLIVEIRAS;333
65;544;Principal;-1;1759;CETI JOAO DOS SANTOS BRAGA;NOVA CIDADE;356
65;545;Principal;-1;1562;E. E. PROF. TEREZA SIQUEIRA TUPINAMBA;NOVA CIDADE;393
65;546;Principal;-1;1708;E. E. ERNESTO PINHO FILHO;NOVA CIDADE;384
65;547;Principal;-1;1660;E. E. RAFAEL HENRIQUE PINHEIRO DOS SANTOS;COLÔNIA TERRA NOVA;384
65;548;Principal;-1;1546;E. M. VICENTE CRUZ;COLÔNIA TERRA NOVA;347
65;549;Principal;-1;1554;E. E. SAMUEL BENCHIMOL;NOVA CIDADE;370
65;550;Principal;-1;1732;E. M. OLGA GUTMANN BENARIO;COLÔNIA TERRA NOVA;340
65;551;Principal;-1;1600;E. E. ROBERTO DOS SANTOS VIEIRA;NOVA CIDADE;391
65;552;Principal;-1;1686;E. E. ANA LUCIA DE MORAES COSTA E SILVA;COLÔNIA TERRA NOVA;398
65;553;Principal;-1;1538;E. M. DOM MILTON CORREA PEREIRA;MONTE DAS OLIVEIRAS;335
65;554;Principal;-1;1643;E. E. SEBASTIÃO NORÕES;NOVA CIDADE;356
65;555;Principal;-1;1759;CETI JOAO DOS SANTOS BRAGA;NOVA CIDADE;350
65;556;Principal;-1;1627;E. M. JORNALISTA SABÁ RAPOSO;MONTE DAS OLIVEIRAS;360
65;557;Principal;-1;1740;CMEI PROF DR FELIX VALOIS COELHO;NOVA CIDADE;303
65;558;Principal;-1;1570;E. M. NINA DE ARAUJO COSTA LINS;MONTE DAS OLIVEIRAS;371
65;559;Principal;-1;1724;E. E. PROF DORVAL VARELA MOURA;NOVA CIDADE;331
65;560;Principal;-1;1686;E. E. ANA LUCIA DE MORAES COSTA E SILVA;COLÔNIA TERRA NOVA;392
65;561;Principal;-1;1759;CETI JOAO DOS SANTOS BRAGA;NOVA CIDADE;355
65;562;Principal;-1;1740;CMEI PROF DR FELIX VALOIS COELHO;NOVA CIDADE;303
65;563;Principal;-1;1554;E. E. SAMUEL BENCHIMOL;NOVA CIDADE;368
65;564;Principal;-1;1627;E. M. JORNALISTA SABÁ RAPOSO;MONTE DAS OLIVEIRAS;365
65;565;Principal;-1;1660;E. E. RAFAEL HENRIQUE PINHEIRO DOS SANTOS;COLÔNIA TERRA NOVA;378
65;566;Principal;-1;1589;E. M. PROF. ISABEL VICTORIA DO CARMO RIBEIRO;COLÔNIA TERRA NOVA;393
65;567;Principal;-1;1740;CMEI PROF DR FELIX VALOIS COELHO;NOVA CIDADE;305
65;568;Principal;-1;1686;E. E. ANA LUCIA DE MORAES COSTA E SILVA;COLÔNIA TERRA NOVA;398
65;569;Principal;-1;1570;E. M. NINA DE ARAUJO COSTA LINS;MONTE DAS OLIVEIRAS;371
65;570;Principal;-1;1627;E. M. JORNALISTA SABÁ RAPOSO;MONTE DAS OLIVEIRAS;362
65;571;Principal;-1;1554;E. E. SAMUEL BENCHIMOL;NOVA CIDADE;368
65;572;Principal;-1;1740;CMEI PROF DR FELIX VALOIS COELHO;NOVA CIDADE;304
65;573;Principal;-1;1724;E. E. PROF DORVAL VARELA MOURA;NOVA CIDADE;328
65;574;Principal;-1;1759;CETI JOAO DOS SANTOS BRAGA;NOVA CIDADE;353
65;575;Principal;-1;1740;CMEI PROF DR FELIX VALOIS COELHO;NOVA CIDADE;302
65;576;Principal;-1;1627;E. M. JORNALISTA SABÁ RAPOSO;MONTE DAS OLIVEIRAS;353
65;577;Principal;-1;1635;E. M. PROF. SERGIO AUGUSTO PARÁ;NOVO ISRAEL;374
65;578;Principal;-1;1554;E. E. SAMUEL BENCHIMOL;NOVA CIDADE;368
65;579;Principal;-1;1570;E. M. NINA DE ARAUJO COSTA LINS;MONTE DAS OLIVEIRAS;367
65;580;Principal;-1;1660;E. E. RAFAEL HENRIQUE PINHEIRO DOS SANTOS;COLÔNIA TERRA NOVA;379
65;581;Principal;-1;1724;E. E. PROF DORVAL VARELA MOURA;NOVA CIDADE;322
65;582;Principal;-1;1694;E. E. PROF. SEBASTIAO AUGUSTO LOUREIRO FILHO;NOVA CIDADE;389
65;583;Principal;-1;1759;CETI JOAO DOS SANTOS BRAGA;NOVA CIDADE;354
65;584;Principal;-1;1740;CMEI PROF DR FELIX VALOIS COELHO;NOVA CIDADE;301
65;586;Principal;-1;1767;E. M. PROF RAIMUNDA ENEIDA CERQUINHO DA SILVA.;NOVO ISRAEL;373
65;587;Principal;-1;1767;E. M. PROF RAIMUNDA ENEIDA CERQUINHO DA SILVA.;NOVO ISRAEL;375
65;588;Principal;-1;1767;E. M. PROF RAIMUNDA ENEIDA CERQUINHO DA SILVA.;NOVO ISRAEL;373
65;589;Principal;-1;1767;E. M. PROF RAIMUNDA ENEIDA CERQUINHO DA SILVA.;NOVO ISRAEL;376
65;590;Principal;-1;1767;E. M. PROF RAIMUNDA ENEIDA CERQUINHO DA SILVA.;NOVO ISRAEL;375
65;591;Principal;-1;1767;E. M. PROF RAIMUNDA ENEIDA CERQUINHO DA SILVA.;NOVO ISRAEL;371
65;592;Principal;-1;1767;E. M. PROF RAIMUNDA ENEIDA CERQUINHO DA SILVA.;NOVO ISRAEL;372
65;593;Principal;-1;1767;E. M. PROF RAIMUNDA ENEIDA CERQUINHO DA SILVA.;NOVO ISRAEL;374
65;594;Principal;-1;1767;E. M. PROF RAIMUNDA ENEIDA CERQUINHO DA SILVA.;NOVO ISRAEL;364
65;596;Principal;-1;1775;E. E. ANTOGILDO PASCOAL VIANA;NOVO ISRAEL;385
65;597;Principal;-1;1775;E. E. ANTOGILDO PASCOAL VIANA;NOVO ISRAEL;383
65;598;Principal;-1;1775;E. E. ANTOGILDO PASCOAL VIANA;NOVO ISRAEL;383
65;599;Principal;-1;1775;E. E. ANTOGILDO PASCOAL VIANA;NOVO ISRAEL;386
65;600;Principal;-1;1775;E. E. ANTOGILDO PASCOAL VIANA;NOVO ISRAEL;382
65;601;Principal;-1;1775;E. E. ANTOGILDO PASCOAL VIANA;NOVO ISRAEL;386
65;602;Principal;-1;1775;E. E. ANTOGILDO PASCOAL VIANA;NOVO ISRAEL;383
65;603;Principal;-1;1775;E. E. ANTOGILDO PASCOAL VIANA;NOVO ISRAEL;387
65;604;Principal;-1;1775;E. E. ANTOGILDO PASCOAL VIANA;NOVO ISRAEL;385
65;605;Principal;-1;1775;E. E. ANTOGILDO PASCOAL VIANA;NOVO ISRAEL;382
65;606;Principal;-1;1775;E. E. ANTOGILDO PASCOAL VIANA;NOVO ISRAEL;377
65;608;Principal;-1;1783;E. M. PROF RITA DE CASSIA C. SILVA;NOVO ISRAEL;369
65;609;Principal;-1;1783;E. M. PROF RITA DE CASSIA C. SILVA;NOVO ISRAEL;363
65;610;Principal;-1;1783;E. M. PROF RITA DE CASSIA C. SILVA;NOVO ISRAEL;367
65;611;Principal;-1;1783;E. M. PROF RITA DE CASSIA C. SILVA;NOVO ISRAEL;367
65;612;Principal;-1;1783;E. M. PROF RITA DE CASSIA C. SILVA;NOVO ISRAEL;366
65;613;Principal;-1;1783;E. M. PROF RITA DE CASSIA C. SILVA;NOVO ISRAEL;366
65;614;Principal;-1;1783;E. M. PROF RITA DE CASSIA C. SILVA;NOVO ISRAEL;368
65;615;Principal;-1;1783;E. M. PROF RITA DE CASSIA C. SILVA;NOVO ISRAEL;365
65;616;Principal;-1;1783;E. M. PROF RITA DE CASSIA C. SILVA;NOVO ISRAEL;359
65;618;Principal;-1;1791;E. M. RUBENS SVERNER;NOVO ISRAEL;371
65;619;Principal;-1;1791;E. M. RUBENS SVERNER;NOVO ISRAEL;371
65;620;Principal;-1;1791;E. M. RUBENS SVERNER;NOVO ISRAEL;371
65;621;Principal;-1;1791;E. M. RUBENS SVERNER;NOVO ISRAEL;373
65;622;Principal;-1;1791;E. M. RUBENS SVERNER;NOVO ISRAEL;369
65;623;Principal;-1;1791;E. M. RUBENS SVERNER;NOVO ISRAEL;372
65;624;Principal;-1;1791;E. M. RUBENS SVERNER;NOVO ISRAEL;374
65;625;Principal;-1;1791;E. M. RUBENS SVERNER;NOVO ISRAEL;371
65;626;Principal;-1;1791;E. M. RUBENS SVERNER;NOVO ISRAEL;367
65;627;Principal;-1;1791;E. M. RUBENS SVERNER;NOVO ISRAEL;366
65;628;Principal;-1;1791;E. M. RUBENS SVERNER;NOVO ISRAEL;359
65;629;Principal;-1;1600;E. E. ROBERTO DOS SANTOS VIEIRA;NOVA CIDADE;385
65;630;Principal;-1;1805;E. E. LECITA FONSECA RAMOS;MONTE DAS OLIVEIRAS;329
65;631;Principal;-1;1813;CMEI EVA GOMES DO NASCIMENTO;NOVO ISRAEL;317
65;632;Principal;-1;1821;E.M.E.F. MADALENA DOS SANTOS COSTA;NOVO ISRAEL;241
65;633;Principal;-1;1708;E. E. ERNESTO PINHO FILHO;NOVA CIDADE;385
65;634;Principal;-1;1660;E. E. RAFAEL HENRIQUE PINHEIRO DOS SANTOS;COLÔNIA TERRA NOVA;380
65;635;Principal;-1;1759;CETI JOAO DOS SANTOS BRAGA;NOVA CIDADE;353
65;636;Principal;-1;1724;E. E. PROF DORVAL VARELA MOURA;NOVA CIDADE;330
65;637;Principal;-1;1830;CETI DRA ZILDA ARNS NEUMANN;COLÔNIA TERRA NOVA;344
65;638;Principal;-1;1805;E. E. LECITA FONSECA RAMOS;MONTE DAS OLIVEIRAS;328
65;639;Principal;-1;1732;E. M. OLGA GUTMANN BENARIO;COLÔNIA TERRA NOVA;345
65;640;Principal;-1;1740;CMEI PROF DR FELIX VALOIS COELHO;NOVA CIDADE;306
65;641;Principal;-1;1759;CETI JOAO DOS SANTOS BRAGA;NOVA CIDADE;354
65;642;Principal;-1;1805;E. E. LECITA FONSECA RAMOS;MONTE DAS OLIVEIRAS;329
65;643;Principal;-1;1694;E. E. PROF. SEBASTIAO AUGUSTO LOUREIRO FILHO;NOVA CIDADE;391
65;644;Principal;-1;1813;CMEI EVA GOMES DO NASCIMENTO;NOVO ISRAEL;313
65;645;Principal;-1;1830;CETI DRA ZILDA ARNS NEUMANN;COLÔNIA TERRA NOVA;344
65;646;Principal;-1;1740;CMEI PROF DR FELIX VALOIS COELHO;NOVA CIDADE;305
65;647;Principal;-1;1848;E. M. PROF DULCENIDES DOS SANTOS DIAS;COLÔNIA TERRA NOVA;345
65;648;Principal;-1;1805;E. E. LECITA FONSECA RAMOS;MONTE DAS OLIVEIRAS;329
65;649;Principal;-1;1600;E. E. ROBERTO DOS SANTOS VIEIRA;NOVA CIDADE;394
65;650;Principal;-1;1554;E. E. SAMUEL BENCHIMOL;NOVA CIDADE;373
65;651;Principal;-1;1759;CETI JOAO DOS SANTOS BRAGA;NOVA CIDADE;356
65;652;Principal;-1;1740;CMEI PROF DR FELIX VALOIS COELHO;NOVA CIDADE;307
65;653;Principal;-1;1635;E. M. PROF. SERGIO AUGUSTO PARÁ;NOVO ISRAEL;381
65;654;Principal;-1;1830;CETI DRA ZILDA ARNS NEUMANN;COLÔNIA TERRA NOVA;339
65;655;Principal;-1;1627;E. M. JORNALISTA SABÁ RAPOSO;MONTE DAS OLIVEIRAS;364
65;656;Principal;-1;1805;E. E. LECITA FONSECA RAMOS;MONTE DAS OLIVEIRAS;328
65;657;Principal;-1;1589;E. M. PROF. ISABEL VICTORIA DO CARMO RIBEIRO;COLÔNIA TERRA NOVA;392
65;658;Principal;-1;1600;E. E. ROBERTO DOS SANTOS VIEIRA;NOVA CIDADE;393
65;659;Principal;-1;1759;CETI JOAO DOS SANTOS BRAGA;NOVA CIDADE;357
65;660;Principal;-1;1821;E.M.E.F. MADALENA DOS SANTOS COSTA;NOVO ISRAEL;245
65;661;Principal;-1;1856;E. E. ANA NEIRE MARQUES DA SILVA;NOVA CIDADE;345
65;662;Principal;-1;1864;E. M. RAIMUNDO ALMEIDA LÚCIO;COLÔNIA TERRA NOVA;360
65;663;Principal;-1;1554;E. E. SAMUEL BENCHIMOL;NOVA CIDADE;375
65;664;Principal;-1;1805;E. E. LECITA FONSECA RAMOS;MONTE DAS OLIVEIRAS;327
65;665;Principal;-1;1600;E. E. ROBERTO DOS SANTOS VIEIRA;NOVA CIDADE;394
65;666;Principal;-1;1759;CETI JOAO DOS SANTOS BRAGA;NOVA CIDADE;356
65;667;Principal;-1;1740;CMEI PROF DR FELIX VALOIS COELHO;NOVA CIDADE;362
65;668;Principal;-1;1830;CETI DRA ZILDA ARNS NEUMANN;COLÔNIA TERRA NOVA;339
65;669;Principal;-1;1848;E. M. PROF DULCENIDES DOS SANTOS DIAS;COLÔNIA TERRA NOVA;344
65;670;Principal;-1;1813;CMEI EVA GOMES DO NASCIMENTO;NOVO ISRAEL;317
65;671;Principal;-1;1759;CETI JOAO DOS SANTOS BRAGA;NOVA CIDADE;353
65;672;Principal;-1;1805;E. E. LECITA FONSECA RAMOS;MONTE DAS OLIVEIRAS;330
65;673;Principal;-1;1740;CMEI PROF DR FELIX VALOIS COELHO;NOVA CIDADE;360
65;674;Principal;-1;1856;E. E. ANA NEIRE MARQUES DA SILVA;NOVA CIDADE;342
65;675;Principal;-1;1732;E. M. OLGA GUTMANN BENARIO;COLÔNIA TERRA NOVA;343
65;676;Principal;-1;1635;E. M. PROF. SERGIO AUGUSTO PARÁ;NOVO ISRAEL;389
65;677;Principal;-1;1830;CETI DRA ZILDA ARNS NEUMANN;COLÔNIA TERRA NOVA;341
65;678;Principal;-1;1759;CETI JOAO DOS SANTOS BRAGA;NOVA CIDADE;352
65;679;Principal;-1;1813;CMEI EVA GOMES DO NASCIMENTO;NOVO ISRAEL;310
65;680;Principal;-1;1740;CMEI PROF DR FELIX VALOIS COELHO;NOVA CIDADE;360
65;681;Principal;-1;1643;E. E. SEBASTIÃO NORÕES;NOVA CIDADE;351
65;682;Principal;-1;1880;CMEI IRMÃO CIRO R M FONSECA;MONTE DAS OLIVEIRAS;310
65;683;Principal;-1;1805;E. E. LECITA FONSECA RAMOS;MONTE DAS OLIVEIRAS;340
65;684;Principal;-1;1856;E. E. ANA NEIRE MARQUES DA SILVA;NOVA CIDADE;342
65;685;Principal;-1;1759;CETI JOAO DOS SANTOS BRAGA;NOVA CIDADE;351
65;686;Principal;-1;1864;E. M. RAIMUNDO ALMEIDA LÚCIO;COLÔNIA TERRA NOVA;352
65;687;Principal;-1;1830;CETI DRA ZILDA ARNS NEUMANN;COLÔNIA TERRA NOVA;343
65;688;Principal;-1;1821;E.M.E.F. MADALENA DOS SANTOS COSTA;NOVO ISRAEL;201
65;689;Principal;-1;1848;E. M. PROF DULCENIDES DOS SANTOS DIAS;COLÔNIA TERRA NOVA;340
65;690;Principal;-1;1805;E. E. LECITA FONSECA RAMOS;MONTE DAS OLIVEIRAS;336
65;691;Principal;-1;1740;CMEI PROF DR FELIX VALOIS COELHO;NOVA CIDADE;359
65;692;Principal;-1;1759;CETI JOAO DOS SANTOS BRAGA;NOVA CIDADE;354
65;693;Principal;-1;1899;E. E. SENADOR JEFFERSON CARPINTEIRO PERES;NOVA CIDADE;304
65;694;Principal;-1;1813;CMEI EVA GOMES DO NASCIMENTO;NOVO ISRAEL;312
65;695;Principal;-1;1635;E. M. PROF. SERGIO AUGUSTO PARÁ;NOVO ISRAEL;387
65;696;Principal;-1;1856;E. E. ANA NEIRE MARQUES DA SILVA;NOVA CIDADE;340
65;697;Principal;-1;1805;E. E. LECITA FONSECA RAMOS;MONTE DAS OLIVEIRAS;340
65;698;Principal;-1;1740;CMEI PROF DR FELIX VALOIS COELHO;NOVA CIDADE;362
65;699;Principal;-1;1759;CETI JOAO DOS SANTOS BRAGA;NOVA CIDADE;355
65;700;Principal;-1;1830;CETI DRA ZILDA ARNS NEUMANN;COLÔNIA TERRA NOVA;338
65;701;Principal;-1;1880;CMEI IRMÃO CIRO R M FONSECA;MONTE DAS OLIVEIRAS;175
65;702;Principal;-1;1759;CETI JOAO DOS SANTOS BRAGA;NOVA CIDADE;345
65;703;Principal;-1;1805;E. E. LECITA FONSECA RAMOS;MONTE DAS OLIVEIRAS;325
65;704;Principal;-1;1830;CETI DRA ZILDA ARNS NEUMANN;COLÔNIA TERRA NOVA;343
65;705;Principal;-1;1635;E. M. PROF. SERGIO AUGUSTO PARÁ;NOVO ISRAEL;295
65;706;Agregada;707;1902;E. M. PROF MARIA AIMÊ BEZERRA DE SOUZA;COLÔNIA TERRA NOVA;46
65;707;Principal;-1;1597;E. M. ANA SENA RODRIGUES;COLÔNIA TERRA NOVA;278
65;708;Principal;-1;1864;E. M. RAIMUNDO ALMEIDA LÚCIO;COLÔNIA TERRA NOVA;151
65;709;Principal;-1;1694;E. E. PROF. SEBASTIAO AUGUSTO LOUREIRO FILHO;NOVA CIDADE;399
65;710;Agregada;689;1848;E. M. PROF DULCENIDES DOS SANTOS DIAS;COLÔNIA TERRA NOVA;14
65;711;Agregada;654;1830;CETI DRA ZILDA ARNS NEUMANN;COLÔNIA TERRA NOVA;52
65;712;Agregada;550;1732;E. M. OLGA GUTMANN BENARIO;COLÔNIA TERRA NOVA;16
68;104;Principal;-1;1660;E. M. IRMA HELENA AUGUSTA WALCOT;JORGE TEIXEIRA;389
68;114;Principal;-1;1678;E. E. VASCO VASQUES;JORGE TEIXEIRA;379
68;166;Principal;-1;1732;E. E. CLEOMENES DO CARMO CHAVES;JORGE TEIXEIRA;345
68;470;Principal;-1;1945;E. M. FRANCISCO NUNES DA SILVA;PURAQUEQUARA;280
68;485;Principal;-1;1759;E. M. SONIA MARIA DA SILVA BARBOSA;JORGE TEIXEIRA;369
68;486;Principal;-1;1678;E. E. VASCO VASQUES;JORGE TEIXEIRA;404
68;487;Principal;-1;1821;E. M. IVONE MARIA BARBOSA E SILVA;JORGE TEIXEIRA;372
68;488;Principal;-1;1732;E. E. CLEOMENES DO CARMO CHAVES;JORGE TEIXEIRA;358
68;489;Principal;-1;1783;E. M. DR. PAULO PINTO NERY;JORGE TEIXEIRA;382
68;490;Principal;-1;1694;E. M. PROF. EDINIR TELLES GUIMARÃES;JORGE TEIXEIRA;353
68;491;Principal;-1;1660;E. M. IRMA HELENA AUGUSTA WALCOT;JORGE TEIXEIRA;396
68;492;Principal;-1;1716;E. M. DOM JACSON DAMASCENO RODRIGUES;JORGE TEIXEIRA;375
68;493;Principal;-1;1740;E. M. RAUL DE QUEIROZ MENEZES VEIGA;JORGE TEIXEIRA;390
68;494;Principal;-1;1767;E. M. PROF. ROBERTO DOS SANTOS VIEIRA;JORGE TEIXEIRA;365
68;495;Principal;-1;1813;CETI ELISA BESSA FREIRE;JORGE TEIXEIRA;426
68;496;Principal;-1;1651;E. M. THEMISTOCLES GADELHA;JORGE TEIXEIRA;360
68;497;Principal;-1;1724;E. M. ROSA SVERNER;JORGE TEIXEIRA;370
68;498;Principal;-1;1686;E. M. MARIA AUXILIADORA DOS SANTOS AZEVEDO;JORGE TEIXEIRA;371
68;499;Principal;-1;1830;E. E. DE TEMPO INTEGRAL IRMA GABRIELLIE COGELS;PURAQUEQUARA;391
68;500;Principal;-1;1708;E. M. PROF. ALVARO VALLE;JORGE TEIXEIRA;346
68;501;Principal;-1;1805;E. M. NOSSA SENHORA DO ROSÁRIO;JORGE TEIXEIRA;395
68;502;Principal;-1;1864;E. M. NOSSA SENHORA DO CARMO;ZONA RURAL;93
68;503;Principal;-1;1953;E. M. SÃO SEBASTIÃO;PURAQUEQUARA;284
68;504;Principal;-1;1791;E. M. POETA MARIO DE MIRANDA QUINTANA;JORGE TEIXEIRA;333
68;505;Principal;-1;1775;E. M. CLEONICE DE MENEZES FERNANDES;JORGE TEIXEIRA;393
68;506;Principal;-1;1945;E. M. FRANCISCO NUNES DA SILVA;PURAQUEQUARA;345
68;507;Principal;-1;1910;E. M. ABILIO ALENCAR;ZONA RURAL;349
68;508;Principal;-1;1872;E. M. SÃO FRANCISCO;ZONA RURAL;83
68;509;Agregada;776;1937;E. M. SÃO PEDRO;ZONA RURAL;74
68;510;Agregada;777;1929;E. M. CANAÃ I;ZONA RURAL;61
68;511;Principal;-1;1902;E. M. PROF. ELIZABETH SIQUEIRA FERREIRA;ZONA RURAL;121
68;512;Principal;-1;1945;E. M. FRANCISCO NUNES DA SILVA;PURAQUEQUARA;343
68;513;Principal;-1;1856;E. M. NOSSA SENHORA DE NAZARÉ;ZONA RURAL;161
68;514;Principal;-1;1678;E. E. VASCO VASQUES;JORGE TEIXEIRA;395
68;515;Principal;-1;1660;E. M. IRMA HELENA AUGUSTA WALCOT;JORGE TEIXEIRA;390
68;516;Principal;-1;1813;CETI ELISA BESSA FREIRE;JORGE TEIXEIRA;379
68;517;Principal;-1;1848;E. M. LUIZ ALBERTO CASTELO;ZONA RURAL;137
68;518;Principal;-1;1732;E. E. CLEOMENES DO CARMO CHAVES;JORGE TEIXEIRA;361
68;519;Principal;-1;1678;E. E. VASCO VASQUES;JORGE TEIXEIRA;394
68;520;Principal;-1;1724;E. M. ROSA SVERNER;JORGE TEIXEIRA;367
68;521;Principal;-1;1660;E. M. IRMA HELENA AUGUSTA WALCOT;JORGE TEIXEIRA;393
68;522;Principal;-1;1880;E. M. MANOEL CHAGAS;ZONA RURAL;97
68;523;Principal;-1;1759;E. M. SONIA MARIA DA SILVA BARBOSA;JORGE TEIXEIRA;332
68;524;Principal;-1;1813;CETI ELISA BESSA FREIRE;JORGE TEIXEIRA;381
68;525;Principal;-1;1686;E. M. MARIA AUXILIADORA DOS SANTOS AZEVEDO;JORGE TEIXEIRA;366
68;526;Principal;-1;1678;E. E. VASCO VASQUES;JORGE TEIXEIRA;394
68;527;Principal;-1;1775;E. M. CLEONICE DE MENEZES FERNANDES;JORGE TEIXEIRA;375
68;528;Principal;-1;1716;E. M. DOM JACSON DAMASCENO RODRIGUES;JORGE TEIXEIRA;359
68;529;Principal;-1;1660;E. M. IRMA HELENA AUGUSTA WALCOT;JORGE TEIXEIRA;391
68;530;Principal;-1;1783;E. M. DR. PAULO PINTO NERY;JORGE TEIXEIRA;385
68;531;Principal;-1;1813;CETI ELISA BESSA FREIRE;JORGE TEIXEIRA;381
68;532;Principal;-1;1694;E. M. PROF. EDINIR TELLES GUIMARÃES;JORGE TEIXEIRA;353
68;533;Principal;-1;1678;E. E. VASCO VASQUES;JORGE TEIXEIRA;394
68;534;Principal;-1;1732;E. E. CLEOMENES DO CARMO CHAVES;JORGE TEIXEIRA;352
68;535;Principal;-1;1724;E. M. ROSA SVERNER;JORGE TEIXEIRA;365
68;536;Principal;-1;1830;E. E. DE TEMPO INTEGRAL IRMA GABRIELLIE COGELS;PURAQUEQUARA;393
68;537;Principal;-1;1660;E. M. IRMA HELENA AUGUSTA WALCOT;JORGE TEIXEIRA;391
68;538;Principal;-1;1767;E. M. PROF. ROBERTO DOS SANTOS VIEIRA;JORGE TEIXEIRA;361
68;539;Principal;-1;1678;E. E. VASCO VASQUES;JORGE TEIXEIRA;394
68;540;Principal;-1;1708;E. M. PROF. ALVARO VALLE;JORGE TEIXEIRA;332
68;541;Principal;-1;1813;CETI ELISA BESSA FREIRE;JORGE TEIXEIRA;374
68;542;Principal;-1;1759;E. M. SONIA MARIA DA SILVA BARBOSA;JORGE TEIXEIRA;356
68;543;Principal;-1;1660;E. M. IRMA HELENA AUGUSTA WALCOT;JORGE TEIXEIRA;395
68;544;Principal;-1;1775;E. M. CLEONICE DE MENEZES FERNANDES;JORGE TEIXEIRA;391
68;545;Principal;-1;1651;E. M. THEMISTOCLES GADELHA;JORGE TEIXEIRA;371
68;546;Principal;-1;1678;E. E. VASCO VASQUES;JORGE TEIXEIRA;397
68;547;Principal;-1;1686;E. M. MARIA AUXILIADORA DOS SANTOS AZEVEDO;JORGE TEIXEIRA;364
68;548;Principal;-1;1724;E. M. ROSA SVERNER;JORGE TEIXEIRA;366
68;549;Principal;-1;1732;E. E. CLEOMENES DO CARMO CHAVES;JORGE TEIXEIRA;357
68;550;Principal;-1;1813;CETI ELISA BESSA FREIRE;JORGE TEIXEIRA;385
68;551;Principal;-1;1716;E. M. DOM JACSON DAMASCENO RODRIGUES;JORGE TEIXEIRA;359
68;552;Principal;-1;1783;E. M. DR. PAULO PINTO NERY;JORGE TEIXEIRA;382
68;553;Principal;-1;1660;E. M. IRMA HELENA AUGUSTA WALCOT;JORGE TEIXEIRA;394
68;554;Principal;-1;1678;E. E. VASCO VASQUES;JORGE TEIXEIRA;399
68;555;Principal;-1;1740;E. M. RAUL DE QUEIROZ MENEZES VEIGA;JORGE TEIXEIRA;389
68;556;Principal;-1;1945;E. M. FRANCISCO NUNES DA SILVA;PURAQUEQUARA;345
68;557;Principal;-1;1813;CETI ELISA BESSA FREIRE;JORGE TEIXEIRA;392
68;558;Principal;-1;1660;E. M. IRMA HELENA AUGUSTA WALCOT;JORGE TEIXEIRA;394
68;559;Principal;-1;1724;E. M. ROSA SVERNER;JORGE TEIXEIRA;367
68;560;Principal;-1;1759;E. M. SONIA MARIA DA SILVA BARBOSA;JORGE TEIXEIRA;352
68;561;Principal;-1;1775;E. M. CLEONICE DE MENEZES FERNANDES;JORGE TEIXEIRA;395
68;562;Principal;-1;1732;E. E. CLEOMENES DO CARMO CHAVES;JORGE TEIXEIRA;352
68;563;Principal;-1;1678;E. E. VASCO VASQUES;JORGE TEIXEIRA;395
68;564;Principal;-1;1694;E. M. PROF. EDINIR TELLES GUIMARÃES;JORGE TEIXEIRA;354
68;565;Principal;-1;1686;E. M. MARIA AUXILIADORA DOS SANTOS AZEVEDO;JORGE TEIXEIRA;370
68;566;Principal;-1;1660;E. M. IRMA HELENA AUGUSTA WALCOT;JORGE TEIXEIRA;387
68;567;Principal;-1;1678;E. E. VASCO VASQUES;JORGE TEIXEIRA;397
68;568;Principal;-1;1813;CETI ELISA BESSA FREIRE;JORGE TEIXEIRA;391
68;569;Principal;-1;1805;E. M. NOSSA SENHORA DO ROSÁRIO;JORGE TEIXEIRA;393
68;570;Principal;-1;1830;E. E. DE TEMPO INTEGRAL IRMA GABRIELLIE COGELS;PURAQUEQUARA;392
68;571;Principal;-1;1767;E. M. PROF. ROBERTO DOS SANTOS VIEIRA;JORGE TEIXEIRA;366
68;572;Principal;-1;1716;E. M. DOM JACSON DAMASCENO RODRIGUES;JORGE TEIXEIRA;369
68;573;Principal;-1;1783;E. M. DR. PAULO PINTO NERY;JORGE TEIXEIRA;387
68;574;Principal;-1;1724;E. M. ROSA SVERNER;JORGE TEIXEIRA;368
68;575;Principal;-1;1660;E. M. IRMA HELENA AUGUSTA WALCOT;JORGE TEIXEIRA;400
68;576;Principal;-1;1678;E. E. VASCO VASQUES;JORGE TEIXEIRA;390
68;577;Principal;-1;1759;E. M. SONIA MARIA DA SILVA BARBOSA;JORGE TEIXEIRA;359
68;578;Principal;-1;1732;E. E. CLEOMENES DO CARMO CHAVES;JORGE TEIXEIRA;363
68;579;Principal;-1;1708;E. M. PROF. ALVARO VALLE;JORGE TEIXEIRA;333
68;580;Principal;-1;1775;E. M. CLEONICE DE MENEZES FERNANDES;JORGE TEIXEIRA;393
68;581;Principal;-1;1813;CETI ELISA BESSA FREIRE;JORGE TEIXEIRA;389
68;582;Principal;-1;1740;E. M. RAUL DE QUEIROZ MENEZES VEIGA;JORGE TEIXEIRA;387
68;583;Principal;-1;1678;E. E. VASCO VASQUES;JORGE TEIXEIRA;395
68;584;Principal;-1;1988;E. M. FRANCISCO MAIA DE AMORIM;JORGE TEIXEIRA;393
68;585;Principal;-1;1651;E. M. THEMISTOCLES GADELHA;JORGE TEIXEIRA;367
68;586;Principal;-1;1686;E. M. MARIA AUXILIADORA DOS SANTOS AZEVEDO;JORGE TEIXEIRA;364
68;587;Principal;-1;1724;E. M. ROSA SVERNER;JORGE TEIXEIRA;366
68;588;Principal;-1;1678;E. E. VASCO VASQUES;JORGE TEIXEIRA;394
68;589;Principal;-1;1694;E. M. PROF. EDINIR TELLES GUIMARÃES;JORGE TEIXEIRA;357
68;590;Principal;-1;1988;E. M. FRANCISCO MAIA DE AMORIM;JORGE TEIXEIRA;394
68;591;Principal;-1;1759;E. M. SONIA MARIA DA SILVA BARBOSA;JORGE TEIXEIRA;361
68;592;Principal;-1;1732;E. E. CLEOMENES DO CARMO CHAVES;JORGE TEIXEIRA;358
68;593;Principal;-1;1716;E. M. DOM JACSON DAMASCENO RODRIGUES;JORGE TEIXEIRA;369
68;594;Principal;-1;1783;E. M. DR. PAULO PINTO NERY;JORGE TEIXEIRA;370
68;595;Principal;-1;1775;E. M. CLEONICE DE MENEZES FERNANDES;JORGE TEIXEIRA;395
68;596;Principal;-1;1678;E. E. VASCO VASQUES;JORGE TEIXEIRA;389
68;597;Principal;-1;1724;E. M. ROSA SVERNER;JORGE TEIXEIRA;376
68;598;Principal;-1;1996;E. M. RUBEM DA SILVA PEIXOTO;JORGE TEIXEIRA;374
68;599;Principal;-1;1767;E. M. PROF. ROBERTO DOS SANTOS VIEIRA;JORGE TEIXEIRA;364
68;600;Principal;-1;1830;E. E. DE TEMPO INTEGRAL IRMA GABRIELLIE COGELS;PURAQUEQUARA;391
68;601;Principal;-1;1732;E. E. CLEOMENES DO CARMO CHAVES;JORGE TEIXEIRA;355
68;602;Principal;-1;1651;E. M. THEMISTOCLES GADELHA;JORGE TEIXEIRA;367
68;603;Principal;-1;1996;E. M. RUBEM DA SILVA PEIXOTO;JORGE TEIXEIRA;376
68;604;Principal;-1;1759;E. M. SONIA MARIA DA SILVA BARBOSA;JORGE TEIXEIRA;348
68;605;Principal;-1;1708;E. M. PROF. ALVARO VALLE;JORGE TEIXEIRA;333
68;606;Principal;-1;1686;E. M. MARIA AUXILIADORA DOS SANTOS AZEVEDO;JORGE TEIXEIRA;360
68;607;Principal;-1;1775;E. M. CLEONICE DE MENEZES FERNANDES;JORGE TEIXEIRA;397
68;608;Principal;-1;1945;E. M. FRANCISCO NUNES DA SILVA;PURAQUEQUARA;342
68;609;Principal;-1;1783;E. M. DR. PAULO PINTO NERY;JORGE TEIXEIRA;385
68;610;Principal;-1;1724;E. M. ROSA SVERNER;JORGE TEIXEIRA;368
68;611;Principal;-1;1716;E. M. DOM JACSON DAMASCENO RODRIGUES;JORGE TEIXEIRA;350
68;612;Principal;-1;1732;E. E. CLEOMENES DO CARMO CHAVES;JORGE TEIXEIRA;351
68;613;Principal;-1;1694;E. M. PROF. EDINIR TELLES GUIMARÃES;JORGE TEIXEIRA;360
68;614;Principal;-1;1821;E. M. IVONE MARIA BARBOSA E SILVA;JORGE TEIXEIRA;362
68;615;Principal;-1;1910;E. M. ABILIO ALENCAR;ZONA RURAL;343
68;616;Principal;-1;1740;E. M. RAUL DE QUEIROZ MENEZES VEIGA;JORGE TEIXEIRA;387
68;617;Principal;-1;1651;E. M. THEMISTOCLES GADELHA;JORGE TEIXEIRA;361
68;618;Principal;-1;1775;E. M. CLEONICE DE MENEZES FERNANDES;JORGE TEIXEIRA;391
68;619;Principal;-1;1759;E. M. SONIA MARIA DA SILVA BARBOSA;JORGE TEIXEIRA;359
68;620;Principal;-1;1732;E. E. CLEOMENES DO CARMO CHAVES;JORGE TEIXEIRA;354
68;621;Principal;-1;1686;E. M. MARIA AUXILIADORA DOS SANTOS AZEVEDO;JORGE TEIXEIRA;366
68;622;Principal;-1;1724;E. M. ROSA SVERNER;JORGE TEIXEIRA;365
68;623;Principal;-1;1783;E. M. DR. PAULO PINTO NERY;JORGE TEIXEIRA;382
68;624;Principal;-1;1732;E. E. CLEOMENES DO CARMO CHAVES;JORGE TEIXEIRA;362
68;625;Principal;-1;1775;E. M. CLEONICE DE MENEZES FERNANDES;JORGE TEIXEIRA;394
68;626;Principal;-1;1651;E. M. THEMISTOCLES GADELHA;JORGE TEIXEIRA;368
68;627;Principal;-1;1805;E. M. NOSSA SENHORA DO ROSÁRIO;JORGE TEIXEIRA;387
68;628;Principal;-1;1694;E. M. PROF. EDINIR TELLES GUIMARÃES;JORGE TEIXEIRA;355
68;629;Principal;-1;1767;E. M. PROF. ROBERTO DOS SANTOS VIEIRA;JORGE TEIXEIRA;370
68;630;Principal;-1;1716;E. M. DOM JACSON DAMASCENO RODRIGUES;JORGE TEIXEIRA;367
68;631;Principal;-1;1732;E. E. CLEOMENES DO CARMO CHAVES;JORGE TEIXEIRA;347
68;632;Principal;-1;1708;E. M. PROF. ALVARO VALLE;JORGE TEIXEIRA;336
68;633;Principal;-1;1759;E. M. SONIA MARIA DA SILVA BARBOSA;JORGE TEIXEIRA;363
68;634;Principal;-1;1791;E. M. POETA MARIO DE MIRANDA QUINTANA;JORGE TEIXEIRA;330
68;635;Principal;-1;1775;E. M. CLEONICE DE MENEZES FERNANDES;JORGE TEIXEIRA;392
68;636;Principal;-1;1686;E. M. MARIA AUXILIADORA DOS SANTOS AZEVEDO;JORGE TEIXEIRA;363
68;637;Principal;-1;1651;E. M. THEMISTOCLES GADELHA;JORGE TEIXEIRA;365
68;638;Principal;-1;1783;E. M. DR. PAULO PINTO NERY;JORGE TEIXEIRA;382
68;639;Principal;-1;1732;E. E. CLEOMENES DO CARMO CHAVES;JORGE TEIXEIRA;354
68;640;Principal;-1;1775;E. M. CLEONICE DE MENEZES FERNANDES;JORGE TEIXEIRA;388
68;641;Principal;-1;1651;E. M. THEMISTOCLES GADELHA;JORGE TEIXEIRA;364
68;642;Principal;-1;1732;E. E. CLEOMENES DO CARMO CHAVES;JORGE TEIXEIRA;356
68;643;Principal;-1;1830;E. E. DE TEMPO INTEGRAL IRMA GABRIELLIE COGELS;PURAQUEQUARA;390
68;644;Principal;-1;1716;E. M. DOM JACSON DAMASCENO RODRIGUES;JORGE TEIXEIRA;367
68;645;Principal;-1;1759;E. M. SONIA MARIA DA SILVA BARBOSA;JORGE TEIXEIRA;357
68;646;Principal;-1;1740;E. M. RAUL DE QUEIROZ MENEZES VEIGA;JORGE TEIXEIRA;393
68;647;Principal;-1;1945;E. M. FRANCISCO NUNES DA SILVA;PURAQUEQUARA;343
68;648;Principal;-1;1775;E. M. CLEONICE DE MENEZES FERNANDES;JORGE TEIXEIRA;388
68;649;Principal;-1;1686;E. M. MARIA AUXILIADORA DOS SANTOS AZEVEDO;JORGE TEIXEIRA;360
68;650;Principal;-1;1651;E. M. THEMISTOCLES GADELHA;JORGE TEIXEIRA;367
68;651;Principal;-1;1783;E. M. DR. PAULO PINTO NERY;JORGE TEIXEIRA;381
68;652;Principal;-1;1732;E. E. CLEOMENES DO CARMO CHAVES;JORGE TEIXEIRA;341
68;653;Principal;-1;1694;E. M. PROF. EDINIR TELLES GUIMARÃES;JORGE TEIXEIRA;357
68;654;Principal;-1;1961;E. M. PROF. EMANUEL REBELO DA CUNHA;PURAQUEQUARA;272
68;655;Principal;-1;1708;E. M. PROF. ALVARO VALLE;JORGE TEIXEIRA;334
68;656;Principal;-1;1775;E. M. CLEONICE DE MENEZES FERNANDES;JORGE TEIXEIRA;389
68;657;Principal;-1;1651;E. M. THEMISTOCLES GADELHA;JORGE TEIXEIRA;370
68;658;Principal;-1;1732;E. E. CLEOMENES DO CARMO CHAVES;JORGE TEIXEIRA;352
68;659;Principal;-1;1759;E. M. SONIA MARIA DA SILVA BARBOSA;JORGE TEIXEIRA;363
68;660;Principal;-1;1767;E. M. PROF. ROBERTO DOS SANTOS VIEIRA;JORGE TEIXEIRA;369
68;661;Principal;-1;1716;E. M. DOM JACSON DAMASCENO RODRIGUES;JORGE TEIXEIRA;370
68;662;Principal;-1;1651;E. M. THEMISTOCLES GADELHA;JORGE TEIXEIRA;367
68;663;Principal;-1;1732;E. E. CLEOMENES DO CARMO CHAVES;JORGE TEIXEIRA;352
68;664;Principal;-1;1686;E. M. MARIA AUXILIADORA DOS SANTOS AZEVEDO;JORGE TEIXEIRA;364
68;665;Principal;-1;1775;E. M. CLEONICE DE MENEZES FERNANDES;JORGE TEIXEIRA;392
68;666;Principal;-1;1821;E. M. IVONE MARIA BARBOSA E SILVA;JORGE TEIXEIRA;356
68;667;Principal;-1;1759;E. M. SONIA MARIA DA SILVA BARBOSA;JORGE TEIXEIRA;347
68;668;Principal;-1;1996;E. M. RUBEM DA SILVA PEIXOTO;JORGE TEIXEIRA;370
68;669;Principal;-1;1651;E. M. THEMISTOCLES GADELHA;JORGE TEIXEIRA;364
68;670;Principal;-1;1813;CETI ELISA BESSA FREIRE;JORGE TEIXEIRA;385
68;671;Principal;-1;1988;E. M. FRANCISCO MAIA DE AMORIM;JORGE TEIXEIRA;390
68;672;Principal;-1;1708;E. M. PROF. ALVARO VALLE;JORGE TEIXEIRA;333
68;673;Principal;-1;1775;E. M. CLEONICE DE MENEZES FERNANDES;JORGE TEIXEIRA;391
68;674;Principal;-1;1724;E. M. ROSA SVERNER;JORGE TEIXEIRA;366
68;675;Principal;-1;1716;E. M. DOM JACSON DAMASCENO RODRIGUES;JORGE TEIXEIRA;360
68;676;Principal;-1;1805;E. M. NOSSA SENHORA DO ROSÁRIO;JORGE TEIXEIRA;397
68;677;Principal;-1;1783;E. M. DR. PAULO PINTO NERY;JORGE TEIXEIRA;377
68;678;Principal;-1;1996;E. M. RUBEM DA SILVA PEIXOTO;JORGE TEIXEIRA;370
68;679;Principal;-1;1988;E. M. FRANCISCO MAIA DE AMORIM;JORGE TEIXEIRA;386
68;680;Principal;-1;1740;E. M. RAUL DE QUEIROZ MENEZES VEIGA;JORGE TEIXEIRA;382
68;681;Principal;-1;1830;E. E. DE TEMPO INTEGRAL IRMA GABRIELLIE COGELS;PURAQUEQUARA;385
68;682;Principal;-1;1945;E. M. FRANCISCO NUNES DA SILVA;PURAQUEQUARA;341
68;683;Principal;-1;1813;CETI ELISA BESSA FREIRE;JORGE TEIXEIRA;377
68;684;Principal;-1;1996;E. M. RUBEM DA SILVA PEIXOTO;JORGE TEIXEIRA;370
68;685;Principal;-1;1732;E. E. CLEOMENES DO CARMO CHAVES;JORGE TEIXEIRA;352
68;686;Principal;-1;1988;E. M. FRANCISCO MAIA DE AMORIM;JORGE TEIXEIRA;388
68;687;Principal;-1;1694;E. M. PROF. EDINIR TELLES GUIMARÃES;JORGE TEIXEIRA;351
68;688;Principal;-1;1724;E. M. ROSA SVERNER;JORGE TEIXEIRA;348
68;689;Principal;-1;1775;E. M. CLEONICE DE MENEZES FERNANDES;JORGE TEIXEIRA;390
68;690;Principal;-1;1813;CETI ELISA BESSA FREIRE;JORGE TEIXEIRA;385
68;691;Principal;-1;1970;E. M. PROF. IGNÊS DE VASCONCELLOS DIAS;JORGE TEIXEIRA;359
68;692;Principal;-1;1953;E. M. SÃO SEBASTIÃO;PURAQUEQUARA;285
68;693;Principal;-1;1783;E. M. DR. PAULO PINTO NERY;JORGE TEIXEIRA;382
68;763;Principal;-1;1970;E. M. PROF. IGNÊS DE VASCONCELLOS DIAS;JORGE TEIXEIRA;362
68;765;Principal;-1;1910;E. M. ABILIO ALENCAR;ZONA RURAL;347
68;766;Principal;-1;1767;E. M. PROF. ROBERTO DOS SANTOS VIEIRA;JORGE TEIXEIRA;369
68;767;Principal;-1;1970;E. M. PROF. IGNÊS DE VASCONCELLOS DIAS;JORGE TEIXEIRA;362
68;768;Principal;-1;1970;E. M. PROF. IGNÊS DE VASCONCELLOS DIAS;JORGE TEIXEIRA;360
68;769;Principal;-1;1651;E. M. THEMISTOCLES GADELHA;JORGE TEIXEIRA;365
68;770;Principal;-1;1970;E. M. PROF. IGNÊS DE VASCONCELLOS DIAS;JORGE TEIXEIRA;367
68;771;Agregada;511;1902;E. M. PROF. ELIZABETH SIQUEIRA FERREIRA;ZONA RURAL;109
68;772;Agregada;522;1880;E. M. MANOEL CHAGAS;ZONA RURAL;96
68;773;Agregada;508;1872;E. M. SÃO FRANCISCO;ZONA RURAL;83
68;774;Agregada;502;1864;E. M. NOSSA SENHORA DO CARMO;ZONA RURAL;93
68;775;Agregada;513;1856;E. M. NOSSA SENHORA DE NAZARÉ;ZONA RURAL;159
68;776;Principal;-1;1937;E. M. SÃO PEDRO;ZONA RURAL;77
68;777;Principal;-1;1929;E. M. CANAÃ I;ZONA RURAL;62
68;778;Agregada;517;1848;E. M. LUIZ ALBERTO CASTELO;ZONA RURAL;133
68;779;Principal;-1;1724;E. M. ROSA SVERNER;JORGE TEIXEIRA;360
68;781;Principal;-1;1970;E. M. PROF. IGNÊS DE VASCONCELLOS DIAS;JORGE TEIXEIRA;364
68;782;Principal;-1;1988;E. M. FRANCISCO MAIA DE AMORIM;JORGE TEIXEIRA;388
68;783;Principal;-1;1996;E. M. RUBEM DA SILVA PEIXOTO;JORGE TEIXEIRA;375
68;785;Principal;-1;1813;CETI ELISA BESSA FREIRE;JORGE TEIXEIRA;383
68;787;Principal;-1;1783;E. M. DR. PAULO PINTO NERY;JORGE TEIXEIRA;388
68;788;Principal;-1;1708;E. M. PROF. ALVARO VALLE;JORGE TEIXEIRA;333
68;789;Principal;-1;1651;E. M. THEMISTOCLES GADELHA;JORGE TEIXEIRA;367
68;790;Principal;-1;1724;E. M. ROSA SVERNER;JORGE TEIXEIRA;369
68;793;Principal;-1;1791;E. M. POETA MARIO DE MIRANDA QUINTANA;JORGE TEIXEIRA;334
68;794;Principal;-1;1651;E. M. THEMISTOCLES GADELHA;JORGE TEIXEIRA;366
68;795;Principal;-1;1708;E. M. PROF. ALVARO VALLE;JORGE TEIXEIRA;333
68;796;Principal;-1;1970;E. M. PROF. IGNÊS DE VASCONCELLOS DIAS;JORGE TEIXEIRA;367
68;799;Principal;-1;1724;E. M. ROSA SVERNER;JORGE TEIXEIRA;372
68;800;Principal;-1;1660;E. M. IRMA HELENA AUGUSTA WALCOT;JORGE TEIXEIRA;400
68;801;Principal;-1;1783;E. M. DR. PAULO PINTO NERY;JORGE TEIXEIRA;383
68;802;Principal;-1;1732;E. E. CLEOMENES DO CARMO CHAVES;JORGE TEIXEIRA;364
68;803;Principal;-1;1988;E. M. FRANCISCO MAIA DE AMORIM;JORGE TEIXEIRA;391
68;804;Principal;-1;1767;E. M. PROF. ROBERTO DOS SANTOS VIEIRA;JORGE TEIXEIRA;373
68;805;Principal;-1;1686;E. M. MARIA AUXILIADORA DOS SANTOS AZEVEDO;JORGE TEIXEIRA;362
68;806;Principal;-1;1775;E. M. CLEONICE DE MENEZES FERNANDES;JORGE TEIXEIRA;392
68;808;Principal;-1;1813;CETI ELISA BESSA FREIRE;JORGE TEIXEIRA;393
68;809;Principal;-1;1678;E. E. VASCO VASQUES;JORGE TEIXEIRA;395
68;810;Principal;-1;1830;E. E. DE TEMPO INTEGRAL IRMA GABRIELLIE COGELS;PURAQUEQUARA;390
68;811;Principal;-1;1694;E. M. PROF. EDINIR TELLES GUIMARÃES;JORGE TEIXEIRA;350
68;812;Principal;-1;1708;E. M. PROF. ALVARO VALLE;JORGE TEIXEIRA;328
68;817;Principal;-1;1678;E. E. VASCO VASQUES;JORGE TEIXEIRA;402
68;820;Principal;-1;1910;E. M. ABILIO ALENCAR;ZONA RURAL;346
68;821;Principal;-1;1813;CETI ELISA BESSA FREIRE;JORGE TEIXEIRA;387
68;822;Principal;-1;1660;E. M. IRMA HELENA AUGUSTA WALCOT;JORGE TEIXEIRA;383
68;823;Principal;-1;1759;E. M. SONIA MARIA DA SILVA BARBOSA;JORGE TEIXEIRA;224
68;824;Principal;-1;1805;E. M. NOSSA SENHORA DO ROSÁRIO;JORGE TEIXEIRA;398
68;825;Principal;-1;1821;E. M. IVONE MARIA BARBOSA E SILVA;JORGE TEIXEIRA;228
68;826;Principal;-1;1678;E. E. VASCO VASQUES;JORGE TEIXEIRA;389
68;827;Principal;-1;1813;CETI ELISA BESSA FREIRE;JORGE TEIXEIRA;373
68;830;Principal;-1;2046;E. M. ESMERALDO SANTOS BESSA;JORGE TEIXEIRA;316
68;831;Principal;-1;1678;E. E. VASCO VASQUES;JORGE TEIXEIRA;390
68;832;Principal;-1;2054;E. M. PROFESSOR IVOMAR DE LIMA VIEIRA;JORGE TEIXEIRA;108
68;833;Principal;-1;2062;E. M. PROFESSORA JOANA VIEIRA;ZONA RURAL;206
68;834;Principal;-1;1678;E. E. VASCO VASQUES;JORGE TEIXEIRA;398
68;835;Principal;-1;2003;CIME - JOSEFINA ROSA DE MATTOS PEREIRA DE CASTRO;JORGE TEIXEIRA;273
68;836;Agregada;680;1740;E. M. RAUL DE QUEIROZ MENEZES VEIGA;JORGE TEIXEIRA;68
68;837;Agregada;627;1805;E. M. NOSSA SENHORA DO ROSÁRIO;JORGE TEIXEIRA;95
68;838;Agregada;679;1988;E. M. FRANCISCO MAIA DE AMORIM;JORGE TEIXEIRA;86
70;207;Principal;-1;1791;E. E. LETICIO DE CAMPOS DANTAS;CIDADE DE DEUS;387
70;391;Principal;-1;1821;E. M. SEN. DARCY RIBEIRO;NOVO ALEIXO;298
70;392;Principal;-1;1830;E. E. ENGº. ARTHUR SOARES AMORIM;NOVO ALEIXO;387
70;408;Principal;-1;1848;E. M. SAO BENEDITO;CIDADE DE DEUS;389
70;418;Principal;-1;1856;E. M. ANTISTHENES DE OLIVEIRA PINTO;CIDADE DE DEUS;387
70;432;Principal;-1;1872;E. M. JARLECE DA CONCEIÇÃO ZARANZA;NOVO ALEIXO;377
70;445;Principal;-1;1970;E. E. JURACY BATISTA GOMES;NOVO ALEIXO;393
70;459;Principal;-1;1880;E. M. ULISSES GUIMARAES;NOVO ALEIXO;373
70;469;Principal;-1;1899;E. M. IRMA ZENIR DE CASTRO ALVES;NOVO ALEIXO;343
70;471;Principal;-1;1902;E. E. OSMAR PEDROSA;NOVO ALEIXO;374
70;487;Principal;-1;1910;E. M. PROF. PAULO GRAÇA;NOVO ALEIXO;390
70;497;Principal;-1;1929;E. M. PROF. MÍRIAM SOTERO DA SILVA;NOVO ALEIXO;374
70;501;Principal;-1;1937;E. E. JOSE BERNARDINO LINDOSO;NOVO ALEIXO;383
70;524;Principal;-1;1945;E. M. DR. MAGALHAES CORDEIRO;NOVO ALEIXO;370
70;543;Principal;-1;1961;E. E. RAIMUNDA HOLANDA DE SOUZA;NOVO ALEIXO;393
70;550;Principal;-1;1872;E. M. JARLECE DA CONCEIÇÃO ZARANZA;NOVO ALEIXO;392
70;551;Principal;-1;1830;E. E. ENGº. ARTHUR SOARES AMORIM;NOVO ALEIXO;391
70;552;Principal;-1;1937;E. E. JOSE BERNARDINO LINDOSO;NOVO ALEIXO;390
70;553;Principal;-1;1848;E. M. SAO BENEDITO;CIDADE DE DEUS;395
70;554;Principal;-1;1880;E. M. ULISSES GUIMARAES;NOVO ALEIXO;366
70;555;Principal;-1;1953;E. E. BELARMINO MARREIRO;NOVO ALEIXO;388
70;556;Principal;-1;1856;E. M. ANTISTHENES DE OLIVEIRA PINTO;CIDADE DE DEUS;394
70;557;Principal;-1;1791;E. E. LETICIO DE CAMPOS DANTAS;CIDADE DE DEUS;390
70;558;Principal;-1;1902;E. E. OSMAR PEDROSA;NOVO ALEIXO;387
70;559;Principal;-1;1945;E. M. DR. MAGALHAES CORDEIRO;NOVO ALEIXO;386
70;560;Principal;-1;1929;E. M. PROF. MÍRIAM SOTERO DA SILVA;NOVO ALEIXO;375
70;561;Principal;-1;1910;E. M. PROF. PAULO GRAÇA;NOVO ALEIXO;395
70;562;Principal;-1;1813;E. M. DR. ARISTÓFANES BEZERRA DE CASTRO;CIDADE DE DEUS;383
70;563;Principal;-1;1864;E. M. AUREO NONATO;CIDADE DE DEUS;314
70;564;Principal;-1;1899;E. M. IRMA ZENIR DE CASTRO ALVES;NOVO ALEIXO;341
70;565;Principal;-1;1961;E. E. RAIMUNDA HOLANDA DE SOUZA;NOVO ALEIXO;391
70;566;Principal;-1;1821;E. M. SEN. DARCY RIBEIRO;NOVO ALEIXO;297
70;567;Principal;-1;1970;E. E. JURACY BATISTA GOMES;NOVO ALEIXO;395
70;568;Principal;-1;1848;E. M. SAO BENEDITO;CIDADE DE DEUS;391
70;569;Principal;-1;1937;E. E. JOSE BERNARDINO LINDOSO;NOVO ALEIXO;392
70;570;Principal;-1;1830;E. E. ENGº. ARTHUR SOARES AMORIM;NOVO ALEIXO;392
70;571;Principal;-1;1970;E. E. JURACY BATISTA GOMES;NOVO ALEIXO;398
70;572;Principal;-1;1872;E. M. JARLECE DA CONCEIÇÃO ZARANZA;NOVO ALEIXO;395
70;573;Principal;-1;1988;E. E. FREI MARIO MONACELLI;CIDADE DE DEUS;390
70;574;Principal;-1;1996;E. E. WILMA VITORIANO GEBER;CIDADE DE DEUS;388
70;575;Principal;-1;1791;E. E. LETICIO DE CAMPOS DANTAS;CIDADE DE DEUS;398
70;576;Principal;-1;1953;E. E. BELARMINO MARREIRO;NOVO ALEIXO;382
70;577;Principal;-1;1864;E. M. AUREO NONATO;CIDADE DE DEUS;288
70;578;Principal;-1;1856;E. M. ANTISTHENES DE OLIVEIRA PINTO;CIDADE DE DEUS;395
70;579;Principal;-1;1902;E. E. OSMAR PEDROSA;NOVO ALEIXO;387
70;580;Principal;-1;1848;E. M. SAO BENEDITO;CIDADE DE DEUS;393
70;581;Principal;-1;2003;E. M. ALMERON CAMINHA MONTEIRO;CIDADE DE DEUS;396
70;582;Principal;-1;1945;E. M. DR. MAGALHAES CORDEIRO;NOVO ALEIXO;390
70;583;Principal;-1;1830;E. E. ENGº. ARTHUR SOARES AMORIM;NOVO ALEIXO;392
70;584;Principal;-1;1937;E. E. JOSE BERNARDINO LINDOSO;NOVO ALEIXO;392
70;585;Principal;-1;1910;E. M. PROF. PAULO GRAÇA;NOVO ALEIXO;394
70;586;Principal;-1;1880;E. M. ULISSES GUIMARAES;NOVO ALEIXO;371
70;587;Principal;-1;1848;E. M. SAO BENEDITO;CIDADE DE DEUS;396
70;588;Principal;-1;1970;E. E. JURACY BATISTA GOMES;NOVO ALEIXO;398
70;589;Principal;-1;1872;E. M. JARLECE DA CONCEIÇÃO ZARANZA;NOVO ALEIXO;395
70;590;Principal;-1;1953;E. E. BELARMINO MARREIRO;NOVO ALEIXO;391
70;591;Principal;-1;1830;E. E. ENGº. ARTHUR SOARES AMORIM;NOVO ALEIXO;394
70;592;Principal;-1;1929;E. M. PROF. MÍRIAM SOTERO DA SILVA;NOVO ALEIXO;375
70;593;Principal;-1;1791;E. E. LETICIO DE CAMPOS DANTAS;CIDADE DE DEUS;389
70;594;Principal;-1;1902;E. E. OSMAR PEDROSA;NOVO ALEIXO;388
70;595;Principal;-1;1937;E. E. JOSE BERNARDINO LINDOSO;NOVO ALEIXO;393
70;596;Principal;-1;1848;E. M. SAO BENEDITO;CIDADE DE DEUS;385
70;597;Principal;-1;1970;E. E. JURACY BATISTA GOMES;NOVO ALEIXO;389
70;598;Principal;-1;1856;E. M. ANTISTHENES DE OLIVEIRA PINTO;CIDADE DE DEUS;392
70;599;Principal;-1;1945;E. M. DR. MAGALHAES CORDEIRO;NOVO ALEIXO;389
70;600;Principal;-1;1830;E. E. ENGº. ARTHUR SOARES AMORIM;NOVO ALEIXO;391
70;601;Principal;-1;2089;E. M. BIÓLOGO ADOLPHO DUCKE;CIDADE DE DEUS;394
70;602;Principal;-1;1961;E. E. RAIMUNDA HOLANDA DE SOUZA;NOVO ALEIXO;399
70;603;Principal;-1;1872;E. M. JARLECE DA CONCEIÇÃO ZARANZA;NOVO ALEIXO;396
70;604;Principal;-1;1937;E. E. JOSE BERNARDINO LINDOSO;NOVO ALEIXO;386
70;605;Principal;-1;1953;E. E. BELARMINO MARREIRO;NOVO ALEIXO;385
70;606;Principal;-1;1880;E. M. ULISSES GUIMARAES;NOVO ALEIXO;372
70;607;Principal;-1;1791;E. E. LETICIO DE CAMPOS DANTAS;CIDADE DE DEUS;391
70;608;Principal;-1;1902;E. E. OSMAR PEDROSA;NOVO ALEIXO;388
70;609;Principal;-1;2089;E. M. BIÓLOGO ADOLPHO DUCKE;CIDADE DE DEUS;397
70;610;Principal;-1;1970;E. E. JURACY BATISTA GOMES;NOVO ALEIXO;398
70;611;Principal;-1;1910;E. M. PROF. PAULO GRAÇA;NOVO ALEIXO;396
70;612;Principal;-1;1830;E. E. ENGº. ARTHUR SOARES AMORIM;NOVO ALEIXO;388
70;613;Principal;-1;1988;E. E. FREI MARIO MONACELLI;CIDADE DE DEUS;394
70;614;Principal;-1;1872;E. M. JARLECE DA CONCEIÇÃO ZARANZA;NOVO ALEIXO;392
70;615;Principal;-1;1937;E. E. JOSE BERNARDINO LINDOSO;NOVO ALEIXO;393
70;616;Principal;-1;2089;E. M. BIÓLOGO ADOLPHO DUCKE;CIDADE DE DEUS;395
70;617;Principal;-1;1953;E. E. BELARMINO MARREIRO;NOVO ALEIXO;383
70;618;Principal;-1;1945;E. M. DR. MAGALHAES CORDEIRO;NOVO ALEIXO;388
70;619;Principal;-1;1970;E. E. JURACY BATISTA GOMES;NOVO ALEIXO;397
70;620;Principal;-1;1856;E. M. ANTISTHENES DE OLIVEIRA PINTO;CIDADE DE DEUS;390
70;621;Principal;-1;1791;E. E. LETICIO DE CAMPOS DANTAS;CIDADE DE DEUS;393
70;622;Principal;-1;1880;E. M. ULISSES GUIMARAES;NOVO ALEIXO;371
70;623;Principal;-1;1902;E. E. OSMAR PEDROSA;NOVO ALEIXO;385
70;624;Principal;-1;1830;E. E. ENGº. ARTHUR SOARES AMORIM;NOVO ALEIXO;394
70;625;Principal;-1;1929;E. M. PROF. MÍRIAM SOTERO DA SILVA;NOVO ALEIXO;375
70;626;Principal;-1;1937;E. E. JOSE BERNARDINO LINDOSO;NOVO ALEIXO;387
70;627;Principal;-1;1872;E. M. JARLECE DA CONCEIÇÃO ZARANZA;NOVO ALEIXO;391
70;628;Principal;-1;1988;E. E. FREI MARIO MONACELLI;CIDADE DE DEUS;394
70;629;Principal;-1;1970;E. E. JURACY BATISTA GOMES;NOVO ALEIXO;394
70;630;Principal;-1;1953;E. E. BELARMINO MARREIRO;NOVO ALEIXO;390
70;631;Principal;-1;1813;E. M. DR. ARISTÓFANES BEZERRA DE CASTRO;CIDADE DE DEUS;381
70;632;Principal;-1;1791;E. E. LETICIO DE CAMPOS DANTAS;CIDADE DE DEUS;390
70;633;Principal;-1;1945;E. M. DR. MAGALHAES CORDEIRO;NOVO ALEIXO;387
70;634;Principal;-1;1830;E. E. ENGº. ARTHUR SOARES AMORIM;NOVO ALEIXO;390
70;635;Principal;-1;1961;E. E. RAIMUNDA HOLANDA DE SOUZA;NOVO ALEIXO;395
70;636;Principal;-1;1856;E. M. ANTISTHENES DE OLIVEIRA PINTO;CIDADE DE DEUS;392
70;637;Principal;-1;1970;E. E. JURACY BATISTA GOMES;NOVO ALEIXO;395
70;638;Principal;-1;1937;E. E. JOSE BERNARDINO LINDOSO;NOVO ALEIXO;389
70;639;Principal;-1;1902;E. E. OSMAR PEDROSA;NOVO ALEIXO;386
70;640;Principal;-1;1880;E. M. ULISSES GUIMARAES;NOVO ALEIXO;366
70;641;Principal;-1;1872;E. M. JARLECE DA CONCEIÇÃO ZARANZA;NOVO ALEIXO;392
70;642;Principal;-1;1988;E. E. FREI MARIO MONACELLI;CIDADE DE DEUS;391
70;643;Principal;-1;1791;E. E. LETICIO DE CAMPOS DANTAS;CIDADE DE DEUS;396
70;644;Principal;-1;1910;E. M. PROF. PAULO GRAÇA;NOVO ALEIXO;396
70;645;Principal;-1;1953;E. E. BELARMINO MARREIRO;NOVO ALEIXO;390
70;646;Principal;-1;1830;E. E. ENGº. ARTHUR SOARES AMORIM;NOVO ALEIXO;390
70;647;Principal;-1;1856;E. M. ANTISTHENES DE OLIVEIRA PINTO;CIDADE DE DEUS;397
70;648;Principal;-1;1970;E. E. JURACY BATISTA GOMES;NOVO ALEIXO;397
70;649;Principal;-1;1945;E. M. DR. MAGALHAES CORDEIRO;NOVO ALEIXO;386
70;650;Principal;-1;1937;E. E. JOSE BERNARDINO LINDOSO;NOVO ALEIXO;390
70;651;Principal;-1;1791;E. E. LETICIO DE CAMPOS DANTAS;CIDADE DE DEUS;397
70;652;Principal;-1;1996;E. E. WILMA VITORIANO GEBER;CIDADE DE DEUS;387
70;653;Principal;-1;1902;E. E. OSMAR PEDROSA;NOVO ALEIXO;385
70;654;Principal;-1;1988;E. E. FREI MARIO MONACELLI;CIDADE DE DEUS;396
70;655;Principal;-1;1872;E. M. JARLECE DA CONCEIÇÃO ZARANZA;NOVO ALEIXO;391
70;656;Principal;-1;1830;E. E. ENGº. ARTHUR SOARES AMORIM;NOVO ALEIXO;396
70;657;Principal;-1;1970;E. E. JURACY BATISTA GOMES;NOVO ALEIXO;397
70;658;Principal;-1;1929;E. M. PROF. MÍRIAM SOTERO DA SILVA;NOVO ALEIXO;377
70;659;Principal;-1;1953;E. E. BELARMINO MARREIRO;NOVO ALEIXO;382
70;660;Principal;-1;1856;E. M. ANTISTHENES DE OLIVEIRA PINTO;CIDADE DE DEUS;397
70;661;Principal;-1;1880;E. M. ULISSES GUIMARAES;NOVO ALEIXO;369
70;662;Principal;-1;1937;E. E. JOSE BERNARDINO LINDOSO;NOVO ALEIXO;389
70;663;Principal;-1;1945;E. M. DR. MAGALHAES CORDEIRO;NOVO ALEIXO;391
70;664;Principal;-1;1791;E. E. LETICIO DE CAMPOS DANTAS;CIDADE DE DEUS;397
70;665;Principal;-1;1988;E. E. FREI MARIO MONACELLI;CIDADE DE DEUS;392
70;666;Principal;-1;1961;E. E. RAIMUNDA HOLANDA DE SOUZA;NOVO ALEIXO;392
70;667;Principal;-1;2194;CECF PROF. TEONÍZIA LOBO DE CARVALHO;NOVO ALEIXO;395
70;668;Principal;-1;1872;E. M. JARLECE DA CONCEIÇÃO ZARANZA;NOVO ALEIXO;394
70;669;Principal;-1;1830;E. E. ENGº. ARTHUR SOARES AMORIM;NOVO ALEIXO;392
70;670;Principal;-1;1902;E. E. OSMAR PEDROSA;NOVO ALEIXO;382
70;671;Principal;-1;1910;E. M. PROF. PAULO GRAÇA;NOVO ALEIXO;394
70;672;Principal;-1;1856;E. M. ANTISTHENES DE OLIVEIRA PINTO;CIDADE DE DEUS;396
70;673;Principal;-1;1791;E. E. LETICIO DE CAMPOS DANTAS;CIDADE DE DEUS;397
70;674;Principal;-1;1937;E. E. JOSE BERNARDINO LINDOSO;NOVO ALEIXO;389
70;675;Principal;-1;1953;E. E. BELARMINO MARREIRO;NOVO ALEIXO;387
70;676;Principal;-1;1945;E. M. DR. MAGALHAES CORDEIRO;NOVO ALEIXO;388
70;677;Principal;-1;1880;E. M. ULISSES GUIMARAES;NOVO ALEIXO;368
70;678;Principal;-1;1988;E. E. FREI MARIO MONACELLI;CIDADE DE DEUS;391
70;679;Principal;-1;1791;E. E. LETICIO DE CAMPOS DANTAS;CIDADE DE DEUS;392
70;680;Principal;-1;1830;E. E. ENGº. ARTHUR SOARES AMORIM;NOVO ALEIXO;392
70;681;Principal;-1;1872;E. M. JARLECE DA CONCEIÇÃO ZARANZA;NOVO ALEIXO;393
70;682;Principal;-1;1937;E. E. JOSE BERNARDINO LINDOSO;NOVO ALEIXO;388
70;683;Principal;-1;1864;E. M. AUREO NONATO;CIDADE DE DEUS;286
70;684;Principal;-1;1902;E. E. OSMAR PEDROSA;NOVO ALEIXO;384
70;685;Principal;-1;1945;E. M. DR. MAGALHAES CORDEIRO;NOVO ALEIXO;389
70;686;Principal;-1;1791;E. E. LETICIO DE CAMPOS DANTAS;CIDADE DE DEUS;399
70;687;Principal;-1;1813;E. M. DR. ARISTÓFANES BEZERRA DE CASTRO;CIDADE DE DEUS;382
70;688;Principal;-1;1988;E. E. FREI MARIO MONACELLI;CIDADE DE DEUS;391
70;689;Principal;-1;1880;E. M. ULISSES GUIMARAES;NOVO ALEIXO;370
70;690;Principal;-1;1953;E. E. BELARMINO MARREIRO;NOVO ALEIXO;385
70;691;Principal;-1;1864;E. M. AUREO NONATO;CIDADE DE DEUS;281
70;692;Principal;-1;1929;E. M. PROF. MÍRIAM SOTERO DA SILVA;NOVO ALEIXO;379
70;693;Principal;-1;1872;E. M. JARLECE DA CONCEIÇÃO ZARANZA;NOVO ALEIXO;391
70;694;Principal;-1;1830;E. E. ENGº. ARTHUR SOARES AMORIM;NOVO ALEIXO;393
70;695;Principal;-1;1937;E. E. JOSE BERNARDINO LINDOSO;NOVO ALEIXO;390
70;696;Principal;-1;1996;E. E. WILMA VITORIANO GEBER;CIDADE DE DEUS;386
70;697;Principal;-1;1988;E. E. FREI MARIO MONACELLI;CIDADE DE DEUS;393
70;698;Principal;-1;1945;E. M. DR. MAGALHAES CORDEIRO;NOVO ALEIXO;389
70;699;Principal;-1;1961;E. E. RAIMUNDA HOLANDA DE SOUZA;NOVO ALEIXO;396
70;700;Principal;-1;1910;E. M. PROF. PAULO GRAÇA;NOVO ALEIXO;398
70;701;Principal;-1;1902;E. E. OSMAR PEDROSA;NOVO ALEIXO;383
70;702;Principal;-1;1880;E. M. ULISSES GUIMARAES;NOVO ALEIXO;369
70;703;Principal;-1;1937;E. E. JOSE BERNARDINO LINDOSO;NOVO ALEIXO;389
70;704;Principal;-1;2003;E. M. ALMERON CAMINHA MONTEIRO;CIDADE DE DEUS;395
70;705;Principal;-1;1988;E. E. FREI MARIO MONACELLI;CIDADE DE DEUS;390
70;706;Principal;-1;1830;E. E. ENGº. ARTHUR SOARES AMORIM;NOVO ALEIXO;384
70;707;Principal;-1;2038;CMEI PADRE CLAUDIO DALBON;NOVO ALEIXO;395
70;708;Principal;-1;1880;E. M. ULISSES GUIMARAES;NOVO ALEIXO;367
70;709;Principal;-1;1937;E. E. JOSE BERNARDINO LINDOSO;NOVO ALEIXO;390
70;710;Principal;-1;1902;E. E. OSMAR PEDROSA;NOVO ALEIXO;383
70;711;Principal;-1;1996;E. E. WILMA VITORIANO GEBER;CIDADE DE DEUS;384
70;712;Principal;-1;1961;E. E. RAIMUNDA HOLANDA DE SOUZA;NOVO ALEIXO;389
70;713;Principal;-1;1899;E. M. IRMA ZENIR DE CASTRO ALVES;NOVO ALEIXO;345
70;714;Principal;-1;1937;E. E. JOSE BERNARDINO LINDOSO;NOVO ALEIXO;390
70;715;Principal;-1;2038;CMEI PADRE CLAUDIO DALBON;NOVO ALEIXO;390
70;716;Principal;-1;1910;E. M. PROF. PAULO GRAÇA;NOVO ALEIXO;392
70;717;Principal;-1;1864;E. M. AUREO NONATO;CIDADE DE DEUS;294
70;718;Principal;-1;1929;E. M. PROF. MÍRIAM SOTERO DA SILVA;NOVO ALEIXO;373
70;719;Principal;-1;1937;E. E. JOSE BERNARDINO LINDOSO;NOVO ALEIXO;389
70;720;Principal;-1;1961;E. E. RAIMUNDA HOLANDA DE SOUZA;NOVO ALEIXO;391
70;721;Principal;-1;1864;E. M. AUREO NONATO;CIDADE DE DEUS;301
70;722;Principal;-1;2240;EMEF. MIGUEL ARRAES DE ALENCAR;NOVO ALEIXO;385
70;723;Principal;-1;1813;E. M. DR. ARISTÓFANES BEZERRA DE CASTRO;CIDADE DE DEUS;380
70;724;Principal;-1;2003;E. M. ALMERON CAMINHA MONTEIRO;CIDADE DE DEUS;395
70;725;Principal;-1;1937;E. E. JOSE BERNARDINO LINDOSO;NOVO ALEIXO;391
70;726;Principal;-1;1961;E. E. RAIMUNDA HOLANDA DE SOUZA;NOVO ALEIXO;393
70;727;Principal;-1;1864;E. M. AUREO NONATO;CIDADE DE DEUS;292
70;728;Principal;-1;1937;E. E. JOSE BERNARDINO LINDOSO;NOVO ALEIXO;387
70;729;Principal;-1;2240;EMEF. MIGUEL ARRAES DE ALENCAR;NOVO ALEIXO;381
70;730;Principal;-1;1821;E. M. SEN. DARCY RIBEIRO;NOVO ALEIXO;300
70;731;Principal;-1;1937;E. E. JOSE BERNARDINO LINDOSO;NOVO ALEIXO;389
70;732;Principal;-1;1961;E. E. RAIMUNDA HOLANDA DE SOUZA;NOVO ALEIXO;388
70;733;Principal;-1;1937;E. E. JOSE BERNARDINO LINDOSO;NOVO ALEIXO;390
70;734;Principal;-1;1910;E. M. PROF. PAULO GRAÇA;NOVO ALEIXO;395
70;735;Principal;-1;2003;E. M. ALMERON CAMINHA MONTEIRO;CIDADE DE DEUS;396
70;736;Principal;-1;1864;E. M. AUREO NONATO;CIDADE DE DEUS;281
70;737;Principal;-1;2038;CMEI PADRE CLAUDIO DALBON;NOVO ALEIXO;392
70;738;Principal;-1;1988;E. E. FREI MARIO MONACELLI;CIDADE DE DEUS;392
70;739;Principal;-1;2097;E. M. OLGA FIGUEIREDO;CIDADE DE DEUS;286
70;740;Principal;-1;1880;E. M. ULISSES GUIMARAES;NOVO ALEIXO;367
70;741;Principal;-1;1937;E. E. JOSE BERNARDINO LINDOSO;NOVO ALEIXO;388
70;742;Principal;-1;2240;EMEF. MIGUEL ARRAES DE ALENCAR;NOVO ALEIXO;380
70;743;Principal;-1;2020;CMEI AILTON ROTH;CIDADE DE DEUS;381
70;744;Principal;-1;1899;E. M. IRMA ZENIR DE CASTRO ALVES;NOVO ALEIXO;345
70;745;Principal;-1;1961;E. E. RAIMUNDA HOLANDA DE SOUZA;NOVO ALEIXO;393
70;746;Principal;-1;1988;E. E. FREI MARIO MONACELLI;CIDADE DE DEUS;391
70;747;Principal;-1;1937;E. E. JOSE BERNARDINO LINDOSO;NOVO ALEIXO;392
70;748;Principal;-1;1929;E. M. PROF. MÍRIAM SOTERO DA SILVA;NOVO ALEIXO;374
70;749;Principal;-1;2038;CMEI PADRE CLAUDIO DALBON;NOVO ALEIXO;351
70;750;Principal;-1;2194;CECF PROF. TEONÍZIA LOBO DE CARVALHO;NOVO ALEIXO;365
70;751;Principal;-1;1945;E. M. DR. MAGALHAES CORDEIRO;NOVO ALEIXO;385
70;752;Principal;-1;2194;CECF PROF. TEONÍZIA LOBO DE CARVALHO;NOVO ALEIXO;392
70;753;Principal;-1;1791;E. E. LETICIO DE CAMPOS DANTAS;CIDADE DE DEUS;393
70;754;Principal;-1;1953;E. E. BELARMINO MARREIRO;NOVO ALEIXO;391
70;755;Principal;-1;2046;CMEI TEN ROXANA PEREIRA BONESSI;NOVO ALEIXO;382
70;756;Principal;-1;2038;CMEI PADRE CLAUDIO DALBON;NOVO ALEIXO;390
70;757;Principal;-1;2097;E. M. OLGA FIGUEIREDO;CIDADE DE DEUS;297
70;758;Principal;-1;1937;E. E. JOSE BERNARDINO LINDOSO;NOVO ALEIXO;387
70;759;Principal;-1;2003;E. M. ALMERON CAMINHA MONTEIRO;CIDADE DE DEUS;394
70;760;Principal;-1;2240;EMEF. MIGUEL ARRAES DE ALENCAR;NOVO ALEIXO;387
70;761;Principal;-1;1813;E. M. DR. ARISTÓFANES BEZERRA DE CASTRO;CIDADE DE DEUS;377
70;762;Principal;-1;1791;E. E. LETICIO DE CAMPOS DANTAS;CIDADE DE DEUS;384
70;763;Principal;-1;1830;E. E. ENGº. ARTHUR SOARES AMORIM;NOVO ALEIXO;391
70;764;Principal;-1;2097;E. M. OLGA FIGUEIREDO;CIDADE DE DEUS;279
70;765;Principal;-1;2020;CMEI AILTON ROTH;CIDADE DE DEUS;383
70;766;Principal;-1;2194;CECF PROF. TEONÍZIA LOBO DE CARVALHO;NOVO ALEIXO;396
70;767;Principal;-1;1937;E. E. JOSE BERNARDINO LINDOSO;NOVO ALEIXO;392
70;768;Principal;-1;1945;E. M. DR. MAGALHAES CORDEIRO;NOVO ALEIXO;384
70;769;Principal;-1;1791;E. E. LETICIO DE CAMPOS DANTAS;CIDADE DE DEUS;393
70;770;Principal;-1;1910;E. M. PROF. PAULO GRAÇA;NOVO ALEIXO;396
70;771;Principal;-1;1953;E. E. BELARMINO MARREIRO;NOVO ALEIXO;384
70;772;Principal;-1;2194;CECF PROF. TEONÍZIA LOBO DE CARVALHO;NOVO ALEIXO;369
70;773;Principal;-1;1830;E. E. ENGº. ARTHUR SOARES AMORIM;NOVO ALEIXO;388
70;774;Principal;-1;2062;E. M. PROF. RUTH COSTA;NOVO ALEIXO;286
70;775;Principal;-1;2054;E. M. ESCRITOR ERICO VERISSIMO;NOVO ALEIXO;149
70;776;Principal;-1;1937;E. E. JOSE BERNARDINO LINDOSO;NOVO ALEIXO;387
70;777;Principal;-1;2240;EMEF. MIGUEL ARRAES DE ALENCAR;NOVO ALEIXO;382
70;778;Principal;-1;1945;E. M. DR. MAGALHAES CORDEIRO;NOVO ALEIXO;389
70;779;Principal;-1;2020;CMEI AILTON ROTH;CIDADE DE DEUS;376
70;780;Principal;-1;1929;E. M. PROF. MÍRIAM SOTERO DA SILVA;NOVO ALEIXO;373
70;781;Principal;-1;2194;CECF PROF. TEONÍZIA LOBO DE CARVALHO;NOVO ALEIXO;364
70;782;Principal;-1;2097;E. M. OLGA FIGUEIREDO;CIDADE DE DEUS;277
70;783;Principal;-1;1830;E. E. ENGº. ARTHUR SOARES AMORIM;NOVO ALEIXO;398
70;784;Principal;-1;1953;E. E. BELARMINO MARREIRO;NOVO ALEIXO;392
70;785;Principal;-1;2003;E. M. ALMERON CAMINHA MONTEIRO;CIDADE DE DEUS;390
70;786;Principal;-1;2097;E. M. OLGA FIGUEIREDO;CIDADE DE DEUS;286
70;787;Principal;-1;1813;E. M. DR. ARISTÓFANES BEZERRA DE CASTRO;CIDADE DE DEUS;380
70;788;Principal;-1;1821;E. M. SEN. DARCY RIBEIRO;NOVO ALEIXO;367
70;789;Principal;-1;2020;CMEI AILTON ROTH;CIDADE DE DEUS;380
70;790;Principal;-1;2046;CMEI TEN ROXANA PEREIRA BONESSI;NOVO ALEIXO;376
70;791;Principal;-1;1910;E. M. PROF. PAULO GRAÇA;NOVO ALEIXO;395
70;792;Principal;-1;1821;E. M. SEN. DARCY RIBEIRO;NOVO ALEIXO;371
70;793;Principal;-1;1953;E. E. BELARMINO MARREIRO;NOVO ALEIXO;385
70;794;Principal;-1;2003;E. M. ALMERON CAMINHA MONTEIRO;CIDADE DE DEUS;393
70;795;Principal;-1;2097;E. M. OLGA FIGUEIREDO;CIDADE DE DEUS;286
70;796;Principal;-1;2020;CMEI AILTON ROTH;CIDADE DE DEUS;379
70;797;Principal;-1;2097;E. M. OLGA FIGUEIREDO;CIDADE DE DEUS;287
70;798;Principal;-1;2089;E. M. BIÓLOGO ADOLPHO DUCKE;CIDADE DE DEUS;391
70;799;Principal;-1;2070;E. M. GOVERNADOR EDUARDO RIBEIRO;CIDADE DE DEUS;353
70;800;Principal;-1;1937;E. E. JOSE BERNARDINO LINDOSO;NOVO ALEIXO;391
70;801;Principal;-1;1953;E. E. BELARMINO MARREIRO;NOVO ALEIXO;388
70;802;Principal;-1;2020;CMEI AILTON ROTH;CIDADE DE DEUS;383
70;803;Principal;-1;2003;E. M. ALMERON CAMINHA MONTEIRO;CIDADE DE DEUS;392
70;804;Principal;-1;2038;CMEI PADRE CLAUDIO DALBON;NOVO ALEIXO;342
70;805;Principal;-1;2046;CMEI TEN ROXANA PEREIRA BONESSI;NOVO ALEIXO;378
70;806;Principal;-1;2089;E. M. BIÓLOGO ADOLPHO DUCKE;CIDADE DE DEUS;396
70;807;Principal;-1;2097;E. M. OLGA FIGUEIREDO;CIDADE DE DEUS;381
70;808;Principal;-1;1848;E. M. SAO BENEDITO;CIDADE DE DEUS;398
70;809;Principal;-1;2151;E. E. ELIRA PINHEIRO;CIDADE DE DEUS;388
70;810;Principal;-1;2194;CECF PROF. TEONÍZIA LOBO DE CARVALHO;NOVO ALEIXO;306
70;811;Principal;-1;2151;E. E. ELIRA PINHEIRO;CIDADE DE DEUS;269
70;812;Principal;-1;2232;CRECHE MARIA DO PERPÉTUO SOCORRO TRINDADE PEREIRA SENA;NOVO ALEIXO;364
70;813;Principal;-1;2178;C. E. RECANTO DA CRIANÇA INTERATIVA - PARTICULAR;NOVO ALEIXO;335
70;814;Principal;-1;2119;C. E. CENTRO EDUCACIONAL IMPERIAL - PARTICULAR;CIDADE DE DEUS;381
70;815;Principal;-1;2135;E. M. PROF. ROBERTO DA SILVA PEIXOTO;CIDADE DE DEUS;275
70;816;Principal;-1;2038;CMEI PADRE CLAUDIO DALBON;NOVO ALEIXO;187
70;817;Principal;-1;2160;CMEI CALISTO PEREIRA CAVALCANTE;CIDADE DE DEUS;341
70;818;Principal;-1;2224;CMEI SANTA ISABEL;NOVO ALEIXO;333
70;819;Principal;-1;2186;E. M. DR. ADERSON PEREIRA DUTRA;NOVO ALEIXO;358
70;820;Principal;-1;2216;CMEI SANTINA CASTRO PEREIRA;NOVO ALEIXO;389
70;821;Principal;-1;2070;E. M. GOVERNADOR EDUARDO RIBEIRO;CIDADE DE DEUS;309
70;822;Principal;-1;2070;E. M. GOVERNADOR EDUARDO RIBEIRO;CIDADE DE DEUS;390
70;823;Principal;-1;2127;CMEI. PROFª. SULAMITA PEREIRA GONÇALVES;CIDADE DE DEUS;348
70;824;Principal;-1;1813;E. M. DR. ARISTÓFANES BEZERRA DE CASTRO;CIDADE DE DEUS;382
70;825;Principal;-1;2070;E. M. GOVERNADOR EDUARDO RIBEIRO;CIDADE DE DEUS;391
70;826;Principal;-1;2046;CMEI TEN ROXANA PEREIRA BONESSI;NOVO ALEIXO;379
70;827;Principal;-1;1929;E. M. PROF. MÍRIAM SOTERO DA SILVA;NOVO ALEIXO;374
70;828;Principal;-1;2160;CMEI CALISTO PEREIRA CAVALCANTE;CIDADE DE DEUS;347
70;829;Principal;-1;2097;E. M. OLGA FIGUEIREDO;CIDADE DE DEUS;373
70;830;Principal;-1;2178;C. E. RECANTO DA CRIANÇA INTERATIVA - PARTICULAR;NOVO ALEIXO;346
70;831;Principal;-1;2070;E. M. GOVERNADOR EDUARDO RIBEIRO;CIDADE DE DEUS;367
70;832;Principal;-1;2097;E. M. OLGA FIGUEIREDO;CIDADE DE DEUS;377
70;833;Principal;-1;2151;E. E. ELIRA PINHEIRO;CIDADE DE DEUS;388
70;834;Principal;-1;2062;E. M. PROF. RUTH COSTA;NOVO ALEIXO;226
70;835;Principal;-1;2194;CECF PROF. TEONÍZIA LOBO DE CARVALHO;NOVO ALEIXO;300
70;840;Principal;-1;2160;CMEI CALISTO PEREIRA CAVALCANTE;CIDADE DE DEUS;337
70;841;Principal;-1;2127;CMEI. PROFª. SULAMITA PEREIRA GONÇALVES;CIDADE DE DEUS;123
70;842;Principal;-1;2097;E. M. OLGA FIGUEIREDO;CIDADE DE DEUS;381
70;843;Principal;-1;2178;C. E. RECANTO DA CRIANÇA INTERATIVA - PARTICULAR;NOVO ALEIXO;311
70;844;Principal;-1;1880;E. M. ULISSES GUIMARAES;NOVO ALEIXO;365
70;845;Principal;-1;2038;CMEI PADRE CLAUDIO DALBON;NOVO ALEIXO;72
70;846;Principal;-1;2232;CRECHE MARIA DO PERPÉTUO SOCORRO TRINDADE PEREIRA SENA;NOVO ALEIXO;219
70;847;Principal;-1;2070;E. M. GOVERNADOR EDUARDO RIBEIRO;CIDADE DE DEUS;222
70;848;Principal;-1;2119;C. E. CENTRO EDUCACIONAL IMPERIAL - PARTICULAR;CIDADE DE DEUS;235
70;849;Agregada;820;2216;CMEI SANTINA CASTRO PEREIRA;NOVO ALEIXO;48
