zona;secao;local;nome_local;eleitores
1;1;1015;ESCOLA CLASSE 102 SUL;305
1;2;1015;ESCOLA CLASSE 102 SUL;302
1;3;1015;ESCOLA CLASSE 102 SUL;303
1;4;1015;ESCOLA CLASSE 102 SUL;304
1;5;1023;ESCOLA SALESIANA BRASÍLIA;232
1;6;1023;ESCOLA SALESIANA BRASÍLIA;230
1;7;1023;ESCOLA SALESIANA BRASÍLIA;228
1;8;1023;ESCOLA SALESIANA BRASÍLIA;231
1;9;1422;UDF SEPS 704/904;255
1;11;1422;UDF SEPS 704/904;256
1;13;1422;UDF SEPS 704/904;254
1;15;1422;UDF SEPS 704/904;249
1;17;1422;UDF SEPS 704/904;256
1;20;2208;CIL - CENTRO INTERESCOLAR DE LÍNGUAS SGAS 907/908;280
1;21;2208;CIL - CENTRO INTERESCOLAR DE LÍNGUAS SGAS 907/908;281
1;22;2208;CIL - CENTRO INTERESCOLAR DE LÍNGUAS SGAS 907/908;273
1;23;2208;CIL - CENTRO INTERESCOLAR DE LÍNGUAS SGAS 907/908;278
1;24;2208;CIL - CENTRO INTERESCOLAR DE LÍNGUAS SGAS 907/908;274
1;33;1961;UPIS - UNIAO PIONEIRA DE INTEGRACAO SOCIAL SEPS 712/912;209
1;34;1961;UPIS - UNIAO PIONEIRA DE INTEGRACAO SOCIAL SEPS 712/912;219
1;35;1961;UPIS - UNIAO PIONEIRA DE INTEGRACAO SOCIAL SEPS 712/912;210
1;36;1961;UPIS - UNIAO PIONEIRA DE INTEGRACAO SOCIAL SEPS 712/912;206
1;37;1961;UPIS - UNIAO PIONEIRA DE INTEGRACAO SOCIAL SEPS 712/912;213
1;38;1961;UPIS - UNIAO PIONEIRA DE INTEGRACAO SOCIAL SEPS 712/912;208
1;39;1961;UPIS - UNIAO PIONEIRA DE INTEGRACAO SOCIAL SEPS 712/912;210
1;40;1961;UPIS - UNIAO PIONEIRA DE INTEGRACAO SOCIAL SEPS 712/912;206
1;41;1961;UPIS - UNIAO PIONEIRA DE INTEGRACAO SOCIAL SEPS 712/912;209
1;42;1961;UPIS - UNIAO PIONEIRA DE INTEGRACAO SOCIAL SEPS 712/912;209
1;43;1961;UPIS - UNIAO PIONEIRA DE INTEGRACAO SOCIAL SEPS 712/912;209
1;44;1961;UPIS - UNIAO PIONEIRA DE INTEGRACAO SOCIAL SEPS 712/912;211
1;45;1961;UPIS - UNIAO PIONEIRA DE INTEGRACAO SOCIAL SEPS 712/912;211
1;46;1961;UPIS - UNIAO PIONEIRA DE INTEGRACAO SOCIAL SEPS 712/912;206
1;47;2151;UNIP - UNIVERSIDADE PAULISTA SGAS 913;248
1;49;2151;UNIP - UNIVERSIDADE PAULISTA SGAS 913;244
1;51;1376;CESAS - CEJA ASA SUL C.E.S.A.S. SGAS 602;295
1;53;1376;CESAS - CEJA ASA SUL C.E.S.A.S. SGAS 602;294
1;55;1376;CESAS - CEJA ASA SUL C.E.S.A.S. SGAS 602;296
1;57;1376;CESAS - CEJA ASA SUL C.E.S.A.S. SGAS 602;296
1;59;1376;CESAS - CEJA ASA SUL C.E.S.A.S. SGAS 602;294
1;62;1139;COLÉGIO ÚNICO 606 SUL;272
1;63;1139;COLÉGIO ÚNICO 606 SUL;271
1;64;1139;COLÉGIO ÚNICO 606 SUL;282
1;65;1139;COLÉGIO ÚNICO 606 SUL;268
1;66;1139;COLÉGIO ÚNICO 606 SUL;272
1;67;1139;COLÉGIO ÚNICO 606 SUL;272
1;68;1139;COLÉGIO ÚNICO 606 SUL;272
1;69;1902;COLEGIO MARISTA DE BRASILIA SGAS 609;263
1;70;1902;COLEGIO MARISTA DE BRASILIA SGAS 609;264
1;71;1902;COLEGIO MARISTA DE BRASILIA SGAS 609;265
1;72;1902;COLEGIO MARISTA DE BRASILIA SGAS 609;264
1;73;1902;COLEGIO MARISTA DE BRASILIA SGAS 609;265
1;74;2020;ESCOLA CLASSE 209 SUL;327
1;75;2020;ESCOLA CLASSE 209 SUL;328
1;76;2020;ESCOLA CLASSE 209 SUL;328
1;77;2020;ESCOLA CLASSE 209 SUL;329
1;78;1902;COLEGIO MARISTA DE BRASILIA SGAS 609;265
1;79;1902;COLEGIO MARISTA DE BRASILIA SGAS 609;265
1;80;1902;COLEGIO MARISTA DE BRASILIA SGAS 609;267
1;81;1902;COLEGIO MARISTA DE BRASILIA SGAS 609;260
1;82;1163;CENTRO DE ENSINO FUNDAMENTAL 214 SUL;316
1;83;1163;CENTRO DE ENSINO FUNDAMENTAL 214 SUL;313
1;84;1163;CENTRO DE ENSINO FUNDAMENTAL 214 SUL;314
1;85;1163;CENTRO DE ENSINO FUNDAMENTAL 214 SUL;315
1;86;1163;CENTRO DE ENSINO FUNDAMENTAL 214 SUL;315
1;87;1163;CENTRO DE ENSINO FUNDAMENTAL 214 SUL;316
1;88;1899;COLEGIO MARISTA ENSINO MÉDIO SGAS 615;251
1;89;1899;COLEGIO MARISTA ENSINO MÉDIO SGAS 615;253
1;90;1899;COLEGIO MARISTA ENSINO MÉDIO SGAS 615;253
1;91;1899;COLEGIO MARISTA ENSINO MÉDIO SGAS 615;250
1;92;1023;ESCOLA SALESIANA BRASÍLIA;229
1;93;1023;ESCOLA SALESIANA BRASÍLIA;232
1;94;1023;ESCOLA SALESIANA BRASÍLIA;230
1;95;1023;ESCOLA SALESIANA BRASÍLIA;229
1;96;1023;ESCOLA SALESIANA BRASÍLIA;228
1;97;1023;ESCOLA SALESIANA BRASÍLIA;231
1;98;1023;ESCOLA SALESIANA BRASÍLIA;233
1;99;1422;UDF SEPS 704/904;275
1;100;1422;UDF SEPS 704/904;251
1;101;1422;UDF SEPS 704/904;255
1;102;1422;UDF SEPS 704/904;257
1;103;1422;UDF SEPS 704/904;258
1;104;1198;ESCOLA CLASSE 305 SUL;289
1;105;1198;ESCOLA CLASSE 305 SUL;292
1;106;1198;ESCOLA CLASSE 305 SUL;286
1;107;1198;ESCOLA CLASSE 305 SUL;291
1;108;1198;ESCOLA CLASSE 305 SUL;290
1;109;1198;ESCOLA CLASSE 305 SUL;289
1;110;1236;CENTRO EDUCACIONAL LA SALLE SGAS 906;298
1;111;1236;CENTRO EDUCACIONAL LA SALLE SGAS 906;299
1;112;1236;CENTRO EDUCACIONAL LA SALLE SGAS 906;303
1;113;1236;CENTRO EDUCACIONAL LA SALLE SGAS 906;302
1;114;1236;CENTRO EDUCACIONAL LA SALLE SGAS 906;301
1;115;1236;CENTRO EDUCACIONAL LA SALLE SGAS 906;296
1;116;1236;CENTRO EDUCACIONAL LA SALLE SGAS 906;301
1;117;1236;CENTRO EDUCACIONAL LA SALLE SGAS 906;299
1;118;1236;CENTRO EDUCACIONAL LA SALLE SGAS 906;304
1;119;1236;CENTRO EDUCACIONAL LA SALLE SGAS 906;300
1;120;1236;CENTRO EDUCACIONAL LA SALLE SGAS 906;301
1;121;1457;CEM ELEFANTE BRANCO SGAS 708/908;234
1;123;1457;CEM ELEFANTE BRANCO SGAS 708/908;232
1;125;1457;CEM ELEFANTE BRANCO SGAS 708/908;235
1;126;1244;ESCOLA PARQUE 313/314 SUL;322
1;127;1244;ESCOLA PARQUE 313/314 SUL;322
1;128;1244;ESCOLA PARQUE 313/314 SUL;322
1;129;2151;UNIP - UNIVERSIDADE PAULISTA SGAS 913;216
1;130;2151;UNIP - UNIVERSIDADE PAULISTA SGAS 913;219
1;131;2151;UNIP - UNIVERSIDADE PAULISTA SGAS 913;217
1;132;2151;UNIP - UNIVERSIDADE PAULISTA SGAS 913;218
1;133;1244;ESCOLA PARQUE 313/314 SUL;322
1;134;1244;ESCOLA PARQUE 313/314 SUL;320
1;135;1244;ESCOLA PARQUE 313/314 SUL;322
1;136;1244;ESCOLA PARQUE 313/314 SUL;324
1;137;1244;ESCOLA PARQUE 313/314 SUL;324
1;138;2151;UNIP - UNIVERSIDADE PAULISTA SGAS 913;256
1;140;2151;UNIP - UNIVERSIDADE PAULISTA SGAS 913;218
1;141;2151;UNIP - UNIVERSIDADE PAULISTA SGAS 913;221
1;142;2151;UNIP - UNIVERSIDADE PAULISTA SGAS 913;216
1;143;2151;UNIP - UNIVERSIDADE PAULISTA SGAS 913;219
1;144;1287;ESCOLA CLASSE 316 SUL;281
1;145;1287;ESCOLA CLASSE 316 SUL;284
1;146;1287;ESCOLA CLASSE 316 SUL;284
1;147;1287;ESCOLA CLASSE 316 SUL;282
1;148;1287;ESCOLA CLASSE 316 SUL;282
1;149;1309;CENTRO DE ENSINO FUNDAMENTAL 405 SUL;325
1;150;1309;CENTRO DE ENSINO FUNDAMENTAL 405 SUL;330
1;151;1309;CENTRO DE ENSINO FUNDAMENTAL 405 SUL;325
1;152;1309;CENTRO DE ENSINO FUNDAMENTAL 405 SUL;328
1;153;1309;CENTRO DE ENSINO FUNDAMENTAL 405 SUL;329
1;154;1309;CENTRO DE ENSINO FUNDAMENTAL 405 SUL;328
1;155;1139;COLÉGIO ÚNICO 606 SUL;272
1;164;2003;ESCOLA CLASSE 206 SUL;280
1;165;2003;ESCOLA CLASSE 206 SUL;276
1;166;2003;ESCOLA CLASSE 206 SUL;279
1;167;2003;ESCOLA CLASSE 206 SUL;275
1;168;1384;CEM SETOR LESTE SGAS 611/612;258
1;170;1384;CEM SETOR LESTE SGAS 611/612;260
1;172;1384;CEM SETOR LESTE SGAS 611/612;259
1;174;1384;CEM SETOR LESTE SGAS 611/612;261
1;176;1384;CEM SETOR LESTE SGAS 611/612;261
1;178;1384;CEM SETOR LESTE SGAS 611/612;255
1;180;1333;ESCOLA CLASSE 413 SUL;324
1;181;1899;COLEGIO MARISTA ENSINO MÉDIO SGAS 615;252
1;182;1899;COLEGIO MARISTA ENSINO MÉDIO SGAS 615;252
1;183;1899;COLEGIO MARISTA ENSINO MÉDIO SGAS 615;252
1;184;1899;COLEGIO MARISTA ENSINO MÉDIO SGAS 615;252
1;185;1899;COLEGIO MARISTA ENSINO MÉDIO SGAS 615;249
1;186;1899;COLEGIO MARISTA ENSINO MÉDIO SGAS 615;251
1;187;1899;COLEGIO MARISTA ENSINO MÉDIO SGAS 615;252
1;188;1341;COLEGIO COR JESU SGAS 615;271
1;189;1341;COLEGIO COR JESU SGAS 615;272
1;190;1341;COLEGIO COR JESU SGAS 615;272
1;191;1341;COLEGIO COR JESU SGAS 615;272
1;192;1341;COLEGIO COR JESU SGAS 615;270
1;193;1341;COLEGIO COR JESU SGAS 615;274
1;194;2046;ESCOLA CLASSE 416 SUL;295
1;195;2046;ESCOLA CLASSE 416 SUL;292
1;196;2046;ESCOLA CLASSE 416 SUL;290
1;197;1236;CENTRO EDUCACIONAL LA SALLE SGAS 906;302
1;198;1236;CENTRO EDUCACIONAL LA SALLE SGAS 906;298
1;199;1376;CESAS - CEJA ASA SUL C.E.S.A.S. SGAS 602;294
1;202;1376;CESAS - CEJA ASA SUL C.E.S.A.S. SGAS 602;294
1;205;1376;CESAS - CEJA ASA SUL C.E.S.A.S. SGAS 602;293
1;208;1376;CESAS - CEJA ASA SUL C.E.S.A.S. SGAS 602;291
1;211;1376;CESAS - CEJA ASA SUL C.E.S.A.S. SGAS 602;295
1;214;1376;CESAS - CEJA ASA SUL C.E.S.A.S. SGAS 602;293
1;216;1384;CEM SETOR LESTE SGAS 611/612;260
1;218;1384;CEM SETOR LESTE SGAS 611/612;257
1;220;1384;CEM SETOR LESTE SGAS 611/612;259
1;222;1384;CEM SETOR LESTE SGAS 611/612;260
1;224;1384;CEM SETOR LESTE SGAS 611/612;260
1;225;1899;COLEGIO MARISTA ENSINO MÉDIO SGAS 615;251
1;226;1899;COLEGIO MARISTA ENSINO MÉDIO SGAS 615;249
1;227;1899;COLEGIO MARISTA ENSINO MÉDIO SGAS 615;247
1;228;1899;COLEGIO MARISTA ENSINO MÉDIO SGAS 615;249
1;229;2151;UNIP - UNIVERSIDADE PAULISTA SGAS 913;254
1;231;1422;UDF SEPS 704/904;255
1;233;1422;UDF SEPS 704/904;253
1;235;1422;UDF SEPS 704/904;256
1;237;1422;UDF SEPS 704/904;253
1;239;1422;UDF SEPS 704/904;257
1;242;1457;CEM ELEFANTE BRANCO SGAS 708/908;230
1;244;1457;CEM ELEFANTE BRANCO SGAS 708/908;233
1;246;1457;CEM ELEFANTE BRANCO SGAS 708/908;232
1;248;1457;CEM ELEFANTE BRANCO SGAS 708/908;233
1;250;1457;CEM ELEFANTE BRANCO SGAS 708/908;234
1;252;1457;CEM ELEFANTE BRANCO SGAS 708/908;232
1;254;1457;CEM ELEFANTE BRANCO SGAS 708/908;231
1;256;1457;CEM ELEFANTE BRANCO SGAS 708/908;291
1;259;2151;UNIP - UNIVERSIDADE PAULISTA SGAS 913;255
1;261;2151;UNIP - UNIVERSIDADE PAULISTA SGAS 913;256
1;263;2151;UNIP - UNIVERSIDADE PAULISTA SGAS 913;252
1;536;1899;COLEGIO MARISTA ENSINO MÉDIO SGAS 615;247
1;537;1899;COLEGIO MARISTA ENSINO MÉDIO SGAS 615;250
1;538;2046;ESCOLA CLASSE 416 SUL;287
1;539;2046;ESCOLA CLASSE 416 SUL;292
1;540;2046;ESCOLA CLASSE 416 SUL;291
1;541;1902;COLEGIO MARISTA DE BRASILIA SGAS 609;264
1;542;1902;COLEGIO MARISTA DE BRASILIA SGAS 609;263
1;543;1902;COLEGIO MARISTA DE BRASILIA SGAS 609;265
1;544;1384;CEM SETOR LESTE SGAS 611/612;260
1;545;1384;CEM SETOR LESTE SGAS 611/612;260
1;546;1384;CEM SETOR LESTE SGAS 611/612;259
1;547;1422;UDF SEPS 704/904;258
1;572;1309;CENTRO DE ENSINO FUNDAMENTAL 405 SUL;330
1;576;2151;UNIP - UNIVERSIDADE PAULISTA SGAS 913;262
1;578;1384;CEM SETOR LESTE SGAS 611/612;261
1;579;2003;ESCOLA CLASSE 206 SUL;280
1;581;1333;ESCOLA CLASSE 413 SUL;323
1;591;1333;ESCOLA CLASSE 413 SUL;324
1;596;1309;CENTRO DE ENSINO FUNDAMENTAL 405 SUL;328
1;598;2003;ESCOLA CLASSE 206 SUL;279
1;603;1333;ESCOLA CLASSE 413 SUL;321
1;610;1376;CESAS - CEJA ASA SUL C.E.S.A.S. SGAS 602;295
1;611;1015;ESCOLA CLASSE 102 SUL;305
1;614;2020;ESCOLA CLASSE 209 SUL;328
1;615;1244;ESCOLA PARQUE 313/314 SUL;322
1;616;1163;CENTRO DE ENSINO FUNDAMENTAL 214 SUL;311
1;617;2208;CIL - CENTRO INTERESCOLAR DE LÍNGUAS SGAS 907/908;279
1;619;1244;ESCOLA PARQUE 313/314 SUL;322
1;620;2003;ESCOLA CLASSE 206 SUL;279
1;621;1384;CEM SETOR LESTE SGAS 611/612;259
1;624;2003;ESCOLA CLASSE 206 SUL;277
1;625;1376;CESAS - CEJA ASA SUL C.E.S.A.S. SGAS 602;295
1;626;1902;COLEGIO MARISTA DE BRASILIA SGAS 609;266
1;627;2208;CIL - CENTRO INTERESCOLAR DE LÍNGUAS SGAS 907/908;278
1;630;2208;CIL - CENTRO INTERESCOLAR DE LÍNGUAS SGAS 907/908;279
1;631;1015;ESCOLA CLASSE 102 SUL;303
1;632;1333;ESCOLA CLASSE 413 SUL;322
1;635;1384;CEM SETOR LESTE SGAS 611/612;261
1;636;2100;CENTRO DE ENSINO FUNDAMENTAL 01 DE BRASILIA SQS 106;314
1;637;1899;COLEGIO MARISTA ENSINO MÉDIO SGAS 615;254
1;638;1333;ESCOLA CLASSE 413 SUL;324
1;639;1422;UDF SEPS 704/904;255
1;640;1015;ESCOLA CLASSE 102 SUL;303
1;641;2020;ESCOLA CLASSE 209 SUL;328
1;643;1198;ESCOLA CLASSE 305 SUL;291
1;647;1287;ESCOLA CLASSE 316 SUL;282
1;649;2046;ESCOLA CLASSE 416 SUL;294
1;650;2208;CIL - CENTRO INTERESCOLAR DE LÍNGUAS SGAS 907/908;277
1;652;1341;COLEGIO COR JESU SGAS 615;271
1;653;2100;CENTRO DE ENSINO FUNDAMENTAL 01 DE BRASILIA SQS 106;310
1;654;2143;CENTRO DE ENSINO FUNDAMENTAL 05 DE BRASILIA SQS 408;327
1;656;2097;CENTRO DE ENSINO FUNDAMENTAL 03 DE BRASILIA SQS 103;313
1;660;1341;COLEGIO COR JESU SGAS 615;270
1;662;2097;CENTRO DE ENSINO FUNDAMENTAL 03 DE BRASILIA SQS 103;310
1;663;1902;COLEGIO MARISTA DE BRASILIA SGAS 609;265
1;665;2097;CENTRO DE ENSINO FUNDAMENTAL 03 DE BRASILIA SQS 103;309
1;666;2143;CENTRO DE ENSINO FUNDAMENTAL 05 DE BRASILIA SQS 408;327
1;667;2100;CENTRO DE ENSINO FUNDAMENTAL 01 DE BRASILIA SQS 106;308
1;670;1902;COLEGIO MARISTA DE BRASILIA SGAS 609;267
1;671;1341;COLEGIO COR JESU SGAS 615;270
1;672;2143;CENTRO DE ENSINO FUNDAMENTAL 05 DE BRASILIA SQS 408;329
1;674;2097;CENTRO DE ENSINO FUNDAMENTAL 03 DE BRASILIA SQS 103;306
1;675;1341;COLEGIO COR JESU SGAS 615;274
1;676;2151;UNIP - UNIVERSIDADE PAULISTA SGAS 913;243
1;677;2100;CENTRO DE ENSINO FUNDAMENTAL 01 DE BRASILIA SQS 106;309
1;678;2143;CENTRO DE ENSINO FUNDAMENTAL 05 DE BRASILIA SQS 408;329
1;694;1899;COLEGIO MARISTA ENSINO MÉDIO SGAS 615;251
1;695;1422;UDF SEPS 704/904;257
1;696;1961;UPIS - UNIAO PIONEIRA DE INTEGRACAO SOCIAL SEPS 712/912;211
1;697;1139;COLÉGIO ÚNICO 606 SUL;272
1;698;1341;COLEGIO COR JESU SGAS 615;271
1;699;2100;CENTRO DE ENSINO FUNDAMENTAL 01 DE BRASILIA SQS 106;313
1;700;1961;UPIS - UNIAO PIONEIRA DE INTEGRACAO SOCIAL SEPS 712/912;230
1;701;2143;CENTRO DE ENSINO FUNDAMENTAL 05 DE BRASILIA SQS 408;327
1;702;2046;ESCOLA CLASSE 416 SUL;294
1;703;2097;CENTRO DE ENSINO FUNDAMENTAL 03 DE BRASILIA SQS 103;318
1;704;2100;CENTRO DE ENSINO FUNDAMENTAL 01 DE BRASILIA SQS 106;311
1;705;1287;ESCOLA CLASSE 316 SUL;282
1;706;2143;CENTRO DE ENSINO FUNDAMENTAL 05 DE BRASILIA SQS 408;330
1;707;2100;CENTRO DE ENSINO FUNDAMENTAL 01 DE BRASILIA SQS 106;311
1;708;1422;UDF SEPS 704/904;254
1;709;2143;CENTRO DE ENSINO FUNDAMENTAL 05 DE BRASILIA SQS 408;329
1;710;1287;ESCOLA CLASSE 316 SUL;282
1;711;1023;ESCOLA SALESIANA BRASÍLIA;226
1;712;1287;ESCOLA CLASSE 316 SUL;280
1;713;1341;COLEGIO COR JESU SGAS 615;272
1;714;1961;UPIS - UNIAO PIONEIRA DE INTEGRACAO SOCIAL SEPS 712/912;210
1;717;2020;ESCOLA CLASSE 209 SUL;328
1;718;2151;UNIP - UNIVERSIDADE PAULISTA SGAS 913;225
1;719;2208;CIL - CENTRO INTERESCOLAR DE LÍNGUAS SGAS 907/908;275
2;1;1015;ESCOLA CLASSE 01 DO PARANOA;326
2;2;1015;ESCOLA CLASSE 01 DO PARANOA;319
2;3;1015;ESCOLA CLASSE 01 DO PARANOA;322
2;4;1015;ESCOLA CLASSE 01 DO PARANOA;318
2;5;1015;ESCOLA CLASSE 01 DO PARANOA;321
2;6;1015;ESCOLA CLASSE 01 DO PARANOA;317
2;7;1015;ESCOLA CLASSE 01 DO PARANOA;322
2;8;1023;ESCOLA CLASSE 02 DO PARANOA;352
2;9;1023;ESCOLA CLASSE 02 DO PARANOA;347
2;10;1023;ESCOLA CLASSE 02 DO PARANOA;350
2;11;1023;ESCOLA CLASSE 02 DO PARANOA;350
2;12;1023;ESCOLA CLASSE 02 DO PARANOA;348
2;13;1023;ESCOLA CLASSE 02 DO PARANOA;349
2;14;1023;ESCOLA CLASSE 02 DO PARANOA;349
2;15;1228;ESCOLA CLASSE 03 DO PARANOA;365
2;16;1228;ESCOLA CLASSE 03 DO PARANOA;370
2;17;1228;ESCOLA CLASSE 03 DO PARANOA;362
2;18;1228;ESCOLA CLASSE 03 DO PARANOA;367
2;19;1228;ESCOLA CLASSE 03 DO PARANOA;362
2;20;1228;ESCOLA CLASSE 03 DO PARANOA;370
2;21;1228;ESCOLA CLASSE 03 DO PARANOA;366
2;22;1228;ESCOLA CLASSE 03 DO PARANOA;367
2;23;1236;ESCOLA CLASSE 04 DO PARANOA;309
2;24;1236;ESCOLA CLASSE 04 DO PARANOA;311
2;25;1236;ESCOLA CLASSE 04 DO PARANOA;309
2;26;1236;ESCOLA CLASSE 04 DO PARANOA;312
2;27;1252;CAIC SANTA PAULINA;367
2;28;1252;CAIC SANTA PAULINA;363
2;29;1252;CAIC SANTA PAULINA;358
2;52;1252;CAIC SANTA PAULINA;360
2;53;1252;CAIC SANTA PAULINA;358
2;58;1252;CAIC SANTA PAULINA;356
2;60;1252;CAIC SANTA PAULINA;364
2;61;1252;CAIC SANTA PAULINA;356
2;68;1236;ESCOLA CLASSE 04 DO PARANOA;315
2;74;1236;ESCOLA CLASSE 04 DO PARANOA;310
2;78;1562;CENTRO SOCIAL JOÃO PAULO II;231
2;81;1023;ESCOLA CLASSE 02 DO PARANOA;349
2;82;1236;ESCOLA CLASSE 04 DO PARANOA;309
2;83;1015;ESCOLA CLASSE 01 DO PARANOA;318
2;84;1562;CENTRO SOCIAL JOÃO PAULO II;230
2;88;1023;ESCOLA CLASSE 02 DO PARANOA;350
2;89;1228;ESCOLA CLASSE 03 DO PARANOA;365
2;91;1562;CENTRO SOCIAL JOÃO PAULO II;234
2;94;1236;ESCOLA CLASSE 04 DO PARANOA;307
2;97;1015;ESCOLA CLASSE 01 DO PARANOA;314
2;98;1023;ESCOLA CLASSE 02 DO PARANOA;342
2;100;1228;ESCOLA CLASSE 03 DO PARANOA;361
2;102;1015;ESCOLA CLASSE 01 DO PARANOA;316
2;104;1236;ESCOLA CLASSE 04 DO PARANOA;318
2;106;1023;ESCOLA CLASSE 02 DO PARANOA;348
2;111;1015;ESCOLA CLASSE 01 DO PARANOA;321
2;114;1562;CENTRO SOCIAL JOÃO PAULO II;230
2;115;1724;CEP - ESCOLA TÉCNICA LESTE SÉRGIO DAMACENO;355
2;116;1023;ESCOLA CLASSE 02 DO PARANOA;346
2;117;1724;CEP - ESCOLA TÉCNICA LESTE SÉRGIO DAMACENO;369
2;121;1236;ESCOLA CLASSE 04 DO PARANOA;311
2;125;1015;ESCOLA CLASSE 01 DO PARANOA;318
2;126;1023;ESCOLA CLASSE 02 DO PARANOA;349
2;129;1562;CENTRO SOCIAL JOÃO PAULO II;231
2;131;1724;CEP - ESCOLA TÉCNICA LESTE SÉRGIO DAMACENO;371
2;132;1236;ESCOLA CLASSE 04 DO PARANOA;307
2;133;1015;ESCOLA CLASSE 01 DO PARANOA;374
2;136;1724;CEP - ESCOLA TÉCNICA LESTE SÉRGIO DAMACENO;362
2;138;1724;CEP - ESCOLA TÉCNICA LESTE SÉRGIO DAMACENO;367
2;139;1562;CENTRO SOCIAL JOÃO PAULO II;232
2;140;1724;CEP - ESCOLA TÉCNICA LESTE SÉRGIO DAMACENO;363
2;141;1015;ESCOLA CLASSE 01 DO PARANOA;378
2;143;1015;ESCOLA CLASSE 01 DO PARANOA;379
2;148;1236;ESCOLA CLASSE 04 DO PARANOA;312
2;154;1724;CEP - ESCOLA TÉCNICA LESTE SÉRGIO DAMACENO;362
2;155;1236;ESCOLA CLASSE 04 DO PARANOA;316
2;161;1236;ESCOLA CLASSE 04 DO PARANOA;316
2;162;1724;CEP - ESCOLA TÉCNICA LESTE SÉRGIO DAMACENO;369
2;170;1368;ESCOLA CLASSE 05 DO PARANOA;245
2;171;1350;CENTRO EDUCACIONAL DARCY RIBEIRO;386
2;172;1317;ESCOLA CLASSE ALTO INTERLAGOS;259
2;173;1341;CENTRO DE ENSINO FUNDAMENTAL 02 DO PARANOA;363
2;174;1333;CENTRO DE ENSINO MÉDIO 01 DO PARANOA;385
2;176;1430;CENTRO EDUCACIONAL 03 DO PARANOA (ANTIGO CEF 1);363
2;180;1368;ESCOLA CLASSE 05 DO PARANOA;244
2;181;1350;CENTRO EDUCACIONAL DARCY RIBEIRO;375
2;185;1368;ESCOLA CLASSE 05 DO PARANOA;249
2;188;1350;CENTRO EDUCACIONAL DARCY RIBEIRO;380
2;192;1368;ESCOLA CLASSE 05 DO PARANOA;248
2;197;1350;CENTRO EDUCACIONAL DARCY RIBEIRO;379
2;200;1368;ESCOLA CLASSE 05 DO PARANOA;250
2;202;1333;CENTRO DE ENSINO MÉDIO 01 DO PARANOA;378
2;205;1368;ESCOLA CLASSE 05 DO PARANOA;250
2;207;1350;CENTRO EDUCACIONAL DARCY RIBEIRO;382
2;210;1430;CENTRO EDUCACIONAL 03 DO PARANOA (ANTIGO CEF 1);373
2;211;1341;CENTRO DE ENSINO FUNDAMENTAL 02 DO PARANOA;368
2;214;1368;ESCOLA CLASSE 05 DO PARANOA;250
2;216;1350;CENTRO EDUCACIONAL DARCY RIBEIRO;375
2;219;1317;ESCOLA CLASSE ALTO INTERLAGOS;259
2;222;1368;ESCOLA CLASSE 05 DO PARANOA;249
2;224;1350;CENTRO EDUCACIONAL DARCY RIBEIRO;378
2;228;1317;ESCOLA CLASSE ALTO INTERLAGOS;257
2;229;1368;ESCOLA CLASSE 05 DO PARANOA;245
2;233;1350;CENTRO EDUCACIONAL DARCY RIBEIRO;380
2;234;1430;CENTRO EDUCACIONAL 03 DO PARANOA (ANTIGO CEF 1);371
2;241;1368;ESCOLA CLASSE 05 DO PARANOA;252
2;244;1350;CENTRO EDUCACIONAL DARCY RIBEIRO;374
2;246;1449;CENTRO DE ENSINO FUNDAMENTAL 01 DO VARJAO;362
2;247;1449;CENTRO DE ENSINO FUNDAMENTAL 01 DO VARJAO;365
2;248;1449;CENTRO DE ENSINO FUNDAMENTAL 01 DO VARJAO;366
2;249;1449;CENTRO DE ENSINO FUNDAMENTAL 01 DO VARJAO;369
2;250;1449;CENTRO DE ENSINO FUNDAMENTAL 01 DO VARJAO;369
2;251;1449;CENTRO DE ENSINO FUNDAMENTAL 01 DO VARJAO;367
2;252;1449;CENTRO DE ENSINO FUNDAMENTAL 01 DO VARJAO;370
2;253;1449;CENTRO DE ENSINO FUNDAMENTAL 01 DO VARJAO;368
2;254;1015;ESCOLA CLASSE 01 DO PARANOA;373
2;255;1732;CENTRO EDUCACIONAL SANTA CARMEN SALLES;374
2;256;1732;CENTRO EDUCACIONAL SANTA CARMEN SALLES;375
2;257;1732;CENTRO EDUCACIONAL SANTA CARMEN SALLES;374
2;258;1732;CENTRO EDUCACIONAL SANTA CARMEN SALLES;375
2;259;1732;CENTRO EDUCACIONAL SANTA CARMEN SALLES;377
2;260;1732;CENTRO EDUCACIONAL SANTA CARMEN SALLES;370
2;261;1732;CENTRO EDUCACIONAL SANTA CARMEN SALLES;370
2;262;1732;CENTRO EDUCACIONAL SANTA CARMEN SALLES;373
2;263;1465;CENTRO DE ENSINO FUNDAMENTAL 01 DO LAGO NORTE;374
2;264;1465;CENTRO DE ENSINO FUNDAMENTAL 01 DO LAGO NORTE;380
2;265;1465;CENTRO DE ENSINO FUNDAMENTAL 01 DO LAGO NORTE;372
2;266;1465;CENTRO DE ENSINO FUNDAMENTAL 01 DO LAGO NORTE;378
2;267;1465;CENTRO DE ENSINO FUNDAMENTAL 01 DO LAGO NORTE;373
2;268;1465;CENTRO DE ENSINO FUNDAMENTAL 01 DO LAGO NORTE;378
2;269;1465;CENTRO DE ENSINO FUNDAMENTAL 01 DO LAGO NORTE;375
2;270;1465;CENTRO DE ENSINO FUNDAMENTAL 01 DO LAGO NORTE;372
2;271;1465;CENTRO DE ENSINO FUNDAMENTAL 01 DO LAGO NORTE;375
2;272;1465;CENTRO DE ENSINO FUNDAMENTAL 01 DO LAGO NORTE;371
2;273;1465;CENTRO DE ENSINO FUNDAMENTAL 01 DO LAGO NORTE;374
2;274;1465;CENTRO DE ENSINO FUNDAMENTAL 01 DO LAGO NORTE;376
2;275;1465;CENTRO DE ENSINO FUNDAMENTAL 01 DO LAGO NORTE;372
2;276;1465;CENTRO DE ENSINO FUNDAMENTAL 01 DO LAGO NORTE;378
2;277;1465;CENTRO DE ENSINO FUNDAMENTAL 01 DO LAGO NORTE;372
2;278;1465;CENTRO DE ENSINO FUNDAMENTAL 01 DO LAGO NORTE;378
2;279;1473;ESCOLA CLASSE GRANJA DO TORTO;382
2;280;1473;ESCOLA CLASSE GRANJA DO TORTO;388
2;281;1473;ESCOLA CLASSE GRANJA DO TORTO;383
2;282;1473;ESCOLA CLASSE GRANJA DO TORTO;384
2;283;1481;COLEGIO COC LAGO NORTE;376
2;284;1481;COLEGIO COC LAGO NORTE;375
2;285;1481;COLEGIO COC LAGO NORTE;375
2;286;1481;COLEGIO COC LAGO NORTE;376
2;287;1481;COLEGIO COC LAGO NORTE;375
2;288;1481;COLEGIO COC LAGO NORTE;376
2;289;1481;COLEGIO COC LAGO NORTE;378
2;290;1481;COLEGIO COC LAGO NORTE;374
2;291;1481;COLEGIO COC LAGO NORTE;376
2;292;1481;COLEGIO COC LAGO NORTE;376
2;293;1481;COLEGIO COC LAGO NORTE;375
2;294;1481;COLEGIO COC LAGO NORTE;378
2;295;1481;COLEGIO COC LAGO NORTE;376
2;296;1481;COLEGIO COC LAGO NORTE;373
2;297;1481;COLEGIO COC LAGO NORTE;373
2;298;1481;COLEGIO COC LAGO NORTE;374
2;299;1490;COLEGIO INDI BIBIA;371
2;300;1490;COLEGIO INDI BIBIA;376
2;301;1490;COLEGIO INDI BIBIA;373
2;302;1490;COLEGIO INDI BIBIA;371
2;303;1490;COLEGIO INDI BIBIA;377
2;304;1490;COLEGIO INDI BIBIA;377
2;305;1490;COLEGIO INDI BIBIA;374
2;306;1490;COLEGIO INDI BIBIA;376
2;307;1490;COLEGIO INDI BIBIA;374
2;308;1490;COLEGIO INDI BIBIA;376
2;309;1490;COLEGIO INDI BIBIA;375
2;310;1473;ESCOLA CLASSE GRANJA DO TORTO;376
2;311;1511;CENTRO EDUCACIONAL DO LAGO NORTE;365
2;312;1511;CENTRO EDUCACIONAL DO LAGO NORTE;368
2;313;1511;CENTRO EDUCACIONAL DO LAGO NORTE;366
2;314;1511;CENTRO EDUCACIONAL DO LAGO NORTE;362
2;315;1511;CENTRO EDUCACIONAL DO LAGO NORTE;364
2;316;1511;CENTRO EDUCACIONAL DO LAGO NORTE;369
2;317;1716;UNIVERSIDADE DO DISTRITO FEDERAL PROFESSOR JORGE AMAURY MAIA NUNES;370
2;318;1716;UNIVERSIDADE DO DISTRITO FEDERAL PROFESSOR JORGE AMAURY MAIA NUNES;364
2;319;1716;UNIVERSIDADE DO DISTRITO FEDERAL PROFESSOR JORGE AMAURY MAIA NUNES;369
2;320;1538;COLÉGIO DO SOL;367
2;321;1546;ESCOLA CLASSE CORA CORALINA;361
2;322;1546;ESCOLA CLASSE CORA CORALINA;362
2;323;1546;ESCOLA CLASSE CORA CORALINA;360
2;324;1546;ESCOLA CLASSE CORA CORALINA;358
2;325;1546;ESCOLA CLASSE CORA CORALINA;359
2;326;1546;ESCOLA CLASSE CORA CORALINA;356
2;327;1333;CENTRO DE ENSINO MÉDIO 01 DO PARANOA;377
2;328;1732;CENTRO EDUCACIONAL SANTA CARMEN SALLES;379
2;329;1724;CEP - ESCOLA TÉCNICA LESTE SÉRGIO DAMACENO;359
2;330;1597;ESCOLA CLASSE 01 DO ITAPOÃ;400
2;331;1724;CEP - ESCOLA TÉCNICA LESTE SÉRGIO DAMACENO;359
2;332;1538;COLÉGIO DO SOL;372
2;333;1678;ESCOLA CLASSE 06 DO PARANOA;265
2;334;1341;CENTRO DE ENSINO FUNDAMENTAL 02 DO PARANOA;367
2;335;1481;COLEGIO COC LAGO NORTE;374
2;336;1732;CENTRO EDUCACIONAL SANTA CARMEN SALLES;377
2;337;1597;ESCOLA CLASSE 01 DO ITAPOÃ;398
2;338;1597;ESCOLA CLASSE 01 DO ITAPOÃ;409
2;339;1732;CENTRO EDUCACIONAL SANTA CARMEN SALLES;371
2;340;1597;ESCOLA CLASSE 01 DO ITAPOÃ;401
2;341;1597;ESCOLA CLASSE 01 DO ITAPOÃ;404
2;342;1538;COLÉGIO DO SOL;363
2;343;1597;ESCOLA CLASSE 01 DO ITAPOÃ;399
2;344;1597;ESCOLA CLASSE 01 DO ITAPOÃ;396
2;345;1430;CENTRO EDUCACIONAL 03 DO PARANOA (ANTIGO CEF 1);363
2;346;1333;CENTRO DE ENSINO MÉDIO 01 DO PARANOA;384
2;347;1597;ESCOLA CLASSE 01 DO ITAPOÃ;401
2;348;1732;CENTRO EDUCACIONAL SANTA CARMEN SALLES;373
2;349;1597;ESCOLA CLASSE 01 DO ITAPOÃ;401
2;350;1678;ESCOLA CLASSE 06 DO PARANOA;286
2;351;1600;ESCOLA CLASSE 02 DO ITAPOÃ;367
2;352;1511;CENTRO EDUCACIONAL DO LAGO NORTE;375
2;353;1538;COLÉGIO DO SOL;374
2;354;1600;ESCOLA CLASSE 02 DO ITAPOÃ;358
2;355;1732;CENTRO EDUCACIONAL SANTA CARMEN SALLES;382
2;356;1600;ESCOLA CLASSE 02 DO ITAPOÃ;370
2;357;1341;CENTRO DE ENSINO FUNDAMENTAL 02 DO PARANOA;358
2;358;1678;ESCOLA CLASSE 06 DO PARANOA;275
2;359;1481;COLEGIO COC LAGO NORTE;373
2;360;1350;CENTRO EDUCACIONAL DARCY RIBEIRO;386
2;361;1600;ESCOLA CLASSE 02 DO ITAPOÃ;366
2;362;1619;CENTRO DE ENSINO FUNDAMENTAL DRA. ZILDA ARNS;388
2;363;1538;COLÉGIO DO SOL;373
2;364;1716;UNIVERSIDADE DO DISTRITO FEDERAL PROFESSOR JORGE AMAURY MAIA NUNES;372
2;365;1619;CENTRO DE ENSINO FUNDAMENTAL DRA. ZILDA ARNS;395
2;366;1678;ESCOLA CLASSE 06 DO PARANOA;287
2;367;1600;ESCOLA CLASSE 02 DO ITAPOÃ;353
2;368;1538;COLÉGIO DO SOL;381
2;369;1619;CENTRO DE ENSINO FUNDAMENTAL DRA. ZILDA ARNS;402
2;370;1430;CENTRO EDUCACIONAL 03 DO PARANOA (ANTIGO CEF 1);364
2;371;1333;CENTRO DE ENSINO MÉDIO 01 DO PARANOA;380
2;372;1341;CENTRO DE ENSINO FUNDAMENTAL 02 DO PARANOA;357
2;373;1600;ESCOLA CLASSE 02 DO ITAPOÃ;366
2;374;1538;COLÉGIO DO SOL;376
2;375;1430;CENTRO EDUCACIONAL 03 DO PARANOA (ANTIGO CEF 1);366
2;376;1333;CENTRO DE ENSINO MÉDIO 01 DO PARANOA;374
2;377;1619;CENTRO DE ENSINO FUNDAMENTAL DRA. ZILDA ARNS;400
2;378;1538;COLÉGIO DO SOL;381
2;379;1341;CENTRO DE ENSINO FUNDAMENTAL 02 DO PARANOA;359
2;380;1619;CENTRO DE ENSINO FUNDAMENTAL DRA. ZILDA ARNS;391
2;381;1333;CENTRO DE ENSINO MÉDIO 01 DO PARANOA;379
2;382;1430;CENTRO EDUCACIONAL 03 DO PARANOA (ANTIGO CEF 1);369
2;383;1600;ESCOLA CLASSE 02 DO ITAPOÃ;365
2;384;1538;COLÉGIO DO SOL;371
2;385;1619;CENTRO DE ENSINO FUNDAMENTAL DRA. ZILDA ARNS;402
2;386;1600;ESCOLA CLASSE 02 DO ITAPOÃ;358
2;387;1341;CENTRO DE ENSINO FUNDAMENTAL 02 DO PARANOA;368
2;388;1430;CENTRO EDUCACIONAL 03 DO PARANOA (ANTIGO CEF 1);374
2;389;1473;ESCOLA CLASSE GRANJA DO TORTO;384
2;390;1333;CENTRO DE ENSINO MÉDIO 01 DO PARANOA;378
2;391;1538;COLÉGIO DO SOL;371
2;392;1562;CENTRO SOCIAL JOÃO PAULO II;234
2;393;1511;CENTRO EDUCACIONAL DO LAGO NORTE;369
2;394;1619;CENTRO DE ENSINO FUNDAMENTAL DRA. ZILDA ARNS;407
2;395;1481;COLEGIO COC LAGO NORTE;375
2;396;1600;ESCOLA CLASSE 02 DO ITAPOÃ;366
2;397;1538;COLÉGIO DO SOL;372
2;398;1430;CENTRO EDUCACIONAL 03 DO PARANOA (ANTIGO CEF 1);371
2;399;1341;CENTRO DE ENSINO FUNDAMENTAL 02 DO PARANOA;362
2;400;1619;CENTRO DE ENSINO FUNDAMENTAL DRA. ZILDA ARNS;398
2;401;1333;CENTRO DE ENSINO MÉDIO 01 DO PARANOA;387
2;402;1538;COLÉGIO DO SOL;378
2;403;1619;CENTRO DE ENSINO FUNDAMENTAL DRA. ZILDA ARNS;397
2;404;1619;CENTRO DE ENSINO FUNDAMENTAL DRA. ZILDA ARNS;395
2;405;1538;COLÉGIO DO SOL;376
2;406;1619;CENTRO DE ENSINO FUNDAMENTAL DRA. ZILDA ARNS;393
2;407;1597;ESCOLA CLASSE 01 DO ITAPOÃ;393
2;408;1538;COLÉGIO DO SOL;370
2;409;1600;ESCOLA CLASSE 02 DO ITAPOÃ;370
2;410;1619;CENTRO DE ENSINO FUNDAMENTAL DRA. ZILDA ARNS;396
2;411;1716;UNIVERSIDADE DO DISTRITO FEDERAL PROFESSOR JORGE AMAURY MAIA NUNES;244
2;412;1627;ESCOLA CLASSE SOBRADINHO DOS MELOS;258
2;413;1635;ESCOLA CLASSE OLHOS D'ÁGUA;249
2;414;1511;CENTRO EDUCACIONAL DO LAGO NORTE;364
2;415;1619;CENTRO DE ENSINO FUNDAMENTAL DRA. ZILDA ARNS;400
2;416;1597;ESCOLA CLASSE 01 DO ITAPOÃ;405
2;417;1511;CENTRO EDUCACIONAL DO LAGO NORTE;367
2;418;1511;CENTRO EDUCACIONAL DO LAGO NORTE;368
2;419;1619;CENTRO DE ENSINO FUNDAMENTAL DRA. ZILDA ARNS;396
2;420;1619;CENTRO DE ENSINO FUNDAMENTAL DRA. ZILDA ARNS;401
2;421;1341;CENTRO DE ENSINO FUNDAMENTAL 02 DO PARANOA;368
2;422;1449;CENTRO DE ENSINO FUNDAMENTAL 01 DO VARJAO;368
2;423;1600;ESCOLA CLASSE 02 DO ITAPOÃ;372
2;424;1600;ESCOLA CLASSE 02 DO ITAPOÃ;362
2;425;1619;CENTRO DE ENSINO FUNDAMENTAL DRA. ZILDA ARNS;395
2;426;1430;CENTRO EDUCACIONAL 03 DO PARANOA (ANTIGO CEF 1);359
2;427;1511;CENTRO EDUCACIONAL DO LAGO NORTE;365
2;428;1619;CENTRO DE ENSINO FUNDAMENTAL DRA. ZILDA ARNS;397
2;429;1635;ESCOLA CLASSE OLHOS D'ÁGUA;250
2;430;1600;ESCOLA CLASSE 02 DO ITAPOÃ;358
2;431;1716;UNIVERSIDADE DO DISTRITO FEDERAL PROFESSOR JORGE AMAURY MAIA NUNES;248
2;432;1627;ESCOLA CLASSE SOBRADINHO DOS MELOS;258
2;433;1538;COLÉGIO DO SOL;351
2;434;1350;CENTRO EDUCACIONAL DARCY RIBEIRO;384
2;435;1597;ESCOLA CLASSE 01 DO ITAPOÃ;398
2;436;1228;ESCOLA CLASSE 03 DO PARANOA;371
2;437;1350;CENTRO EDUCACIONAL DARCY RIBEIRO;387
2;438;1597;ESCOLA CLASSE 01 DO ITAPOÃ;395
2;439;1619;CENTRO DE ENSINO FUNDAMENTAL DRA. ZILDA ARNS;399
2;440;1678;ESCOLA CLASSE 06 DO PARANOA;282
2;441;1333;CENTRO DE ENSINO MÉDIO 01 DO PARANOA;385
2;442;1449;CENTRO DE ENSINO FUNDAMENTAL 01 DO VARJAO;366
2;443;1341;CENTRO DE ENSINO FUNDAMENTAL 02 DO PARANOA;352
2;444;1678;ESCOLA CLASSE 06 DO PARANOA;265
2;445;1430;CENTRO EDUCACIONAL 03 DO PARANOA (ANTIGO CEF 1);366
2;446;1350;CENTRO EDUCACIONAL DARCY RIBEIRO;393
2;447;1678;ESCOLA CLASSE 06 DO PARANOA;251
2;448;1678;ESCOLA CLASSE 06 DO PARANOA;252
2;449;1333;CENTRO DE ENSINO MÉDIO 01 DO PARANOA;381
2;450;1333;CENTRO DE ENSINO MÉDIO 01 DO PARANOA;377
2;451;1449;CENTRO DE ENSINO FUNDAMENTAL 01 DO VARJAO;364
2;452;1600;ESCOLA CLASSE 02 DO ITAPOÃ;369
2;453;1430;CENTRO EDUCACIONAL 03 DO PARANOA (ANTIGO CEF 1);370
2;454;1538;COLÉGIO DO SOL;341
2;455;1597;ESCOLA CLASSE 01 DO ITAPOÃ;413
2;456;1333;CENTRO DE ENSINO MÉDIO 01 DO PARANOA;392
2;457;1228;ESCOLA CLASSE 03 DO PARANOA;362
2;458;1341;CENTRO DE ENSINO FUNDAMENTAL 02 DO PARANOA;366
2;459;1546;ESCOLA CLASSE CORA CORALINA;362
2;460;1449;CENTRO DE ENSINO FUNDAMENTAL 01 DO VARJAO;371
2;461;1449;CENTRO DE ENSINO FUNDAMENTAL 01 DO VARJAO;364
2;462;1660;COLÉGIO BARÃO DO RIO BRANCO;371
2;463;1694;ESCOLA CLASSE 502 DO ITAPOÃ;397
2;464;1660;COLÉGIO BARÃO DO RIO BRANCO;376
2;465;1660;COLÉGIO BARÃO DO RIO BRANCO;376
2;466;1430;CENTRO EDUCACIONAL 03 DO PARANOA (ANTIGO CEF 1);369
2;467;1694;ESCOLA CLASSE 502 DO ITAPOÃ;380
2;468;1538;COLÉGIO DO SOL;186
2;469;1660;COLÉGIO BARÃO DO RIO BRANCO;379
2;470;1660;COLÉGIO BARÃO DO RIO BRANCO;381
2;471;1724;CEP - ESCOLA TÉCNICA LESTE SÉRGIO DAMACENO;61
2;472;1724;CEP - ESCOLA TÉCNICA LESTE SÉRGIO DAMACENO;210
2;473;1716;UNIVERSIDADE DO DISTRITO FEDERAL PROFESSOR JORGE AMAURY MAIA NUNES;382
2;474;1252;CAIC SANTA PAULINA;365
2;475;1694;ESCOLA CLASSE 502 DO ITAPOÃ;378
2;476;1341;CENTRO DE ENSINO FUNDAMENTAL 02 DO PARANOA;296
2;477;1449;CENTRO DE ENSINO FUNDAMENTAL 01 DO VARJAO;185
2;478;1694;ESCOLA CLASSE 502 DO ITAPOÃ;378
2;479;1660;COLÉGIO BARÃO DO RIO BRANCO;381
2;480;1716;UNIVERSIDADE DO DISTRITO FEDERAL PROFESSOR JORGE AMAURY MAIA NUNES;372
2;482;1694;ESCOLA CLASSE 502 DO ITAPOÃ;30
3;293;1333;CENTRO DE ENSINO MÉDIO 05;347
3;294;1333;CENTRO DE ENSINO MÉDIO 05;348
3;295;1333;CENTRO DE ENSINO MÉDIO 05;346
3;296;1333;CENTRO DE ENSINO MÉDIO 05;348
3;297;1333;CENTRO DE ENSINO MÉDIO 05;345
3;298;1333;CENTRO DE ENSINO MÉDIO 05;344
3;299;1333;CENTRO DE ENSINO MÉDIO 05;347
3;300;1333;CENTRO DE ENSINO MÉDIO 05;344
3;301;1341;CENTRO DE ENSINO ESPECIAL 01;138
3;302;1341;CENTRO DE ENSINO ESPECIAL 01;137
3;303;1341;CENTRO DE ENSINO ESPECIAL 01;137
3;304;1341;CENTRO DE ENSINO ESPECIAL 01;136
3;305;1341;CENTRO DE ENSINO ESPECIAL 01;139
3;306;1350;ESCOLA CLASSE 29;247
3;307;1350;ESCOLA CLASSE 29;247
3;308;1350;ESCOLA CLASSE 29;249
3;309;1350;ESCOLA CLASSE 29;245
3;310;1350;ESCOLA CLASSE 29;247
3;311;1350;ESCOLA CLASSE 29;247
3;312;1350;ESCOLA CLASSE 29;248
3;313;1350;ESCOLA CLASSE 29;247
3;314;1341;CENTRO DE ENSINO ESPECIAL 01;138
3;315;1341;CENTRO DE ENSINO ESPECIAL 01;138
3;316;1341;CENTRO DE ENSINO ESPECIAL 01;137
3;317;1341;CENTRO DE ENSINO ESPECIAL 01;137
3;318;1341;CENTRO DE ENSINO ESPECIAL 01;136
3;319;1341;CENTRO DE ENSINO ESPECIAL 01;137
3;320;1341;CENTRO DE ENSINO ESPECIAL 01;138
3;321;1341;CENTRO DE ENSINO ESPECIAL 01;139
3;322;1376;CENTRO EDUCACIONAL 06;232
3;323;1376;CENTRO EDUCACIONAL 06;230
3;324;1376;CENTRO EDUCACIONAL 06;238
3;325;1376;CENTRO EDUCACIONAL 06;236
3;326;1376;CENTRO EDUCACIONAL 06;236
3;327;1376;CENTRO EDUCACIONAL 06;223
3;328;1376;CENTRO EDUCACIONAL 06;229
3;329;1376;CENTRO EDUCACIONAL 06;218
3;330;1376;CENTRO EDUCACIONAL 06;231
3;331;1376;CENTRO EDUCACIONAL 06;225
3;332;1570;ESCOLA CLASSE 50;320
3;333;1570;ESCOLA CLASSE 50;318
3;334;1570;ESCOLA CLASSE 50;319
3;335;1570;ESCOLA CLASSE 50;311
3;336;1570;ESCOLA CLASSE 50;320
3;337;1570;ESCOLA CLASSE 50;316
3;338;1570;ESCOLA CLASSE 50;317
3;339;1570;ESCOLA CLASSE 50;318
3;340;1384;CENTRO DE ENSINO FUNDAMENTAL 04;323
3;341;1384;CENTRO DE ENSINO FUNDAMENTAL 04;323
3;342;1384;CENTRO DE ENSINO FUNDAMENTAL 04;327
3;343;1384;CENTRO DE ENSINO FUNDAMENTAL 04;316
3;344;1384;CENTRO DE ENSINO FUNDAMENTAL 04;327
3;345;1384;CENTRO DE ENSINO FUNDAMENTAL 04;325
3;346;1384;CENTRO DE ENSINO FUNDAMENTAL 04;323
3;347;1384;CENTRO DE ENSINO FUNDAMENTAL 04;320
3;348;1384;CENTRO DE ENSINO FUNDAMENTAL 04;324
3;349;1384;CENTRO DE ENSINO FUNDAMENTAL 04;322
3;350;1384;CENTRO DE ENSINO FUNDAMENTAL 04;321
3;351;1384;CENTRO DE ENSINO FUNDAMENTAL 04;321
3;352;1384;CENTRO DE ENSINO FUNDAMENTAL 04;323
3;353;1384;CENTRO DE ENSINO FUNDAMENTAL 04;322
3;354;1392;CENTRO DE ENSINO FUNDAMENTAL 19;286
3;355;1392;CENTRO DE ENSINO FUNDAMENTAL 19;285
3;356;1392;CENTRO DE ENSINO FUNDAMENTAL 19;284
3;357;1392;CENTRO DE ENSINO FUNDAMENTAL 19;281
3;358;1392;CENTRO DE ENSINO FUNDAMENTAL 19;280
3;359;1392;CENTRO DE ENSINO FUNDAMENTAL 19;281
3;360;1392;CENTRO DE ENSINO FUNDAMENTAL 19;285
3;361;1392;CENTRO DE ENSINO FUNDAMENTAL 19;284
3;362;1392;CENTRO DE ENSINO FUNDAMENTAL 19;285
3;363;1392;CENTRO DE ENSINO FUNDAMENTAL 19;285
3;364;1392;CENTRO DE ENSINO FUNDAMENTAL 19;288
3;365;1392;CENTRO DE ENSINO FUNDAMENTAL 19;285
3;366;1392;CENTRO DE ENSINO FUNDAMENTAL 19;285
3;367;1406;ESCOLA CLASSE 41;265
3;368;1406;ESCOLA CLASSE 41;268
3;369;1406;ESCOLA CLASSE 41;265
3;370;1406;ESCOLA CLASSE 41;264
3;371;1406;ESCOLA CLASSE 41;266
3;372;1406;ESCOLA CLASSE 41;263
3;373;1406;ESCOLA CLASSE 41;260
3;374;1406;ESCOLA CLASSE 41;264
3;375;1406;ESCOLA CLASSE 41;265
3;376;1406;ESCOLA CLASSE 41;264
3;377;1406;ESCOLA CLASSE 41;267
3;378;1406;ESCOLA CLASSE 41;266
3;379;1406;ESCOLA CLASSE 41;262
3;380;1406;ESCOLA CLASSE 41;268
3;381;1414;ESCOLA CLASSE 46;198
3;382;1414;ESCOLA CLASSE 46;197
3;383;1414;ESCOLA CLASSE 46;199
3;384;1414;ESCOLA CLASSE 46;199
3;385;1414;ESCOLA CLASSE 46;199
3;386;1414;ESCOLA CLASSE 46;199
3;387;1414;ESCOLA CLASSE 46;201
3;388;1414;ESCOLA CLASSE 46;198
3;389;1414;ESCOLA CLASSE 46;197
3;390;1414;ESCOLA CLASSE 46;197
3;391;1414;ESCOLA CLASSE 46;197
3;392;1422;CENTRO DE ENSINO FUNDAMENTAL 16;295
3;393;1422;CENTRO DE ENSINO FUNDAMENTAL 16;292
3;394;1422;CENTRO DE ENSINO FUNDAMENTAL 16;291
3;395;1422;CENTRO DE ENSINO FUNDAMENTAL 16;293
3;396;1422;CENTRO DE ENSINO FUNDAMENTAL 16;296
3;397;1422;CENTRO DE ENSINO FUNDAMENTAL 16;298
3;398;1422;CENTRO DE ENSINO FUNDAMENTAL 16;290
3;399;1422;CENTRO DE ENSINO FUNDAMENTAL 16;300
3;400;1422;CENTRO DE ENSINO FUNDAMENTAL 16;299
3;401;1422;CENTRO DE ENSINO FUNDAMENTAL 16;299
3;402;1430;ESCOLA CLASSE 55;284
3;403;1430;ESCOLA CLASSE 55;281
3;404;1430;ESCOLA CLASSE 55;285
3;405;1430;ESCOLA CLASSE 55;288
3;406;1430;ESCOLA CLASSE 55;284
3;407;1430;ESCOLA CLASSE 55;284
3;408;1449;ESCOLA CLASSE 42;222
3;409;1449;ESCOLA CLASSE 42;214
3;410;1449;ESCOLA CLASSE 42;220
3;411;1449;ESCOLA CLASSE 42;218
3;412;1449;ESCOLA CLASSE 42;212
3;413;1449;ESCOLA CLASSE 42;213
3;414;1449;ESCOLA CLASSE 42;235
3;415;1449;ESCOLA CLASSE 42;220
3;416;1449;ESCOLA CLASSE 42;221
3;417;1449;ESCOLA CLASSE 42;220
3;418;1457;CENTRO EDUCACIONAL 07;368
3;419;1457;CENTRO EDUCACIONAL 07;371
3;420;1457;CENTRO EDUCACIONAL 07;368
3;421;1457;CENTRO EDUCACIONAL 07;368
3;422;1457;CENTRO EDUCACIONAL 07;368
3;423;1457;CENTRO EDUCACIONAL 07;372
3;424;1457;CENTRO EDUCACIONAL 07;367
3;425;1457;CENTRO EDUCACIONAL 07;367
3;426;1457;CENTRO EDUCACIONAL 07;371
3;427;1457;CENTRO EDUCACIONAL 07;369
3;428;1465;CENTRO DE ENSINO FUNDAMENTAL 17;348
3;429;1465;CENTRO DE ENSINO FUNDAMENTAL 17;342
3;430;1465;CENTRO DE ENSINO FUNDAMENTAL 17;343
3;431;1465;CENTRO DE ENSINO FUNDAMENTAL 17;346
3;432;1465;CENTRO DE ENSINO FUNDAMENTAL 17;346
3;433;1465;CENTRO DE ENSINO FUNDAMENTAL 17;346
3;434;1465;CENTRO DE ENSINO FUNDAMENTAL 17;346
3;435;1465;CENTRO DE ENSINO FUNDAMENTAL 17;345
3;436;1465;CENTRO DE ENSINO FUNDAMENTAL 17;344
3;437;1473;ESCOLA CLASSE 45;281
3;438;1473;ESCOLA CLASSE 45;280
3;439;1473;ESCOLA CLASSE 45;279
3;440;1473;ESCOLA CLASSE 45;277
3;441;1473;ESCOLA CLASSE 45;271
3;442;1473;ESCOLA CLASSE 45;280
3;443;1473;ESCOLA CLASSE 45;275
3;444;1473;ESCOLA CLASSE 45;279
3;503;1570;ESCOLA CLASSE 50;319
3;504;1406;ESCOLA CLASSE 41;268
3;505;1520;ESCOLA CLASSE 53;328
3;506;1465;CENTRO DE ENSINO FUNDAMENTAL 17;343
3;510;1457;CENTRO EDUCACIONAL 07;367
3;514;1457;CENTRO EDUCACIONAL 07;367
3;518;1333;CENTRO DE ENSINO MÉDIO 05;343
3;521;1341;CENTRO DE ENSINO ESPECIAL 01;139
3;524;1457;CENTRO EDUCACIONAL 07;370
3;529;1465;CENTRO DE ENSINO FUNDAMENTAL 17;341
3;533;1449;ESCOLA CLASSE 42;215
3;534;1333;CENTRO DE ENSINO MÉDIO 05;344
3;539;1341;CENTRO DE ENSINO ESPECIAL 01;134
3;540;1406;ESCOLA CLASSE 41;267
3;541;1570;ESCOLA CLASSE 50;317
3;542;1465;CENTRO DE ENSINO FUNDAMENTAL 17;345
3;543;1520;ESCOLA CLASSE 53;330
3;544;1406;ESCOLA CLASSE 41;266
3;545;1465;CENTRO DE ENSINO FUNDAMENTAL 17;342
3;546;1520;ESCOLA CLASSE 53;329
3;547;1333;CENTRO DE ENSINO MÉDIO 05;341
3;549;1473;ESCOLA CLASSE 45;276
3;550;1457;CENTRO EDUCACIONAL 07;370
3;552;1333;CENTRO DE ENSINO MÉDIO 05;347
3;554;1449;ESCOLA CLASSE 42;226
3;556;1376;CENTRO EDUCACIONAL 06;224
3;558;1333;CENTRO DE ENSINO MÉDIO 05;346
3;561;1457;CENTRO EDUCACIONAL 07;367
3;562;1473;ESCOLA CLASSE 45;279
3;564;1430;ESCOLA CLASSE 55;278
3;566;1520;ESCOLA CLASSE 53;331
3;567;1392;CENTRO DE ENSINO FUNDAMENTAL 19;282
3;568;1570;ESCOLA CLASSE 50;319
3;571;1341;CENTRO DE ENSINO ESPECIAL 01;137
3;572;1376;CENTRO EDUCACIONAL 06;242
3;573;1449;ESCOLA CLASSE 42;211
3;575;1341;CENTRO DE ENSINO ESPECIAL 01;137
3;579;1376;CENTRO EDUCACIONAL 06;238
3;580;1449;ESCOLA CLASSE 42;214
3;582;1333;CENTRO DE ENSINO MÉDIO 05;344
3;583;1473;ESCOLA CLASSE 45;277
3;584;1473;ESCOLA CLASSE 45;281
3;589;1376;CENTRO EDUCACIONAL 06;234
3;591;1449;ESCOLA CLASSE 42;201
3;595;1473;ESCOLA CLASSE 45;277
3;596;1333;CENTRO DE ENSINO MÉDIO 05;339
3;598;1376;CENTRO EDUCACIONAL 06;237
3;599;1430;ESCOLA CLASSE 55;280
3;600;1449;ESCOLA CLASSE 42;207
3;601;1520;ESCOLA CLASSE 53;326
3;605;1635;CENTRO DE EDUCAÇÃO INFANTIL 05;344
3;607;1376;CENTRO EDUCACIONAL 06;229
3;610;1473;ESCOLA CLASSE 45;278
3;611;1449;ESCOLA CLASSE 42;209
3;612;1333;CENTRO DE ENSINO MÉDIO 05;348
3;615;1376;CENTRO EDUCACIONAL 06;242
3;616;1473;ESCOLA CLASSE 45;276
3;617;1643;CENTRO DE EDUCAÇÃO INFANTIL 03;332
3;618;1660;CENTRO DE EDUCAÇÃO INFANTIL 06;326
3;619;1651;ESCOLA CLASSE 52;321
3;620;1376;CENTRO EDUCACIONAL 06;239
3;621;1333;CENTRO DE ENSINO MÉDIO 05;343
3;622;1430;ESCOLA CLASSE 55;283
3;623;1520;ESCOLA CLASSE 53;334
3;624;1376;CENTRO EDUCACIONAL 06;252
3;625;1643;CENTRO DE EDUCAÇÃO INFANTIL 03;335
3;626;1635;CENTRO DE EDUCAÇÃO INFANTIL 05;347
3;627;1333;CENTRO DE ENSINO MÉDIO 05;344
3;628;1660;CENTRO DE EDUCAÇÃO INFANTIL 06;335
3;629;1376;CENTRO EDUCACIONAL 06;244
3;630;1651;ESCOLA CLASSE 52;323
3;631;1473;ESCOLA CLASSE 45;275
3;632;1333;CENTRO DE ENSINO MÉDIO 05;345
3;633;1643;CENTRO DE EDUCAÇÃO INFANTIL 03;330
3;634;1660;CENTRO DE EDUCAÇÃO INFANTIL 06;325
3;635;1333;CENTRO DE ENSINO MÉDIO 05;342
3;636;1520;ESCOLA CLASSE 53;331
3;637;1660;CENTRO DE EDUCAÇÃO INFANTIL 06;341
3;638;1635;CENTRO DE EDUCAÇÃO INFANTIL 05;346
3;639;1651;ESCOLA CLASSE 52;324
3;640;1660;CENTRO DE EDUCAÇÃO INFANTIL 06;339
3;641;1643;CENTRO DE EDUCAÇÃO INFANTIL 03;333
3;642;1635;CENTRO DE EDUCAÇÃO INFANTIL 05;347
3;643;1430;ESCOLA CLASSE 55;281
3;644;1660;CENTRO DE EDUCAÇÃO INFANTIL 06;331
3;645;1520;ESCOLA CLASSE 53;334
3;646;1651;ESCOLA CLASSE 52;319
3;647;1643;CENTRO DE EDUCAÇÃO INFANTIL 03;328
3;648;1643;CENTRO DE EDUCAÇÃO INFANTIL 03;326
3;649;1643;CENTRO DE EDUCAÇÃO INFANTIL 03;334
3;650;1635;CENTRO DE EDUCAÇÃO INFANTIL 05;349
3;651;1520;ESCOLA CLASSE 53;330
3;652;1660;CENTRO DE EDUCAÇÃO INFANTIL 06;321
3;653;1643;CENTRO DE EDUCAÇÃO INFANTIL 03;332
3;654;1643;CENTRO DE EDUCAÇÃO INFANTIL 03;335
3;655;1660;CENTRO DE EDUCAÇÃO INFANTIL 06;155
4;242;1635;ESCOLA CLASSE 100 DE SANTA MARIA;246
4;243;1139;ESCOLA CLASSE 116 DE SANTA MARIA;391
4;244;1589;CENTRO DE ENSINO FUNDAMENTAL 103 DE SANTA MARIA;377
4;245;1252;ESCOLA CLASSE 206 DE SANTA MARIA;328
4;246;1589;CENTRO DE ENSINO FUNDAMENTAL 103 DE SANTA MARIA;380
4;247;1139;ESCOLA CLASSE 116 DE SANTA MARIA;392
4;248;1252;ESCOLA CLASSE 206 DE SANTA MARIA;317
4;249;1589;CENTRO DE ENSINO FUNDAMENTAL 103 DE SANTA MARIA;385
4;251;1252;ESCOLA CLASSE 206 DE SANTA MARIA;324
4;253;1139;ESCOLA CLASSE 116 DE SANTA MARIA;390
4;254;1589;CENTRO DE ENSINO FUNDAMENTAL 103 DE SANTA MARIA;382
4;256;1589;CENTRO DE ENSINO FUNDAMENTAL 103 DE SANTA MARIA;380
4;257;1252;ESCOLA CLASSE 206 DE SANTA MARIA;320
4;262;1139;ESCOLA CLASSE 116 DE SANTA MARIA;393
4;263;1139;ESCOLA CLASSE 116 DE SANTA MARIA;392
4;264;1139;ESCOLA CLASSE 116 DE SANTA MARIA;396
4;265;1635;ESCOLA CLASSE 100 DE SANTA MARIA;246
4;266;1635;ESCOLA CLASSE 100 DE SANTA MARIA;245
4;267;1635;ESCOLA CLASSE 100 DE SANTA MARIA;247
4;268;1252;ESCOLA CLASSE 206 DE SANTA MARIA;326
4;269;1252;ESCOLA CLASSE 206 DE SANTA MARIA;325
4;270;1252;ESCOLA CLASSE 206 DE SANTA MARIA;321
4;271;1252;ESCOLA CLASSE 206 DE SANTA MARIA;323
4;275;1139;ESCOLA CLASSE 116 DE SANTA MARIA;389
4;276;1635;ESCOLA CLASSE 100 DE SANTA MARIA;252
4;280;1139;ESCOLA CLASSE 116 DE SANTA MARIA;393
4;281;1252;ESCOLA CLASSE 206 DE SANTA MARIA;320
4;282;1520;ESCOLA CLASSE 218 DE SANTA MARIA;393
4;283;1163;CENTRO DE ENSINO MEDIO 417 DE SANTA MARIA;383
4;284;1511;CENTRO DE ENSINO FUNDAMENTAL 213 DE SANTA MARIA;382
4;285;1180;CENTRO DE ENSINO FUNDAMENTAL 308 DE SANTA MARIA;343
4;286;1503;CENTRO DE ENSINO MEDIO 404 DE SANTA MARIA;388
4;288;1635;ESCOLA CLASSE 100 DE SANTA MARIA;249
4;289;1180;CENTRO DE ENSINO FUNDAMENTAL 308 DE SANTA MARIA;338
4;290;1252;ESCOLA CLASSE 206 DE SANTA MARIA;319
4;293;1503;CENTRO DE ENSINO MEDIO 404 DE SANTA MARIA;384
4;294;1180;CENTRO DE ENSINO FUNDAMENTAL 308 DE SANTA MARIA;339
4;302;1163;CENTRO DE ENSINO MEDIO 417 DE SANTA MARIA;380
4;303;1511;CENTRO DE ENSINO FUNDAMENTAL 213 DE SANTA MARIA;382
4;304;1520;ESCOLA CLASSE 218 DE SANTA MARIA;390
4;305;1635;ESCOLA CLASSE 100 DE SANTA MARIA;248
4;306;1180;CENTRO DE ENSINO FUNDAMENTAL 308 DE SANTA MARIA;338
4;308;1252;ESCOLA CLASSE 206 DE SANTA MARIA;318
4;309;1635;ESCOLA CLASSE 100 DE SANTA MARIA;250
4;310;1503;CENTRO DE ENSINO MEDIO 404 DE SANTA MARIA;384
4;311;1163;CENTRO DE ENSINO MEDIO 417 DE SANTA MARIA;379
4;312;1520;ESCOLA CLASSE 218 DE SANTA MARIA;390
4;313;1163;CENTRO DE ENSINO MEDIO 417 DE SANTA MARIA;378
4;314;1511;CENTRO DE ENSINO FUNDAMENTAL 213 DE SANTA MARIA;380
4;315;1180;CENTRO DE ENSINO FUNDAMENTAL 308 DE SANTA MARIA;341
4;316;1180;CENTRO DE ENSINO FUNDAMENTAL 308 DE SANTA MARIA;336
4;320;1139;ESCOLA CLASSE 116 DE SANTA MARIA;395
4;321;1635;ESCOLA CLASSE 100 DE SANTA MARIA;248
4;322;1635;ESCOLA CLASSE 100 DE SANTA MARIA;248
4;323;1635;ESCOLA CLASSE 100 DE SANTA MARIA;248
4;324;1520;ESCOLA CLASSE 218 DE SANTA MARIA;387
4;325;1511;CENTRO DE ENSINO FUNDAMENTAL 213 DE SANTA MARIA;384
4;326;1627;CENTRO DE ENSINO FUNDAMENTAL 403 DE SANTA MARIA;351
4;327;1503;CENTRO DE ENSINO MEDIO 404 DE SANTA MARIA;372
4;328;1252;ESCOLA CLASSE 206 DE SANTA MARIA;324
4;333;1180;CENTRO DE ENSINO FUNDAMENTAL 308 DE SANTA MARIA;333
4;334;1163;CENTRO DE ENSINO MEDIO 417 DE SANTA MARIA;385
4;337;1503;CENTRO DE ENSINO MEDIO 404 DE SANTA MARIA;389
4;339;1180;CENTRO DE ENSINO FUNDAMENTAL 308 DE SANTA MARIA;339
4;340;1511;CENTRO DE ENSINO FUNDAMENTAL 213 DE SANTA MARIA;374
4;341;1139;ESCOLA CLASSE 116 DE SANTA MARIA;389
4;342;1520;ESCOLA CLASSE 218 DE SANTA MARIA;388
4;343;1627;CENTRO DE ENSINO FUNDAMENTAL 403 DE SANTA MARIA;356
4;344;1627;CENTRO DE ENSINO FUNDAMENTAL 403 DE SANTA MARIA;352
4;346;1180;CENTRO DE ENSINO FUNDAMENTAL 308 DE SANTA MARIA;328
4;347;1139;ESCOLA CLASSE 116 DE SANTA MARIA;392
4;348;1163;CENTRO DE ENSINO MEDIO 417 DE SANTA MARIA;384
4;351;1180;CENTRO DE ENSINO FUNDAMENTAL 308 DE SANTA MARIA;335
4;352;1163;CENTRO DE ENSINO MEDIO 417 DE SANTA MARIA;376
4;353;1627;CENTRO DE ENSINO FUNDAMENTAL 403 DE SANTA MARIA;351
4;354;1252;ESCOLA CLASSE 206 DE SANTA MARIA;315
4;355;1163;CENTRO DE ENSINO MEDIO 417 DE SANTA MARIA;379
4;356;1139;ESCOLA CLASSE 116 DE SANTA MARIA;394
4;358;1457;CENTRO DE ENSINO FUNDAMENTAL SANTOS DUMONT;370
4;359;1627;CENTRO DE ENSINO FUNDAMENTAL 403 DE SANTA MARIA;355
4;360;1139;ESCOLA CLASSE 116 DE SANTA MARIA;396
4;361;1180;CENTRO DE ENSINO FUNDAMENTAL 308 DE SANTA MARIA;324
4;362;1163;CENTRO DE ENSINO MEDIO 417 DE SANTA MARIA;384
4;363;1627;CENTRO DE ENSINO FUNDAMENTAL 403 DE SANTA MARIA;352
4;364;1180;CENTRO DE ENSINO FUNDAMENTAL 308 DE SANTA MARIA;331
4;365;1163;CENTRO DE ENSINO MEDIO 417 DE SANTA MARIA;376
4;366;1627;CENTRO DE ENSINO FUNDAMENTAL 403 DE SANTA MARIA;355
4;368;1511;CENTRO DE ENSINO FUNDAMENTAL 213 DE SANTA MARIA;373
4;370;1180;CENTRO DE ENSINO FUNDAMENTAL 308 DE SANTA MARIA;324
4;371;1163;CENTRO DE ENSINO MEDIO 417 DE SANTA MARIA;380
4;372;1627;CENTRO DE ENSINO FUNDAMENTAL 403 DE SANTA MARIA;356
4;373;1163;CENTRO DE ENSINO MEDIO 417 DE SANTA MARIA;378
4;374;1511;CENTRO DE ENSINO FUNDAMENTAL 213 DE SANTA MARIA;389
4;377;1252;ESCOLA CLASSE 206 DE SANTA MARIA;321
4;379;1180;CENTRO DE ENSINO FUNDAMENTAL 308 DE SANTA MARIA;333
4;380;1457;CENTRO DE ENSINO FUNDAMENTAL SANTOS DUMONT;366
4;382;1511;CENTRO DE ENSINO FUNDAMENTAL 213 DE SANTA MARIA;383
4;383;1503;CENTRO DE ENSINO MEDIO 404 DE SANTA MARIA;382
4;384;1490;CENTRO DE ENSINO FUNDAMENTAL 201 DE SANTA MARIA;321
4;385;1520;ESCOLA CLASSE 218 DE SANTA MARIA;394
4;389;1180;CENTRO DE ENSINO FUNDAMENTAL 308 DE SANTA MARIA;343
4;390;1252;ESCOLA CLASSE 206 DE SANTA MARIA;325
4;392;1589;CENTRO DE ENSINO FUNDAMENTAL 103 DE SANTA MARIA;378
4;393;1554;CENTRO DE ENSINO FUNDAMENTAL 209 DE SANTA MARIA;353
4;394;1562;CENTRO DE ENSINO FUNDAMENTAL 316 DE SANTA MARIA;330
4;395;1570;ESCOLA CLASSE  215 DE SANTA MARIA;365
4;396;1597;CENTRO DE ENSINO GESNER TEIXEIRA;306
4;397;1490;CENTRO DE ENSINO FUNDAMENTAL 201 DE SANTA MARIA;321
4;398;1503;CENTRO DE ENSINO MEDIO 404 DE SANTA MARIA;390
4;399;1520;ESCOLA CLASSE 218 DE SANTA MARIA;397
4;400;1554;CENTRO DE ENSINO FUNDAMENTAL 209 DE SANTA MARIA;356
4;401;1554;CENTRO DE ENSINO FUNDAMENTAL 209 DE SANTA MARIA;351
4;403;1490;CENTRO DE ENSINO FUNDAMENTAL 201 DE SANTA MARIA;325
4;404;1562;CENTRO DE ENSINO FUNDAMENTAL 316 DE SANTA MARIA;327
4;406;1511;CENTRO DE ENSINO FUNDAMENTAL 213 DE SANTA MARIA;380
4;407;1457;CENTRO DE ENSINO FUNDAMENTAL SANTOS DUMONT;370
4;408;1503;CENTRO DE ENSINO MEDIO 404 DE SANTA MARIA;388
4;410;1520;ESCOLA CLASSE 218 DE SANTA MARIA;388
4;412;1554;CENTRO DE ENSINO FUNDAMENTAL 209 DE SANTA MARIA;356
4;413;1570;ESCOLA CLASSE  215 DE SANTA MARIA;369
4;414;1562;CENTRO DE ENSINO FUNDAMENTAL 316 DE SANTA MARIA;330
4;415;1490;CENTRO DE ENSINO FUNDAMENTAL 201 DE SANTA MARIA;330
4;417;1503;CENTRO DE ENSINO MEDIO 404 DE SANTA MARIA;384
4;418;1554;CENTRO DE ENSINO FUNDAMENTAL 209 DE SANTA MARIA;351
4;420;1554;CENTRO DE ENSINO FUNDAMENTAL 209 DE SANTA MARIA;356
4;421;1589;CENTRO DE ENSINO FUNDAMENTAL 103 DE SANTA MARIA;388
4;422;1511;CENTRO DE ENSINO FUNDAMENTAL 213 DE SANTA MARIA;384
4;423;1520;ESCOLA CLASSE 218 DE SANTA MARIA;393
4;424;1562;CENTRO DE ENSINO FUNDAMENTAL 316 DE SANTA MARIA;331
4;425;1457;CENTRO DE ENSINO FUNDAMENTAL SANTOS DUMONT;372
4;427;1503;CENTRO DE ENSINO MEDIO 404 DE SANTA MARIA;385
4;428;1570;ESCOLA CLASSE  215 DE SANTA MARIA;368
4;429;1490;CENTRO DE ENSINO FUNDAMENTAL 201 DE SANTA MARIA;325
4;430;1554;CENTRO DE ENSINO FUNDAMENTAL 209 DE SANTA MARIA;363
4;432;1597;CENTRO DE ENSINO GESNER TEIXEIRA;307
4;433;1562;CENTRO DE ENSINO FUNDAMENTAL 316 DE SANTA MARIA;331
4;434;1554;CENTRO DE ENSINO FUNDAMENTAL 209 DE SANTA MARIA;357
4;435;1520;ESCOLA CLASSE 218 DE SANTA MARIA;393
4;436;1503;CENTRO DE ENSINO MEDIO 404 DE SANTA MARIA;389
4;438;1490;CENTRO DE ENSINO FUNDAMENTAL 201 DE SANTA MARIA;324
4;439;1554;CENTRO DE ENSINO FUNDAMENTAL 209 DE SANTA MARIA;363
4;440;1457;CENTRO DE ENSINO FUNDAMENTAL SANTOS DUMONT;367
4;441;1511;CENTRO DE ENSINO FUNDAMENTAL 213 DE SANTA MARIA;382
4;442;1562;CENTRO DE ENSINO FUNDAMENTAL 316 DE SANTA MARIA;326
4;443;1570;ESCOLA CLASSE  215 DE SANTA MARIA;366
4;444;1503;CENTRO DE ENSINO MEDIO 404 DE SANTA MARIA;383
4;446;1554;CENTRO DE ENSINO FUNDAMENTAL 209 DE SANTA MARIA;355
4;447;1490;CENTRO DE ENSINO FUNDAMENTAL 201 DE SANTA MARIA;321
4;448;1589;CENTRO DE ENSINO FUNDAMENTAL 103 DE SANTA MARIA;375
4;449;1520;ESCOLA CLASSE 218 DE SANTA MARIA;394
4;451;1554;CENTRO DE ENSINO FUNDAMENTAL 209 DE SANTA MARIA;356
4;452;1562;CENTRO DE ENSINO FUNDAMENTAL 316 DE SANTA MARIA;330
4;453;1503;CENTRO DE ENSINO MEDIO 404 DE SANTA MARIA;384
4;454;1490;CENTRO DE ENSINO FUNDAMENTAL 201 DE SANTA MARIA;328
4;455;1457;CENTRO DE ENSINO FUNDAMENTAL SANTOS DUMONT;372
4;456;1570;ESCOLA CLASSE  215 DE SANTA MARIA;373
4;457;1503;CENTRO DE ENSINO MEDIO 404 DE SANTA MARIA;381
4;458;1562;CENTRO DE ENSINO FUNDAMENTAL 316 DE SANTA MARIA;322
4;460;1490;CENTRO DE ENSINO FUNDAMENTAL 201 DE SANTA MARIA;331
4;461;1520;ESCOLA CLASSE 218 DE SANTA MARIA;391
4;462;1570;ESCOLA CLASSE  215 DE SANTA MARIA;370
4;463;1490;CENTRO DE ENSINO FUNDAMENTAL 201 DE SANTA MARIA;324
4;464;1457;CENTRO DE ENSINO FUNDAMENTAL SANTOS DUMONT;359
4;465;1163;CENTRO DE ENSINO MEDIO 417 DE SANTA MARIA;382
4;466;1562;CENTRO DE ENSINO FUNDAMENTAL 316 DE SANTA MARIA;328
4;468;1490;CENTRO DE ENSINO FUNDAMENTAL 201 DE SANTA MARIA;329
4;469;1597;CENTRO DE ENSINO GESNER TEIXEIRA;309
4;471;1570;ESCOLA CLASSE  215 DE SANTA MARIA;366
4;472;1619;CENTRO DE ENSINO FUNDAMENTAL 418 DE SANTA MARIA;303
4;473;1627;CENTRO DE ENSINO FUNDAMENTAL 403 DE SANTA MARIA;353
4;475;1490;CENTRO DE ENSINO FUNDAMENTAL 201 DE SANTA MARIA;323
4;476;1180;CENTRO DE ENSINO FUNDAMENTAL 308 DE SANTA MARIA;321
4;477;1570;ESCOLA CLASSE  215 DE SANTA MARIA;369
4;478;1627;CENTRO DE ENSINO FUNDAMENTAL 403 DE SANTA MARIA;355
4;479;1589;CENTRO DE ENSINO FUNDAMENTAL 103 DE SANTA MARIA;384
4;481;1457;CENTRO DE ENSINO FUNDAMENTAL SANTOS DUMONT;378
4;482;1619;CENTRO DE ENSINO FUNDAMENTAL 418 DE SANTA MARIA;321
4;483;1627;CENTRO DE ENSINO FUNDAMENTAL 403 DE SANTA MARIA;353
4;484;1635;ESCOLA CLASSE 100 DE SANTA MARIA;248
4;485;1562;CENTRO DE ENSINO FUNDAMENTAL 316 DE SANTA MARIA;332
4;487;1252;ESCOLA CLASSE 206 DE SANTA MARIA;325
4;489;1627;CENTRO DE ENSINO FUNDAMENTAL 403 DE SANTA MARIA;355
4;490;1619;CENTRO DE ENSINO FUNDAMENTAL 418 DE SANTA MARIA;314
4;492;1457;CENTRO DE ENSINO FUNDAMENTAL SANTOS DUMONT;372
4;493;1627;CENTRO DE ENSINO FUNDAMENTAL 403 DE SANTA MARIA;346
4;494;1562;CENTRO DE ENSINO FUNDAMENTAL 316 DE SANTA MARIA;325
4;497;1597;CENTRO DE ENSINO GESNER TEIXEIRA;305
4;498;1180;CENTRO DE ENSINO FUNDAMENTAL 308 DE SANTA MARIA;325
4;499;1252;ESCOLA CLASSE 206 DE SANTA MARIA;316
4;500;1163;CENTRO DE ENSINO MEDIO 417 DE SANTA MARIA;376
4;501;1627;CENTRO DE ENSINO FUNDAMENTAL 403 DE SANTA MARIA;351
4;502;1619;CENTRO DE ENSINO FUNDAMENTAL 418 DE SANTA MARIA;316
4;504;1651;ESCOLA CLASSE 01 - PORTO RICO;335
4;505;1660;CENTRO EDUCACIONAL 310 DE SANTA MARIA;302
4;506;1457;CENTRO DE ENSINO FUNDAMENTAL SANTOS DUMONT;371
4;507;1562;CENTRO DE ENSINO FUNDAMENTAL 316 DE SANTA MARIA;328
4;508;1660;CENTRO EDUCACIONAL 310 DE SANTA MARIA;311
4;509;1619;CENTRO DE ENSINO FUNDAMENTAL 418 DE SANTA MARIA;307
4;511;1589;CENTRO DE ENSINO FUNDAMENTAL 103 DE SANTA MARIA;390
4;512;1660;CENTRO EDUCACIONAL 310 DE SANTA MARIA;314
4;513;1651;ESCOLA CLASSE 01 - PORTO RICO;335
4;514;1147;ESCOLA CLASSE 203;336
4;515;1562;CENTRO DE ENSINO FUNDAMENTAL 316 DE SANTA MARIA;333
4;516;1457;CENTRO DE ENSINO FUNDAMENTAL SANTOS DUMONT;372
4;517;1660;CENTRO EDUCACIONAL 310 DE SANTA MARIA;311
4;518;1619;CENTRO DE ENSINO FUNDAMENTAL 418 DE SANTA MARIA;321
4;519;1147;ESCOLA CLASSE 203;337
4;520;1511;CENTRO DE ENSINO FUNDAMENTAL 213 DE SANTA MARIA;385
4;521;1139;ESCOLA CLASSE 116 DE SANTA MARIA;395
4;522;1570;ESCOLA CLASSE  215 DE SANTA MARIA;371
4;523;1520;ESCOLA CLASSE 218 DE SANTA MARIA;398
4;524;1147;ESCOLA CLASSE 203;339
4;525;1660;CENTRO EDUCACIONAL 310 DE SANTA MARIA;298
4;526;1562;CENTRO DE ENSINO FUNDAMENTAL 316 DE SANTA MARIA;329
4;527;1147;ESCOLA CLASSE 203;337
4;528;1619;CENTRO DE ENSINO FUNDAMENTAL 418 DE SANTA MARIA;315
4;529;1457;CENTRO DE ENSINO FUNDAMENTAL SANTOS DUMONT;375
4;530;1651;ESCOLA CLASSE 01 - PORTO RICO;339
4;531;1147;ESCOLA CLASSE 203;335
4;532;1660;CENTRO EDUCACIONAL 310 DE SANTA MARIA;318
4;533;1619;CENTRO DE ENSINO FUNDAMENTAL 418 DE SANTA MARIA;306
4;534;1147;ESCOLA CLASSE 203;335
4;535;1597;CENTRO DE ENSINO GESNER TEIXEIRA;307
4;536;1511;CENTRO DE ENSINO FUNDAMENTAL 213 DE SANTA MARIA;382
4;537;1660;CENTRO EDUCACIONAL 310 DE SANTA MARIA;316
4;538;1562;CENTRO DE ENSINO FUNDAMENTAL 316 DE SANTA MARIA;332
4;539;1147;ESCOLA CLASSE 203;336
4;540;1619;CENTRO DE ENSINO FUNDAMENTAL 418 DE SANTA MARIA;322
4;541;1651;ESCOLA CLASSE 01 - PORTO RICO;339
4;542;1660;CENTRO EDUCACIONAL 310 DE SANTA MARIA;313
4;543;1457;CENTRO DE ENSINO FUNDAMENTAL SANTOS DUMONT;372
4;544;1147;ESCOLA CLASSE 203;336
4;545;1619;CENTRO DE ENSINO FUNDAMENTAL 418 DE SANTA MARIA;314
4;546;1147;ESCOLA CLASSE 203;334
4;547;1660;CENTRO EDUCACIONAL 310 DE SANTA MARIA;308
4;548;1511;CENTRO DE ENSINO FUNDAMENTAL 213 DE SANTA MARIA;383
4;549;1147;ESCOLA CLASSE 203;335
4;550;1457;CENTRO DE ENSINO FUNDAMENTAL SANTOS DUMONT;384
4;551;1651;ESCOLA CLASSE 01 - PORTO RICO;336
4;552;1562;CENTRO DE ENSINO FUNDAMENTAL 316 DE SANTA MARIA;331
4;553;1686;CENTRO EDUCACIONAL 416 DE SANTA MARIA;345
4;554;1660;CENTRO EDUCACIONAL 310 DE SANTA MARIA;299
4;555;1570;ESCOLA CLASSE  215 DE SANTA MARIA;370
4;556;1147;ESCOLA CLASSE 203;337
4;557;1147;ESCOLA CLASSE 203;335
4;558;1139;ESCOLA CLASSE 116 DE SANTA MARIA;395
4;559;1180;CENTRO DE ENSINO FUNDAMENTAL 308 DE SANTA MARIA;336
4;560;1686;CENTRO EDUCACIONAL 416 DE SANTA MARIA;342
4;561;1660;CENTRO EDUCACIONAL 310 DE SANTA MARIA;305
4;562;1457;CENTRO DE ENSINO FUNDAMENTAL SANTOS DUMONT;367
4;563;1511;CENTRO DE ENSINO FUNDAMENTAL 213 DE SANTA MARIA;377
4;564;1651;ESCOLA CLASSE 01 - PORTO RICO;334
4;565;1147;ESCOLA CLASSE 203;331
4;566;1686;CENTRO EDUCACIONAL 416 DE SANTA MARIA;341
4;567;1660;CENTRO EDUCACIONAL 310 DE SANTA MARIA;315
4;568;1147;ESCOLA CLASSE 203;334
4;569;1562;CENTRO DE ENSINO FUNDAMENTAL 316 DE SANTA MARIA;328
4;570;1147;ESCOLA CLASSE 203;334
4;571;1686;CENTRO EDUCACIONAL 416 DE SANTA MARIA;342
4;572;1651;ESCOLA CLASSE 01 - PORTO RICO;332
4;573;1660;CENTRO EDUCACIONAL 310 DE SANTA MARIA;311
4;574;1457;CENTRO DE ENSINO FUNDAMENTAL SANTOS DUMONT;368
4;575;1597;CENTRO DE ENSINO GESNER TEIXEIRA;307
4;576;1520;ESCOLA CLASSE 218 DE SANTA MARIA;391
4;577;1147;ESCOLA CLASSE 203;330
4;578;1660;CENTRO EDUCACIONAL 310 DE SANTA MARIA;294
4;579;1147;ESCOLA CLASSE 203;334
4;580;1686;CENTRO EDUCACIONAL 416 DE SANTA MARIA;343
4;581;1570;ESCOLA CLASSE  215 DE SANTA MARIA;369
4;582;1147;ESCOLA CLASSE 203;332
4;584;1651;ESCOLA CLASSE 01 - PORTO RICO;337
4;585;1651;ESCOLA CLASSE 01 - PORTO RICO;335
4;586;1570;ESCOLA CLASSE  215 DE SANTA MARIA;369
4;587;1503;CENTRO DE ENSINO MEDIO 404 DE SANTA MARIA;392
4;588;1554;CENTRO DE ENSINO FUNDAMENTAL 209 DE SANTA MARIA;356
4;589;1490;CENTRO DE ENSINO FUNDAMENTAL 201 DE SANTA MARIA;325
4;590;1660;CENTRO EDUCACIONAL 310 DE SANTA MARIA;290
4;591;1457;CENTRO DE ENSINO FUNDAMENTAL SANTOS DUMONT;364
4;592;1627;CENTRO DE ENSINO FUNDAMENTAL 403 DE SANTA MARIA;357
4;594;1163;CENTRO DE ENSINO MEDIO 417 DE SANTA MARIA;376
4;595;1163;CENTRO DE ENSINO MEDIO 417 DE SANTA MARIA;387
4;596;1457;CENTRO DE ENSINO FUNDAMENTAL SANTOS DUMONT;370
4;597;1651;ESCOLA CLASSE 01 - PORTO RICO;330
4;598;1180;CENTRO DE ENSINO FUNDAMENTAL 308 DE SANTA MARIA;321
4;599;1589;CENTRO DE ENSINO FUNDAMENTAL 103 DE SANTA MARIA;387
4;600;1686;CENTRO EDUCACIONAL 416 DE SANTA MARIA;339
4;601;1694;COLÉGIO PALOMA;349
4;602;1686;CENTRO EDUCACIONAL 416 DE SANTA MARIA;343
4;603;1694;COLÉGIO PALOMA;343
4;604;1686;CENTRO EDUCACIONAL 416 DE SANTA MARIA;347
4;605;1686;CENTRO EDUCACIONAL 416 DE SANTA MARIA;348
4;606;1694;COLÉGIO PALOMA;275
4;607;1686;CENTRO EDUCACIONAL 416 DE SANTA MARIA;259
5;1;1058;ESCOLA CLASSE 15;289
5;2;1058;ESCOLA CLASSE 15;290
5;3;1058;ESCOLA CLASSE 15;293
5;4;1058;ESCOLA CLASSE 15;292
5;5;1058;ESCOLA CLASSE 15;287
5;6;1058;ESCOLA CLASSE 15;295
5;7;1058;ESCOLA CLASSE 15;288
5;8;1058;ESCOLA CLASSE 15;288
5;9;1023;CENTRO DE ENSINO FUNDAMENTAL 01;327
5;10;1023;CENTRO DE ENSINO FUNDAMENTAL 01;324
5;11;1023;CENTRO DE ENSINO FUNDAMENTAL 01;325
5;12;1023;CENTRO DE ENSINO FUNDAMENTAL 01;324
5;13;1023;CENTRO DE ENSINO FUNDAMENTAL 01;326
5;14;1023;CENTRO DE ENSINO FUNDAMENTAL 01;318
5;15;1023;CENTRO DE ENSINO FUNDAMENTAL 01;324
5;16;1023;CENTRO DE ENSINO FUNDAMENTAL 01;327
5;17;1023;CENTRO DE ENSINO FUNDAMENTAL 01;323
5;18;1023;CENTRO DE ENSINO FUNDAMENTAL 01;326
5;19;1066;CENTRO DE ENSINO MEDIO 01 - GINÁSIO;326
5;20;1066;CENTRO DE ENSINO MEDIO 01 - GINÁSIO;317
5;21;1066;CENTRO DE ENSINO MEDIO 01 - GINÁSIO;320
5;22;1066;CENTRO DE ENSINO MEDIO 01 - GINÁSIO;321
5;23;1066;CENTRO DE ENSINO MEDIO 01 - GINÁSIO;320
5;24;1066;CENTRO DE ENSINO MEDIO 01 - GINÁSIO;323
5;25;1066;CENTRO DE ENSINO MEDIO 01 - GINÁSIO;325
5;26;1066;CENTRO DE ENSINO MEDIO 01 - GINÁSIO;325
5;27;1058;ESCOLA CLASSE 15;294
5;28;1058;ESCOLA CLASSE 15;294
5;29;1058;ESCOLA CLASSE 15;293
5;30;1058;ESCOLA CLASSE 15;291
5;31;1058;ESCOLA CLASSE 15;289
5;32;1058;ESCOLA CLASSE 15;291
5;33;1058;ESCOLA CLASSE 15;292
5;34;1058;ESCOLA CLASSE 15;290
5;35;1058;ESCOLA CLASSE 15;288
5;36;1066;CENTRO DE ENSINO MEDIO 01 - GINÁSIO;322
5;37;1066;CENTRO DE ENSINO MEDIO 01 - GINÁSIO;327
5;38;1066;CENTRO DE ENSINO MEDIO 01 - GINÁSIO;318
5;39;1066;CENTRO DE ENSINO MEDIO 01 - GINÁSIO;322
5;40;1066;CENTRO DE ENSINO MEDIO 01 - GINÁSIO;324
5;41;1066;CENTRO DE ENSINO MEDIO 01 - GINÁSIO;325
5;42;1066;CENTRO DE ENSINO MEDIO 01 - GINÁSIO;322
5;43;1066;CENTRO DE ENSINO MEDIO 01 - GINÁSIO;322
5;44;1074;CENTRO EDUCACIONAL 03 - CCM;346
5;45;1074;CENTRO EDUCACIONAL 03 - CCM;350
5;46;1074;CENTRO EDUCACIONAL 03 - CCM;348
5;47;1074;CENTRO EDUCACIONAL 03 - CCM;351
5;48;1074;CENTRO EDUCACIONAL 03 - CCM;350
5;49;1074;CENTRO EDUCACIONAL 03 - CCM;343
5;50;1074;CENTRO EDUCACIONAL 03 - CCM;346
5;51;1074;CENTRO EDUCACIONAL 03 - CCM;349
5;52;1074;CENTRO EDUCACIONAL 03 - CCM;361
5;53;1074;CENTRO EDUCACIONAL 03 - CCM;352
5;54;1082;CENTRO DE ENSINO FUNDAMENTAL 03;367
5;55;1082;CENTRO DE ENSINO FUNDAMENTAL 03;369
5;56;1082;CENTRO DE ENSINO FUNDAMENTAL 03;377
5;57;1082;CENTRO DE ENSINO FUNDAMENTAL 03;382
5;58;1082;CENTRO DE ENSINO FUNDAMENTAL 03;374
5;59;1082;CENTRO DE ENSINO FUNDAMENTAL 03;372
5;60;1082;CENTRO DE ENSINO FUNDAMENTAL 03;379
5;61;1082;CENTRO DE ENSINO FUNDAMENTAL 03;372
5;62;1104;ESCOLA CLASSE 05;319
5;63;1104;ESCOLA CLASSE 05;318
5;64;1104;ESCOLA CLASSE 05;316
5;65;1104;ESCOLA CLASSE 05;316
5;66;1104;ESCOLA CLASSE 05;321
5;67;1104;ESCOLA CLASSE 05;315
5;68;1104;ESCOLA CLASSE 05;321
5;69;1104;ESCOLA CLASSE 05;317
5;70;1104;ESCOLA CLASSE 05;317
5;71;1104;ESCOLA CLASSE 05;324
5;72;1104;ESCOLA CLASSE 05;315
5;73;1104;ESCOLA CLASSE 05;320
5;74;1112;CENTRO DE ENSINO FUNDAMENTAL 05;308
5;75;1112;CENTRO DE ENSINO FUNDAMENTAL 05;304
5;76;1112;CENTRO DE ENSINO FUNDAMENTAL 05;309
5;77;1112;CENTRO DE ENSINO FUNDAMENTAL 05;305
5;78;1112;CENTRO DE ENSINO FUNDAMENTAL 05;308
5;79;1112;CENTRO DE ENSINO FUNDAMENTAL 05;304
5;80;1112;CENTRO DE ENSINO FUNDAMENTAL 05;308
5;81;1112;CENTRO DE ENSINO FUNDAMENTAL 05;308
5;82;1112;CENTRO DE ENSINO FUNDAMENTAL 05;308
5;83;1112;CENTRO DE ENSINO FUNDAMENTAL 05;304
5;84;1112;CENTRO DE ENSINO FUNDAMENTAL 05;303
5;85;1112;CENTRO DE ENSINO FUNDAMENTAL 05;306
5;86;1112;CENTRO DE ENSINO FUNDAMENTAL 05;306
5;87;1112;CENTRO DE ENSINO FUNDAMENTAL 05;304
5;88;1112;CENTRO DE ENSINO FUNDAMENTAL 05;302
5;89;1473;CENTRO INTERESCOLAR DE LINGUAS -CIL;343
5;90;1473;CENTRO INTERESCOLAR DE LINGUAS -CIL;343
5;91;1473;CENTRO INTERESCOLAR DE LINGUAS -CIL;350
5;92;1473;CENTRO INTERESCOLAR DE LINGUAS -CIL;344
5;93;1473;CENTRO INTERESCOLAR DE LINGUAS -CIL;341
5;94;1139;CENTRO DE ENSINO MÉDIO 02;344
5;95;1139;CENTRO DE ENSINO MÉDIO 02;346
5;96;1139;CENTRO DE ENSINO MÉDIO 02;338
5;97;1139;CENTRO DE ENSINO MÉDIO 02;343
5;98;1139;CENTRO DE ENSINO MÉDIO 02;342
5;99;1139;CENTRO DE ENSINO MÉDIO 02;342
5;100;1139;CENTRO DE ENSINO MÉDIO 02;347
5;101;1139;CENTRO DE ENSINO MÉDIO 02;343
5;102;1139;CENTRO DE ENSINO MÉDIO 02;342
5;103;1139;CENTRO DE ENSINO MÉDIO 02;346
5;104;1139;CENTRO DE ENSINO MÉDIO 02;345
5;105;1139;CENTRO DE ENSINO MÉDIO 02;341
5;106;1139;CENTRO DE ENSINO MÉDIO 02;344
5;107;1139;CENTRO DE ENSINO MÉDIO 02;345
5;108;1139;CENTRO DE ENSINO MÉDIO 02;343
5;109;1139;CENTRO DE ENSINO MÉDIO 02;347
5;110;1139;CENTRO DE ENSINO MÉDIO 02;344
5;111;1163;CENTRO DE ENSINO ESPECIAL Nº 01;302
5;112;1163;CENTRO DE ENSINO ESPECIAL Nº 01;301
5;113;1163;CENTRO DE ENSINO ESPECIAL Nº 01;299
5;114;1163;CENTRO DE ENSINO ESPECIAL Nº 01;302
5;115;1163;CENTRO DE ENSINO ESPECIAL Nº 01;300
5;116;1171;CENTRO DE ENSINO FUNDAMENTAL 04;314
5;117;1171;CENTRO DE ENSINO FUNDAMENTAL 04;308
5;118;1171;CENTRO DE ENSINO FUNDAMENTAL 04;308
5;119;1171;CENTRO DE ENSINO FUNDAMENTAL 04;308
5;120;1171;CENTRO DE ENSINO FUNDAMENTAL 04;314
5;121;1171;CENTRO DE ENSINO FUNDAMENTAL 04;312
5;122;1171;CENTRO DE ENSINO FUNDAMENTAL 04;312
5;123;1171;CENTRO DE ENSINO FUNDAMENTAL 04;313
5;124;1171;CENTRO DE ENSINO FUNDAMENTAL 04;311
5;125;1171;CENTRO DE ENSINO FUNDAMENTAL 04;312
5;126;1171;CENTRO DE ENSINO FUNDAMENTAL 04;310
5;127;1171;CENTRO DE ENSINO FUNDAMENTAL 04;310
5;128;1171;CENTRO DE ENSINO FUNDAMENTAL 04;313
5;129;1171;CENTRO DE ENSINO FUNDAMENTAL 04;316
5;130;1171;CENTRO DE ENSINO FUNDAMENTAL 04;309
5;131;1171;CENTRO DE ENSINO FUNDAMENTAL 04;313
5;132;1171;CENTRO DE ENSINO FUNDAMENTAL 04;309
5;133;1171;CENTRO DE ENSINO FUNDAMENTAL 04;311
5;134;1651;ESCOLA CLASSE 04;320
5;135;1651;ESCOLA CLASSE 04;317
5;136;1651;ESCOLA CLASSE 04;318
5;137;1651;ESCOLA CLASSE 04;316
5;138;1651;ESCOLA CLASSE 04;319
5;139;1058;ESCOLA CLASSE 15;289
5;140;1023;CENTRO DE ENSINO FUNDAMENTAL 01;322
5;141;1066;CENTRO DE ENSINO MEDIO 01 - GINÁSIO;321
5;142;1104;ESCOLA CLASSE 05;325
5;143;1104;ESCOLA CLASSE 05;322
5;144;1082;CENTRO DE ENSINO FUNDAMENTAL 03;378
5;146;1082;CENTRO DE ENSINO FUNDAMENTAL 03;378
5;147;1074;CENTRO EDUCACIONAL 03 - CCM;353
5;148;1112;CENTRO DE ENSINO FUNDAMENTAL 05;307
5;149;1112;CENTRO DE ENSINO FUNDAMENTAL 05;304
5;150;1309;ESCOLA CLASSE CATINGUEIRO;183
5;151;1317;ESCOLA CLASSE CORREGO DO OURO;166
5;152;1341;CENTRO EDUCACIONAL FERCAL;287
5;153;1848;EDUCANDÁRIO - INSTITUTO VITÓRIA-RÉGIA;272
5;154;1848;EDUCANDÁRIO - INSTITUTO VITÓRIA-RÉGIA;295
5;155;1341;CENTRO EDUCACIONAL FERCAL;288
5;156;1341;CENTRO EDUCACIONAL FERCAL;286
5;157;1350;ESCOLA CLASSE ENGENHO VELHO;330
5;158;1350;ESCOLA CLASSE ENGENHO VELHO;327
5;159;1368;ESCOLA CLASSE SANTA HELENA;331
5;163;1406;ESCOLA CLASSE 13 AR 05;341
5;164;1406;ESCOLA CLASSE 13 AR 05;341
5;165;1406;ESCOLA CLASSE 13 AR 05;338
5;166;1406;ESCOLA CLASSE 13 AR 05;334
5;167;1341;CENTRO EDUCACIONAL FERCAL;283
5;168;1406;ESCOLA CLASSE 13 AR 05;341
5;169;1406;ESCOLA CLASSE 13 AR 05;332
5;170;1422;CENTRO DE ENSINO FUNDAMENTAL PROF CARLOS MOTA;339
5;171;1422;CENTRO DE ENSINO FUNDAMENTAL PROF CARLOS MOTA;343
5;172;1430;CAIC JULIA KUBITSCHEK;355
5;173;1430;CAIC JULIA KUBITSCHEK;358
5;174;1430;CAIC JULIA KUBITSCHEK;354
5;175;1430;CAIC JULIA KUBITSCHEK;356
5;176;1430;CAIC JULIA KUBITSCHEK;355
5;177;1430;CAIC JULIA KUBITSCHEK;351
5;178;1430;CAIC JULIA KUBITSCHEK;349
5;179;1848;EDUCANDÁRIO - INSTITUTO VITÓRIA-RÉGIA;284
5;180;1856;CEI 02 - CENTRO DE EDUCAÇÃO INFANTIL 02;315
5;181;1430;CAIC JULIA KUBITSCHEK;354
5;182;1554;CENTRO DE ENSINO FUNDAMENTAL 07;318
5;183;1554;CENTRO DE ENSINO FUNDAMENTAL 07;314
5;184;1660;CENTRO DE ENSINO FUNDAMENTAL 08;323
5;185;1341;CENTRO EDUCACIONAL FERCAL;287
5;186;1554;CENTRO DE ENSINO FUNDAMENTAL 07;315
5;187;1856;CEI 02 - CENTRO DE EDUCAÇÃO INFANTIL 02;312
5;188;1473;CENTRO INTERESCOLAR DE LINGUAS -CIL;344
5;189;1856;CEI 02 - CENTRO DE EDUCAÇÃO INFANTIL 02;317
5;190;1066;CENTRO DE ENSINO MEDIO 01 - GINÁSIO;323
5;191;1554;CENTRO DE ENSINO FUNDAMENTAL 07;308
5;192;1660;CENTRO DE ENSINO FUNDAMENTAL 08;322
5;193;1848;EDUCANDÁRIO - INSTITUTO VITÓRIA-RÉGIA;290
5;194;1066;CENTRO DE ENSINO MEDIO 01 - GINÁSIO;324
5;195;1058;ESCOLA CLASSE 15;294
5;196;1651;ESCOLA CLASSE 04;321
5;197;1473;CENTRO INTERESCOLAR DE LINGUAS -CIL;344
5;198;1856;CEI 02 - CENTRO DE EDUCAÇÃO INFANTIL 02;316
5;199;1848;EDUCANDÁRIO - INSTITUTO VITÓRIA-RÉGIA;277
5;200;1554;CENTRO DE ENSINO FUNDAMENTAL 07;315
5;201;1422;CENTRO DE ENSINO FUNDAMENTAL PROF CARLOS MOTA;340
5;202;1341;CENTRO EDUCACIONAL FERCAL;290
5;203;1554;CENTRO DE ENSINO FUNDAMENTAL 07;315
5;204;1660;CENTRO DE ENSINO FUNDAMENTAL 08;322
5;205;1490;ESCOLA CLASSE BOA VISTA;283
5;206;1350;ESCOLA CLASSE ENGENHO VELHO;330
5;207;1554;CENTRO DE ENSINO FUNDAMENTAL 07;317
5;208;1554;CENTRO DE ENSINO FUNDAMENTAL 07;304
5;209;1660;CENTRO DE ENSINO FUNDAMENTAL 08;324
5;210;1422;CENTRO DE ENSINO FUNDAMENTAL PROF CARLOS MOTA;343
5;211;1554;CENTRO DE ENSINO FUNDAMENTAL 07;313
5;212;1554;CENTRO DE ENSINO FUNDAMENTAL 07;311
5;213;1660;CENTRO DE ENSINO FUNDAMENTAL 08;325
5;214;1490;ESCOLA CLASSE BOA VISTA;281
5;215;1619;ESCOLA CLASSE 12;286
5;216;1406;ESCOLA CLASSE 13 AR 05;334
5;217;1554;CENTRO DE ENSINO FUNDAMENTAL 07;312
5;218;1660;CENTRO DE ENSINO FUNDAMENTAL 08;315
5;219;1660;CENTRO DE ENSINO FUNDAMENTAL 08;320
5;220;1520;ESCOLA CLASSE 14;302
5;221;1600;CENTRO DE EDUCAÇÃO INFANTIL 03;301
5;222;1511;CENTRO DE ENSINO SANTA RITA DE CASSIA;313
5;223;1635;ESCOLA CLASSE 10;289
5;224;1660;CENTRO DE ENSINO FUNDAMENTAL 08;317
5;225;1503;CENTRO EDUCACIONAL LA SALLE;273
5;226;1635;ESCOLA CLASSE 10;287
5;227;1473;CENTRO INTERESCOLAR DE LINGUAS -CIL;344
5;228;1538;CENTRO DE ENSINO MÉDIO 04;337
5;229;1643;INSTITUTO EDUCACIONAL SANTO ELIAS;349
5;231;1856;CEI 02 - CENTRO DE EDUCAÇÃO INFANTIL 02;318
5;232;1511;CENTRO DE ENSINO SANTA RITA DE CASSIA;311
5;233;1660;CENTRO DE ENSINO FUNDAMENTAL 08;319
5;234;1848;EDUCANDÁRIO - INSTITUTO VITÓRIA-RÉGIA;290
5;235;1074;CENTRO EDUCACIONAL 03 - CCM;347
5;237;1163;CENTRO DE ENSINO ESPECIAL Nº 01;294
5;238;1600;CENTRO DE EDUCAÇÃO INFANTIL 03;303
5;239;1406;ESCOLA CLASSE 13 AR 05;334
5;240;1538;CENTRO DE ENSINO MÉDIO 04;335
5;241;1660;CENTRO DE ENSINO FUNDAMENTAL 08;315
5;242;1660;CENTRO DE ENSINO FUNDAMENTAL 08;316
5;243;1660;CENTRO DE ENSINO FUNDAMENTAL 08;319
5;244;1651;ESCOLA CLASSE 04;317
5;245;1503;CENTRO EDUCACIONAL LA SALLE;277
5;247;1066;CENTRO DE ENSINO MEDIO 01 - GINÁSIO;322
5;248;1341;CENTRO EDUCACIONAL FERCAL;288
5;249;1511;CENTRO DE ENSINO SANTA RITA DE CASSIA;308
5;250;1422;CENTRO DE ENSINO FUNDAMENTAL PROF CARLOS MOTA;342
5;252;1619;ESCOLA CLASSE 12;292
5;253;1538;CENTRO DE ENSINO MÉDIO 04;331
5;254;1503;CENTRO EDUCACIONAL LA SALLE;277
5;255;1350;ESCOLA CLASSE ENGENHO VELHO;332
5;257;1074;CENTRO EDUCACIONAL 03 - CCM;344
5;258;1848;EDUCANDÁRIO - INSTITUTO VITÓRIA-RÉGIA;272
5;260;1511;CENTRO DE ENSINO SANTA RITA DE CASSIA;302
5;261;1600;CENTRO DE EDUCAÇÃO INFANTIL 03;301
5;263;1635;ESCOLA CLASSE 10;283
5;264;1643;INSTITUTO EDUCACIONAL SANTO ELIAS;355
5;266;1538;CENTRO DE ENSINO MÉDIO 04;332
5;267;1619;ESCOLA CLASSE 12;291
5;268;1503;CENTRO EDUCACIONAL LA SALLE;273
5;270;1520;ESCOLA CLASSE 14;302
5;271;1066;CENTRO DE ENSINO MEDIO 01 - GINÁSIO;319
5;273;1511;CENTRO DE ENSINO SANTA RITA DE CASSIA;310
5;275;1074;CENTRO EDUCACIONAL 03 - CCM;345
5;276;1856;CEI 02 - CENTRO DE EDUCAÇÃO INFANTIL 02;314
5;277;1600;CENTRO DE EDUCAÇÃO INFANTIL 03;305
5;278;1538;CENTRO DE ENSINO MÉDIO 04;330
5;280;1848;EDUCANDÁRIO - INSTITUTO VITÓRIA-RÉGIA;273
5;282;1503;CENTRO EDUCACIONAL LA SALLE;274
5;283;1422;CENTRO DE ENSINO FUNDAMENTAL PROF CARLOS MOTA;339
5;285;1511;CENTRO DE ENSINO SANTA RITA DE CASSIA;310
5;286;1635;ESCOLA CLASSE 10;282
5;287;1538;CENTRO DE ENSINO MÉDIO 04;328
5;288;1600;CENTRO DE EDUCAÇÃO INFANTIL 03;299
5;289;1619;ESCOLA CLASSE 12;280
5;290;1503;CENTRO EDUCACIONAL LA SALLE;275
5;291;1139;CENTRO DE ENSINO MÉDIO 02;343
5;292;1686;ESCOLA CLASSE BASEVI;293
5;293;1848;EDUCANDÁRIO - INSTITUTO VITÓRIA-RÉGIA;276
5;294;1511;CENTRO DE ENSINO SANTA RITA DE CASSIA;312
5;295;1538;CENTRO DE ENSINO MÉDIO 04;335
5;296;1350;ESCOLA CLASSE ENGENHO VELHO;328
5;297;1082;CENTRO DE ENSINO FUNDAMENTAL 03;374
5;298;1503;CENTRO EDUCACIONAL LA SALLE;278
5;299;1600;CENTRO DE EDUCAÇÃO INFANTIL 03;300
5;300;1643;INSTITUTO EDUCACIONAL SANTO ELIAS;349
5;301;1520;ESCOLA CLASSE 14;300
5;302;1848;EDUCANDÁRIO - INSTITUTO VITÓRIA-RÉGIA;282
5;303;1694;ESCOLA CLASSE CORREGO DO ARROZAL;349
5;304;1619;ESCOLA CLASSE 12;291
5;305;1538;CENTRO DE ENSINO MÉDIO 04;330
5;306;1074;CENTRO EDUCACIONAL 03 - CCM;349
5;307;1635;ESCOLA CLASSE 10;287
5;308;1341;CENTRO EDUCACIONAL FERCAL;280
5;309;1066;CENTRO DE ENSINO MEDIO 01 - GINÁSIO;320
5;310;1660;CENTRO DE ENSINO FUNDAMENTAL 08;323
5;311;1503;CENTRO EDUCACIONAL LA SALLE;272
5;312;1716;ESCOLA CLASSE 16 DE SOBRADINHO - NOVA COLINA;344
5;313;1538;CENTRO DE ENSINO MÉDIO 04;331
5;314;1732;ESCOLA CLASSE 17 VILA RABELO;360
5;315;1848;EDUCANDÁRIO - INSTITUTO VITÓRIA-RÉGIA;276
5;316;1740;ESCOLA CLASSE RUA DO MATO;317
5;317;1600;CENTRO DE EDUCAÇÃO INFANTIL 03;301
5;318;1848;EDUCANDÁRIO - INSTITUTO VITÓRIA-RÉGIA;284
5;319;1619;ESCOLA CLASSE 12;282
5;320;1554;CENTRO DE ENSINO FUNDAMENTAL 07;314
5;321;1503;CENTRO EDUCACIONAL LA SALLE;270
5;322;1538;CENTRO DE ENSINO MÉDIO 04;329
5;323;1082;CENTRO DE ENSINO FUNDAMENTAL 03;361
5;324;1716;ESCOLA CLASSE 16 DE SOBRADINHO - NOVA COLINA;336
5;325;1074;CENTRO EDUCACIONAL 03 - CCM;351
5;326;1503;CENTRO EDUCACIONAL LA SALLE;274
5;327;1554;CENTRO DE ENSINO FUNDAMENTAL 07;311
5;328;1635;ESCOLA CLASSE 10;293
5;329;1538;CENTRO DE ENSINO MÉDIO 04;330
5;330;1520;ESCOLA CLASSE 14;303
5;331;1619;ESCOLA CLASSE 12;297
5;332;1643;INSTITUTO EDUCACIONAL SANTO ELIAS;347
5;333;1767;UNIPROJEÇÃO;361
5;334;1716;ESCOLA CLASSE 16 DE SOBRADINHO - NOVA COLINA;339
5;335;1503;CENTRO EDUCACIONAL LA SALLE;276
5;336;1775;CENTRO DE ENSINO FUNDAMENTAL 09 - ANTIGO COER;311
5;337;1686;ESCOLA CLASSE BASEVI;299
5;338;1538;CENTRO DE ENSINO MÉDIO 04;325
5;339;1732;ESCOLA CLASSE 17 VILA RABELO;367
5;340;1775;CENTRO DE ENSINO FUNDAMENTAL 09 - ANTIGO COER;309
5;341;1546;CENTRO DE EDUCAÇÃO INFANTIL 01;306
5;342;1503;CENTRO EDUCACIONAL LA SALLE;293
5;343;1767;UNIPROJEÇÃO;360
5;344;1538;CENTRO DE ENSINO MÉDIO 04;339
5;345;1775;CENTRO DE ENSINO FUNDAMENTAL 09 - ANTIGO COER;314
5;346;1716;ESCOLA CLASSE 16 DE SOBRADINHO - NOVA COLINA;343
5;347;1767;UNIPROJEÇÃO;355
5;348;1546;CENTRO DE EDUCAÇÃO INFANTIL 01;298
5;349;1503;CENTRO EDUCACIONAL LA SALLE;275
5;350;1775;CENTRO DE ENSINO FUNDAMENTAL 09 - ANTIGO COER;311
5;351;1538;CENTRO DE ENSINO MÉDIO 04;335
5;352;1627;ESCOLA CLASSE 11;304
5;353;1767;UNIPROJEÇÃO;361
5;354;1082;CENTRO DE ENSINO FUNDAMENTAL 03;380
5;355;1635;ESCOLA CLASSE 10;293
5;356;1503;CENTRO EDUCACIONAL LA SALLE;290
5;357;1520;ESCOLA CLASSE 14;308
5;358;1716;ESCOLA CLASSE 16 DE SOBRADINHO - NOVA COLINA;346
5;359;1732;ESCOLA CLASSE 17 VILA RABELO;360
5;360;1775;CENTRO DE ENSINO FUNDAMENTAL 09 - ANTIGO COER;311
5;361;1503;CENTRO EDUCACIONAL LA SALLE;291
5;362;1538;CENTRO DE ENSINO MÉDIO 04;329
5;363;1341;CENTRO EDUCACIONAL FERCAL;282
5;364;1546;CENTRO DE EDUCAÇÃO INFANTIL 01;313
5;365;1775;CENTRO DE ENSINO FUNDAMENTAL 09 - ANTIGO COER;312
5;366;1716;ESCOLA CLASSE 16 DE SOBRADINHO - NOVA COLINA;344
5;367;1546;CENTRO DE EDUCAÇÃO INFANTIL 01;302
5;368;1503;CENTRO EDUCACIONAL LA SALLE;273
5;369;1775;CENTRO DE ENSINO FUNDAMENTAL 09 - ANTIGO COER;308
5;370;1767;UNIPROJEÇÃO;361
5;371;1783;ESCOLA CLASSE 01;338
5;372;1520;ESCOLA CLASSE 14;305
5;373;1686;ESCOLA CLASSE BASEVI;272
5;374;1546;CENTRO DE EDUCAÇÃO INFANTIL 01;305
5;375;1821;CENTRO DE ENSINO FUNDAMENTAL QUEIMA LENÇOL;349
5;376;1716;ESCOLA CLASSE 16 DE SOBRADINHO - NOVA COLINA;342
5;377;1767;UNIPROJEÇÃO;351
5;378;1775;CENTRO DE ENSINO FUNDAMENTAL 09 - ANTIGO COER;312
5;379;1732;ESCOLA CLASSE 17 VILA RABELO;366
5;380;1546;CENTRO DE EDUCAÇÃO INFANTIL 01;295
5;381;1368;ESCOLA CLASSE SANTA HELENA;331
5;382;1643;INSTITUTO EDUCACIONAL SANTO ELIAS;350
5;383;1694;ESCOLA CLASSE CORREGO DO ARROZAL;345
5;384;1775;CENTRO DE ENSINO FUNDAMENTAL 09 - ANTIGO COER;309
5;385;1716;ESCOLA CLASSE 16 DE SOBRADINHO - NOVA COLINA;341
5;386;1783;ESCOLA CLASSE 01;334
5;387;1422;CENTRO DE ENSINO FUNDAMENTAL PROF CARLOS MOTA;341
5;388;1627;ESCOLA CLASSE 11;199
5;389;1627;ESCOLA CLASSE 11;292
5;390;1740;ESCOLA CLASSE RUA DO MATO;264
5;391;1490;ESCOLA CLASSE BOA VISTA;283
5;392;1732;ESCOLA CLASSE 17 VILA RABELO;362
5;393;1520;ESCOLA CLASSE 14;302
5;394;1775;CENTRO DE ENSINO FUNDAMENTAL 09 - ANTIGO COER;301
5;395;1716;ESCOLA CLASSE 16 DE SOBRADINHO - NOVA COLINA;341
5;396;1643;INSTITUTO EDUCACIONAL SANTO ELIAS;346
5;397;1511;CENTRO DE ENSINO SANTA RITA DE CASSIA;304
5;398;1597;ESCOLA CLASSE MORRO DO SANSAO;166
5;399;1740;ESCOLA CLASSE RUA DO MATO;230
5;400;1716;ESCOLA CLASSE 16 DE SOBRADINHO - NOVA COLINA;347
5;401;1686;ESCOLA CLASSE BASEVI;245
5;402;1074;CENTRO EDUCACIONAL 03 - CCM;359
5;403;1805;CENTRO DE EDUCAÇÃO NERY LACERDA - CENEL;332
5;404;1805;CENTRO DE EDUCAÇÃO NERY LACERDA - CENEL;330
5;405;1309;ESCOLA CLASSE CATINGUEIRO;163
5;406;1821;CENTRO DE ENSINO FUNDAMENTAL QUEIMA LENÇOL;341
5;407;1597;ESCOLA CLASSE MORRO DO SANSAO;162
5;408;1317;ESCOLA CLASSE CORREGO DO OURO;61
5;409;1783;ESCOLA CLASSE 01;328
5;410;1074;CENTRO EDUCACIONAL 03 - CCM;350
5;411;1686;ESCOLA CLASSE BASEVI;243
5;412;1511;CENTRO DE ENSINO SANTA RITA DE CASSIA;311
5;413;1732;ESCOLA CLASSE 17 VILA RABELO;363
5;414;1520;ESCOLA CLASSE 14;300
5;415;1368;ESCOLA CLASSE SANTA HELENA;332
5;416;1813;INSTITUTO PEDAGOGICO CRESCER;344
5;417;1805;CENTRO DE EDUCAÇÃO NERY LACERDA - CENEL;330
5;418;1856;CEI 02 - CENTRO DE EDUCAÇÃO INFANTIL 02;315
5;419;1821;CENTRO DE ENSINO FUNDAMENTAL QUEIMA LENÇOL;347
5;420;1490;ESCOLA CLASSE BOA VISTA;287
5;421;1813;INSTITUTO PEDAGOGICO CRESCER;344
5;422;1406;ESCOLA CLASSE 13 AR 05;335
5;423;1422;CENTRO DE ENSINO FUNDAMENTAL PROF CARLOS MOTA;343
5;424;1805;CENTRO DE EDUCAÇÃO NERY LACERDA - CENEL;331
5;425;1627;ESCOLA CLASSE 11;196
5;426;1619;ESCOLA CLASSE 12;291
5;427;1805;CENTRO DE EDUCAÇÃO NERY LACERDA - CENEL;330
5;428;1783;ESCOLA CLASSE 01;337
5;429;1767;UNIPROJEÇÃO;361
5;430;1074;CENTRO EDUCACIONAL 03 - CCM;348
5;431;1805;CENTRO DE EDUCAÇÃO NERY LACERDA - CENEL;333
5;432;1805;CENTRO DE EDUCAÇÃO NERY LACERDA - CENEL;327
5;433;1473;CENTRO INTERESCOLAR DE LINGUAS -CIL;343
5;434;1805;CENTRO DE EDUCAÇÃO NERY LACERDA - CENEL;329
5;435;1856;CEI 02 - CENTRO DE EDUCAÇÃO INFANTIL 02;317
5;436;1848;EDUCANDÁRIO - INSTITUTO VITÓRIA-RÉGIA;187
5;437;1856;CEI 02 - CENTRO DE EDUCAÇÃO INFANTIL 02;315
5;438;1805;CENTRO DE EDUCAÇÃO NERY LACERDA - CENEL;328
5;439;1473;CENTRO INTERESCOLAR DE LINGUAS -CIL;193
5;440;1732;ESCOLA CLASSE 17 VILA RABELO;106
5;441;1694;ESCOLA CLASSE CORREGO DO ARROZAL;63
5;442;1783;ESCOLA CLASSE 01;129
5;443;1767;UNIPROJEÇÃO;78
5;444;1813;INSTITUTO PEDAGOGICO CRESCER;18
5;445;1821;CENTRO DE ENSINO FUNDAMENTAL QUEIMA LENÇOL;8
6;1;1015;ESCOLA CLASSE PARANA;273
6;2;1015;ESCOLA CLASSE PARANA;248
6;3;1015;ESCOLA CLASSE PARANA;263
6;4;1015;ESCOLA CLASSE PARANA;264
6;5;1015;ESCOLA CLASSE PARANA;252
6;6;1015;ESCOLA CLASSE PARANA;245
6;7;1015;ESCOLA CLASSE PARANA;245
6;8;1015;ESCOLA CLASSE PARANA;251
6;9;1015;ESCOLA CLASSE PARANA;259
6;10;1015;ESCOLA CLASSE PARANA;250
6;11;1015;ESCOLA CLASSE PARANA;248
6;12;1554;CAIC ASSIS CHATEAUBRIAND;321
6;13;1554;CAIC ASSIS CHATEAUBRIAND;321
6;14;1554;CAIC ASSIS CHATEAUBRIAND;324
6;15;1554;CAIC ASSIS CHATEAUBRIAND;323
6;16;1554;CAIC ASSIS CHATEAUBRIAND;325
6;17;1554;CAIC ASSIS CHATEAUBRIAND;324
6;18;1554;CAIC ASSIS CHATEAUBRIAND;325
6;19;1554;CAIC ASSIS CHATEAUBRIAND;330
6;20;1554;CAIC ASSIS CHATEAUBRIAND;326
6;21;1554;CAIC ASSIS CHATEAUBRIAND;326
6;22;1031;CENTRO DE ENSINO FUNDAMENTAL 08 DE PLANALTINA;269
6;23;1031;CENTRO DE ENSINO FUNDAMENTAL 08 DE PLANALTINA;272
6;24;1031;CENTRO DE ENSINO FUNDAMENTAL 08 DE PLANALTINA;261
6;25;1031;CENTRO DE ENSINO FUNDAMENTAL 08 DE PLANALTINA;266
6;26;1031;CENTRO DE ENSINO FUNDAMENTAL 08 DE PLANALTINA;265
6;27;1139;CENTRO DE ENSINO MÉDIO 01;327
6;28;1139;CENTRO DE ENSINO MÉDIO 01;320
6;29;1139;CENTRO DE ENSINO MÉDIO 01;321
6;30;1139;CENTRO DE ENSINO MÉDIO 01;322
6;31;1139;CENTRO DE ENSINO MÉDIO 01;318
6;32;1139;CENTRO DE ENSINO MÉDIO 01;323
6;33;1139;CENTRO DE ENSINO MÉDIO 01;318
6;34;1139;CENTRO DE ENSINO MÉDIO 01;320
6;35;1139;CENTRO DE ENSINO MÉDIO 01;321
6;36;1139;CENTRO DE ENSINO MÉDIO 01;322
6;37;1058;ESCOLA CLASSE 06;301
6;38;1058;ESCOLA CLASSE 06;299
6;39;1058;ESCOLA CLASSE 06;297
6;40;1058;ESCOLA CLASSE 06;300
6;41;1058;ESCOLA CLASSE 06;296
6;42;1058;ESCOLA CLASSE 06;295
6;43;1058;ESCOLA CLASSE 06;299
6;44;1058;ESCOLA CLASSE 06;300
6;45;1058;ESCOLA CLASSE 06;301
6;46;1058;ESCOLA CLASSE 06;299
6;47;1058;ESCOLA CLASSE 06;298
6;48;1066;ESCOLA CLASSE 01;248
6;49;1066;ESCOLA CLASSE 01;249
6;50;1066;ESCOLA CLASSE 01;249
6;51;1066;ESCOLA CLASSE 01;248
6;52;1066;ESCOLA CLASSE 01;248
6;53;1066;ESCOLA CLASSE 01;249
6;54;1066;ESCOLA CLASSE 01;249
6;55;1066;ESCOLA CLASSE 01;244
6;56;1066;ESCOLA CLASSE 01;250
6;57;1066;ESCOLA CLASSE 01;248
6;58;1066;ESCOLA CLASSE 01;247
6;59;1074;ESCOLA CLASSE 05;327
6;60;1074;ESCOLA CLASSE 05;313
6;61;1074;ESCOLA CLASSE 05;313
6;62;1074;ESCOLA CLASSE 05;309
6;63;1082;CENTRO DE ENSINO FUNDAMENTAL 02;373
6;64;1082;CENTRO DE ENSINO FUNDAMENTAL 02;358
6;65;1082;CENTRO DE ENSINO FUNDAMENTAL 02;360
6;66;1082;CENTRO DE ENSINO FUNDAMENTAL 02;355
6;67;1082;CENTRO DE ENSINO FUNDAMENTAL 02;362
6;68;1082;CENTRO DE ENSINO FUNDAMENTAL 02;359
6;69;1082;CENTRO DE ENSINO FUNDAMENTAL 02;355
6;70;1082;CENTRO DE ENSINO FUNDAMENTAL 02;358
6;71;1082;CENTRO DE ENSINO FUNDAMENTAL 02;361
6;72;1325;CENTRO DE ENSINO MÉDIO 02;311
6;73;1325;CENTRO DE ENSINO MÉDIO 02;318
6;74;1325;CENTRO DE ENSINO MÉDIO 02;316
6;75;1082;CENTRO DE ENSINO FUNDAMENTAL 02;363
6;76;1082;CENTRO DE ENSINO FUNDAMENTAL 02;356
6;77;1082;CENTRO DE ENSINO FUNDAMENTAL 02;360
6;78;1082;CENTRO DE ENSINO FUNDAMENTAL 02;361
6;79;1120;CENTRO DE ENSINO FUNDAMENTAL 04 (CCMDF) ;338
6;80;1120;CENTRO DE ENSINO FUNDAMENTAL 04 (CCMDF) ;335
6;81;1120;CENTRO DE ENSINO FUNDAMENTAL 04 (CCMDF) ;334
6;82;1139;CENTRO DE ENSINO MÉDIO 01;321
6;83;1139;CENTRO DE ENSINO MÉDIO 01;323
6;84;1139;CENTRO DE ENSINO MÉDIO 01;322
6;85;1139;CENTRO DE ENSINO MÉDIO 01;318
6;86;1139;CENTRO DE ENSINO MÉDIO 01;323
6;87;1546;ESCOLA TÉCNICA DE SAÚDE DE PLANALTINA;258
6;88;1546;ESCOLA TÉCNICA DE SAÚDE DE PLANALTINA;255
6;89;1287;ESCOLA CLASSE ALTAMIR;335
6;90;1279;CENTRO DE ENSINO FUNDAMENTAL  SÃO JOSÉ;330
6;91;1171;ESCOLA CLASSE ETA 44;249
6;92;1570;CENTRO DE ENSINO FUNDAMENTAL ARAPOANGA;290
6;93;1279;CENTRO DE ENSINO FUNDAMENTAL  SÃO JOSÉ;332
6;94;1201;ESCOLA CLASSE  MESTRE D'ARMAS;296
6;95;1201;ESCOLA CLASSE  MESTRE D'ARMAS;288
6;96;1201;ESCOLA CLASSE  MESTRE D'ARMAS;287
6;97;1201;ESCOLA CLASSE  MESTRE D'ARMAS;283
6;98;1201;ESCOLA CLASSE  MESTRE D'ARMAS;286
6;99;1210;ESCOLA CLASSE MONJOLO;164
6;100;1228;CENTRO EDUCACIONAL TAQUARA;334
6;101;1228;CENTRO EDUCACIONAL TAQUARA;332
6;102;1210;ESCOLA CLASSE MONJOLO;252
6;103;1252;CENTRO DE ENSINO FUNDAMENTAL PIPIRIPAU II;314
6;104;1252;CENTRO DE ENSINO FUNDAMENTAL PIPIRIPAU II;315
6;105;1228;CENTRO EDUCACIONAL TAQUARA;339
6;107;1287;ESCOLA CLASSE ALTAMIR;344
6;108;1295;ESCOLA CLASSE SANTOS DUMONT;262
6;109;1325;CENTRO DE ENSINO MÉDIO 02;313
6;110;1074;ESCOLA CLASSE 05;311
6;111;1074;ESCOLA CLASSE 05;319
6;112;1074;ESCOLA CLASSE 05;312
6;113;1074;ESCOLA CLASSE 05;312
6;114;1074;ESCOLA CLASSE 05;320
6;115;1074;ESCOLA CLASSE 05;311
6;116;1066;ESCOLA CLASSE 01;259
6;117;1325;CENTRO DE ENSINO MÉDIO 02;317
6;118;1406;CENTRO DE ENSINO FUNDAMENTAL  03;265
6;119;1325;CENTRO DE ENSINO MÉDIO 02;320
6;120;1120;CENTRO DE ENSINO FUNDAMENTAL 04 (CCMDF) ;338
6;121;1406;CENTRO DE ENSINO FUNDAMENTAL  03;270
6;122;1325;CENTRO DE ENSINO MÉDIO 02;317
6;123;1325;CENTRO DE ENSINO MÉDIO 02;316
6;124;1406;CENTRO DE ENSINO FUNDAMENTAL  03;258
6;125;1325;CENTRO DE ENSINO MÉDIO 02;317
6;126;1562;CENTRO EDUCACIONAL ESTÂNCIA III - CCMDF;377
6;127;1406;CENTRO DE ENSINO FUNDAMENTAL  03;267
6;128;1520;CENTRO DE ENSINO FUNDAMENTAL NOSSA SENHORA DE FÁTIMA;380
6;129;1376;CENTRO EDUCACIONAL 03;285
6;130;1376;CENTRO EDUCACIONAL 03;272
6;131;1406;CENTRO DE ENSINO FUNDAMENTAL  03;264
6;132;1376;CENTRO EDUCACIONAL 03;284
6;133;1406;CENTRO DE ENSINO FUNDAMENTAL  03;264
6;134;1422;CENTRO DE ENSINO FUNDAMENTAL JK;370
6;136;1481;CENTRO EDUCACIONAL VARZEAS;316
6;138;1295;ESCOLA CLASSE SANTOS DUMONT;266
6;139;1481;CENTRO EDUCACIONAL VARZEAS;315
6;140;1481;CENTRO EDUCACIONAL VARZEAS;316
6;141;1490;CENTRO DE ENSINO FUNDAMENTAL RIO PRETO;316
6;142;1490;CENTRO DE ENSINO FUNDAMENTAL RIO PRETO;210
6;143;1376;CENTRO EDUCACIONAL 03;288
6;144;1520;CENTRO DE ENSINO FUNDAMENTAL NOSSA SENHORA DE FÁTIMA;377
6;146;1295;ESCOLA CLASSE SANTOS DUMONT;264
6;147;1201;ESCOLA CLASSE  MESTRE D'ARMAS;287
6;148;1520;CENTRO DE ENSINO FUNDAMENTAL NOSSA SENHORA DE FÁTIMA;381
6;149;1406;CENTRO DE ENSINO FUNDAMENTAL  03;267
6;150;1406;CENTRO DE ENSINO FUNDAMENTAL  03;267
6;151;1376;CENTRO EDUCACIONAL 03;278
6;152;1139;CENTRO DE ENSINO MÉDIO 01;316
6;153;1376;CENTRO EDUCACIONAL 03;281
6;154;1422;CENTRO DE ENSINO FUNDAMENTAL JK;369
6;156;1520;CENTRO DE ENSINO FUNDAMENTAL NOSSA SENHORA DE FÁTIMA;376
6;157;1295;ESCOLA CLASSE SANTOS DUMONT;268
6;158;1228;CENTRO EDUCACIONAL TAQUARA;335
6;159;1520;CENTRO DE ENSINO FUNDAMENTAL NOSSA SENHORA DE FÁTIMA;384
6;160;1120;CENTRO DE ENSINO FUNDAMENTAL 04 (CCMDF) ;337
6;161;1376;CENTRO EDUCACIONAL 03;278
6;162;1376;CENTRO EDUCACIONAL 03;279
6;163;1406;CENTRO DE ENSINO FUNDAMENTAL  03;269
6;164;1406;CENTRO DE ENSINO FUNDAMENTAL  03;263
6;165;1376;CENTRO EDUCACIONAL 03;279
6;166;1406;CENTRO DE ENSINO FUNDAMENTAL  03;262
6;167;1031;CENTRO DE ENSINO FUNDAMENTAL 08 DE PLANALTINA;268
6;168;1422;CENTRO DE ENSINO FUNDAMENTAL JK;365
6;170;1201;ESCOLA CLASSE  MESTRE D'ARMAS;289
6;172;1325;CENTRO DE ENSINO MÉDIO 02;314
6;173;1546;ESCOLA TÉCNICA DE SAÚDE DE PLANALTINA;257
6;174;1554;CAIC ASSIS CHATEAUBRIAND;329
6;176;1570;CENTRO DE ENSINO FUNDAMENTAL ARAPOANGA;281
6;177;1201;ESCOLA CLASSE  MESTRE D'ARMAS;287
6;178;1520;CENTRO DE ENSINO FUNDAMENTAL NOSSA SENHORA DE FÁTIMA;372
6;179;1295;ESCOLA CLASSE SANTOS DUMONT;1
6;180;1252;CENTRO DE ENSINO FUNDAMENTAL PIPIRIPAU II;316
6;181;1287;ESCOLA CLASSE ALTAMIR;336
6;183;1228;CENTRO EDUCACIONAL TAQUARA;337
6;185;1570;CENTRO DE ENSINO FUNDAMENTAL ARAPOANGA;273
6;186;1562;CENTRO EDUCACIONAL ESTÂNCIA III - CCMDF;383
6;187;1546;ESCOLA TÉCNICA DE SAÚDE DE PLANALTINA;1
6;188;1376;CENTRO EDUCACIONAL 03;278
6;189;1570;CENTRO DE ENSINO FUNDAMENTAL ARAPOANGA;270
6;190;1082;CENTRO DE ENSINO FUNDAMENTAL 02;359
6;191;1422;CENTRO DE ENSINO FUNDAMENTAL JK;368
6;194;1570;CENTRO DE ENSINO FUNDAMENTAL ARAPOANGA;279
6;195;1546;ESCOLA TÉCNICA DE SAÚDE DE PLANALTINA;259
6;196;1570;CENTRO DE ENSINO FUNDAMENTAL ARAPOANGA;261
6;197;1201;ESCOLA CLASSE  MESTRE D'ARMAS;286
6;198;1422;CENTRO DE ENSINO FUNDAMENTAL JK;365
6;199;1376;CENTRO EDUCACIONAL 03;280
6;200;1570;CENTRO DE ENSINO FUNDAMENTAL ARAPOANGA;263
6;201;1570;CENTRO DE ENSINO FUNDAMENTAL ARAPOANGA;263
6;203;1520;CENTRO DE ENSINO FUNDAMENTAL NOSSA SENHORA DE FÁTIMA;379
6;204;1406;CENTRO DE ENSINO FUNDAMENTAL  03;269
6;205;1570;CENTRO DE ENSINO FUNDAMENTAL ARAPOANGA;265
6;207;1546;ESCOLA TÉCNICA DE SAÚDE DE PLANALTINA;253
6;208;1031;CENTRO DE ENSINO FUNDAMENTAL 08 DE PLANALTINA;265
6;209;1201;ESCOLA CLASSE  MESTRE D'ARMAS;286
6;210;1325;CENTRO DE ENSINO MÉDIO 02;313
6;211;1570;CENTRO DE ENSINO FUNDAMENTAL ARAPOANGA;271
6;212;1376;CENTRO EDUCACIONAL 03;288
6;213;1422;CENTRO DE ENSINO FUNDAMENTAL JK;366
6;214;1570;CENTRO DE ENSINO FUNDAMENTAL ARAPOANGA;273
6;215;1660;ESCOLA CLASSE APRODARMAS;320
6;216;1619;ESCOLA CLASSE 09;253
6;218;1678;ESCOLA CLASSE ESTÂNCIA;303
6;219;1597;ESCOLA CLASSE 04;264
6;220;1635;CENTRO DE EDUCAÇÃO INFANTIL 02 - CEI02;359
6;221;1651;ESCOLA CLASSE 14;302
6;222;1643;ESCOLA CLASSE 13;358
6;223;1589;ESCOLA CLASSE 03;303
6;224;1937;CENTRO EDUCACIONAL DELTA;338
6;225;1716;CENTRO EDUCACIONAL STELLA DOS CHERUBINS GUIMARÃES TROIS;394
6;226;1813;CENTRO DE ENSINO FUNDAMENTAL 01;403
6;228;1600;ESCOLA CLASSE 07;382
6;229;1813;CENTRO DE ENSINO FUNDAMENTAL 01;406
6;230;1759;ESCOLA CLASSE VALE DO SOL;294
6;231;1813;CENTRO DE ENSINO FUNDAMENTAL 01;401
6;233;1694;ESCOLA CLASSE RAJADINHA;355
6;234;1651;ESCOLA CLASSE 14;307
6;235;1686;CENTRO EDUCACIONAL OSORIO BACCHIN;299
6;236;1856;CENTRO EDUCACIONAL VALE DO AMANHECER;383
6;239;1570;CENTRO DE ENSINO FUNDAMENTAL ARAPOANGA;269
6;241;1813;CENTRO DE ENSINO FUNDAMENTAL 01;403
6;242;1678;ESCOLA CLASSE ESTÂNCIA;290
6;243;1813;CENTRO DE ENSINO FUNDAMENTAL 01;397
6;244;1597;ESCOLA CLASSE 04;272
6;245;1678;ESCOLA CLASSE ESTÂNCIA;289
6;246;1589;ESCOLA CLASSE 03;296
6;247;1651;ESCOLA CLASSE 14;307
6;249;1635;CENTRO DE EDUCAÇÃO INFANTIL 02 - CEI02;360
6;250;1201;ESCOLA CLASSE  MESTRE D'ARMAS;291
6;251;1520;CENTRO DE ENSINO FUNDAMENTAL NOSSA SENHORA DE FÁTIMA;376
6;252;1570;CENTRO DE ENSINO FUNDAMENTAL ARAPOANGA;262
6;253;1120;CENTRO DE ENSINO FUNDAMENTAL 04 (CCMDF) ;340
6;254;1678;ESCOLA CLASSE ESTÂNCIA;297
6;255;1937;CENTRO EDUCACIONAL DELTA;340
6;256;1597;ESCOLA CLASSE 04;266
6;257;1813;CENTRO DE ENSINO FUNDAMENTAL 01;402
6;258;1864;CENTRO EDUCACIONAL POMPILIO MARQUES DE SOUZA;387
6;259;1856;CENTRO EDUCACIONAL VALE DO AMANHECER;384
6;260;1716;CENTRO EDUCACIONAL STELLA DOS CHERUBINS GUIMARÃES TROIS;395
6;261;1589;ESCOLA CLASSE 03;303
6;262;1597;ESCOLA CLASSE 04;268
6;263;1570;CENTRO DE ENSINO FUNDAMENTAL ARAPOANGA;265
6;264;1678;ESCOLA CLASSE ESTÂNCIA;298
6;265;1287;ESCOLA CLASSE ALTAMIR;341
6;268;1635;CENTRO DE EDUCAÇÃO INFANTIL 02 - CEI02;361
6;269;1643;ESCOLA CLASSE 13;352
6;270;1651;ESCOLA CLASSE 14;301
6;271;1651;ESCOLA CLASSE 14;310
6;274;1864;CENTRO EDUCACIONAL POMPILIO MARQUES DE SOUZA;391
6;275;1597;ESCOLA CLASSE 04;266
6;276;1678;ESCOLA CLASSE ESTÂNCIA;291
6;277;1589;ESCOLA CLASSE 03;300
6;278;1600;ESCOLA CLASSE 07;345
6;279;1937;CENTRO EDUCACIONAL DELTA;343
6;280;1716;CENTRO EDUCACIONAL STELLA DOS CHERUBINS GUIMARÃES TROIS;398
6;282;1759;ESCOLA CLASSE VALE DO SOL;293
6;283;1678;ESCOLA CLASSE ESTÂNCIA;297
6;285;1597;ESCOLA CLASSE 04;268
6;286;1856;CENTRO EDUCACIONAL VALE DO AMANHECER;382
6;287;1635;CENTRO DE EDUCAÇÃO INFANTIL 02 - CEI02;361
6;288;1864;CENTRO EDUCACIONAL POMPILIO MARQUES DE SOUZA;388
6;289;1651;ESCOLA CLASSE 14;311
6;291;1678;ESCOLA CLASSE ESTÂNCIA;294
6;292;1716;CENTRO EDUCACIONAL STELLA DOS CHERUBINS GUIMARÃES TROIS;400
6;293;1759;ESCOLA CLASSE VALE DO SOL;294
6;294;1619;ESCOLA CLASSE 09;258
6;295;1821;CENTRO DE ENSINO ESPECIAL 01;377
6;296;1589;ESCOLA CLASSE 03;300
6;297;1600;ESCOLA CLASSE 07;340
6;298;1597;ESCOLA CLASSE 04;270
6;300;1678;ESCOLA CLASSE ESTÂNCIA;294
6;301;1864;CENTRO EDUCACIONAL POMPILIO MARQUES DE SOUZA;384
6;302;1856;CENTRO EDUCACIONAL VALE DO AMANHECER;381
6;304;1937;CENTRO EDUCACIONAL DELTA;338
6;305;1120;CENTRO DE ENSINO FUNDAMENTAL 04 (CCMDF) ;334
6;306;1716;CENTRO EDUCACIONAL STELLA DOS CHERUBINS GUIMARÃES TROIS;394
6;307;1643;ESCOLA CLASSE 13;360
6;308;1597;ESCOLA CLASSE 04;265
6;309;1678;ESCOLA CLASSE ESTÂNCIA;301
6;310;1589;ESCOLA CLASSE 03;302
6;312;1635;CENTRO DE EDUCAÇÃO INFANTIL 02 - CEI02;359
6;313;1872;ESCOLA CLASSE 01 DO ARAPOANGA;346
6;314;1872;ESCOLA CLASSE 01 DO ARAPOANGA;344
6;315;1856;CENTRO EDUCACIONAL VALE DO AMANHECER;378
6;316;1864;CENTRO EDUCACIONAL POMPILIO MARQUES DE SOUZA;386
6;317;1880;ESCOLA CLASSE 16;371
6;318;1872;ESCOLA CLASSE 01 DO ARAPOANGA;344
6;319;1880;ESCOLA CLASSE 16;370
6;320;1937;CENTRO EDUCACIONAL DELTA;340
6;321;1589;ESCOLA CLASSE 03;303
6;322;1872;ESCOLA CLASSE 01 DO ARAPOANGA;342
6;324;1864;CENTRO EDUCACIONAL POMPILIO MARQUES DE SOUZA;388
6;325;1856;CENTRO EDUCACIONAL VALE DO AMANHECER;380
6;326;1880;ESCOLA CLASSE 16;375
6;327;1899;CENTRO EDUCACIONAL DONA AMÉRICA GUIMARÃES;396
6;328;1872;ESCOLA CLASSE 01 DO ARAPOANGA;343
6;329;1171;ESCOLA CLASSE ETA 44;245
6;330;1600;ESCOLA CLASSE 07;338
6;331;1635;CENTRO DE EDUCAÇÃO INFANTIL 02 - CEI02;360
6;333;1872;ESCOLA CLASSE 01 DO ARAPOANGA;346
6;334;1759;ESCOLA CLASSE VALE DO SOL;292
6;335;1880;ESCOLA CLASSE 16;369
6;336;1120;CENTRO DE ENSINO FUNDAMENTAL 04 (CCMDF) ;334
6;337;1872;ESCOLA CLASSE 01 DO ARAPOANGA;344
6;338;1864;CENTRO EDUCACIONAL POMPILIO MARQUES DE SOUZA;384
6;339;1856;CENTRO EDUCACIONAL VALE DO AMANHECER;385
6;340;1651;ESCOLA CLASSE 14;307
6;341;1716;CENTRO EDUCACIONAL STELLA DOS CHERUBINS GUIMARÃES TROIS;399
6;342;1589;ESCOLA CLASSE 03;295
6;343;1597;ESCOLA CLASSE 04;265
6;344;1880;ESCOLA CLASSE 16;377
6;345;1643;ESCOLA CLASSE 13;356
6;346;1678;ESCOLA CLASSE ESTÂNCIA;291
6;347;1600;ESCOLA CLASSE 07;359
6;348;1899;CENTRO EDUCACIONAL DONA AMÉRICA GUIMARÃES;382
6;349;1821;CENTRO DE ENSINO ESPECIAL 01;341
6;350;1872;ESCOLA CLASSE 01 DO ARAPOANGA;342
6;351;1686;CENTRO EDUCACIONAL OSORIO BACCHIN;298
6;352;1937;CENTRO EDUCACIONAL DELTA;337
6;353;1880;ESCOLA CLASSE 16;365
6;354;1872;ESCOLA CLASSE 01 DO ARAPOANGA;333
6;355;1910;ESCOLA CLASSE 15;344
6;356;1899;CENTRO EDUCACIONAL DONA AMÉRICA GUIMARÃES;381
6;357;1864;CENTRO EDUCACIONAL POMPILIO MARQUES DE SOUZA;386
6;358;1880;ESCOLA CLASSE 16;372
6;359;1635;CENTRO DE EDUCAÇÃO INFANTIL 02 - CEI02;361
6;360;1872;ESCOLA CLASSE 01 DO ARAPOANGA;344
6;361;1856;CENTRO EDUCACIONAL VALE DO AMANHECER;388
6;362;1880;ESCOLA CLASSE 16;370
6;363;1872;ESCOLA CLASSE 01 DO ARAPOANGA;343
6;364;1694;ESCOLA CLASSE RAJADINHA;352
6;365;1716;CENTRO EDUCACIONAL STELLA DOS CHERUBINS GUIMARÃES TROIS;398
6;366;1597;ESCOLA CLASSE 04;269
6;367;1899;CENTRO EDUCACIONAL DONA AMÉRICA GUIMARÃES;381
6;368;1651;ESCOLA CLASSE 14;310
6;369;1872;ESCOLA CLASSE 01 DO ARAPOANGA;344
6;370;1880;ESCOLA CLASSE 16;369
6;371;1619;ESCOLA CLASSE 09;260
6;372;1937;CENTRO EDUCACIONAL DELTA;337
6;373;1864;CENTRO EDUCACIONAL POMPILIO MARQUES DE SOUZA;383
6;374;1872;ESCOLA CLASSE 01 DO ARAPOANGA;348
6;375;1643;ESCOLA CLASSE 13;364
6;377;1880;ESCOLA CLASSE 16;373
6;378;1899;CENTRO EDUCACIONAL DONA AMÉRICA GUIMARÃES;383
6;379;1872;ESCOLA CLASSE 01 DO ARAPOANGA;347
6;380;1031;CENTRO DE ENSINO FUNDAMENTAL 08 DE PLANALTINA;274
6;381;1635;CENTRO DE EDUCAÇÃO INFANTIL 02 - CEI02;361
6;382;1651;ESCOLA CLASSE 14;311
6;383;1910;ESCOLA CLASSE 15;337
6;384;1716;CENTRO EDUCACIONAL STELLA DOS CHERUBINS GUIMARÃES TROIS;396
6;385;1929;CENTRO DE ENSINO FUNDAMENTAL 02 DO ARAPOANGA;353
6;386;1880;ESCOLA CLASSE 16;375
6;387;1899;CENTRO EDUCACIONAL DONA AMÉRICA GUIMARÃES;379
6;388;1589;ESCOLA CLASSE 03;306
6;389;1937;CENTRO EDUCACIONAL DELTA;347
6;390;1864;CENTRO EDUCACIONAL POMPILIO MARQUES DE SOUZA;388
6;391;1929;CENTRO DE ENSINO FUNDAMENTAL 02 DO ARAPOANGA;354
6;392;1880;ESCOLA CLASSE 16;374
6;393;1031;CENTRO DE ENSINO FUNDAMENTAL 08 DE PLANALTINA;288
6;394;1899;CENTRO EDUCACIONAL DONA AMÉRICA GUIMARÃES;384
6;395;1651;ESCOLA CLASSE 14;310
6;396;1910;ESCOLA CLASSE 15;337
6;397;1929;CENTRO DE ENSINO FUNDAMENTAL 02 DO ARAPOANGA;350
6;398;1643;ESCOLA CLASSE 13;362
6;399;1678;ESCOLA CLASSE ESTÂNCIA;297
6;400;1635;CENTRO DE EDUCAÇÃO INFANTIL 02 - CEI02;364
6;401;1856;CENTRO EDUCACIONAL VALE DO AMANHECER;378
6;402;1660;ESCOLA CLASSE APRODARMAS;318
6;403;1880;ESCOLA CLASSE 16;375
6;404;1929;CENTRO DE ENSINO FUNDAMENTAL 02 DO ARAPOANGA;351
6;405;1899;CENTRO EDUCACIONAL DONA AMÉRICA GUIMARÃES;387
6;406;1520;CENTRO DE ENSINO FUNDAMENTAL NOSSA SENHORA DE FÁTIMA;376
6;407;1716;CENTRO EDUCACIONAL STELLA DOS CHERUBINS GUIMARÃES TROIS;401
6;408;1910;ESCOLA CLASSE 15;338
6;409;1600;ESCOLA CLASSE 07;346
6;410;1031;CENTRO DE ENSINO FUNDAMENTAL 08 DE PLANALTINA;285
6;411;1864;CENTRO EDUCACIONAL POMPILIO MARQUES DE SOUZA;390
6;412;1929;CENTRO DE ENSINO FUNDAMENTAL 02 DO ARAPOANGA;351
6;413;1880;ESCOLA CLASSE 16;375
6;414;1899;CENTRO EDUCACIONAL DONA AMÉRICA GUIMARÃES;388
6;415;1651;ESCOLA CLASSE 14;312
6;416;1910;ESCOLA CLASSE 15;336
6;417;1929;CENTRO DE ENSINO FUNDAMENTAL 02 DO ARAPOANGA;353
6;418;1899;CENTRO EDUCACIONAL DONA AMÉRICA GUIMARÃES;388
6;419;1880;ESCOLA CLASSE 16;373
6;420;1937;CENTRO EDUCACIONAL DELTA;342
6;421;1031;CENTRO DE ENSINO FUNDAMENTAL 08 DE PLANALTINA;257
6;422;1422;CENTRO DE ENSINO FUNDAMENTAL JK;367
6;423;1635;CENTRO DE EDUCAÇÃO INFANTIL 02 - CEI02;363
6;424;1929;CENTRO DE ENSINO FUNDAMENTAL 02 DO ARAPOANGA;347
6;425;1910;ESCOLA CLASSE 15;339
6;426;1716;CENTRO EDUCACIONAL STELLA DOS CHERUBINS GUIMARÃES TROIS;396
6;427;1899;CENTRO EDUCACIONAL DONA AMÉRICA GUIMARÃES;387
6;428;1864;CENTRO EDUCACIONAL POMPILIO MARQUES DE SOUZA;387
6;429;1643;ESCOLA CLASSE 13;352
6;430;1910;ESCOLA CLASSE 15;339
6;431;1929;CENTRO DE ENSINO FUNDAMENTAL 02 DO ARAPOANGA;350
6;432;1759;ESCOLA CLASSE VALE DO SOL;295
6;433;1899;CENTRO EDUCACIONAL DONA AMÉRICA GUIMARÃES;380
6;434;1910;ESCOLA CLASSE 15;339
6;435;1619;ESCOLA CLASSE 09;258
6;436;1600;ESCOLA CLASSE 07;339
6;437;1910;ESCOLA CLASSE 15;338
6;438;1929;CENTRO DE ENSINO FUNDAMENTAL 02 DO ARAPOANGA;350
6;439;1864;CENTRO EDUCACIONAL POMPILIO MARQUES DE SOUZA;384
6;440;1856;CENTRO EDUCACIONAL VALE DO AMANHECER;370
6;441;1716;CENTRO EDUCACIONAL STELLA DOS CHERUBINS GUIMARÃES TROIS;390
6;442;1910;ESCOLA CLASSE 15;337
6;443;1694;ESCOLA CLASSE RAJADINHA;351
6;444;1899;CENTRO EDUCACIONAL DONA AMÉRICA GUIMARÃES;378
6;445;1910;ESCOLA CLASSE 15;338
6;446;1376;CENTRO EDUCACIONAL 03;285
6;447;1910;ESCOLA CLASSE 15;329
6;448;1910;ESCOLA CLASSE 15;332
6;449;1686;CENTRO EDUCACIONAL OSORIO BACCHIN;302
6;451;1287;ESCOLA CLASSE ALTAMIR;341
6;452;1422;CENTRO DE ENSINO FUNDAMENTAL JK;364
6;453;1899;CENTRO EDUCACIONAL DONA AMÉRICA GUIMARÃES;385
6;455;1562;CENTRO EDUCACIONAL ESTÂNCIA III - CCMDF;383
6;456;1562;CENTRO EDUCACIONAL ESTÂNCIA III - CCMDF;376
6;457;1899;CENTRO EDUCACIONAL DONA AMÉRICA GUIMARÃES;378
6;458;1562;CENTRO EDUCACIONAL ESTÂNCIA III - CCMDF;394
6;459;1899;CENTRO EDUCACIONAL DONA AMÉRICA GUIMARÃES;376
6;461;1562;CENTRO EDUCACIONAL ESTÂNCIA III - CCMDF;381
6;462;1899;CENTRO EDUCACIONAL DONA AMÉRICA GUIMARÃES;367
6;463;1562;CENTRO EDUCACIONAL ESTÂNCIA III - CCMDF;153
6;465;1716;CENTRO EDUCACIONAL STELLA DOS CHERUBINS GUIMARÃES TROIS;1
8;247;1325;ESCOLA CLASSE 06;277
8;248;1325;ESCOLA CLASSE 06;275
8;249;1325;ESCOLA CLASSE 06;269
8;250;1325;ESCOLA CLASSE 06;272
8;251;1325;ESCOLA CLASSE 06;271
8;252;1325;ESCOLA CLASSE 06;266
8;253;1325;ESCOLA CLASSE 06;275
8;254;1325;ESCOLA CLASSE 06;274
8;255;1325;ESCOLA CLASSE 06;274
8;256;1325;ESCOLA CLASSE 06;271
8;257;1325;ESCOLA CLASSE 06;273
8;258;1325;ESCOLA CLASSE 06;272
8;259;1325;ESCOLA CLASSE 06;268
8;260;1325;ESCOLA CLASSE 06;266
8;271;1341;CENTRO DE ENSINO 20;284
8;272;1341;CENTRO DE ENSINO 20;285
8;273;1341;CENTRO DE ENSINO 20;287
8;274;1341;CENTRO DE ENSINO 20;293
8;275;1341;CENTRO DE ENSINO 20;291
8;276;1341;CENTRO DE ENSINO 20;285
8;277;1341;CENTRO DE ENSINO 20;292
8;278;1341;CENTRO DE ENSINO 20;291
8;279;1341;CENTRO DE ENSINO 20;291
8;280;1341;CENTRO DE ENSINO 20;294
8;281;1350;ESCOLA CLASSE 27;304
8;282;1350;ESCOLA CLASSE 27;318
8;283;1350;ESCOLA CLASSE 27;311
8;284;1350;ESCOLA CLASSE 27;310
8;285;1350;ESCOLA CLASSE 27;308
8;319;1341;CENTRO DE ENSINO 20;292
8;320;1341;CENTRO DE ENSINO 20;288
8;321;1341;CENTRO DE ENSINO 20;292
8;322;1341;CENTRO DE ENSINO 20;291
8;323;1341;CENTRO DE ENSINO 20;291
8;324;1406;ESCOLA CLASSE 07 ( CEF 35 );268
8;325;1406;ESCOLA CLASSE 07 ( CEF 35 );266
8;326;1406;ESCOLA CLASSE 07 ( CEF 35 );267
8;327;1406;ESCOLA CLASSE 07 ( CEF 35 );266
8;328;1406;ESCOLA CLASSE 07 ( CEF 35 );273
8;329;1406;ESCOLA CLASSE 07 ( CEF 35 );267
8;330;1406;ESCOLA CLASSE 07 ( CEF 35 );265
8;331;1406;ESCOLA CLASSE 07 ( CEF 35 );262
8;332;1406;ESCOLA CLASSE 07 ( CEF 35 );263
8;333;1406;ESCOLA CLASSE 07 ( CEF 35 );271
8;334;1406;ESCOLA CLASSE 07 ( CEF 35 );273
8;335;1406;ESCOLA CLASSE 07 ( CEF 35 );268
8;336;1406;ESCOLA CLASSE 07 ( CEF 35 );269
8;337;1406;ESCOLA CLASSE 07 ( CEF 35 );265
8;338;1406;ESCOLA CLASSE 07 ( CEF 35 );267
8;339;1848;INSTITUTO DE ENSINO SUPERIOR DE BRASÍLIA-IESB;189
8;341;1848;INSTITUTO DE ENSINO SUPERIOR DE BRASÍLIA-IESB;189
8;343;1848;INSTITUTO DE ENSINO SUPERIOR DE BRASÍLIA-IESB;190
8;345;1848;INSTITUTO DE ENSINO SUPERIOR DE BRASÍLIA-IESB;198
8;347;1848;INSTITUTO DE ENSINO SUPERIOR DE BRASÍLIA-IESB;189
8;349;1422;ESCOLA CLASSE 08;294
8;350;1422;ESCOLA CLASSE 08;290
8;351;1422;ESCOLA CLASSE 08;293
8;352;1422;ESCOLA CLASSE 08;293
8;353;1422;ESCOLA CLASSE 08;295
8;354;1422;ESCOLA CLASSE 08;286
8;355;1422;ESCOLA CLASSE 08;290
8;356;1422;ESCOLA CLASSE 08;283
8;357;1422;ESCOLA CLASSE 08;293
8;358;1422;ESCOLA CLASSE 08;288
8;359;1430;ESCOLA CLASSE 28;228
8;360;1430;ESCOLA CLASSE 28;225
8;361;1430;ESCOLA CLASSE 28;231
8;362;1430;ESCOLA CLASSE 28;234
8;363;1430;ESCOLA CLASSE 28;232
8;364;1430;ESCOLA CLASSE 28;228
8;365;1848;INSTITUTO DE ENSINO SUPERIOR DE BRASÍLIA-IESB;198
8;367;1848;INSTITUTO DE ENSINO SUPERIOR DE BRASÍLIA-IESB;197
8;369;1848;INSTITUTO DE ENSINO SUPERIOR DE BRASÍLIA-IESB;194
8;371;1848;INSTITUTO DE ENSINO SUPERIOR DE BRASÍLIA-IESB;185
8;373;1848;INSTITUTO DE ENSINO SUPERIOR DE BRASÍLIA-IESB;193
8;375;1848;INSTITUTO DE ENSINO SUPERIOR DE BRASÍLIA-IESB;198
8;377;1848;INSTITUTO DE ENSINO SUPERIOR DE BRASÍLIA-IESB;199
8;379;1848;INSTITUTO DE ENSINO SUPERIOR DE BRASÍLIA-IESB;195
8;381;1848;INSTITUTO DE ENSINO SUPERIOR DE BRASÍLIA-IESB;191
8;383;1465;CENTRO DE ENSINO MARIA DO ROSARIO G.SILVA;258
8;384;1465;CENTRO DE ENSINO MARIA DO ROSARIO G.SILVA;262
8;385;1465;CENTRO DE ENSINO MARIA DO ROSARIO G.SILVA;258
8;386;1465;CENTRO DE ENSINO MARIA DO ROSARIO G.SILVA;264
8;387;1465;CENTRO DE ENSINO MARIA DO ROSARIO G.SILVA;266
8;388;1465;CENTRO DE ENSINO MARIA DO ROSARIO G.SILVA;255
8;389;1465;CENTRO DE ENSINO MARIA DO ROSARIO G.SILVA;263
8;390;1465;CENTRO DE ENSINO MARIA DO ROSARIO G.SILVA;257
8;391;1465;CENTRO DE ENSINO MARIA DO ROSARIO G.SILVA;265
8;392;1473;CENTRO DE ENSINO 10;369
8;393;1473;CENTRO DE ENSINO 10;364
8;394;1473;CENTRO DE ENSINO 10;371
8;395;1473;CENTRO DE ENSINO 10;372
8;396;1473;CENTRO DE ENSINO 10;371
8;397;1473;CENTRO DE ENSINO 10;374
8;398;1473;CENTRO DE ENSINO 10;367
8;399;1473;CENTRO DE ENSINO 10;374
8;400;1473;CENTRO DE ENSINO 10;375
8;402;1490;CENTRO DE ENSINO 23-(CENTRO EDUCACIONAL 11);294
8;403;1490;CENTRO DE ENSINO 23-(CENTRO EDUCACIONAL 11);291
8;404;1490;CENTRO DE ENSINO 23-(CENTRO EDUCACIONAL 11);289
8;405;1490;CENTRO DE ENSINO 23-(CENTRO EDUCACIONAL 11);294
8;406;1490;CENTRO DE ENSINO 23-(CENTRO EDUCACIONAL 11);291
8;407;1490;CENTRO DE ENSINO 23-(CENTRO EDUCACIONAL 11);293
8;408;1490;CENTRO DE ENSINO 23-(CENTRO EDUCACIONAL 11);296
8;409;1490;CENTRO DE ENSINO 23-(CENTRO EDUCACIONAL 11);283
8;410;1490;CENTRO DE ENSINO 23-(CENTRO EDUCACIONAL 11);292
8;569;1490;CENTRO DE ENSINO 23-(CENTRO EDUCACIONAL 11);286
8;587;1325;ESCOLA CLASSE 06;275
8;588;1848;INSTITUTO DE ENSINO SUPERIOR DE BRASÍLIA-IESB;291
8;590;1341;CENTRO DE ENSINO 20;287
8;606;1490;CENTRO DE ENSINO 23-(CENTRO EDUCACIONAL 11);296
8;608;1465;CENTRO DE ENSINO MARIA DO ROSARIO G.SILVA;258
8;609;1716;ESCOLA CLASSE 26;311
8;610;1708;ESCOLA CLASSE 29;286
8;613;1740;ESCOLA CLASSE 10;358
8;614;1465;CENTRO DE ENSINO MARIA DO ROSARIO G.SILVA;258
8;615;1759;ESCOLA CLASSE 11;282
8;617;1325;ESCOLA CLASSE 06;272
8;618;1430;ESCOLA CLASSE 28;228
8;619;1422;ESCOLA CLASSE 08;285
8;620;1473;CENTRO DE ENSINO 10;359
8;621;1341;CENTRO DE ENSINO 20;285
8;622;1406;ESCOLA CLASSE 07 ( CEF 35 );268
8;623;1350;ESCOLA CLASSE 27;310
8;625;1740;ESCOLA CLASSE 10;362
8;626;1465;CENTRO DE ENSINO MARIA DO ROSARIO G.SILVA;255
8;627;1490;CENTRO DE ENSINO 23-(CENTRO EDUCACIONAL 11);295
8;629;1708;ESCOLA CLASSE 29;297
8;630;1708;ESCOLA CLASSE 29;294
8;631;1708;ESCOLA CLASSE 29;291
8;632;1759;ESCOLA CLASSE 11;285
8;633;1341;CENTRO DE ENSINO 20;289
8;635;1325;ESCOLA CLASSE 06;270
8;636;1406;ESCOLA CLASSE 07 ( CEF 35 );263
8;637;1473;CENTRO DE ENSINO 10;370
8;638;1422;ESCOLA CLASSE 08;285
8;640;1430;ESCOLA CLASSE 28;223
8;641;1490;CENTRO DE ENSINO 23-(CENTRO EDUCACIONAL 11);291
8;642;1740;ESCOLA CLASSE 10;367
8;643;1406;ESCOLA CLASSE 07 ( CEF 35 );266
8;646;1473;CENTRO DE ENSINO 10;364
8;647;1465;CENTRO DE ENSINO MARIA DO ROSARIO G.SILVA;263
8;648;1716;ESCOLA CLASSE 26;308
8;649;1325;ESCOLA CLASSE 06;263
8;650;1422;ESCOLA CLASSE 08;283
8;651;1708;ESCOLA CLASSE 29;287
8;652;1350;ESCOLA CLASSE 27;306
8;654;1791;CENTRO EDUCACIONAL 05-(CEF 25);379
8;655;1791;CENTRO EDUCACIONAL 05-(CEF 25);375
8;656;1791;CENTRO EDUCACIONAL 05-(CEF 25);377
8;657;1791;CENTRO EDUCACIONAL 05-(CEF 25);377
8;658;1791;CENTRO EDUCACIONAL 05-(CEF 25);379
8;659;1791;CENTRO EDUCACIONAL 05-(CEF 25);376
8;660;1791;CENTRO EDUCACIONAL 05-(CEF 25);377
8;661;1791;CENTRO EDUCACIONAL 05-(CEF 25);376
8;662;1791;CENTRO EDUCACIONAL 05-(CEF 25);373
8;663;1791;CENTRO EDUCACIONAL 05-(CEF 25);373
8;664;1791;CENTRO EDUCACIONAL 05-(CEF 25);379
8;665;1791;CENTRO EDUCACIONAL 05-(CEF 25);374
8;666;1791;CENTRO EDUCACIONAL 05-(CEF 25);377
8;667;1805;ESCOLA CLASSE 39;286
8;668;1805;ESCOLA CLASSE 39;289
8;669;1805;ESCOLA CLASSE 39;285
8;670;1805;ESCOLA CLASSE 39;288
8;671;1805;ESCOLA CLASSE 39;289
8;672;1805;ESCOLA CLASSE 39;287
8;673;1805;ESCOLA CLASSE 39;285
8;674;1805;ESCOLA CLASSE 39;289
8;675;1805;ESCOLA CLASSE 39;289
8;676;1805;ESCOLA CLASSE 39;282
8;677;1805;ESCOLA CLASSE 39;288
8;678;1805;ESCOLA CLASSE 39;285
8;679;1813;ESCOLA CLASSE 35;376
8;680;1813;ESCOLA CLASSE 35;376
8;681;1813;ESCOLA CLASSE 35;376
8;682;1813;ESCOLA CLASSE 35;367
8;683;1813;ESCOLA CLASSE 35;379
8;684;1813;ESCOLA CLASSE 35;373
8;685;1813;ESCOLA CLASSE 35;377
8;686;1813;ESCOLA CLASSE 35;374
8;687;1813;ESCOLA CLASSE 35;374
8;688;1813;ESCOLA CLASSE 35;374
8;689;1813;ESCOLA CLASSE 35;376
8;690;1813;ESCOLA CLASSE 35;380
8;691;1813;ESCOLA CLASSE 35;372
8;692;1821;ESCOLA CLASSE 40;299
8;693;1821;ESCOLA CLASSE 40;297
8;694;1821;ESCOLA CLASSE 40;298
8;695;1821;ESCOLA CLASSE 40;303
8;696;1821;ESCOLA CLASSE 40;301
8;697;1821;ESCOLA CLASSE 40;299
8;698;1821;ESCOLA CLASSE 40;300
8;699;1821;ESCOLA CLASSE 40;300
8;700;1490;CENTRO DE ENSINO 23-(CENTRO EDUCACIONAL 11);284
8;701;1805;ESCOLA CLASSE 39;284
8;702;1430;ESCOLA CLASSE 28;228
8;703;1465;CENTRO DE ENSINO MARIA DO ROSARIO G.SILVA;263
8;704;1473;CENTRO DE ENSINO 10;369
8;705;1759;ESCOLA CLASSE 11;284
8;706;1821;ESCOLA CLASSE 40;304
8;707;1791;CENTRO EDUCACIONAL 05-(CEF 25);375
8;708;1490;CENTRO DE ENSINO 23-(CENTRO EDUCACIONAL 11);292
8;709;1708;ESCOLA CLASSE 29;301
8;710;1740;ESCOLA CLASSE 10;364
8;711;1422;ESCOLA CLASSE 08;286
8;712;1830;ESCOLA CLASSE 36;378
8;713;1805;ESCOLA CLASSE 39;287
8;714;1830;ESCOLA CLASSE 36;378
8;715;1473;CENTRO DE ENSINO 10;369
8;716;1830;ESCOLA CLASSE 36;375
8;717;1708;ESCOLA CLASSE 29;285
8;718;1341;CENTRO DE ENSINO 20;282
8;719;1805;ESCOLA CLASSE 39;277
8;720;1830;ESCOLA CLASSE 36;374
8;721;1830;ESCOLA CLASSE 36;372
8;722;1740;ESCOLA CLASSE 10;365
8;723;1830;ESCOLA CLASSE 36;381
8;724;1350;ESCOLA CLASSE 27;314
8;725;1708;ESCOLA CLASSE 29;297
8;726;1830;ESCOLA CLASSE 36;376
8;727;1716;ESCOLA CLASSE 26;318
8;728;1759;ESCOLA CLASSE 11;288
8;729;1740;ESCOLA CLASSE 10;369
8;730;1821;ESCOLA CLASSE 40;303
8;731;1759;ESCOLA CLASSE 11;292
8;732;1490;CENTRO DE ENSINO 23-(CENTRO EDUCACIONAL 11);292
8;733;1830;ESCOLA CLASSE 36;381
8;734;1740;ESCOLA CLASSE 10;369
8;735;1716;ESCOLA CLASSE 26;316
8;736;1821;ESCOLA CLASSE 40;298
8;737;1821;ESCOLA CLASSE 40;301
8;738;1740;ESCOLA CLASSE 10;362
8;739;1830;ESCOLA CLASSE 36;376
8;740;1759;ESCOLA CLASSE 11;280
8;741;1821;ESCOLA CLASSE 40;298
8;742;1708;ESCOLA CLASSE 29;296
8;743;1830;ESCOLA CLASSE 36;376
8;744;1740;ESCOLA CLASSE 10;358
8;745;1350;ESCOLA CLASSE 27;307
8;746;1457;CENTRO EDUCACIONAL 07;318
8;747;1813;ESCOLA CLASSE 35;373
8;748;1457;CENTRO EDUCACIONAL 07;333
8;749;1791;CENTRO EDUCACIONAL 05-(CEF 25);374
8;750;1716;ESCOLA CLASSE 26;316
8;751;1856;CENTRO DE ENSINO MEDIO 03;337
8;752;1856;CENTRO DE ENSINO MEDIO 03;338
8;753;1856;CENTRO DE ENSINO MEDIO 03;336
8;754;1856;CENTRO DE ENSINO MEDIO 03;340
8;755;1856;CENTRO DE ENSINO MEDIO 03;334
8;756;1856;CENTRO DE ENSINO MEDIO 03;339
8;757;1856;CENTRO DE ENSINO MEDIO 03;338
8;758;1856;CENTRO DE ENSINO MEDIO 03;341
8;759;1856;CENTRO DE ENSINO MEDIO 03;338
8;760;1856;CENTRO DE ENSINO MEDIO 03;332
8;761;1856;CENTRO DE ENSINO MEDIO 03;343
8;762;1856;CENTRO DE ENSINO MEDIO 03;339
8;763;1856;CENTRO DE ENSINO MEDIO 03;332
8;764;1856;CENTRO DE ENSINO MEDIO 03;339
8;765;1864;ESCOLA CLASSE 02;283
8;766;1864;ESCOLA CLASSE 02;281
8;767;1864;ESCOLA CLASSE 02;286
8;768;1864;ESCOLA CLASSE 02;287
8;769;1864;ESCOLA CLASSE 02;285
8;770;1864;ESCOLA CLASSE 02;285
8;771;1864;ESCOLA CLASSE 02;292
8;772;1864;ESCOLA CLASSE 02;281
8;773;1864;ESCOLA CLASSE 02;279
8;774;1864;ESCOLA CLASSE 02;286
8;775;1864;ESCOLA CLASSE 02;284
8;776;1872;ESCOLA CLASSE 20;327
8;777;1872;ESCOLA CLASSE 20;328
8;778;1872;ESCOLA CLASSE 20;327
8;779;1872;ESCOLA CLASSE 20;327
8;780;1872;ESCOLA CLASSE 20;333
8;781;1872;ESCOLA CLASSE 20;331
8;782;1872;ESCOLA CLASSE 20;328
8;783;1872;ESCOLA CLASSE 20;325
8;784;1872;ESCOLA CLASSE 20;324
8;785;1872;ESCOLA CLASSE 20;329
8;786;1880;ESCOLA CLASSE 01;341
8;787;1880;ESCOLA CLASSE 01;342
8;788;1880;ESCOLA CLASSE 01;335
8;789;1880;ESCOLA CLASSE 01;338
8;790;1880;ESCOLA CLASSE 01;340
8;791;1880;ESCOLA CLASSE 01;337
8;792;1880;ESCOLA CLASSE 01;337
8;793;1880;ESCOLA CLASSE 01;342
8;794;1899;CENTRO DE ENSINO FUNDAMENTAL 02;237
8;795;1899;CENTRO DE ENSINO FUNDAMENTAL 02;238
8;796;1899;CENTRO DE ENSINO FUNDAMENTAL 02;246
8;797;1899;CENTRO DE ENSINO FUNDAMENTAL 02;240
8;798;1899;CENTRO DE ENSINO FUNDAMENTAL 02;235
8;799;1899;CENTRO DE ENSINO FUNDAMENTAL 02;240
8;800;1899;CENTRO DE ENSINO FUNDAMENTAL 02;238
8;801;1899;CENTRO DE ENSINO FUNDAMENTAL 02;238
8;802;1899;CENTRO DE ENSINO FUNDAMENTAL 02;239
8;803;1899;CENTRO DE ENSINO FUNDAMENTAL 02;240
8;804;1899;CENTRO DE ENSINO FUNDAMENTAL 02;241
8;805;1899;CENTRO DE ENSINO FUNDAMENTAL 02;242
8;806;1899;CENTRO DE ENSINO FUNDAMENTAL 02;242
8;807;1902;ESCOLA CLASSE 19;183
8;808;1902;ESCOLA CLASSE 19;186
8;809;1902;ESCOLA CLASSE 19;185
8;810;1902;ESCOLA CLASSE 19;184
8;811;1902;ESCOLA CLASSE 19;185
8;812;1902;ESCOLA CLASSE 19;188
8;813;1910;ESCOLA NORMAL DE CEILANDIA;292
8;814;1910;ESCOLA NORMAL DE CEILANDIA;297
8;815;1910;ESCOLA NORMAL DE CEILANDIA;299
8;816;1910;ESCOLA NORMAL DE CEILANDIA;300
8;817;1910;ESCOLA NORMAL DE CEILANDIA;294
8;818;1910;ESCOLA NORMAL DE CEILANDIA;295
8;819;1910;ESCOLA NORMAL DE CEILANDIA;291
8;820;1910;ESCOLA NORMAL DE CEILANDIA;298
8;821;1910;ESCOLA NORMAL DE CEILANDIA;293
8;822;1929;ESCOLA CLASSE 12;270
8;823;1929;ESCOLA CLASSE 12;280
8;824;1929;ESCOLA CLASSE 12;285
8;825;1929;ESCOLA CLASSE 12;281
8;826;1929;ESCOLA CLASSE 12;282
8;827;1929;ESCOLA CLASSE 12;284
8;828;1929;ESCOLA CLASSE 12;286
8;829;1929;ESCOLA CLASSE 12;286
8;830;1937;ESCOLA CLASSE 18;225
8;832;1937;ESCOLA CLASSE 18;226
8;834;1937;ESCOLA CLASSE 18;226
8;836;1937;ESCOLA CLASSE 18;227
8;838;1937;ESCOLA CLASSE 18;224
8;840;1945;CENTRO EDUCACIONAL 02;241
8;842;1945;CENTRO EDUCACIONAL 02;232
8;844;1945;CENTRO EDUCACIONAL 02;235
8;846;1945;CENTRO EDUCACIONAL 02;242
8;848;1945;CENTRO EDUCACIONAL 02;238
8;850;1945;CENTRO EDUCACIONAL 02;242
8;852;1945;CENTRO EDUCACIONAL 02;243
8;854;1945;CENTRO EDUCACIONAL 02;238
8;856;1945;CENTRO EDUCACIONAL 02;247
8;858;1945;CENTRO EDUCACIONAL 02;243
8;860;1945;CENTRO EDUCACIONAL 02;240
8;862;1953;ESCOLA CLASSE 13;322
8;863;1953;ESCOLA CLASSE 13;315
8;864;1953;ESCOLA CLASSE 13;320
8;865;1953;ESCOLA CLASSE 13;322
8;866;1953;ESCOLA CLASSE 13;320
8;867;1953;ESCOLA CLASSE 13;313
8;868;1961;ESCOLA CLASSE 15;359
8;869;1961;ESCOLA CLASSE 15;361
8;870;1961;ESCOLA CLASSE 15;365
8;871;1961;ESCOLA CLASSE 15;357
8;872;1961;ESCOLA CLASSE 15;357
8;873;1961;ESCOLA CLASSE 15;357
8;874;1961;ESCOLA CLASSE 15;358
8;875;1961;ESCOLA CLASSE 15;351
8;876;1961;ESCOLA CLASSE 15;361
8;877;1961;ESCOLA CLASSE 15;359
8;878;1961;ESCOLA CLASSE 15;365
8;879;1970;ESCOLA CLASSE 21;372
8;880;1970;ESCOLA CLASSE 21;367
8;881;1970;ESCOLA CLASSE 21;370
8;882;1970;ESCOLA CLASSE 21;369
8;883;1970;ESCOLA CLASSE 21;372
8;884;1970;ESCOLA CLASSE 21;370
8;885;1970;ESCOLA CLASSE 21;365
8;886;1970;ESCOLA CLASSE 21;372
8;887;1970;ESCOLA CLASSE 21;366
8;888;1970;ESCOLA CLASSE 21;365
8;889;1970;ESCOLA CLASSE 21;367
8;890;1970;ESCOLA CLASSE 21;361
8;891;1970;ESCOLA CLASSE 21;366
8;892;1988;CENTRO DE ENSINO 16;344
8;893;1988;CENTRO DE ENSINO 16;346
8;894;1988;CENTRO DE ENSINO 16;345
8;895;1988;CENTRO DE ENSINO 16;345
8;896;1988;CENTRO DE ENSINO 16;345
8;897;1988;CENTRO DE ENSINO 16;344
8;898;1988;CENTRO DE ENSINO 16;346
8;899;1988;CENTRO DE ENSINO 16;345
8;900;1988;CENTRO DE ENSINO 16;342
8;901;1988;CENTRO DE ENSINO 16;345
8;902;1988;CENTRO DE ENSINO 16;342
8;903;1988;CENTRO DE ENSINO 16;345
8;904;1988;CENTRO DE ENSINO 16;338
8;905;1988;CENTRO DE ENSINO 16;341
8;906;1996;ESCOLA CLASSE 22;330
8;907;1996;ESCOLA CLASSE 22;328
8;908;1996;ESCOLA CLASSE 22;328
8;909;1996;ESCOLA CLASSE 22;325
8;910;1996;ESCOLA CLASSE 22;332
8;911;1996;ESCOLA CLASSE 22;331
8;912;1996;ESCOLA CLASSE 22;325
8;913;1996;ESCOLA CLASSE 22;326
8;914;1996;ESCOLA CLASSE 22;326
8;915;1996;ESCOLA CLASSE 22;329
8;916;1996;ESCOLA CLASSE 22;328
8;917;2003;ESCOLA CLASSE 03;202
8;918;2003;ESCOLA CLASSE 03;201
8;919;2003;ESCOLA CLASSE 03;204
8;920;2003;ESCOLA CLASSE 03;204
8;921;2003;ESCOLA CLASSE 03;207
8;922;2003;ESCOLA CLASSE 03;205
8;923;2003;ESCOLA CLASSE 03;201
8;924;2003;ESCOLA CLASSE 03;206
8;925;2003;ESCOLA CLASSE 03;202
8;926;2003;ESCOLA CLASSE 03;201
8;927;2003;ESCOLA CLASSE 03;204
8;928;2003;ESCOLA CLASSE 03;198
8;929;2003;ESCOLA CLASSE 03;203
8;930;2003;ESCOLA CLASSE 03;203
8;931;2003;ESCOLA CLASSE 03;198
8;932;2003;ESCOLA CLASSE 03;205
8;933;2011;CENTRO DE ENSINO FUNDAMENTAL 07;308
8;934;2011;CENTRO DE ENSINO FUNDAMENTAL 07;320
8;935;2011;CENTRO DE ENSINO FUNDAMENTAL 07;314
8;936;2011;CENTRO DE ENSINO FUNDAMENTAL 07;320
8;937;2011;CENTRO DE ENSINO FUNDAMENTAL 07;318
8;938;2011;CENTRO DE ENSINO FUNDAMENTAL 07;320
8;939;2011;CENTRO DE ENSINO FUNDAMENTAL 07;318
8;940;2011;CENTRO DE ENSINO FUNDAMENTAL 07;314
8;941;2011;CENTRO DE ENSINO FUNDAMENTAL 07;315
8;942;2011;CENTRO DE ENSINO FUNDAMENTAL 07;317
8;943;2011;CENTRO DE ENSINO FUNDAMENTAL 07;317
8;944;2011;CENTRO DE ENSINO FUNDAMENTAL 07;314
8;945;2011;CENTRO DE ENSINO FUNDAMENTAL 07;316
8;946;2011;CENTRO DE ENSINO FUNDAMENTAL 07;319
8;947;2011;CENTRO DE ENSINO FUNDAMENTAL 07;309
8;948;2011;CENTRO DE ENSINO FUNDAMENTAL 07;322
8;949;2011;CENTRO DE ENSINO FUNDAMENTAL 07;315
8;950;2011;CENTRO DE ENSINO FUNDAMENTAL 07;314
8;951;2011;CENTRO DE ENSINO FUNDAMENTAL 07;321
8;952;2020;CENTRO DE ENSINO FUNDAMENTAL 04;321
8;953;2020;CENTRO DE ENSINO FUNDAMENTAL 04;323
8;954;2020;CENTRO DE ENSINO FUNDAMENTAL 04;326
8;955;2020;CENTRO DE ENSINO FUNDAMENTAL 04;322
8;956;2020;CENTRO DE ENSINO FUNDAMENTAL 04;323
8;957;2020;CENTRO DE ENSINO FUNDAMENTAL 04;326
8;958;2020;CENTRO DE ENSINO FUNDAMENTAL 04;324
8;959;2020;CENTRO DE ENSINO FUNDAMENTAL 04;326
8;960;2020;CENTRO DE ENSINO FUNDAMENTAL 04;324
8;961;2020;CENTRO DE ENSINO FUNDAMENTAL 04;320
8;962;2020;CENTRO DE ENSINO FUNDAMENTAL 04;329
8;963;2020;CENTRO DE ENSINO FUNDAMENTAL 04;322
8;964;2020;CENTRO DE ENSINO FUNDAMENTAL 04;322
8;965;1708;ESCOLA CLASSE 29;294
8;966;1791;CENTRO EDUCACIONAL 05-(CEF 25);373
8;967;1791;CENTRO EDUCACIONAL 05-(CEF 25);380
8;968;1813;ESCOLA CLASSE 35;380
8;969;1457;CENTRO EDUCACIONAL 07;324
8;970;1759;ESCOLA CLASSE 11;285
8;971;1791;CENTRO EDUCACIONAL 05-(CEF 25);374
8;972;1813;ESCOLA CLASSE 35;375
8;973;1791;CENTRO EDUCACIONAL 05-(CEF 25);372
8;974;1791;CENTRO EDUCACIONAL 05-(CEF 25);378
8;975;1457;CENTRO EDUCACIONAL 07;322
8;976;1457;CENTRO EDUCACIONAL 07;152
9;1;1015;ESCOLA CLASSE 1 - 9ª ZE - BRASÍLIA;313
9;2;1015;ESCOLA CLASSE 1 - 9ª ZE - BRASÍLIA;311
9;3;1015;ESCOLA CLASSE 1 - 9ª ZE - BRASÍLIA;310
9;4;1015;ESCOLA CLASSE 1 - 9ª ZE - BRASÍLIA;312
9;5;1015;ESCOLA CLASSE 1 - 9ª ZE - BRASÍLIA;311
9;6;1015;ESCOLA CLASSE 1 - 9ª ZE - BRASÍLIA;312
9;7;1015;ESCOLA CLASSE 1 - 9ª ZE - BRASÍLIA;311
9;8;1015;ESCOLA CLASSE 1 - 9ª ZE - BRASÍLIA;312
9;9;1015;ESCOLA CLASSE 1 - 9ª ZE - BRASÍLIA;312
9;10;1015;ESCOLA CLASSE 1 - 9ª ZE - BRASÍLIA;306
9;11;1023;ESCOLA CLASSE 2;200
9;12;1023;ESCOLA CLASSE 2;202
9;13;1023;ESCOLA CLASSE 2;201
9;14;1023;ESCOLA CLASSE 2;201
9;15;1023;ESCOLA CLASSE 2;203
9;16;1023;ESCOLA CLASSE 2;204
9;17;1023;ESCOLA CLASSE 2;202
9;18;1023;ESCOLA CLASSE 2;200
9;19;1023;ESCOLA CLASSE 2;203
9;20;1023;ESCOLA CLASSE 2;201
9;21;1031;CENTRO DE ENSINO FUNDAMENTAL 1;353
9;22;1031;CENTRO DE ENSINO FUNDAMENTAL 1;353
9;23;1031;CENTRO DE ENSINO FUNDAMENTAL 1;353
9;24;1031;CENTRO DE ENSINO FUNDAMENTAL 1;352
9;25;1031;CENTRO DE ENSINO FUNDAMENTAL 1;356
9;26;1031;CENTRO DE ENSINO FUNDAMENTAL 1;356
9;27;1031;CENTRO DE ENSINO FUNDAMENTAL 1;359
9;28;1031;CENTRO DE ENSINO FUNDAMENTAL 1;357
9;29;1031;CENTRO DE ENSINO FUNDAMENTAL 1;353
9;30;1031;CENTRO DE ENSINO FUNDAMENTAL 1;355
9;31;1040;CENTRO EDUCACIONAL 4;249
9;32;1040;CENTRO EDUCACIONAL 4;247
9;33;1040;CENTRO EDUCACIONAL 4;248
9;34;1040;CENTRO EDUCACIONAL 4;246
9;35;1040;CENTRO EDUCACIONAL 4;248
9;36;1040;CENTRO EDUCACIONAL 4;249
9;37;1040;CENTRO EDUCACIONAL 4;248
9;38;1040;CENTRO EDUCACIONAL 4;251
9;39;1040;CENTRO EDUCACIONAL 4;250
9;40;1040;CENTRO EDUCACIONAL 4;251
9;41;1040;CENTRO EDUCACIONAL 4;249
9;42;1058;CENTRO ENSINO MEDIO 01  DO GUARA - CEM (GG);269
9;43;1058;CENTRO ENSINO MEDIO 01  DO GUARA - CEM (GG);272
9;44;1058;CENTRO ENSINO MEDIO 01  DO GUARA - CEM (GG);269
9;45;1058;CENTRO ENSINO MEDIO 01  DO GUARA - CEM (GG);270
9;46;1058;CENTRO ENSINO MEDIO 01  DO GUARA - CEM (GG);271
9;47;1058;CENTRO ENSINO MEDIO 01  DO GUARA - CEM (GG);272
9;48;1058;CENTRO ENSINO MEDIO 01  DO GUARA - CEM (GG);269
9;49;1058;CENTRO ENSINO MEDIO 01  DO GUARA - CEM (GG);271
9;50;1058;CENTRO ENSINO MEDIO 01  DO GUARA - CEM (GG);270
9;51;1058;CENTRO ENSINO MEDIO 01  DO GUARA - CEM (GG);271
9;52;1058;CENTRO ENSINO MEDIO 01  DO GUARA - CEM (GG);272
9;53;1058;CENTRO ENSINO MEDIO 01  DO GUARA - CEM (GG);270
9;54;1058;CENTRO ENSINO MEDIO 01  DO GUARA - CEM (GG);270
9;55;1058;CENTRO ENSINO MEDIO 01  DO GUARA - CEM (GG);269
9;56;1066;CENTRO DE ENSINO FUNDAMENTAL 4;274
9;57;1066;CENTRO DE ENSINO FUNDAMENTAL 4;278
9;58;1066;CENTRO DE ENSINO FUNDAMENTAL 4;280
9;59;1066;CENTRO DE ENSINO FUNDAMENTAL 4;276
9;60;1066;CENTRO DE ENSINO FUNDAMENTAL 4;280
9;61;1066;CENTRO DE ENSINO FUNDAMENTAL 4;280
9;62;1066;CENTRO DE ENSINO FUNDAMENTAL 4;275
9;63;1066;CENTRO DE ENSINO FUNDAMENTAL 4;282
9;64;1066;CENTRO DE ENSINO FUNDAMENTAL 4;278
9;65;1066;CENTRO DE ENSINO FUNDAMENTAL 4;280
9;66;1066;CENTRO DE ENSINO FUNDAMENTAL 4;279
9;67;1066;CENTRO DE ENSINO FUNDAMENTAL 4;278
9;68;1074;ESCOLA CLASSE 5;235
9;69;1074;ESCOLA CLASSE 5;235
9;70;1074;ESCOLA CLASSE 5;237
9;71;1074;ESCOLA CLASSE 5;237
9;72;1074;ESCOLA CLASSE 5;237
9;73;1074;ESCOLA CLASSE 5;238
9;74;1074;ESCOLA CLASSE 5;239
9;75;1074;ESCOLA CLASSE 5;237
9;76;1082;CENTRO DE ENSINO FUNDAMENTAL 2;241
9;77;1082;CENTRO DE ENSINO FUNDAMENTAL 2;238
9;78;1082;CENTRO DE ENSINO FUNDAMENTAL 2;240
9;79;1082;CENTRO DE ENSINO FUNDAMENTAL 2;241
9;80;1082;CENTRO DE ENSINO FUNDAMENTAL 2;241
9;81;1082;CENTRO DE ENSINO FUNDAMENTAL 2;239
9;82;1082;CENTRO DE ENSINO FUNDAMENTAL 2;237
9;83;1082;CENTRO DE ENSINO FUNDAMENTAL 2;237
9;84;1082;CENTRO DE ENSINO FUNDAMENTAL 2;238
9;85;1082;CENTRO DE ENSINO FUNDAMENTAL 2;240
9;86;1082;CENTRO DE ENSINO FUNDAMENTAL 2;239
9;87;1317;CILG -CENTRO INTERESCOLAR DE LINGUAS;237
9;88;1317;CILG -CENTRO INTERESCOLAR DE LINGUAS;237
9;89;1317;CILG -CENTRO INTERESCOLAR DE LINGUAS;278
9;90;1317;CILG -CENTRO INTERESCOLAR DE LINGUAS;282
9;91;1058;CENTRO ENSINO MEDIO 01  DO GUARA - CEM (GG);269
9;92;1058;CENTRO ENSINO MEDIO 01  DO GUARA - CEM (GG);270
9;93;1058;CENTRO ENSINO MEDIO 01  DO GUARA - CEM (GG);270
9;94;1058;CENTRO ENSINO MEDIO 01  DO GUARA - CEM (GG);272
9;95;1058;CENTRO ENSINO MEDIO 01  DO GUARA - CEM (GG);269
9;96;1066;CENTRO DE ENSINO FUNDAMENTAL 4;279
9;97;1066;CENTRO DE ENSINO FUNDAMENTAL 4;277
9;98;1066;CENTRO DE ENSINO FUNDAMENTAL 4;277
9;99;1112;CENTRO DE ENSINO FUNDAMENTAL 8;324
9;100;1112;CENTRO DE ENSINO FUNDAMENTAL 8;321
9;101;1112;CENTRO DE ENSINO FUNDAMENTAL 8;325
9;102;1112;CENTRO DE ENSINO FUNDAMENTAL 8;318
9;103;1112;CENTRO DE ENSINO FUNDAMENTAL 8;324
9;104;1112;CENTRO DE ENSINO FUNDAMENTAL 8;321
9;105;1112;CENTRO DE ENSINO FUNDAMENTAL 8;320
9;106;1112;CENTRO DE ENSINO FUNDAMENTAL 8;322
9;107;1112;CENTRO DE ENSINO FUNDAMENTAL 8;325
9;108;1112;CENTRO DE ENSINO FUNDAMENTAL 8;323
9;109;1112;CENTRO DE ENSINO FUNDAMENTAL 8;323
9;110;1112;CENTRO DE ENSINO FUNDAMENTAL 8;323
9;111;1112;CENTRO DE ENSINO FUNDAMENTAL 8;323
9;112;1112;CENTRO DE ENSINO FUNDAMENTAL 8;321
9;113;1112;CENTRO DE ENSINO FUNDAMENTAL 8;320
9;114;1112;CENTRO DE ENSINO FUNDAMENTAL 8;319
9;115;1120;CENTRO EDUCACIONAL 3;345
9;116;1120;CENTRO EDUCACIONAL 3;345
9;117;1120;CENTRO EDUCACIONAL 3;345
9;118;1120;CENTRO EDUCACIONAL 3;345
9;119;1120;CENTRO EDUCACIONAL 3;344
9;120;1120;CENTRO EDUCACIONAL 3;346
9;121;1120;CENTRO EDUCACIONAL 3;345
9;122;1120;CENTRO EDUCACIONAL 3;343
9;123;1120;CENTRO EDUCACIONAL 3;348
9;124;1120;CENTRO EDUCACIONAL 3;344
9;125;1120;CENTRO EDUCACIONAL 3;346
9;126;1120;CENTRO EDUCACIONAL 3;343
9;127;1120;CENTRO EDUCACIONAL 3;345
9;128;1120;CENTRO EDUCACIONAL 3;345
9;129;1120;CENTRO EDUCACIONAL 3;348
9;130;1120;CENTRO EDUCACIONAL 3;347
9;131;1120;CENTRO EDUCACIONAL 3;345
9;132;1120;CENTRO EDUCACIONAL 3;343
9;133;1120;CENTRO EDUCACIONAL 3;346
9;134;1120;CENTRO EDUCACIONAL 3;345
9;135;1120;CENTRO EDUCACIONAL 3;345
9;136;1120;CENTRO EDUCACIONAL 3;346
9;137;1139;ESCOLA CLASSE 6;352
9;138;1139;ESCOLA CLASSE 6;354
9;139;1139;ESCOLA CLASSE 6;352
9;140;1139;ESCOLA CLASSE 6;353
9;141;1139;ESCOLA CLASSE 6;353
9;142;1139;ESCOLA CLASSE 6;355
9;143;1139;ESCOLA CLASSE 6;354
9;144;1139;ESCOLA CLASSE 6;355
9;145;1139;ESCOLA CLASSE 6;353
9;146;1139;ESCOLA CLASSE 6;353
9;147;1139;ESCOLA CLASSE 6;353
9;148;1139;ESCOLA CLASSE 6;351
9;149;1139;ESCOLA CLASSE 6;349
9;150;1147;ESCOLA CLASSE 08 (ANTIGO CEF 07);325
9;151;1147;ESCOLA CLASSE 08 (ANTIGO CEF 07);324
9;152;1147;ESCOLA CLASSE 08 (ANTIGO CEF 07);321
9;153;1147;ESCOLA CLASSE 08 (ANTIGO CEF 07);323
9;154;1147;ESCOLA CLASSE 08 (ANTIGO CEF 07);327
9;155;1147;ESCOLA CLASSE 08 (ANTIGO CEF 07);326
9;156;1147;ESCOLA CLASSE 08 (ANTIGO CEF 07);327
9;157;1147;ESCOLA CLASSE 08 (ANTIGO CEF 07);328
9;158;1147;ESCOLA CLASSE 08 (ANTIGO CEF 07);325
9;159;1147;ESCOLA CLASSE 08 (ANTIGO CEF 07);327
9;160;1147;ESCOLA CLASSE 08 (ANTIGO CEF 07);326
9;161;1147;ESCOLA CLASSE 08 (ANTIGO CEF 07);324
9;162;1147;ESCOLA CLASSE 08 (ANTIGO CEF 07);327
9;163;1147;ESCOLA CLASSE 08 (ANTIGO CEF 07);323
9;164;1147;ESCOLA CLASSE 08 (ANTIGO CEF 07);328
9;165;1147;ESCOLA CLASSE 08 (ANTIGO CEF 07);323
9;166;1155;CENTRO DE ENSINO FUNDAMENTAL 5;363
9;167;1155;CENTRO DE ENSINO FUNDAMENTAL 5;357
9;168;1155;CENTRO DE ENSINO FUNDAMENTAL 5;359
9;169;1155;CENTRO DE ENSINO FUNDAMENTAL 5;356
9;170;1155;CENTRO DE ENSINO FUNDAMENTAL 5;363
9;171;1155;CENTRO DE ENSINO FUNDAMENTAL 5;359
9;172;1155;CENTRO DE ENSINO FUNDAMENTAL 5;352
9;173;1155;CENTRO DE ENSINO FUNDAMENTAL 5;357
9;174;1155;CENTRO DE ENSINO FUNDAMENTAL 5;361
9;175;1341;COLEGIO ROGACIONISTA - INFANTIL NUCLEO 01;348
9;176;1341;COLEGIO ROGACIONISTA - INFANTIL NUCLEO 01;351
9;177;1341;COLEGIO ROGACIONISTA - INFANTIL NUCLEO 01;346
9;178;1341;COLEGIO ROGACIONISTA - INFANTIL NUCLEO 01;349
9;179;1341;COLEGIO ROGACIONISTA - INFANTIL NUCLEO 01;348
9;180;1341;COLEGIO ROGACIONISTA - INFANTIL NUCLEO 01;349
9;181;1163;CENTRO EDUCACIONAL 1;350
9;182;1163;CENTRO EDUCACIONAL 1;350
9;183;1163;CENTRO EDUCACIONAL 1;350
9;184;1163;CENTRO EDUCACIONAL 1;351
9;185;1163;CENTRO EDUCACIONAL 1;350
9;186;1163;CENTRO EDUCACIONAL 1;347
9;187;1171;ESCOLA CLASSE 7;335
9;188;1171;ESCOLA CLASSE 7;337
9;189;1171;ESCOLA CLASSE 7;331
9;190;1171;ESCOLA CLASSE 7;337
9;191;1171;ESCOLA CLASSE 7;338
9;192;1236;COLEGIO ROGACIONISTA;352
9;193;1236;COLEGIO ROGACIONISTA;353
9;194;1163;CENTRO EDUCACIONAL 1;349
9;195;1236;COLEGIO ROGACIONISTA;353
9;196;1295;FACULDADE PROJEÇÃO- PERTO TERMINAL RODOVIARIO GUARA II;285
9;197;1295;FACULDADE PROJEÇÃO- PERTO TERMINAL RODOVIARIO GUARA II;282
9;198;1066;CENTRO DE ENSINO FUNDAMENTAL 4;280
9;199;1180;CENTRO DE ENSINO FUNDAMENTAL 10;345
9;200;1139;ESCOLA CLASSE 6;355
9;201;1295;FACULDADE PROJEÇÃO- PERTO TERMINAL RODOVIARIO GUARA II;288
9;202;1163;CENTRO EDUCACIONAL 1;351
9;203;1031;CENTRO DE ENSINO FUNDAMENTAL 1;356
9;204;1180;CENTRO DE ENSINO FUNDAMENTAL 10;345
9;205;1031;CENTRO DE ENSINO FUNDAMENTAL 1;349
9;206;1031;CENTRO DE ENSINO FUNDAMENTAL 1;353
9;207;1066;CENTRO DE ENSINO FUNDAMENTAL 4;278
9;208;1031;CENTRO DE ENSINO FUNDAMENTAL 1;357
9;209;1031;CENTRO DE ENSINO FUNDAMENTAL 1;356
9;210;1295;FACULDADE PROJEÇÃO- PERTO TERMINAL RODOVIARIO GUARA II;281
9;211;1236;COLEGIO ROGACIONISTA;354
9;212;1198;ESCOLA CLASSE 3;158
9;213;1180;CENTRO DE ENSINO FUNDAMENTAL 10;346
9;214;1210;CENTRO DE ENSINO ESPECIAL 1;346
9;215;1236;COLEGIO ROGACIONISTA;354
9;216;1406;COLEGIO OBJETIVO DO GUARA;309
9;217;1406;COLEGIO OBJETIVO DO GUARA;306
9;218;1210;CENTRO DE ENSINO ESPECIAL 1;345
9;219;1236;COLEGIO ROGACIONISTA;355
9;220;1333;CENTRO DE ENSINO FUNDAMENTAL 02 - VILA ESTRUTURAL;338
9;221;1244;COLEGIO ELITE (ANTIGO JK);229
9;222;1066;CENTRO DE ENSINO FUNDAMENTAL 4;279
9;223;1198;ESCOLA CLASSE 3;167
9;224;1163;CENTRO EDUCACIONAL 1;347
9;225;1040;CENTRO EDUCACIONAL 4;250
9;226;1406;COLEGIO OBJETIVO DO GUARA;306
9;227;1236;COLEGIO ROGACIONISTA;353
9;228;1120;CENTRO EDUCACIONAL 3;344
9;229;1031;CENTRO DE ENSINO FUNDAMENTAL 1;355
9;230;1112;CENTRO DE ENSINO FUNDAMENTAL 8;321
9;231;1074;ESCOLA CLASSE 5;234
9;232;1333;CENTRO DE ENSINO FUNDAMENTAL 02 - VILA ESTRUTURAL;341
9;233;1244;COLEGIO ELITE (ANTIGO JK);228
9;234;1210;CENTRO DE ENSINO ESPECIAL 1;346
9;235;1147;ESCOLA CLASSE 08 (ANTIGO CEF 07);325
9;236;1180;CENTRO DE ENSINO FUNDAMENTAL 10;341
9;237;1236;COLEGIO ROGACIONISTA;355
9;238;1198;ESCOLA CLASSE 3;159
9;239;1406;COLEGIO OBJETIVO DO GUARA;309
9;240;1333;CENTRO DE ENSINO FUNDAMENTAL 02 - VILA ESTRUTURAL;339
9;241;1120;CENTRO EDUCACIONAL 3;344
9;242;1244;COLEGIO ELITE (ANTIGO JK);225
9;243;1333;CENTRO DE ENSINO FUNDAMENTAL 02 - VILA ESTRUTURAL;341
9;244;1236;COLEGIO ROGACIONISTA;353
9;245;1333;CENTRO DE ENSINO FUNDAMENTAL 02 - VILA ESTRUTURAL;336
9;246;1244;COLEGIO ELITE (ANTIGO JK);229
9;247;1040;CENTRO EDUCACIONAL 4;245
9;248;1066;CENTRO DE ENSINO FUNDAMENTAL 4;279
9;249;1333;CENTRO DE ENSINO FUNDAMENTAL 02 - VILA ESTRUTURAL;340
9;250;1198;ESCOLA CLASSE 3;157
9;251;1236;COLEGIO ROGACIONISTA;354
9;252;1406;COLEGIO OBJETIVO DO GUARA;308
9;253;1333;CENTRO DE ENSINO FUNDAMENTAL 02 - VILA ESTRUTURAL;343
9;254;1120;CENTRO EDUCACIONAL 3;344
9;255;1210;CENTRO DE ENSINO ESPECIAL 1;346
9;256;1244;COLEGIO ELITE (ANTIGO JK);229
9;257;1163;CENTRO EDUCACIONAL 1;348
9;258;1333;CENTRO DE ENSINO FUNDAMENTAL 02 - VILA ESTRUTURAL;342
9;259;1236;COLEGIO ROGACIONISTA;357
9;260;1180;CENTRO DE ENSINO FUNDAMENTAL 10;351
9;261;1147;ESCOLA CLASSE 08 (ANTIGO CEF 07);325
9;262;1333;CENTRO DE ENSINO FUNDAMENTAL 02 - VILA ESTRUTURAL;339
9;263;1406;COLEGIO OBJETIVO DO GUARA;307
9;264;1244;COLEGIO ELITE (ANTIGO JK);225
9;265;1236;COLEGIO ROGACIONISTA;353
9;266;1198;ESCOLA CLASSE 3;159
9;267;1333;CENTRO DE ENSINO FUNDAMENTAL 02 - VILA ESTRUTURAL;337
9;268;1210;CENTRO DE ENSINO ESPECIAL 1;342
9;269;1244;COLEGIO ELITE (ANTIGO JK);228
9;270;1236;COLEGIO ROGACIONISTA;353
9;271;1406;COLEGIO OBJETIVO DO GUARA;305
9;272;1333;CENTRO DE ENSINO FUNDAMENTAL 02 - VILA ESTRUTURAL;343
9;273;1147;ESCOLA CLASSE 08 (ANTIGO CEF 07);325
9;274;1236;COLEGIO ROGACIONISTA;355
9;275;1333;CENTRO DE ENSINO FUNDAMENTAL 02 - VILA ESTRUTURAL;340
9;276;1198;ESCOLA CLASSE 3;160
9;277;1244;COLEGIO ELITE (ANTIGO JK);223
9;278;1406;COLEGIO OBJETIVO DO GUARA;308
9;279;1333;CENTRO DE ENSINO FUNDAMENTAL 02 - VILA ESTRUTURAL;338
9;280;1236;COLEGIO ROGACIONISTA;354
9;281;1279;CENTRO ENSINO EDUCACIONAL 01 - VILA ESTRUTURAL(MILITAR);351
9;282;1163;CENTRO EDUCACIONAL 1;349
9;283;1210;CENTRO DE ENSINO ESPECIAL 1;343
9;284;1333;CENTRO DE ENSINO FUNDAMENTAL 02 - VILA ESTRUTURAL;334
9;285;1279;CENTRO ENSINO EDUCACIONAL 01 - VILA ESTRUTURAL(MILITAR);353
9;286;1236;COLEGIO ROGACIONISTA;352
9;287;1406;COLEGIO OBJETIVO DO GUARA;306
9;288;1279;CENTRO ENSINO EDUCACIONAL 01 - VILA ESTRUTURAL(MILITAR);353
9;289;1244;COLEGIO ELITE (ANTIGO JK);227
9;290;1279;CENTRO ENSINO EDUCACIONAL 01 - VILA ESTRUTURAL(MILITAR);350
9;291;1198;ESCOLA CLASSE 3;156
9;292;1066;CENTRO DE ENSINO FUNDAMENTAL 4;278
9;293;1147;ESCOLA CLASSE 08 (ANTIGO CEF 07);322
9;294;1279;CENTRO ENSINO EDUCACIONAL 01 - VILA ESTRUTURAL(MILITAR);351
9;295;1236;COLEGIO ROGACIONISTA;350
9;296;1260;ESCOLA CLASSE VILA ESTRUTURAL;276
9;297;1279;CENTRO ENSINO EDUCACIONAL 01 - VILA ESTRUTURAL(MILITAR);352
9;298;1287;COLEGIO PROJEÇÃO;310
9;299;1295;FACULDADE PROJEÇÃO- PERTO TERMINAL RODOVIARIO GUARA II;288
9;300;1406;COLEGIO OBJETIVO DO GUARA;308
9;301;1279;CENTRO ENSINO EDUCACIONAL 01 - VILA ESTRUTURAL(MILITAR);353
9;302;1244;COLEGIO ELITE (ANTIGO JK);230
9;303;1147;ESCOLA CLASSE 08 (ANTIGO CEF 07);324
9;304;1180;CENTRO DE ENSINO FUNDAMENTAL 10;347
9;305;1260;ESCOLA CLASSE VILA ESTRUTURAL;283
9;306;1040;CENTRO EDUCACIONAL 4;250
9;307;1163;CENTRO EDUCACIONAL 1;353
9;308;1279;CENTRO ENSINO EDUCACIONAL 01 - VILA ESTRUTURAL(MILITAR);348
9;309;1198;ESCOLA CLASSE 3;158
9;310;1406;COLEGIO OBJETIVO DO GUARA;308
9;311;1163;CENTRO EDUCACIONAL 1;349
9;312;1279;CENTRO ENSINO EDUCACIONAL 01 - VILA ESTRUTURAL(MILITAR);354
9;313;1295;FACULDADE PROJEÇÃO- PERTO TERMINAL RODOVIARIO GUARA II;290
9;314;1287;COLEGIO PROJEÇÃO;311
9;315;1244;COLEGIO ELITE (ANTIGO JK);225
9;316;1279;CENTRO ENSINO EDUCACIONAL 01 - VILA ESTRUTURAL(MILITAR);349
9;317;1295;FACULDADE PROJEÇÃO- PERTO TERMINAL RODOVIARIO GUARA II;291
9;318;1406;COLEGIO OBJETIVO DO GUARA;309
9;319;1163;CENTRO EDUCACIONAL 1;348
9;320;1287;COLEGIO PROJEÇÃO;308
9;321;1295;FACULDADE PROJEÇÃO- PERTO TERMINAL RODOVIARIO GUARA II;283
9;322;1198;ESCOLA CLASSE 3;156
9;323;1244;COLEGIO ELITE (ANTIGO JK);228
9;324;1406;COLEGIO OBJETIVO DO GUARA;304
9;325;1295;FACULDADE PROJEÇÃO- PERTO TERMINAL RODOVIARIO GUARA II;287
9;326;1260;ESCOLA CLASSE VILA ESTRUTURAL;275
9;327;1309;ESCOLA CLASSE 02 - VILA ESTRUTURAL;295
9;328;1163;CENTRO EDUCACIONAL 1;345
9;329;1287;COLEGIO PROJEÇÃO;304
9;330;1309;ESCOLA CLASSE 02 - VILA ESTRUTURAL;302
9;331;1309;ESCOLA CLASSE 02 - VILA ESTRUTURAL;297
9;332;1295;FACULDADE PROJEÇÃO- PERTO TERMINAL RODOVIARIO GUARA II;287
9;333;1406;COLEGIO OBJETIVO DO GUARA;309
9;334;1244;COLEGIO ELITE (ANTIGO JK);226
9;335;1287;COLEGIO PROJEÇÃO;306
9;336;1309;ESCOLA CLASSE 02 - VILA ESTRUTURAL;296
9;337;1198;ESCOLA CLASSE 3;157
9;338;1295;FACULDADE PROJEÇÃO- PERTO TERMINAL RODOVIARIO GUARA II;287
9;339;1368;ESCOLA  CLASSE 03  (ANTIGO PADRE DI FRANCIA);396
9;340;1309;ESCOLA CLASSE 02 - VILA ESTRUTURAL;301
9;341;1295;FACULDADE PROJEÇÃO- PERTO TERMINAL RODOVIARIO GUARA II;288
9;342;1406;COLEGIO OBJETIVO DO GUARA;306
9;343;1295;FACULDADE PROJEÇÃO- PERTO TERMINAL RODOVIARIO GUARA II;287
9;344;1309;ESCOLA CLASSE 02 - VILA ESTRUTURAL;298
9;345;1287;COLEGIO PROJEÇÃO;310
9;346;1244;COLEGIO ELITE (ANTIGO JK);234
9;347;1295;FACULDADE PROJEÇÃO- PERTO TERMINAL RODOVIARIO GUARA II;285
9;348;1309;ESCOLA CLASSE 02 - VILA ESTRUTURAL;300
9;349;1317;CILG -CENTRO INTERESCOLAR DE LINGUAS;284
9;350;1260;ESCOLA CLASSE VILA ESTRUTURAL;285
9;351;1406;COLEGIO OBJETIVO DO GUARA;306
9;352;1325;CENTRO EDUCACIONAL INFANTIL 01 DA VILA ESTRUTURAL;281
9;353;1295;FACULDADE PROJEÇÃO- PERTO TERMINAL RODOVIARIO GUARA II;287
9;354;1309;ESCOLA CLASSE 02 - VILA ESTRUTURAL;298
9;355;1287;COLEGIO PROJEÇÃO;310
9;356;1449;COLEGIO LICEU GUARA;291
9;357;1368;ESCOLA  CLASSE 03  (ANTIGO PADRE DI FRANCIA);395
9;358;1309;ESCOLA CLASSE 02 - VILA ESTRUTURAL;296
9;359;1244;COLEGIO ELITE (ANTIGO JK);243
9;360;1317;CILG -CENTRO INTERESCOLAR DE LINGUAS;280
9;361;1406;COLEGIO OBJETIVO DO GUARA;309
9;362;1449;COLEGIO LICEU GUARA;287
9;363;1309;ESCOLA CLASSE 02 - VILA ESTRUTURAL;302
9;364;1449;COLEGIO LICEU GUARA;292
9;365;1260;ESCOLA CLASSE VILA ESTRUTURAL;283
9;366;1309;ESCOLA CLASSE 02 - VILA ESTRUTURAL;303
9;367;1287;COLEGIO PROJEÇÃO;310
9;368;1317;CILG -CENTRO INTERESCOLAR DE LINGUAS;283
9;369;1449;COLEGIO LICEU GUARA;289
9;370;1309;ESCOLA CLASSE 02 - VILA ESTRUTURAL;301
9;371;1244;COLEGIO ELITE (ANTIGO JK);255
9;372;1449;COLEGIO LICEU GUARA;285
9;373;1309;ESCOLA CLASSE 02 - VILA ESTRUTURAL;302
9;374;1406;COLEGIO OBJETIVO DO GUARA;306
9;375;1260;ESCOLA CLASSE VILA ESTRUTURAL;283
9;376;1325;CENTRO EDUCACIONAL INFANTIL 01 DA VILA ESTRUTURAL;284
9;377;1309;ESCOLA CLASSE 02 - VILA ESTRUTURAL;298
9;378;1368;ESCOLA  CLASSE 03  (ANTIGO PADRE DI FRANCIA);393
9;379;1449;COLEGIO LICEU GUARA;288
9;380;1287;COLEGIO PROJEÇÃO;307
9;381;1317;CILG -CENTRO INTERESCOLAR DE LINGUAS;279
9;382;1260;ESCOLA CLASSE VILA ESTRUTURAL;282
9;383;1244;COLEGIO ELITE (ANTIGO JK);238
9;384;1449;COLEGIO LICEU GUARA;289
9;385;1325;CENTRO EDUCACIONAL INFANTIL 01 DA VILA ESTRUTURAL;275
9;386;1260;ESCOLA CLASSE VILA ESTRUTURAL;280
9;387;1260;ESCOLA CLASSE VILA ESTRUTURAL;282
9;388;1449;COLEGIO LICEU GUARA;284
9;389;1287;COLEGIO PROJEÇÃO;307
9;390;1406;COLEGIO OBJETIVO DO GUARA;310
9;391;1260;ESCOLA CLASSE VILA ESTRUTURAL;283
9;392;1325;CENTRO EDUCACIONAL INFANTIL 01 DA VILA ESTRUTURAL;280
9;393;1368;ESCOLA  CLASSE 03  (ANTIGO PADRE DI FRANCIA);391
9;394;1325;CENTRO EDUCACIONAL INFANTIL 01 DA VILA ESTRUTURAL;277
9;395;1449;COLEGIO LICEU GUARA;284
9;396;1325;CENTRO EDUCACIONAL INFANTIL 01 DA VILA ESTRUTURAL;279
9;397;1287;COLEGIO PROJEÇÃO;310
9;398;1317;CILG -CENTRO INTERESCOLAR DE LINGUAS;283
9;399;1325;CENTRO EDUCACIONAL INFANTIL 01 DA VILA ESTRUTURAL;282
9;400;1325;CENTRO EDUCACIONAL INFANTIL 01 DA VILA ESTRUTURAL;272
9;401;1279;CENTRO ENSINO EDUCACIONAL 01 - VILA ESTRUTURAL(MILITAR);354
9;402;1279;CENTRO ENSINO EDUCACIONAL 01 - VILA ESTRUTURAL(MILITAR);353
9;403;1287;COLEGIO PROJEÇÃO;310
9;404;1449;COLEGIO LICEU GUARA;286
9;405;1279;CENTRO ENSINO EDUCACIONAL 01 - VILA ESTRUTURAL(MILITAR);350
9;406;1279;CENTRO ENSINO EDUCACIONAL 01 - VILA ESTRUTURAL(MILITAR);353
9;407;1279;CENTRO ENSINO EDUCACIONAL 01 - VILA ESTRUTURAL(MILITAR);350
9;408;1279;CENTRO ENSINO EDUCACIONAL 01 - VILA ESTRUTURAL(MILITAR);353
9;409;1287;COLEGIO PROJEÇÃO;308
9;410;1279;CENTRO ENSINO EDUCACIONAL 01 - VILA ESTRUTURAL(MILITAR);353
9;411;1279;CENTRO ENSINO EDUCACIONAL 01 - VILA ESTRUTURAL(MILITAR);353
9;412;1279;CENTRO ENSINO EDUCACIONAL 01 - VILA ESTRUTURAL(MILITAR);352
9;413;1279;CENTRO ENSINO EDUCACIONAL 01 - VILA ESTRUTURAL(MILITAR);351
9;414;1236;COLEGIO ROGACIONISTA;360
9;415;1317;CILG -CENTRO INTERESCOLAR DE LINGUAS;282
9;416;1384;ESCOLA TÉCNICA DO GUARÁ - CEPAG / GUARÁ II;308
9;417;1287;COLEGIO PROJEÇÃO;310
9;418;1384;ESCOLA TÉCNICA DO GUARÁ - CEPAG / GUARÁ II;308
9;419;1384;ESCOLA TÉCNICA DO GUARÁ - CEPAG / GUARÁ II;306
9;420;1406;COLEGIO OBJETIVO DO GUARA;308
9;421;1325;CENTRO EDUCACIONAL INFANTIL 01 DA VILA ESTRUTURAL;272
9;422;1384;ESCOLA TÉCNICA DO GUARÁ - CEPAG / GUARÁ II;309
9;423;1384;ESCOLA TÉCNICA DO GUARÁ - CEPAG / GUARÁ II;307
9;424;1341;COLEGIO ROGACIONISTA - INFANTIL NUCLEO 01;351
9;425;1236;COLEGIO ROGACIONISTA;356
9;426;1236;COLEGIO ROGACIONISTA;355
9;427;1260;ESCOLA CLASSE VILA ESTRUTURAL;271
9;428;1260;ESCOLA CLASSE VILA ESTRUTURAL;275
9;429;1384;ESCOLA TÉCNICA DO GUARÁ - CEPAG / GUARÁ II;308
9;430;1260;ESCOLA CLASSE VILA ESTRUTURAL;279
9;431;1341;COLEGIO ROGACIONISTA - INFANTIL NUCLEO 01;350
9;432;1317;CILG -CENTRO INTERESCOLAR DE LINGUAS;284
9;433;1260;ESCOLA CLASSE VILA ESTRUTURAL;282
9;434;1333;CENTRO DE ENSINO FUNDAMENTAL 02 - VILA ESTRUTURAL;346
9;435;1155;CENTRO DE ENSINO FUNDAMENTAL 5;352
9;436;1333;CENTRO DE ENSINO FUNDAMENTAL 02 - VILA ESTRUTURAL;343
9;437;1384;ESCOLA TÉCNICA DO GUARÁ - CEPAG / GUARÁ II;312
9;438;1333;CENTRO DE ENSINO FUNDAMENTAL 02 - VILA ESTRUTURAL;344
9;439;1333;CENTRO DE ENSINO FUNDAMENTAL 02 - VILA ESTRUTURAL;341
9;440;1384;ESCOLA TÉCNICA DO GUARÁ - CEPAG / GUARÁ II;310
9;2023;1333;CENTRO DE ENSINO FUNDAMENTAL 02 - VILA ESTRUTURAL;344
9;2024;1333;CENTRO DE ENSINO FUNDAMENTAL 02 - VILA ESTRUTURAL;339
10;1;1023;ESCOLA CLASSE 4;344
10;2;1023;ESCOLA CLASSE 4;345
10;3;1023;ESCOLA CLASSE 4;348
10;4;1023;ESCOLA CLASSE 4;341
10;5;1023;ESCOLA CLASSE 4;346
10;6;1023;ESCOLA CLASSE 4;343
10;7;1023;ESCOLA CLASSE 4;345
10;8;1023;ESCOLA CLASSE 4;343
10;9;1031;COLEGIO LA SALLE;367
10;10;1031;COLEGIO LA SALLE;361
10;11;1031;COLEGIO LA SALLE;352
10;12;1031;COLEGIO LA SALLE;358
10;13;1031;COLEGIO LA SALLE;354
10;14;1031;COLEGIO LA SALLE;356
10;15;1031;COLEGIO LA SALLE;360
10;16;1031;COLEGIO LA SALLE;347
10;17;1040;CENTRO DE EDUCACAO INFANTIL DO NÚCLEO BANDEIRANTE;353
10;18;1040;CENTRO DE EDUCACAO INFANTIL DO NÚCLEO BANDEIRANTE;348
10;19;1040;CENTRO DE EDUCACAO INFANTIL DO NÚCLEO BANDEIRANTE;357
10;20;1040;CENTRO DE EDUCACAO INFANTIL DO NÚCLEO BANDEIRANTE;363
10;21;1040;CENTRO DE EDUCACAO INFANTIL DO NÚCLEO BANDEIRANTE;358
10;22;1058;ESCOLA CLASSE 5;339
10;23;1058;ESCOLA CLASSE 5;338
10;24;1058;ESCOLA CLASSE 5;338
10;25;1058;ESCOLA CLASSE 5;339
10;26;1058;ESCOLA CLASSE 5;340
10;27;1058;ESCOLA CLASSE 5;343
10;28;1066;CENTRO DE ENSINO FUNDAMENTAL 1;340
10;29;1066;CENTRO DE ENSINO FUNDAMENTAL 1;331
10;30;1066;CENTRO DE ENSINO FUNDAMENTAL 1;337
10;31;1066;CENTRO DE ENSINO FUNDAMENTAL 1;337
10;32;1066;CENTRO DE ENSINO FUNDAMENTAL 1;338
10;33;1066;CENTRO DE ENSINO FUNDAMENTAL 1;333
10;34;1066;CENTRO DE ENSINO FUNDAMENTAL 1;341
10;35;1066;CENTRO DE ENSINO FUNDAMENTAL 1;339
10;36;1066;CENTRO DE ENSINO FUNDAMENTAL 1;336
10;37;1066;CENTRO DE ENSINO FUNDAMENTAL 1;340
10;38;1031;COLEGIO LA SALLE;350
10;39;1031;COLEGIO LA SALLE;351
10;40;1090;CENTRO DE ENSINO MÉDIO URSO BRANCO;389
10;41;1090;CENTRO DE ENSINO MÉDIO URSO BRANCO;393
10;42;1090;CENTRO DE ENSINO MÉDIO URSO BRANCO;392
10;43;1090;CENTRO DE ENSINO MÉDIO URSO BRANCO;392
10;44;1090;CENTRO DE ENSINO MÉDIO URSO BRANCO;393
10;45;1090;CENTRO DE ENSINO MÉDIO URSO BRANCO;391
10;46;1090;CENTRO DE ENSINO MÉDIO URSO BRANCO;389
10;47;1104;ESCOLA CLASSE 3;228
10;48;1104;ESCOLA CLASSE 3;227
10;49;1104;ESCOLA CLASSE 3;227
10;50;1104;ESCOLA CLASSE 3;228
10;51;1104;ESCOLA CLASSE 3;228
10;52;1090;CENTRO DE ENSINO MÉDIO URSO BRANCO;398
10;53;1090;CENTRO DE ENSINO MÉDIO URSO BRANCO;394
10;54;1090;CENTRO DE ENSINO MÉDIO URSO BRANCO;394
10;55;1120;CENTRO DE ENSINO FUNDAMENTAL 01 (ANTIGO CENTRO EDUCACIONAL);241
10;56;1120;CENTRO DE ENSINO FUNDAMENTAL 01 (ANTIGO CENTRO EDUCACIONAL);247
10;57;1120;CENTRO DE ENSINO FUNDAMENTAL 01 (ANTIGO CENTRO EDUCACIONAL);243
10;58;1120;CENTRO DE ENSINO FUNDAMENTAL 01 (ANTIGO CENTRO EDUCACIONAL);243
10;59;1120;CENTRO DE ENSINO FUNDAMENTAL 01 (ANTIGO CENTRO EDUCACIONAL);243
10;60;1120;CENTRO DE ENSINO FUNDAMENTAL 01 (ANTIGO CENTRO EDUCACIONAL);241
10;61;1120;CENTRO DE ENSINO FUNDAMENTAL 01 (ANTIGO CENTRO EDUCACIONAL);246
10;62;1120;CENTRO DE ENSINO FUNDAMENTAL 01 (ANTIGO CENTRO EDUCACIONAL);244
10;63;1120;CENTRO DE ENSINO FUNDAMENTAL 01 (ANTIGO CENTRO EDUCACIONAL);246
10;64;1120;CENTRO DE ENSINO FUNDAMENTAL 01 (ANTIGO CENTRO EDUCACIONAL);243
10;65;1139;ESCOLA CLASSE 02 DA CANDANGOLÂNDIA (ANTIGA ZOOBOTANICA);341
10;66;1139;ESCOLA CLASSE 02 DA CANDANGOLÂNDIA (ANTIGA ZOOBOTANICA);341
10;67;1139;ESCOLA CLASSE 02 DA CANDANGOLÂNDIA (ANTIGA ZOOBOTANICA);342
10;68;1139;ESCOLA CLASSE 02 DA CANDANGOLÂNDIA (ANTIGA ZOOBOTANICA);348
10;69;1139;ESCOLA CLASSE 02 DA CANDANGOLÂNDIA (ANTIGA ZOOBOTANICA);339
10;70;1139;ESCOLA CLASSE 02 DA CANDANGOLÂNDIA (ANTIGA ZOOBOTANICA);346
10;71;1139;ESCOLA CLASSE 02 DA CANDANGOLÂNDIA (ANTIGA ZOOBOTANICA);346
10;72;1147;CENTRO DE ENSINO FUNDAMENTAL METROPOLITANA;371
10;73;1147;CENTRO DE ENSINO FUNDAMENTAL METROPOLITANA;367
10;74;1147;CENTRO DE ENSINO FUNDAMENTAL METROPOLITANA;367
10;75;1147;CENTRO DE ENSINO FUNDAMENTAL METROPOLITANA;367
10;76;1155;CENTRO EDUCACIONAL  VARGEM BONITA;369
10;77;1155;CENTRO EDUCACIONAL  VARGEM BONITA;367
10;78;1155;CENTRO EDUCACIONAL  VARGEM BONITA;366
10;79;1155;CENTRO EDUCACIONAL  VARGEM BONITA;369
10;80;1155;CENTRO EDUCACIONAL  VARGEM BONITA;370
10;81;1414;CIL-CENTRO INTERESCOLAR DE LINGUAS DO RIACHO FUNDO I;326
10;83;1171;CENTRO DE ENSINO MÉDIO 1 DO RIACHO FUNDO I;379
10;84;1171;CENTRO DE ENSINO MÉDIO 1 DO RIACHO FUNDO I;376
10;85;1171;CENTRO DE ENSINO MÉDIO 1 DO RIACHO FUNDO I;376
10;86;1198;CENTRO DE ENSINO TELEBRASILIA;387
10;87;1171;CENTRO DE ENSINO MÉDIO 1 DO RIACHO FUNDO I;377
10;88;1139;ESCOLA CLASSE 02 DA CANDANGOLÂNDIA (ANTIGA ZOOBOTANICA);346
10;89;1147;CENTRO DE ENSINO FUNDAMENTAL METROPOLITANA;368
10;90;1171;CENTRO DE ENSINO MÉDIO 1 DO RIACHO FUNDO I;379
10;91;1171;CENTRO DE ENSINO MÉDIO 1 DO RIACHO FUNDO I;374
10;92;1201;ESCOLA CLASSE 1 CANDANGOLANDIA;280
10;93;1210;CENTRO EDUCACIONAL 02  RIACHO FUNDO I;379
10;94;1171;CENTRO DE ENSINO MÉDIO 1 DO RIACHO FUNDO I;372
10;95;1171;CENTRO DE ENSINO MÉDIO 1 DO RIACHO FUNDO I;374
10;96;1236;CENTRO DE ENSINO FUNDAMENTAL 01 DO RIACHO FUNDO II;390
10;97;1163;ESCOLA CLASSE AGROVILA II;293
10;98;1074;CENTRO EDUCACIONAL AGROURBANO IPÊ;368
10;99;1120;CENTRO DE ENSINO FUNDAMENTAL 01 (ANTIGO CENTRO EDUCACIONAL);240
10;100;1090;CENTRO DE ENSINO MÉDIO URSO BRANCO;392
10;101;1139;ESCOLA CLASSE 02 DA CANDANGOLÂNDIA (ANTIGA ZOOBOTANICA);339
10;102;1147;CENTRO DE ENSINO FUNDAMENTAL METROPOLITANA;363
10;103;1171;CENTRO DE ENSINO MÉDIO 1 DO RIACHO FUNDO I;374
10;104;1198;CENTRO DE ENSINO TELEBRASILIA;378
10;105;1210;CENTRO EDUCACIONAL 02  RIACHO FUNDO I;378
10;106;1171;CENTRO DE ENSINO MÉDIO 1 DO RIACHO FUNDO I;374
10;107;1236;CENTRO DE ENSINO FUNDAMENTAL 01 DO RIACHO FUNDO II;389
10;108;1228;CENTRO EDUCACIONAL INFANTIL DA CANDANGOLANDIA;366
10;109;1201;ESCOLA CLASSE 1 CANDANGOLANDIA;278
10;110;1210;CENTRO EDUCACIONAL 02  RIACHO FUNDO I;375
10;111;1236;CENTRO DE ENSINO FUNDAMENTAL 01 DO RIACHO FUNDO II;380
10;112;1236;CENTRO DE ENSINO FUNDAMENTAL 01 DO RIACHO FUNDO II;385
10;113;1171;CENTRO DE ENSINO MÉDIO 1 DO RIACHO FUNDO I;378
10;114;1201;ESCOLA CLASSE 1 CANDANGOLANDIA;276
10;115;1210;CENTRO EDUCACIONAL 02  RIACHO FUNDO I;379
10;116;1228;CENTRO EDUCACIONAL INFANTIL DA CANDANGOLANDIA;367
10;117;1031;COLEGIO LA SALLE;346
10;118;1414;CIL-CENTRO INTERESCOLAR DE LINGUAS DO RIACHO FUNDO I;318
10;119;1210;CENTRO EDUCACIONAL 02  RIACHO FUNDO I;377
10;120;1236;CENTRO DE ENSINO FUNDAMENTAL 01 DO RIACHO FUNDO II;389
10;121;1236;CENTRO DE ENSINO FUNDAMENTAL 01 DO RIACHO FUNDO II;390
10;122;1279;JARDIM DE INFANCIA 1 DO RIACHO FUNDO II;375
10;123;1279;JARDIM DE INFANCIA 1 DO RIACHO FUNDO II;370
10;124;1104;ESCOLA CLASSE 3;227
10;125;1147;CENTRO DE ENSINO FUNDAMENTAL METROPOLITANA;367
10;126;1210;CENTRO EDUCACIONAL 02  RIACHO FUNDO I;378
10;127;1201;ESCOLA CLASSE 1 CANDANGOLANDIA;278
10;128;1031;COLEGIO LA SALLE;359
10;129;1279;JARDIM DE INFANCIA 1 DO RIACHO FUNDO II;370
10;130;1031;COLEGIO LA SALLE;363
10;131;1031;COLEGIO LA SALLE;348
10;132;1210;CENTRO EDUCACIONAL 02  RIACHO FUNDO I;380
10;133;1201;ESCOLA CLASSE 1 CANDANGOLANDIA;279
10;134;1155;CENTRO EDUCACIONAL  VARGEM BONITA;367
10;135;1228;CENTRO EDUCACIONAL INFANTIL DA CANDANGOLANDIA;362
10;136;1414;CIL-CENTRO INTERESCOLAR DE LINGUAS DO RIACHO FUNDO I;320
10;137;1171;CENTRO DE ENSINO MÉDIO 1 DO RIACHO FUNDO I;380
10;138;1279;JARDIM DE INFANCIA 1 DO RIACHO FUNDO II;371
10;139;1210;CENTRO EDUCACIONAL 02  RIACHO FUNDO I;379
10;140;1244;ESCOLA CLASSE 1 DO RIACHO FUNDO II;386
10;141;1295;ESCOLA SALESIANA SAO DOMINGOS SAVIO;344
10;142;1252;CENTRO DE EDUCACAO INFANTIL DO RIACHO FUNDO II;394
10;143;1295;ESCOLA SALESIANA SAO DOMINGOS SAVIO;341
10;144;1295;ESCOLA SALESIANA SAO DOMINGOS SAVIO;341
10;145;1384;CENTRO DE EDUCAÇÃO INFANTIL 01 - RF I;387
10;146;1210;CENTRO EDUCACIONAL 02  RIACHO FUNDO I;379
10;147;1295;ESCOLA SALESIANA SAO DOMINGOS SAVIO;339
10;148;1120;CENTRO DE ENSINO FUNDAMENTAL 01 (ANTIGO CENTRO EDUCACIONAL);242
10;149;1147;CENTRO DE ENSINO FUNDAMENTAL METROPOLITANA;364
10;150;1066;CENTRO DE ENSINO FUNDAMENTAL 1;334
10;151;1279;JARDIM DE INFANCIA 1 DO RIACHO FUNDO II;369
10;152;1104;ESCOLA CLASSE 3;226
10;153;1074;CENTRO EDUCACIONAL AGROURBANO IPÊ;369
10;154;1040;CENTRO DE EDUCACAO INFANTIL DO NÚCLEO BANDEIRANTE;349
10;155;1228;CENTRO EDUCACIONAL INFANTIL DA CANDANGOLANDIA;365
10;156;1384;CENTRO DE EDUCAÇÃO INFANTIL 01 - RF I;389
10;157;1210;CENTRO EDUCACIONAL 02  RIACHO FUNDO I;377
10;158;1201;ESCOLA CLASSE 1 CANDANGOLANDIA;277
10;159;1198;CENTRO DE ENSINO TELEBRASILIA;388
10;160;1295;ESCOLA SALESIANA SAO DOMINGOS SAVIO;343
10;161;1252;CENTRO DE EDUCACAO INFANTIL DO RIACHO FUNDO II;391
10;162;1210;CENTRO EDUCACIONAL 02  RIACHO FUNDO I;378
10;163;1155;CENTRO EDUCACIONAL  VARGEM BONITA;369
10;164;1228;CENTRO EDUCACIONAL INFANTIL DA CANDANGOLANDIA;365
10;165;1295;ESCOLA SALESIANA SAO DOMINGOS SAVIO;344
10;166;1384;CENTRO DE EDUCAÇÃO INFANTIL 01 - RF I;385
10;167;1252;CENTRO DE EDUCACAO INFANTIL DO RIACHO FUNDO II;393
10;168;1309;COLEGIO ISAAC NEWTON;346
10;169;1163;ESCOLA CLASSE AGROVILA II;294
10;170;1244;ESCOLA CLASSE 1 DO RIACHO FUNDO II;384
10;171;1228;CENTRO EDUCACIONAL INFANTIL DA CANDANGOLANDIA;365
10;172;1295;ESCOLA SALESIANA SAO DOMINGOS SAVIO;340
10;173;1252;CENTRO DE EDUCACAO INFANTIL DO RIACHO FUNDO II;393
10;174;1384;CENTRO DE EDUCAÇÃO INFANTIL 01 - RF I;387
10;175;1198;CENTRO DE ENSINO TELEBRASILIA;377
10;176;1309;COLEGIO ISAAC NEWTON;345
10;177;1040;CENTRO DE EDUCACAO INFANTIL DO NÚCLEO BANDEIRANTE;352
10;178;1295;ESCOLA SALESIANA SAO DOMINGOS SAVIO;341
10;179;1066;CENTRO DE ENSINO FUNDAMENTAL 1;336
10;180;1252;CENTRO DE EDUCACAO INFANTIL DO RIACHO FUNDO II;392
10;181;1309;COLEGIO ISAAC NEWTON;345
10;182;1074;CENTRO EDUCACIONAL AGROURBANO IPÊ;368
10;183;1155;CENTRO EDUCACIONAL  VARGEM BONITA;370
10;184;1163;ESCOLA CLASSE AGROVILA II;294
10;185;1384;CENTRO DE EDUCAÇÃO INFANTIL 01 - RF I;388
10;186;1295;ESCOLA SALESIANA SAO DOMINGOS SAVIO;345
10;187;1201;ESCOLA CLASSE 1 CANDANGOLANDIA;271
10;188;1244;ESCOLA CLASSE 1 DO RIACHO FUNDO II;380
10;189;1252;CENTRO DE EDUCACAO INFANTIL DO RIACHO FUNDO II;391
10;190;1295;ESCOLA SALESIANA SAO DOMINGOS SAVIO;343
10;191;1309;COLEGIO ISAAC NEWTON;347
10;192;1384;CENTRO DE EDUCAÇÃO INFANTIL 01 - RF I;387
10;193;1198;CENTRO DE ENSINO TELEBRASILIA;381
10;194;1201;ESCOLA CLASSE 1 CANDANGOLANDIA;272
10;195;1210;CENTRO EDUCACIONAL 02  RIACHO FUNDO I;383
10;196;1279;JARDIM DE INFANCIA 1 DO RIACHO FUNDO II;366
10;197;1295;ESCOLA SALESIANA SAO DOMINGOS SAVIO;341
10;198;1309;COLEGIO ISAAC NEWTON;343
10;199;1384;CENTRO DE EDUCAÇÃO INFANTIL 01 - RF I;387
10;200;1066;CENTRO DE ENSINO FUNDAMENTAL 1;339
10;201;1317;ESCOLA CLASSE 2 DO RIACHO FUNDO II;376
10;202;1325;CENTRO EDUCATIVO PASSIONISTA MÃE DA SANTA ESPERANÇA;346
10;203;1279;JARDIM DE INFANCIA 1 DO RIACHO FUNDO II;366
10;204;1384;CENTRO DE EDUCAÇÃO INFANTIL 01 - RF I;387
10;205;1414;CIL-CENTRO INTERESCOLAR DE LINGUAS DO RIACHO FUNDO I;329
10;206;1244;ESCOLA CLASSE 1 DO RIACHO FUNDO II;382
10;207;1317;ESCOLA CLASSE 2 DO RIACHO FUNDO II;377
10;208;1309;COLEGIO ISAAC NEWTON;343
10;209;1333;CENTRO DE ENSINO MÉDIO - JULIA KUBITSCHEK;360
10;210;1325;CENTRO EDUCATIVO PASSIONISTA MÃE DA SANTA ESPERANÇA;351
10;211;1228;CENTRO EDUCACIONAL INFANTIL DA CANDANGOLANDIA;356
10;212;1279;JARDIM DE INFANCIA 1 DO RIACHO FUNDO II;367
10;213;1384;CENTRO DE EDUCAÇÃO INFANTIL 01 - RF I;388
10;214;1317;ESCOLA CLASSE 2 DO RIACHO FUNDO II;381
10;215;1155;CENTRO EDUCACIONAL  VARGEM BONITA;368
10;216;1414;CIL-CENTRO INTERESCOLAR DE LINGUAS DO RIACHO FUNDO I;330
10;217;1147;CENTRO DE ENSINO FUNDAMENTAL METROPOLITANA;369
10;218;1309;COLEGIO ISAAC NEWTON;343
10;219;1031;COLEGIO LA SALLE;359
10;220;1317;ESCOLA CLASSE 2 DO RIACHO FUNDO II;378
10;221;1295;ESCOLA SALESIANA SAO DOMINGOS SAVIO;343
10;222;1384;CENTRO DE EDUCAÇÃO INFANTIL 01 - RF I;381
10;223;1244;ESCOLA CLASSE 1 DO RIACHO FUNDO II;386
10;224;1325;CENTRO EDUCATIVO PASSIONISTA MÃE DA SANTA ESPERANÇA;348
10;225;1333;CENTRO DE ENSINO MÉDIO - JULIA KUBITSCHEK;371
10;226;1236;CENTRO DE ENSINO FUNDAMENTAL 01 DO RIACHO FUNDO II;393
10;227;1074;CENTRO EDUCACIONAL AGROURBANO IPÊ;369
10;228;1317;ESCOLA CLASSE 2 DO RIACHO FUNDO II;381
10;229;1309;COLEGIO ISAAC NEWTON;345
10;230;1414;CIL-CENTRO INTERESCOLAR DE LINGUAS DO RIACHO FUNDO I;324
10;231;1163;ESCOLA CLASSE AGROVILA II;293
10;232;1201;ESCOLA CLASSE 1 CANDANGOLANDIA;279
10;233;1031;COLEGIO LA SALLE;366
10;234;1325;CENTRO EDUCATIVO PASSIONISTA MÃE DA SANTA ESPERANÇA;345
10;235;1317;ESCOLA CLASSE 2 DO RIACHO FUNDO II;368
10;236;1414;CIL-CENTRO INTERESCOLAR DE LINGUAS DO RIACHO FUNDO I;326
10;237;1325;CENTRO EDUCATIVO PASSIONISTA MÃE DA SANTA ESPERANÇA;348
10;238;1350;CENTRO ENSINO MEDIO 01 RFII (ANTIGO CED 01 RFII);388
10;239;1341;CENTRO DE ENSINO FUNDAMENTAL LOBO GUARA;381
10;240;1244;ESCOLA CLASSE 1 DO RIACHO FUNDO II;375
10;241;1317;ESCOLA CLASSE 2 DO RIACHO FUNDO II;376
10;242;1333;CENTRO DE ENSINO MÉDIO - JULIA KUBITSCHEK;367
10;243;1155;CENTRO EDUCACIONAL  VARGEM BONITA;367
10;244;1295;ESCOLA SALESIANA SAO DOMINGOS SAVIO;343
10;245;1325;CENTRO EDUCATIVO PASSIONISTA MÃE DA SANTA ESPERANÇA;350
10;246;1228;CENTRO EDUCACIONAL INFANTIL DA CANDANGOLANDIA;355
10;247;1244;ESCOLA CLASSE 1 DO RIACHO FUNDO II;383
10;248;1325;CENTRO EDUCATIVO PASSIONISTA MÃE DA SANTA ESPERANÇA;349
10;249;1414;CIL-CENTRO INTERESCOLAR DE LINGUAS DO RIACHO FUNDO I;326
10;250;1325;CENTRO EDUCATIVO PASSIONISTA MÃE DA SANTA ESPERANÇA;351
10;251;1333;CENTRO DE ENSINO MÉDIO - JULIA KUBITSCHEK;368
10;252;1325;CENTRO EDUCATIVO PASSIONISTA MÃE DA SANTA ESPERANÇA;349
10;253;1155;CENTRO EDUCACIONAL  VARGEM BONITA;367
10;254;1341;CENTRO DE ENSINO FUNDAMENTAL LOBO GUARA;385
10;255;1198;CENTRO DE ENSINO TELEBRASILIA;386
10;256;1260;ESCOLA CLASSE VERDE DO RIACHO FUNDO I;393
10;257;1244;ESCOLA CLASSE 1 DO RIACHO FUNDO II;385
10;258;1210;CENTRO EDUCACIONAL 02  RIACHO FUNDO I;382
10;259;1325;CENTRO EDUCATIVO PASSIONISTA MÃE DA SANTA ESPERANÇA;351
10;260;1350;CENTRO ENSINO MEDIO 01 RFII (ANTIGO CED 01 RFII);377
10;261;1031;COLEGIO LA SALLE;362
10;262;1244;ESCOLA CLASSE 1 DO RIACHO FUNDO II;387
10;263;1155;CENTRO EDUCACIONAL  VARGEM BONITA;368
10;264;1341;CENTRO DE ENSINO FUNDAMENTAL LOBO GUARA;379
10;265;1244;ESCOLA CLASSE 1 DO RIACHO FUNDO II;386
10;266;1260;ESCOLA CLASSE VERDE DO RIACHO FUNDO I;396
10;267;1031;COLEGIO LA SALLE;366
10;268;1333;CENTRO DE ENSINO MÉDIO - JULIA KUBITSCHEK;373
10;269;1368;ESCOLA CLASSE 02 DO RIACHO FUNDO I;382
10;270;1414;CIL-CENTRO INTERESCOLAR DE LINGUAS DO RIACHO FUNDO I;331
10;271;1090;CENTRO DE ENSINO MÉDIO URSO BRANCO;387
10;272;1341;CENTRO DE ENSINO FUNDAMENTAL LOBO GUARA;387
10;273;1350;CENTRO ENSINO MEDIO 01 RFII (ANTIGO CED 01 RFII);374
10;274;1368;ESCOLA CLASSE 02 DO RIACHO FUNDO I;386
10;275;1341;CENTRO DE ENSINO FUNDAMENTAL LOBO GUARA;383
10;276;1414;CIL-CENTRO INTERESCOLAR DE LINGUAS DO RIACHO FUNDO I;321
10;277;1155;CENTRO EDUCACIONAL  VARGEM BONITA;370
10;278;1341;CENTRO DE ENSINO FUNDAMENTAL LOBO GUARA;386
10;279;1325;CENTRO EDUCATIVO PASSIONISTA MÃE DA SANTA ESPERANÇA;348
10;280;1198;CENTRO DE ENSINO TELEBRASILIA;386
10;281;1309;COLEGIO ISAAC NEWTON;341
10;282;1295;ESCOLA SALESIANA SAO DOMINGOS SAVIO;344
10;283;1341;CENTRO DE ENSINO FUNDAMENTAL LOBO GUARA;382
10;284;1350;CENTRO ENSINO MEDIO 01 RFII (ANTIGO CED 01 RFII);381
10;285;1210;CENTRO EDUCACIONAL 02  RIACHO FUNDO I;377
10;286;1171;CENTRO DE ENSINO MÉDIO 1 DO RIACHO FUNDO I;378
10;287;1341;CENTRO DE ENSINO FUNDAMENTAL LOBO GUARA;385
10;288;1333;CENTRO DE ENSINO MÉDIO - JULIA KUBITSCHEK;366
10;289;1171;CENTRO DE ENSINO MÉDIO 1 DO RIACHO FUNDO I;384
10;290;1341;CENTRO DE ENSINO FUNDAMENTAL LOBO GUARA;383
10;291;1350;CENTRO ENSINO MEDIO 01 RFII (ANTIGO CED 01 RFII);379
10;292;1155;CENTRO EDUCACIONAL  VARGEM BONITA;367
10;293;1333;CENTRO DE ENSINO MÉDIO - JULIA KUBITSCHEK;363
10;294;1252;CENTRO DE EDUCACAO INFANTIL DO RIACHO FUNDO II;392
10;295;1279;JARDIM DE INFANCIA 1 DO RIACHO FUNDO II;371
10;296;1368;ESCOLA CLASSE 02 DO RIACHO FUNDO I;382
10;297;1317;ESCOLA CLASSE 2 DO RIACHO FUNDO II;377
10;298;1325;CENTRO EDUCATIVO PASSIONISTA MÃE DA SANTA ESPERANÇA;349
10;299;1317;ESCOLA CLASSE 2 DO RIACHO FUNDO II;376
10;300;1090;CENTRO DE ENSINO MÉDIO URSO BRANCO;388
10;301;1309;COLEGIO ISAAC NEWTON;347
10;302;1252;CENTRO DE EDUCACAO INFANTIL DO RIACHO FUNDO II;388
10;303;1074;CENTRO EDUCACIONAL AGROURBANO IPÊ;367
10;304;1155;CENTRO EDUCACIONAL  VARGEM BONITA;367
10;305;1171;CENTRO DE ENSINO MÉDIO 1 DO RIACHO FUNDO I;378
10;306;1317;ESCOLA CLASSE 2 DO RIACHO FUNDO II;376
10;307;1295;ESCOLA SALESIANA SAO DOMINGOS SAVIO;341
10;308;1252;CENTRO DE EDUCACAO INFANTIL DO RIACHO FUNDO II;386
10;309;1325;CENTRO EDUCATIVO PASSIONISTA MÃE DA SANTA ESPERANÇA;344
10;310;1350;CENTRO ENSINO MEDIO 01 RFII (ANTIGO CED 01 RFII);370
10;311;1333;CENTRO DE ENSINO MÉDIO - JULIA KUBITSCHEK;361
10;312;1252;CENTRO DE EDUCACAO INFANTIL DO RIACHO FUNDO II;306
10;313;1252;CENTRO DE EDUCACAO INFANTIL DO RIACHO FUNDO II;315
10;314;1392;INSTITUTO FEDERAL DE BRASÍLIA - CAMPUS RIACHO FUNDO;391
10;315;1392;INSTITUTO FEDERAL DE BRASÍLIA - CAMPUS RIACHO FUNDO;382
10;316;1252;CENTRO DE EDUCACAO INFANTIL DO RIACHO FUNDO II;391
10;317;1392;INSTITUTO FEDERAL DE BRASÍLIA - CAMPUS RIACHO FUNDO;385
10;318;1350;CENTRO ENSINO MEDIO 01 RFII (ANTIGO CED 01 RFII);378
10;319;1392;INSTITUTO FEDERAL DE BRASÍLIA - CAMPUS RIACHO FUNDO;388
10;320;1260;ESCOLA CLASSE VERDE DO RIACHO FUNDO I;308
10;321;1406;COLÉGIO EDUCANDÁRIO DE FÁTIMA;398
10;322;1350;CENTRO ENSINO MEDIO 01 RFII (ANTIGO CED 01 RFII);375
10;323;1236;CENTRO DE ENSINO FUNDAMENTAL 01 DO RIACHO FUNDO II;380
10;324;1260;ESCOLA CLASSE VERDE DO RIACHO FUNDO I;307
10;325;1406;COLÉGIO EDUCANDÁRIO DE FÁTIMA;380
10;326;1244;ESCOLA CLASSE 1 DO RIACHO FUNDO II;387
10;327;1392;INSTITUTO FEDERAL DE BRASÍLIA - CAMPUS RIACHO FUNDO;389
10;328;1155;CENTRO EDUCACIONAL  VARGEM BONITA;369
10;329;1236;CENTRO DE ENSINO FUNDAMENTAL 01 DO RIACHO FUNDO II;378
10;330;1260;ESCOLA CLASSE VERDE DO RIACHO FUNDO I;390
10;331;1236;CENTRO DE ENSINO FUNDAMENTAL 01 DO RIACHO FUNDO II;385
10;332;1236;CENTRO DE ENSINO FUNDAMENTAL 01 DO RIACHO FUNDO II;382
10;333;1341;CENTRO DE ENSINO FUNDAMENTAL LOBO GUARA;389
10;334;1406;COLÉGIO EDUCANDÁRIO DE FÁTIMA;381
10;335;1244;ESCOLA CLASSE 1 DO RIACHO FUNDO II;378
10;336;1350;CENTRO ENSINO MEDIO 01 RFII (ANTIGO CED 01 RFII);374
10;337;1406;COLÉGIO EDUCANDÁRIO DE FÁTIMA;383
10;338;1341;CENTRO DE ENSINO FUNDAMENTAL LOBO GUARA;380
10;339;1104;ESCOLA CLASSE 3;274
10;340;1422;CAIC JUSCELINO KUBITSCHEK DO NUCLEO BANDEIRANTE;390
10;341;1406;COLÉGIO EDUCANDÁRIO DE FÁTIMA;394
10;342;1341;CENTRO DE ENSINO FUNDAMENTAL LOBO GUARA;386
10;343;1090;CENTRO DE ENSINO MÉDIO URSO BRANCO;399
10;344;1244;ESCOLA CLASSE 1 DO RIACHO FUNDO II;387
10;345;1350;CENTRO ENSINO MEDIO 01 RFII (ANTIGO CED 01 RFII);380
10;346;1422;CAIC JUSCELINO KUBITSCHEK DO NUCLEO BANDEIRANTE;260
10;347;1236;CENTRO DE ENSINO FUNDAMENTAL 01 DO RIACHO FUNDO II;333
10;348;1090;CENTRO DE ENSINO MÉDIO URSO BRANCO;214
10;349;1252;CENTRO DE EDUCACAO INFANTIL DO RIACHO FUNDO II;230
10;350;1260;ESCOLA CLASSE VERDE DO RIACHO FUNDO I;209
11;1;1015;CENTRO DE ENSINO MÉDIO INTEGRADO DO CRUZEIRO - CEMI DO CRUZEIRO;292
11;2;1015;CENTRO DE ENSINO MÉDIO INTEGRADO DO CRUZEIRO - CEMI DO CRUZEIRO;286
11;3;1015;CENTRO DE ENSINO MÉDIO INTEGRADO DO CRUZEIRO - CEMI DO CRUZEIRO;292
11;4;1015;CENTRO DE ENSINO MÉDIO INTEGRADO DO CRUZEIRO - CEMI DO CRUZEIRO;288
11;5;1015;CENTRO DE ENSINO MÉDIO INTEGRADO DO CRUZEIRO - CEMI DO CRUZEIRO;289
11;6;1015;CENTRO DE ENSINO MÉDIO INTEGRADO DO CRUZEIRO - CEMI DO CRUZEIRO;285
11;7;1015;CENTRO DE ENSINO MÉDIO INTEGRADO DO CRUZEIRO - CEMI DO CRUZEIRO;288
11;8;1015;CENTRO DE ENSINO MÉDIO INTEGRADO DO CRUZEIRO - CEMI DO CRUZEIRO;289
11;9;1015;CENTRO DE ENSINO MÉDIO INTEGRADO DO CRUZEIRO - CEMI DO CRUZEIRO;288
11;10;1015;CENTRO DE ENSINO MÉDIO INTEGRADO DO CRUZEIRO - CEMI DO CRUZEIRO;287
11;11;1031;CENTRO DE ENSINO FUNDAMENTAL 01;297
11;12;1031;CENTRO DE ENSINO FUNDAMENTAL 01;296
11;13;1031;CENTRO DE ENSINO FUNDAMENTAL 01;300
11;14;1031;CENTRO DE ENSINO FUNDAMENTAL 01;297
11;15;1031;CENTRO DE ENSINO FUNDAMENTAL 01;299
11;16;1031;CENTRO DE ENSINO FUNDAMENTAL 01;300
11;17;1031;CENTRO DE ENSINO FUNDAMENTAL 01;300
11;18;1031;CENTRO DE ENSINO FUNDAMENTAL 01;300
11;19;1031;CENTRO DE ENSINO FUNDAMENTAL 01;299
11;20;1031;CENTRO DE ENSINO FUNDAMENTAL 01;294
11;21;1031;CENTRO DE ENSINO FUNDAMENTAL 01;299
11;22;1031;CENTRO DE ENSINO FUNDAMENTAL 01;295
11;23;1031;CENTRO DE ENSINO FUNDAMENTAL 01;301
11;24;1040;CENTRO DE ENSINO FUNDAMENTAL ATHOS BULCÃO;305
11;25;1040;CENTRO DE ENSINO FUNDAMENTAL ATHOS BULCÃO;303
11;26;1040;CENTRO DE ENSINO FUNDAMENTAL ATHOS BULCÃO;305
11;27;1040;CENTRO DE ENSINO FUNDAMENTAL ATHOS BULCÃO;305
11;28;1040;CENTRO DE ENSINO FUNDAMENTAL ATHOS BULCÃO;304
11;29;1040;CENTRO DE ENSINO FUNDAMENTAL ATHOS BULCÃO;302
11;30;1040;CENTRO DE ENSINO FUNDAMENTAL ATHOS BULCÃO;303
11;31;1040;CENTRO DE ENSINO FUNDAMENTAL ATHOS BULCÃO;301
11;32;1040;CENTRO DE ENSINO FUNDAMENTAL ATHOS BULCÃO;303
11;33;1040;CENTRO DE ENSINO FUNDAMENTAL ATHOS BULCÃO;303
11;34;1040;CENTRO DE ENSINO FUNDAMENTAL ATHOS BULCÃO;302
11;35;1058;ESCOLA CLASSE 05;291
11;36;1058;ESCOLA CLASSE 05;292
11;37;1058;ESCOLA CLASSE 05;291
11;38;1058;ESCOLA CLASSE 05;291
11;39;1058;ESCOLA CLASSE 05;292
11;40;1058;ESCOLA CLASSE 05;290
11;41;1058;ESCOLA CLASSE 05;292
11;42;1058;ESCOLA CLASSE 05;293
11;43;1058;ESCOLA CLASSE 05;290
11;44;1120;CENTRO EDUCACIONAL 02;314
11;45;1120;CENTRO EDUCACIONAL 02;312
11;46;1120;CENTRO EDUCACIONAL 02;314
11;47;1120;CENTRO EDUCACIONAL 02;316
11;48;1120;CENTRO EDUCACIONAL 02;315
11;49;1120;CENTRO EDUCACIONAL 02;316
11;50;1120;CENTRO EDUCACIONAL 02;316
11;51;1120;CENTRO EDUCACIONAL 02;314
11;52;1120;CENTRO EDUCACIONAL 02;315
11;53;1120;CENTRO EDUCACIONAL 02;315
11;54;1074;ESCOLA CLASSE 04;300
11;55;1074;ESCOLA CLASSE 04;300
11;56;1074;ESCOLA CLASSE 04;299
11;57;1074;ESCOLA CLASSE 04;298
11;58;1074;ESCOLA CLASSE 04;297
11;59;1074;ESCOLA CLASSE 04;296
11;60;1074;ESCOLA CLASSE 04;295
11;61;1082;ESCOLA CLASSE 06;304
11;62;1082;ESCOLA CLASSE 06;304
11;63;1082;ESCOLA CLASSE 06;303
11;64;1082;ESCOLA CLASSE 06;304
11;65;1082;ESCOLA CLASSE 06;306
11;66;1082;ESCOLA CLASSE 06;306
11;67;1082;ESCOLA CLASSE 06;301
11;68;1082;ESCOLA CLASSE 06;304
11;69;1082;ESCOLA CLASSE 06;302
11;70;1082;ESCOLA CLASSE 06;305
11;71;1082;ESCOLA CLASSE 06;301
11;72;1082;ESCOLA CLASSE 06;301
11;73;1082;ESCOLA CLASSE 06;305
11;74;1082;ESCOLA CLASSE 06;300
11;75;1082;ESCOLA CLASSE 06;303
11;76;1120;CENTRO EDUCACIONAL 02;313
11;77;1120;CENTRO EDUCACIONAL 02;317
11;78;1120;CENTRO EDUCACIONAL 02;317
11;79;1090;ESCOLA CLASSE 08;321
11;80;1090;ESCOLA CLASSE 08;321
11;81;1090;ESCOLA CLASSE 08;324
11;82;1090;ESCOLA CLASSE 08;323
11;83;1090;ESCOLA CLASSE 08;322
11;84;1090;ESCOLA CLASSE 08;317
11;85;1090;ESCOLA CLASSE 08;321
11;86;1090;ESCOLA CLASSE 08;327
11;87;1090;ESCOLA CLASSE 08;322
11;88;1090;ESCOLA CLASSE 08;326
11;89;1090;ESCOLA CLASSE 08;324
11;90;1090;ESCOLA CLASSE 08;326
11;91;1090;ESCOLA CLASSE 08;320
11;92;1090;ESCOLA CLASSE 08;324
11;93;1090;ESCOLA CLASSE 08;325
11;94;1090;ESCOLA CLASSE 08;325
11;95;1090;ESCOLA CLASSE 08;324
11;96;1090;ESCOLA CLASSE 08;324
11;97;1104;ESCOLA CLASSE DA VILA DO RCG;275
11;98;1104;ESCOLA CLASSE DA VILA DO RCG;274
11;99;1112;ESCOLA CLASSE SMU;312
11;100;1112;ESCOLA CLASSE SMU;302
11;101;1112;ESCOLA CLASSE SMU;303
11;102;1112;ESCOLA CLASSE SMU;304
11;103;1112;ESCOLA CLASSE SMU;307
11;104;1031;CENTRO DE ENSINO FUNDAMENTAL 01;298
11;105;1120;CENTRO EDUCACIONAL 02;315
11;106;1139;MAPLE BEAR ( ANTIGO CANDANGUINHO - CECAN );322
11;107;1120;CENTRO EDUCACIONAL 02;318
11;108;1139;MAPLE BEAR ( ANTIGO CANDANGUINHO - CECAN );323
11;109;1031;CENTRO DE ENSINO FUNDAMENTAL 01;297
11;110;1120;CENTRO EDUCACIONAL 02;312
11;111;1139;MAPLE BEAR ( ANTIGO CANDANGUINHO - CECAN );317
11;112;1031;CENTRO DE ENSINO FUNDAMENTAL 01;297
11;113;1139;MAPLE BEAR ( ANTIGO CANDANGUINHO - CECAN );322
11;114;1120;CENTRO EDUCACIONAL 02;315
11;115;1112;ESCOLA CLASSE SMU;311
11;116;1139;MAPLE BEAR ( ANTIGO CANDANGUINHO - CECAN );316
11;117;1031;CENTRO DE ENSINO FUNDAMENTAL 01;297
11;118;1139;MAPLE BEAR ( ANTIGO CANDANGUINHO - CECAN );323
11;119;1139;MAPLE BEAR ( ANTIGO CANDANGUINHO - CECAN );320
11;120;1139;MAPLE BEAR ( ANTIGO CANDANGUINHO - CECAN );319
11;121;1139;MAPLE BEAR ( ANTIGO CANDANGUINHO - CECAN );317
11;122;1040;CENTRO DE ENSINO FUNDAMENTAL ATHOS BULCÃO;304
11;123;1040;CENTRO DE ENSINO FUNDAMENTAL ATHOS BULCÃO;302
11;124;1139;MAPLE BEAR ( ANTIGO CANDANGUINHO - CECAN );318
11;125;1139;MAPLE BEAR ( ANTIGO CANDANGUINHO - CECAN );327
11;127;1104;ESCOLA CLASSE DA VILA DO RCG;273
11;128;1139;MAPLE BEAR ( ANTIGO CANDANGUINHO - CECAN );315
11;129;1147;COLÉGIO DROMOS;314
11;130;1155;COLEGIO SOMA;293
11;131;1163;COLEGIO CIMAN;290
11;132;1147;COLÉGIO DROMOS;300
11;133;1147;COLÉGIO DROMOS;305
11;134;1155;COLEGIO SOMA;295
11;135;1163;COLEGIO CIMAN;289
11;136;1147;COLÉGIO DROMOS;304
11;137;1031;CENTRO DE ENSINO FUNDAMENTAL 01;297
11;138;1031;CENTRO DE ENSINO FUNDAMENTAL 01;296
11;139;1040;CENTRO DE ENSINO FUNDAMENTAL ATHOS BULCÃO;301
11;140;1171;CASA THOMAS JEFFERSON;321
11;141;1155;COLEGIO SOMA;292
11;142;1147;COLÉGIO DROMOS;304
11;143;1163;COLEGIO CIMAN;289
11;144;1171;CASA THOMAS JEFFERSON;324
11;145;1147;COLÉGIO DROMOS;309
11;146;1155;COLEGIO SOMA;293
11;147;1147;COLÉGIO DROMOS;300
11;148;1163;COLEGIO CIMAN;291
11;149;1171;CASA THOMAS JEFFERSON;325
11;150;1155;COLEGIO SOMA;294
11;151;1147;COLÉGIO DROMOS;304
11;152;1171;CASA THOMAS JEFFERSON;322
11;153;1147;COLÉGIO DROMOS;310
11;154;1163;COLEGIO CIMAN;289
11;155;1155;COLEGIO SOMA;292
11;156;1147;COLÉGIO DROMOS;308
11;157;1171;CASA THOMAS JEFFERSON;327
11;158;1104;ESCOLA CLASSE DA VILA DO RCG;275
11;159;1163;COLEGIO CIMAN;290
11;160;1171;CASA THOMAS JEFFERSON;320
11;161;1147;COLÉGIO DROMOS;303
11;162;1120;CENTRO EDUCACIONAL 02;317
11;163;1074;ESCOLA CLASSE 04;298
11;164;1163;COLEGIO CIMAN;290
11;165;1171;CASA THOMAS JEFFERSON;323
11;166;1147;COLÉGIO DROMOS;309
11;167;1155;COLEGIO SOMA;292
11;168;1171;CASA THOMAS JEFFERSON;320
11;169;1163;COLEGIO CIMAN;290
11;170;1171;CASA THOMAS JEFFERSON;327
11;171;1031;CENTRO DE ENSINO FUNDAMENTAL 01;296
11;172;1040;CENTRO DE ENSINO FUNDAMENTAL ATHOS BULCÃO;303
11;173;1112;ESCOLA CLASSE SMU;305
11;174;1120;CENTRO EDUCACIONAL 02;312
11;175;1163;COLEGIO CIMAN;291
11;176;1171;CASA THOMAS JEFFERSON;325
11;177;1139;MAPLE BEAR ( ANTIGO CANDANGUINHO - CECAN );317
11;178;1155;COLEGIO SOMA;295
11;179;1171;CASA THOMAS JEFFERSON;320
11;180;1163;COLEGIO CIMAN;289
11;181;1120;CENTRO EDUCACIONAL 02;315
11;182;1171;CASA THOMAS JEFFERSON;320
11;183;1163;COLEGIO CIMAN;291
11;184;1171;CASA THOMAS JEFFERSON;324
11;185;1155;COLEGIO SOMA;293
11;186;1171;CASA THOMAS JEFFERSON;326
11;187;1171;CASA THOMAS JEFFERSON;326
11;188;1163;COLEGIO CIMAN;290
11;189;1040;CENTRO DE ENSINO FUNDAMENTAL ATHOS BULCÃO;303
11;190;1015;CENTRO DE ENSINO MÉDIO INTEGRADO DO CRUZEIRO - CEMI DO CRUZEIRO;285
11;191;1155;COLEGIO SOMA;291
11;192;1171;CASA THOMAS JEFFERSON;319
11;193;1171;CASA THOMAS JEFFERSON;323
11;194;1163;COLEGIO CIMAN;290
11;195;1171;CASA THOMAS JEFFERSON;323
11;196;1171;CASA THOMAS JEFFERSON;319
11;197;1040;CENTRO DE ENSINO FUNDAMENTAL ATHOS BULCÃO;304
11;198;1015;CENTRO DE ENSINO MÉDIO INTEGRADO DO CRUZEIRO - CEMI DO CRUZEIRO;288
11;199;1171;CASA THOMAS JEFFERSON;324
11;200;1163;COLEGIO CIMAN;290
11;201;1040;CENTRO DE ENSINO FUNDAMENTAL ATHOS BULCÃO;302
11;202;1163;COLEGIO CIMAN;291
11;203;1163;COLEGIO CIMAN;291
11;204;1163;COLEGIO CIMAN;291
11;205;1015;CENTRO DE ENSINO MÉDIO INTEGRADO DO CRUZEIRO - CEMI DO CRUZEIRO;290
11;206;1163;COLEGIO CIMAN;291
11;207;1163;COLEGIO CIMAN;291
11;208;1074;ESCOLA CLASSE 04;300
11;209;1040;CENTRO DE ENSINO FUNDAMENTAL ATHOS BULCÃO;302
11;210;1163;COLEGIO CIMAN;288
11;211;1163;COLEGIO CIMAN;291
11;212;1163;COLEGIO CIMAN;289
11;213;1015;CENTRO DE ENSINO MÉDIO INTEGRADO DO CRUZEIRO - CEMI DO CRUZEIRO;289
11;214;1163;COLEGIO CIMAN;290
11;215;1139;MAPLE BEAR ( ANTIGO CANDANGUINHO - CECAN );318
11;216;1139;MAPLE BEAR ( ANTIGO CANDANGUINHO - CECAN );318
11;217;1139;MAPLE BEAR ( ANTIGO CANDANGUINHO - CECAN );324
11;218;1139;MAPLE BEAR ( ANTIGO CANDANGUINHO - CECAN );318
11;219;1163;COLEGIO CIMAN;291
11;220;1139;MAPLE BEAR ( ANTIGO CANDANGUINHO - CECAN );323
11;221;1139;MAPLE BEAR ( ANTIGO CANDANGUINHO - CECAN );320
11;222;1139;MAPLE BEAR ( ANTIGO CANDANGUINHO - CECAN );324
11;223;1139;MAPLE BEAR ( ANTIGO CANDANGUINHO - CECAN );320
11;224;1163;COLEGIO CIMAN;287
11;225;1163;COLEGIO CIMAN;288
11;226;1163;COLEGIO CIMAN;288
11;227;1163;COLEGIO CIMAN;291
11;228;1163;COLEGIO CIMAN;288
11;229;1180;ESCOLA CANADENSE DE BRASÍLIA ( ANTIGA MAPLE BEAR );321
11;230;1180;ESCOLA CANADENSE DE BRASÍLIA ( ANTIGA MAPLE BEAR );326
11;231;1180;ESCOLA CANADENSE DE BRASÍLIA ( ANTIGA MAPLE BEAR );323
11;232;1180;ESCOLA CANADENSE DE BRASÍLIA ( ANTIGA MAPLE BEAR );325
11;233;1180;ESCOLA CANADENSE DE BRASÍLIA ( ANTIGA MAPLE BEAR );325
11;234;1180;ESCOLA CANADENSE DE BRASÍLIA ( ANTIGA MAPLE BEAR );327
11;235;1180;ESCOLA CANADENSE DE BRASÍLIA ( ANTIGA MAPLE BEAR );323
11;236;1180;ESCOLA CANADENSE DE BRASÍLIA ( ANTIGA MAPLE BEAR );324
11;237;1180;ESCOLA CANADENSE DE BRASÍLIA ( ANTIGA MAPLE BEAR );319
11;238;1180;ESCOLA CANADENSE DE BRASÍLIA ( ANTIGA MAPLE BEAR );328
11;239;1058;ESCOLA CLASSE 05;290
11;240;1074;ESCOLA CLASSE 04;300
11;241;1112;ESCOLA CLASSE SMU;308
11;242;1180;ESCOLA CANADENSE DE BRASÍLIA ( ANTIGA MAPLE BEAR );318
11;243;1180;ESCOLA CANADENSE DE BRASÍLIA ( ANTIGA MAPLE BEAR );323
11;244;1180;ESCOLA CANADENSE DE BRASÍLIA ( ANTIGA MAPLE BEAR );321
11;245;1180;ESCOLA CANADENSE DE BRASÍLIA ( ANTIGA MAPLE BEAR );326
11;246;1180;ESCOLA CANADENSE DE BRASÍLIA ( ANTIGA MAPLE BEAR );318
11;247;1180;ESCOLA CANADENSE DE BRASÍLIA ( ANTIGA MAPLE BEAR );317
11;248;1236;COLEGIO IN-NOVA ( ANTIGO COC );358
11;249;1236;COLEGIO IN-NOVA ( ANTIGO COC );361
11;250;1236;COLEGIO IN-NOVA ( ANTIGO COC );362
13;1;1015;CENTRO DE ENSINO FUNDAMENTAL 404;373
13;2;1015;CENTRO DE ENSINO FUNDAMENTAL 404;379
13;3;1015;CENTRO DE ENSINO FUNDAMENTAL 404;381
13;4;1015;CENTRO DE ENSINO FUNDAMENTAL 404;383
13;5;1015;CENTRO DE ENSINO FUNDAMENTAL 404;377
13;6;1015;CENTRO DE ENSINO FUNDAMENTAL 404;384
13;17;1031;ESCOLA CLASSE 403;336
13;18;1031;ESCOLA CLASSE 403;340
13;19;1031;ESCOLA CLASSE 403;339
13;20;1031;ESCOLA CLASSE 403;343
13;21;1031;ESCOLA CLASSE 403;336
13;22;1031;ESCOLA CLASSE 403;341
13;23;1031;ESCOLA CLASSE 403;340
13;24;1031;ESCOLA CLASSE 403;336
13;25;1031;ESCOLA CLASSE 403;337
13;26;1031;ESCOLA CLASSE 403;338
13;27;1031;ESCOLA CLASSE 403;342
13;28;1031;ESCOLA CLASSE 403;338
13;29;1155;ESCOLA CLASSE 407;230
13;30;1040;ESCOLA CLASSE 111;336
13;31;1040;ESCOLA CLASSE 111;338
13;32;1040;ESCOLA CLASSE 111;333
13;33;1040;ESCOLA CLASSE 111;342
13;34;1040;ESCOLA CLASSE 111;342
13;35;1040;ESCOLA CLASSE 111;337
13;36;1040;ESCOLA CLASSE 111;333
13;37;1040;ESCOLA CLASSE 111;334
13;38;1040;ESCOLA CLASSE 111;342
13;39;1040;ESCOLA CLASSE 111;339
13;40;1147;ESCOLA CLASSE 325;289
13;41;1147;ESCOLA CLASSE 325;286
13;42;1058;ESCOLA CLASSE 410;338
13;43;1058;ESCOLA CLASSE 410;337
13;44;1058;ESCOLA CLASSE 410;337
13;45;1058;ESCOLA CLASSE 410;340
13;46;1058;ESCOLA CLASSE 410;342
13;47;1058;ESCOLA CLASSE 410;339
13;65;1155;ESCOLA CLASSE 407;231
13;69;1244;CENTRO DE ENSINO FUNDAMENTAL 312;299
13;70;1147;ESCOLA CLASSE 325;289
13;71;1058;ESCOLA CLASSE 410;343
13;72;1678;CENTRO DE ENSINO FUNDAMENTAL 411;308
13;73;1198;ESCOLA CLASSE 425;283
13;74;1201;ESCOLA CLASSE 431;299
13;76;1244;CENTRO DE ENSINO FUNDAMENTAL 312;302
13;77;1058;ESCOLA CLASSE 410;342
13;78;1244;CENTRO DE ENSINO FUNDAMENTAL 312;299
13;81;1678;CENTRO DE ENSINO FUNDAMENTAL 411;305
13;82;1317;ESCOLA CLASSE 108;349
13;83;1325;CENTRO DE ENSINO FUNDAMENTAL 120;366
13;84;1341;ESCOLA CLASSE 303;355
13;85;1678;CENTRO DE ENSINO FUNDAMENTAL 411;308
13;86;1678;CENTRO DE ENSINO FUNDAMENTAL 411;303
13;87;1155;ESCOLA CLASSE 407;231
13;88;1147;ESCOLA CLASSE 325;282
13;89;1341;ESCOLA CLASSE 303;351
13;91;1155;ESCOLA CLASSE 407;227
13;95;1015;CENTRO DE ENSINO FUNDAMENTAL 404;376
13;99;1244;CENTRO DE ENSINO FUNDAMENTAL 312;303
13;102;1341;ESCOLA CLASSE 303;348
13;104;1147;ESCOLA CLASSE 325;285
13;105;1317;ESCOLA CLASSE 108;343
13;106;1198;ESCOLA CLASSE 425;279
13;107;1201;ESCOLA CLASSE 431;310
13;111;1201;ESCOLA CLASSE 431;310
13;112;1244;CENTRO DE ENSINO FUNDAMENTAL 312;301
13;113;1244;CENTRO DE ENSINO FUNDAMENTAL 312;301
13;116;1325;CENTRO DE ENSINO FUNDAMENTAL 120;361
13;119;1147;ESCOLA CLASSE 325;282
13;121;1198;ESCOLA CLASSE 425;278
13;122;1015;CENTRO DE ENSINO FUNDAMENTAL 404;379
13;123;1058;ESCOLA CLASSE 410;345
13;127;1201;ESCOLA CLASSE 431;306
13;131;1678;CENTRO DE ENSINO FUNDAMENTAL 411;308
13;133;1325;CENTRO DE ENSINO FUNDAMENTAL 120;366
13;134;1147;ESCOLA CLASSE 325;286
13;135;1198;ESCOLA CLASSE 425;277
13;136;1244;CENTRO DE ENSINO FUNDAMENTAL 312;303
13;137;1317;ESCOLA CLASSE 108;349
13;142;1147;ESCOLA CLASSE 325;288
13;146;1058;ESCOLA CLASSE 410;336
13;150;1678;CENTRO DE ENSINO FUNDAMENTAL 411;308
13;152;1155;ESCOLA CLASSE 407;227
13;153;1058;ESCOLA CLASSE 410;340
13;154;1244;CENTRO DE ENSINO FUNDAMENTAL 312;297
13;156;1678;CENTRO DE ENSINO FUNDAMENTAL 411;306
13;157;1015;CENTRO DE ENSINO FUNDAMENTAL 404;379
13;158;1201;ESCOLA CLASSE 431;311
13;164;1198;ESCOLA CLASSE 425;280
13;165;1244;CENTRO DE ENSINO FUNDAMENTAL 312;301
13;168;1155;ESCOLA CLASSE 407;227
13;170;1325;CENTRO DE ENSINO FUNDAMENTAL 120;362
13;171;1317;ESCOLA CLASSE 108;351
13;175;1015;CENTRO DE ENSINO FUNDAMENTAL 404;383
13;176;1147;ESCOLA CLASSE 325;287
13;177;1147;ESCOLA CLASSE 325;290
13;178;1244;CENTRO DE ENSINO FUNDAMENTAL 312;297
13;180;1201;ESCOLA CLASSE 431;309
13;181;1678;CENTRO DE ENSINO FUNDAMENTAL 411;307
13;182;1058;ESCOLA CLASSE 410;337
13;184;1147;ESCOLA CLASSE 325;283
13;185;1244;CENTRO DE ENSINO FUNDAMENTAL 312;302
13;188;1678;CENTRO DE ENSINO FUNDAMENTAL 411;304
13;195;1341;ESCOLA CLASSE 303;354
13;196;1198;ESCOLA CLASSE 425;280
13;197;1155;ESCOLA CLASSE 407;228
13;201;1015;CENTRO DE ENSINO FUNDAMENTAL 404;372
13;203;1317;ESCOLA CLASSE 108;346
13;209;1198;ESCOLA CLASSE 425;281
13;211;1325;CENTRO DE ENSINO FUNDAMENTAL 120;366
13;213;1058;ESCOLA CLASSE 410;343
13;215;1201;ESCOLA CLASSE 431;310
13;219;1198;ESCOLA CLASSE 425;281
13;220;1678;CENTRO DE ENSINO FUNDAMENTAL 411;308
13;221;1155;ESCOLA CLASSE 407;229
13;225;1015;CENTRO DE ENSINO FUNDAMENTAL 404;380
13;229;1244;CENTRO DE ENSINO FUNDAMENTAL 312;299
13;230;1201;ESCOLA CLASSE 431;309
13;233;1058;ESCOLA CLASSE 410;340
13;234;1317;ESCOLA CLASSE 108;349
13;240;1341;ESCOLA CLASSE 303;349
13;241;1325;CENTRO DE ENSINO FUNDAMENTAL 120;365
13;242;1678;CENTRO DE ENSINO FUNDAMENTAL 411;309
13;243;1155;ESCOLA CLASSE 407;227
13;245;1376;ESCOLA CLASSE 614;318
13;248;1198;ESCOLA CLASSE 425;274
13;249;1147;ESCOLA CLASSE 325;285
13;250;1244;CENTRO DE ENSINO FUNDAMENTAL 312;296
13;251;1422;ESCOLA CLASSE 604;366
13;252;1414;CENTRO DE ENSINO MÉDIO 414;357
13;257;1457;ESCOLA CLASSE 121;295
13;259;1449;ESCOLA CLASSE 318;344
13;263;1430;CENTRO DE ENSINO FUNDAMENTAL 619;353
13;264;1015;CENTRO DE ENSINO FUNDAMENTAL 404;381
13;269;1201;ESCOLA CLASSE 431;309
13;273;1414;CENTRO DE ENSINO MÉDIO 414;362
13;274;1198;ESCOLA CLASSE 425;280
13;275;1015;CENTRO DE ENSINO FUNDAMENTAL 404;381
13;276;1147;ESCOLA CLASSE 325;285
13;277;1678;CENTRO DE ENSINO FUNDAMENTAL 411;307
13;279;1317;ESCOLA CLASSE 108;347
13;280;1244;CENTRO DE ENSINO FUNDAMENTAL 312;300
13;281;1155;ESCOLA CLASSE 407;232
13;288;1325;CENTRO DE ENSINO FUNDAMENTAL 120;370
13;293;1449;ESCOLA CLASSE 318;345
13;295;1341;ESCOLA CLASSE 303;347
13;298;1155;ESCOLA CLASSE 407;224
13;299;1201;ESCOLA CLASSE 431;306
13;301;1015;CENTRO DE ENSINO FUNDAMENTAL 404;382
13;303;1422;ESCOLA CLASSE 604;363
13;304;1414;CENTRO DE ENSINO MÉDIO 414;368
13;305;1244;CENTRO DE ENSINO FUNDAMENTAL 312;303
13;307;1678;CENTRO DE ENSINO FUNDAMENTAL 411;310
13;310;1317;ESCOLA CLASSE 108;350
13;311;1155;ESCOLA CLASSE 407;231
13;312;1198;ESCOLA CLASSE 425;288
13;317;1538;CENTRO EDUCACIONAL MYRIAM ERVILHA;377
13;320;1244;CENTRO DE ENSINO FUNDAMENTAL 312;302
13;321;1457;ESCOLA CLASSE 121;287
13;324;1414;CENTRO DE ENSINO MÉDIO 414;366
13;326;1422;ESCOLA CLASSE 604;367
13;327;1147;ESCOLA CLASSE 325;281
13;332;1155;ESCOLA CLASSE 407;226
13;333;1325;CENTRO DE ENSINO FUNDAMENTAL 120;369
13;335;1201;ESCOLA CLASSE 431;308
13;336;1449;ESCOLA CLASSE 318;348
13;338;1678;CENTRO DE ENSINO FUNDAMENTAL 411;305
13;339;1414;CENTRO DE ENSINO MÉDIO 414;359
13;341;1422;ESCOLA CLASSE 604;366
13;342;1317;ESCOLA CLASSE 108;344
13;343;1198;ESCOLA CLASSE 425;280
13;344;1538;CENTRO EDUCACIONAL MYRIAM ERVILHA;378
13;346;1244;CENTRO DE ENSINO FUNDAMENTAL 312;299
13;347;1376;ESCOLA CLASSE 614;317
13;349;1430;CENTRO DE ENSINO FUNDAMENTAL 619;348
13;352;1341;ESCOLA CLASSE 303;342
13;353;1155;ESCOLA CLASSE 407;224
13;357;1414;CENTRO DE ENSINO MÉDIO 414;361
13;358;1422;ESCOLA CLASSE 604;366
13;362;1201;ESCOLA CLASSE 431;309
13;363;1147;ESCOLA CLASSE 325;281
13;364;1678;CENTRO DE ENSINO FUNDAMENTAL 411;309
13;366;1155;ESCOLA CLASSE 407;222
13;368;1244;CENTRO DE ENSINO FUNDAMENTAL 312;304
13;369;1198;ESCOLA CLASSE 425;283
13;370;1317;ESCOLA CLASSE 108;343
13;373;1414;CENTRO DE ENSINO MÉDIO 414;368
13;374;1422;ESCOLA CLASSE 604;358
13;375;1325;CENTRO DE ENSINO FUNDAMENTAL 120;362
13;378;1449;ESCOLA CLASSE 318;344
13;381;1562;CENTRO DE ENSINO FUNDAMENTAL 427;369
13;382;1554;CENTRO DE EDUCAÇÃO INFANTIL 307;376
13;383;1570;CAIC AYRTON SENNA;386
13;384;1546;CENTRO DE ENSINO MÉDIO 304;387
13;385;1597;CAIC HELENA REIS;359
13;386;1589;ESCOLA CLASSE 419;318
13;387;1600;CCI SÊNIOR;335
13;388;1414;CENTRO DE ENSINO MÉDIO 414;363
13;389;1422;ESCOLA CLASSE 604;364
13;390;1201;ESCOLA CLASSE 431;309
13;391;1422;ESCOLA CLASSE 604;365
13;392;1457;ESCOLA CLASSE 121;289
13;393;1538;CENTRO EDUCACIONAL MYRIAM ERVILHA;381
13;394;1600;CCI SÊNIOR;345
13;395;1597;CAIC HELENA REIS;358
13;396;1414;CENTRO DE ENSINO MÉDIO 414;367
13;397;1198;ESCOLA CLASSE 425;286
13;398;1317;ESCOLA CLASSE 108;340
13;399;1422;ESCOLA CLASSE 604;362
13;400;1554;CENTRO DE EDUCAÇÃO INFANTIL 307;383
13;401;1570;CAIC AYRTON SENNA;388
13;402;1546;CENTRO DE ENSINO MÉDIO 304;385
13;403;1600;CCI SÊNIOR;336
13;404;1449;ESCOLA CLASSE 318;342
13;405;1430;CENTRO DE ENSINO FUNDAMENTAL 619;354
13;406;1414;CENTRO DE ENSINO MÉDIO 414;368
13;407;1597;CAIC HELENA REIS;358
13;408;1325;CENTRO DE ENSINO FUNDAMENTAL 120;370
13;409;1341;ESCOLA CLASSE 303;351
13;410;1201;ESCOLA CLASSE 431;310
13;411;1538;CENTRO EDUCACIONAL MYRIAM ERVILHA;377
13;412;1589;ESCOLA CLASSE 419;319
13;413;1147;ESCOLA CLASSE 325;283
13;414;1422;ESCOLA CLASSE 604;365
13;415;1414;CENTRO DE ENSINO MÉDIO 414;365
13;416;1600;CCI SÊNIOR;341
13;417;1317;ESCOLA CLASSE 108;345
13;418;1597;CAIC HELENA REIS;355
13;419;1562;CENTRO DE ENSINO FUNDAMENTAL 427;370
13;420;1376;ESCOLA CLASSE 614;319
13;421;1414;CENTRO DE ENSINO MÉDIO 414;366
13;422;1600;CCI SÊNIOR;340
13;423;1422;ESCOLA CLASSE 604;364
13;424;1538;CENTRO EDUCACIONAL MYRIAM ERVILHA;384
13;425;1554;CENTRO DE EDUCAÇÃO INFANTIL 307;387
13;426;1449;ESCOLA CLASSE 318;347
13;427;1198;ESCOLA CLASSE 425;293
13;428;1570;CAIC AYRTON SENNA;384
13;429;1546;CENTRO DE ENSINO MÉDIO 304;384
13;430;1201;ESCOLA CLASSE 431;305
13;431;1414;CENTRO DE ENSINO MÉDIO 414;360
13;432;1457;ESCOLA CLASSE 121;288
13;433;1597;CAIC HELENA REIS;350
13;434;1317;ESCOLA CLASSE 108;345
13;435;1600;CCI SÊNIOR;337
13;436;1589;ESCOLA CLASSE 419;307
13;437;1325;CENTRO DE ENSINO FUNDAMENTAL 120;364
13;438;1422;ESCOLA CLASSE 604;365
13;439;1562;CENTRO DE ENSINO FUNDAMENTAL 427;365
13;440;1414;CENTRO DE ENSINO MÉDIO 414;365
13;441;1597;CAIC HELENA REIS;360
13;442;1430;CENTRO DE ENSINO FUNDAMENTAL 619;357
13;443;1570;CAIC AYRTON SENNA;395
13;444;1600;CCI SÊNIOR;340
13;445;1562;CENTRO DE ENSINO FUNDAMENTAL 427;375
13;446;1538;CENTRO EDUCACIONAL MYRIAM ERVILHA;383
13;447;1554;CENTRO DE EDUCAÇÃO INFANTIL 307;391
13;448;1546;CENTRO DE ENSINO MÉDIO 304;386
13;449;1457;ESCOLA CLASSE 121;289
13;450;1414;CENTRO DE ENSINO MÉDIO 414;366
13;451;1589;ESCOLA CLASSE 419;326
13;452;1449;ESCOLA CLASSE 318;344
13;453;1597;CAIC HELENA REIS;357
13;454;1317;ESCOLA CLASSE 108;349
13;455;1562;CENTRO DE ENSINO FUNDAMENTAL 427;375
13;456;1600;CCI SÊNIOR;331
13;457;1414;CENTRO DE ENSINO MÉDIO 414;368
13;458;1600;CCI SÊNIOR;335
13;459;1414;CENTRO DE ENSINO MÉDIO 414;365
13;460;1325;CENTRO DE ENSINO FUNDAMENTAL 120;369
13;461;1546;CENTRO DE ENSINO MÉDIO 304;387
13;462;1570;CAIC AYRTON SENNA;386
13;463;1597;CAIC HELENA REIS;358
13;464;1430;CENTRO DE ENSINO FUNDAMENTAL 619;355
13;465;1562;CENTRO DE ENSINO FUNDAMENTAL 427;371
13;466;1414;CENTRO DE ENSINO MÉDIO 414;369
13;467;1600;CCI SÊNIOR;340
13;468;1457;ESCOLA CLASSE 121;292
13;469;1317;ESCOLA CLASSE 108;351
13;470;1589;ESCOLA CLASSE 419;325
13;471;1376;ESCOLA CLASSE 614;321
13;472;1449;ESCOLA CLASSE 318;347
13;473;1341;ESCOLA CLASSE 303;350
13;474;1554;CENTRO DE EDUCAÇÃO INFANTIL 307;394
13;475;1600;CCI SÊNIOR;343
13;476;1546;CENTRO DE ENSINO MÉDIO 304;386
13;477;1597;CAIC HELENA REIS;360
13;478;1325;CENTRO DE ENSINO FUNDAMENTAL 120;367
13;479;1562;CENTRO DE ENSINO FUNDAMENTAL 427;374
13;480;1376;ESCOLA CLASSE 614;320
13;481;1600;CCI SÊNIOR;342
13;482;1317;ESCOLA CLASSE 108;345
13;483;1570;CAIC AYRTON SENNA;388
13;484;1589;ESCOLA CLASSE 419;321
13;485;1538;CENTRO EDUCACIONAL MYRIAM ERVILHA;380
13;486;1600;CCI SÊNIOR;336
13;487;1457;ESCOLA CLASSE 121;296
13;488;1376;ESCOLA CLASSE 614;319
13;489;1562;CENTRO DE ENSINO FUNDAMENTAL 427;373
13;490;1597;CAIC HELENA REIS;359
13;491;1546;CENTRO DE ENSINO MÉDIO 304;388
13;492;1449;ESCOLA CLASSE 318;345
13;493;1325;CENTRO DE ENSINO FUNDAMENTAL 120;369
13;494;1317;ESCOLA CLASSE 108;351
13;495;1600;CCI SÊNIOR;335
13;496;1376;ESCOLA CLASSE 614;316
13;497;1554;CENTRO DE EDUCAÇÃO INFANTIL 307;395
13;498;1430;CENTRO DE ENSINO FUNDAMENTAL 619;358
13;499;1562;CENTRO DE ENSINO FUNDAMENTAL 427;374
13;500;1589;ESCOLA CLASSE 419;323
13;501;1600;CCI SÊNIOR;335
13;502;1376;ESCOLA CLASSE 614;321
13;503;1597;CAIC HELENA REIS;358
13;504;1457;ESCOLA CLASSE 121;294
13;505;1546;CENTRO DE ENSINO MÉDIO 304;388
13;506;1325;CENTRO DE ENSINO FUNDAMENTAL 120;366
13;507;1449;ESCOLA CLASSE 318;342
13;508;1600;CCI SÊNIOR;338
13;509;1570;CAIC AYRTON SENNA;384
13;510;1341;ESCOLA CLASSE 303;353
13;511;1376;ESCOLA CLASSE 614;320
13;512;1562;CENTRO DE ENSINO FUNDAMENTAL 427;370
13;513;1546;CENTRO DE ENSINO MÉDIO 304;388
13;514;1589;ESCOLA CLASSE 419;324
13;515;1562;CENTRO DE ENSINO FUNDAMENTAL 427;375
13;516;1600;CCI SÊNIOR;342
13;517;1597;CAIC HELENA REIS;362
13;518;1538;CENTRO EDUCACIONAL MYRIAM ERVILHA;381
13;519;1554;CENTRO DE EDUCAÇÃO INFANTIL 307;394
13;520;1562;CENTRO DE ENSINO FUNDAMENTAL 427;372
13;521;1457;ESCOLA CLASSE 121;291
13;522;1546;CENTRO DE ENSINO MÉDIO 304;382
13;523;1376;ESCOLA CLASSE 614;319
13;524;1449;ESCOLA CLASSE 318;346
13;525;1600;CCI SÊNIOR;340
13;526;1570;CAIC AYRTON SENNA;388
13;527;1430;CENTRO DE ENSINO FUNDAMENTAL 619;353
13;528;1589;ESCOLA CLASSE 419;321
13;529;1597;CAIC HELENA REIS;361
13;530;1562;CENTRO DE ENSINO FUNDAMENTAL 427;372
13;531;1546;CENTRO DE ENSINO MÉDIO 304;372
13;532;1600;CCI SÊNIOR;336
13;533;1562;CENTRO DE ENSINO FUNDAMENTAL 427;369
13;534;1538;CENTRO EDUCACIONAL MYRIAM ERVILHA;383
13;535;1554;CENTRO DE EDUCAÇÃO INFANTIL 307;393
13;536;1619;CENTRO DE ENSINO 412;392
13;537;1449;ESCOLA CLASSE 318;348
13;538;1600;CCI SÊNIOR;338
13;539;1619;CENTRO DE ENSINO 412;398
13;540;1562;CENTRO DE ENSINO FUNDAMENTAL 427;371
13;541;1589;ESCOLA CLASSE 419;324
13;542;1597;CAIC HELENA REIS;359
13;543;1546;CENTRO DE ENSINO MÉDIO 304;388
13;544;1457;ESCOLA CLASSE 121;290
13;545;1600;CCI SÊNIOR;342
13;546;1619;CENTRO DE ENSINO 412;392
13;547;1538;CENTRO EDUCACIONAL MYRIAM ERVILHA;386
13;548;1570;CAIC AYRTON SENNA;391
13;549;1619;CENTRO DE ENSINO 412;390
13;550;1600;CCI SÊNIOR;334
13;551;1449;ESCOLA CLASSE 318;343
13;552;1619;CENTRO DE ENSINO 412;395
13;553;1600;CCI SÊNIOR;341
13;554;1619;CENTRO DE ENSINO 412;391
13;555;1317;ESCOLA CLASSE 108;348
13;556;1538;CENTRO EDUCACIONAL MYRIAM ERVILHA;384
13;557;1341;ESCOLA CLASSE 303;354
13;558;1619;CENTRO DE ENSINO 412;389
13;559;1546;CENTRO DE ENSINO MÉDIO 304;389
13;560;1600;CCI SÊNIOR;338
13;561;1597;CAIC HELENA REIS;357
13;562;1619;CENTRO DE ENSINO 412;389
13;563;1449;ESCOLA CLASSE 318;340
13;564;1430;CENTRO DE ENSINO FUNDAMENTAL 619;351
13;565;1619;CENTRO DE ENSINO 412;393
13;566;1554;CENTRO DE EDUCAÇÃO INFANTIL 307;393
13;567;1600;CCI SÊNIOR;346
13;568;1570;CAIC AYRTON SENNA;386
13;569;1619;CENTRO DE ENSINO 412;396
13;570;1457;ESCOLA CLASSE 121;288
13;571;1619;CENTRO DE ENSINO 412;393
13;572;1589;ESCOLA CLASSE 419;324
13;573;1449;ESCOLA CLASSE 318;343
13;574;1546;CENTRO DE ENSINO MÉDIO 304;375
13;575;1317;ESCOLA CLASSE 108;345
13;576;1201;ESCOLA CLASSE 431;306
13;577;1538;CENTRO EDUCACIONAL MYRIAM ERVILHA;378
13;578;1600;CCI SÊNIOR;338
13;579;1619;CENTRO DE ENSINO 412;393
13;580;1619;CENTRO DE ENSINO 412;386
13;581;1546;CENTRO DE ENSINO MÉDIO 304;381
13;582;1570;CAIC AYRTON SENNA;375
13;583;1554;CENTRO DE EDUCAÇÃO INFANTIL 307;396
13;584;1031;ESCOLA CLASSE 403;340
13;585;1201;ESCOLA CLASSE 431;310
13;586;1341;ESCOLA CLASSE 303;350
13;587;1430;CENTRO DE ENSINO FUNDAMENTAL 619;354
13;588;1597;CAIC HELENA REIS;359
13;589;1317;ESCOLA CLASSE 108;349
13;590;1457;ESCOLA CLASSE 121;289
13;591;1457;ESCOLA CLASSE 121;288
13;592;1031;ESCOLA CLASSE 403;335
13;593;1600;CCI SÊNIOR;339
13;594;1538;CENTRO EDUCACIONAL MYRIAM ERVILHA;380
13;595;1546;CENTRO DE ENSINO MÉDIO 304;382
13;596;1597;CAIC HELENA REIS;356
13;597;1201;ESCOLA CLASSE 431;314
13;598;1619;CENTRO DE ENSINO 412;388
13;599;1589;ESCOLA CLASSE 419;320
13;600;1538;CENTRO EDUCACIONAL MYRIAM ERVILHA;379
13;601;1627;ESCOLA CLASSE 831;376
13;602;1678;CENTRO DE ENSINO FUNDAMENTAL 411;309
13;603;1198;ESCOLA CLASSE 425;355
13;604;1058;ESCOLA CLASSE 410;339
13;605;1627;ESCOLA CLASSE 831;255
13;606;1538;CENTRO EDUCACIONAL MYRIAM ERVILHA;382
13;608;1538;CENTRO EDUCACIONAL MYRIAM ERVILHA;158
14;1;1015;CEF 102 NORTE;351
14;2;1015;CEF 102 NORTE;354
14;3;1015;CEF 102 NORTE;360
14;4;1015;CEF 102 NORTE;358
14;5;1015;CEF 102 NORTE;359
14;6;1015;CEF 102 NORTE;355
14;7;1023;CENTRO DE ENSINO FUNDAMENTAL 104 NORTE;370
14;8;1023;CENTRO DE ENSINO FUNDAMENTAL 104 NORTE;363
14;9;1023;CENTRO DE ENSINO FUNDAMENTAL 104 NORTE;368
14;10;1023;CENTRO DE ENSINO FUNDAMENTAL 104 NORTE;364
14;11;1023;CENTRO DE ENSINO FUNDAMENTAL 104 NORTE;364
14;12;1023;CENTRO DE ENSINO FUNDAMENTAL 104 NORTE;371
14;13;1317;UNICEUB;308
14;14;1317;UNICEUB;305
14;15;1317;UNICEUB;296
14;16;1317;UNICEUB;300
14;17;1317;UNICEUB;296
14;18;1317;UNICEUB;302
14;19;1040;COLEGIO SANTA DOROTEIA;205
14;20;1040;COLEGIO SANTA DOROTEIA;204
14;21;1040;COLEGIO SANTA DOROTEIA;202
14;22;1040;COLEGIO SANTA DOROTEIA;205
14;23;1040;COLEGIO SANTA DOROTEIA;204
14;24;1040;COLEGIO SANTA DOROTEIA;203
14;25;1040;COLEGIO SANTA DOROTEIA;204
14;26;1040;COLEGIO SANTA DOROTEIA;203
14;27;1040;COLEGIO SANTA DOROTEIA;203
14;28;1040;COLEGIO SANTA DOROTEIA;202
14;29;1040;COLEGIO SANTA DOROTEIA;203
14;30;1058;ESCOLA CLASSE 113 NORTE;370
14;31;1058;ESCOLA CLASSE 113 NORTE;376
14;32;1058;ESCOLA CLASSE 113 NORTE;368
14;33;1058;ESCOLA CLASSE 113 NORTE;376
14;34;1058;ESCOLA CLASSE 113 NORTE;373
14;35;1058;ESCOLA CLASSE 113 NORTE;375
14;36;1031;CENTRO EDUCACIONAL LEONARDO DA VINCI;335
14;37;1031;CENTRO EDUCACIONAL LEONARDO DA VINCI;345
14;38;1031;CENTRO EDUCACIONAL LEONARDO DA VINCI;332
14;39;1031;CENTRO EDUCACIONAL LEONARDO DA VINCI;347
14;40;1031;CENTRO EDUCACIONAL LEONARDO DA VINCI;344
14;41;1031;CENTRO EDUCACIONAL LEONARDO DA VINCI;345
14;42;1031;CENTRO EDUCACIONAL LEONARDO DA VINCI;347
14;43;1031;CENTRO EDUCACIONAL LEONARDO DA VINCI;345
14;44;1031;CENTRO EDUCACIONAL LEONARDO DA VINCI;346
14;45;1031;CENTRO EDUCACIONAL LEONARDO DA VINCI;343
14;46;1171;ESCOLA CLASSE 411 NORTE;357
14;47;1171;ESCOLA CLASSE 411 NORTE;359
14;48;1171;ESCOLA CLASSE 411 NORTE;359
14;49;1171;ESCOLA CLASSE 411 NORTE;361
14;50;1082;COLEGIO MARISTA JOAO PAULO II;383
14;51;1082;COLEGIO MARISTA JOAO PAULO II;381
14;52;1082;COLEGIO MARISTA JOAO PAULO II;380
14;53;1082;COLEGIO MARISTA JOAO PAULO II;388
14;54;1090;ESCOLA CLASSE 304 NORTE;379
14;55;1090;ESCOLA CLASSE 304 NORTE;381
14;56;1090;ESCOLA CLASSE 304 NORTE;381
14;57;1090;ESCOLA CLASSE 304 NORTE;382
14;58;1317;UNICEUB;304
14;59;1317;UNICEUB;297
14;60;1317;UNICEUB;295
14;61;1317;UNICEUB;303
14;62;1317;UNICEUB;291
14;63;1317;UNICEUB;295
14;64;1112;ESCOLA CLASSE 312 NORTE;372
14;65;1112;ESCOLA CLASSE 312 NORTE;379
14;66;1112;ESCOLA CLASSE 312 NORTE;364
14;67;1112;ESCOLA CLASSE 312 NORTE;367
14;68;1112;ESCOLA CLASSE 312 NORTE;374
14;69;1112;ESCOLA CLASSE 312 NORTE;377
14;70;1120;CENTRO DE EDUCACAO INFANTIL 316 NORTE;366
14;71;1120;CENTRO DE EDUCACAO INFANTIL 316 NORTE;365
14;72;1120;CENTRO DE EDUCACAO INFANTIL 316 NORTE;361
14;73;1120;CENTRO DE EDUCACAO INFANTIL 316 NORTE;367
14;74;1120;CENTRO DE EDUCACAO INFANTIL 316 NORTE;368
14;75;1120;CENTRO DE EDUCACAO INFANTIL 316 NORTE;361
14;76;1139;ESCOLA CLASSE 403 NORTE;381
14;77;1139;ESCOLA CLASSE 403 NORTE;381
14;78;1139;ESCOLA CLASSE 403 NORTE;383
14;79;1139;ESCOLA CLASSE 403 NORTE;382
14;80;1147;ESCOLA CLASSE 405 NORTE;381
14;81;1147;ESCOLA CLASSE 405 NORTE;383
14;82;1147;ESCOLA CLASSE 405 NORTE;382
14;83;1147;ESCOLA CLASSE 405 NORTE;385
14;84;1155;ESCOLA CLASSE 407 NORTE;384
14;85;1155;ESCOLA CLASSE 407 NORTE;377
14;86;1155;ESCOLA CLASSE 407 NORTE;379
14;87;1155;ESCOLA CLASSE 407 NORTE;379
14;88;1163;CENTRO DE ENSINO FUNDAMENTAL 410 NORTE;360
14;89;1163;CENTRO DE ENSINO FUNDAMENTAL 410 NORTE;370
14;90;1163;CENTRO DE ENSINO FUNDAMENTAL 410 NORTE;355
14;91;1163;CENTRO DE ENSINO FUNDAMENTAL 410 NORTE;360
14;92;1163;CENTRO DE ENSINO FUNDAMENTAL 410 NORTE;355
14;93;1163;CENTRO DE ENSINO FUNDAMENTAL 410 NORTE;372
14;94;1619;ESCOLA PARQUE 210 NORTE;374
14;95;1619;ESCOLA PARQUE 210 NORTE;373
14;96;1619;ESCOLA PARQUE 210 NORTE;372
14;97;1619;ESCOLA PARQUE 210 NORTE;376
14;98;1619;ESCOLA PARQUE 210 NORTE;375
14;100;1074;COLÉGIO EVEREST;285
14;102;1074;COLÉGIO EVEREST;302
14;106;1074;COLÉGIO EVEREST;316
14;110;1074;COLÉGIO EVEREST;292
14;111;1201;IFB - INSTITUTO FEDERAL DE BRASILIA;242
14;112;1201;IFB - INSTITUTO FEDERAL DE BRASILIA;240
14;113;1201;IFB - INSTITUTO FEDERAL DE BRASILIA;240
14;114;1201;IFB - INSTITUTO FEDERAL DE BRASILIA;241
14;115;1201;IFB - INSTITUTO FEDERAL DE BRASILIA;242
14;116;1201;IFB - INSTITUTO FEDERAL DE BRASILIA;243
14;117;1201;IFB - INSTITUTO FEDERAL DE BRASILIA;242
14;118;1201;IFB - INSTITUTO FEDERAL DE BRASILIA;242
14;119;1201;IFB - INSTITUTO FEDERAL DE BRASILIA;241
14;120;1201;IFB - INSTITUTO FEDERAL DE BRASILIA;241
14;121;1317;UNICEUB;296
14;122;1317;UNICEUB;299
14;123;1040;COLEGIO SANTA DOROTEIA;205
14;124;1040;COLEGIO SANTA DOROTEIA;204
14;125;1040;COLEGIO SANTA DOROTEIA;202
14;126;1040;COLEGIO SANTA DOROTEIA;204
14;127;1040;COLEGIO SANTA DOROTEIA;201
14;128;1040;COLEGIO SANTA DOROTEIA;203
14;129;1236;CENTRO EDUCACIONAL GISNO;261
14;130;1236;CENTRO EDUCACIONAL GISNO;263
14;131;1236;CENTRO EDUCACIONAL GISNO;259
14;132;1236;CENTRO EDUCACIONAL GISNO;261
14;133;1236;CENTRO EDUCACIONAL GISNO;261
14;134;1236;CENTRO EDUCACIONAL GISNO;258
14;135;1236;CENTRO EDUCACIONAL GISNO;258
14;136;1236;CENTRO EDUCACIONAL GISNO;260
14;137;1236;CENTRO EDUCACIONAL GISNO;261
14;138;1236;CENTRO EDUCACIONAL GISNO;258
14;139;1236;CENTRO EDUCACIONAL GISNO;258
14;140;1236;CENTRO EDUCACIONAL GISNO;257
14;153;1074;COLÉGIO EVEREST;310
14;154;1074;COLÉGIO EVEREST;320
14;157;1074;COLÉGIO EVEREST;293
14;160;1074;COLÉGIO EVEREST;323
14;164;1074;COLÉGIO EVEREST;297
14;171;1074;COLÉGIO EVEREST;280
14;172;1074;COLÉGIO EVEREST;269
14;173;1074;COLÉGIO EVEREST;282
14;174;1074;COLÉGIO EVEREST;276
14;193;1317;UNICEUB;289
14;194;1317;UNICEUB;300
14;195;1317;UNICEUB;291
14;196;1317;UNICEUB;297
14;197;1317;UNICEUB;300
14;198;1317;UNICEUB;295
14;199;1317;UNICEUB;302
14;200;1317;UNICEUB;300
14;201;1317;UNICEUB;297
14;202;1317;UNICEUB;295
14;203;1317;UNICEUB;302
14;204;1082;COLEGIO MARISTA JOAO PAULO II;383
14;205;1082;COLEGIO MARISTA JOAO PAULO II;381
14;206;1082;COLEGIO MARISTA JOAO PAULO II;385
14;207;1082;COLEGIO MARISTA JOAO PAULO II;386
14;208;1333;FUNDACAO LOGOSOFICA;285
14;209;1333;FUNDACAO LOGOSOFICA;287
14;210;1333;FUNDACAO LOGOSOFICA;287
14;211;1333;FUNDACAO LOGOSOFICA;289
14;212;1333;FUNDACAO LOGOSOFICA;284
14;213;1333;FUNDACAO LOGOSOFICA;286
14;214;1090;ESCOLA CLASSE 304 NORTE;386
14;215;1090;ESCOLA CLASSE 304 NORTE;381
14;216;1317;UNICEUB;308
14;217;1317;UNICEUB;295
14;218;1317;UNICEUB;299
14;219;1317;UNICEUB;296
14;220;1317;UNICEUB;305
14;221;1317;UNICEUB;298
14;222;1317;UNICEUB;296
14;223;1031;CENTRO EDUCACIONAL LEONARDO DA VINCI;346
14;224;1031;CENTRO EDUCACIONAL LEONARDO DA VINCI;338
14;225;1031;CENTRO EDUCACIONAL LEONARDO DA VINCI;337
14;226;1031;CENTRO EDUCACIONAL LEONARDO DA VINCI;341
14;227;1031;CENTRO EDUCACIONAL LEONARDO DA VINCI;348
14;228;1031;CENTRO EDUCACIONAL LEONARDO DA VINCI;336
14;229;1031;CENTRO EDUCACIONAL LEONARDO DA VINCI;343
14;230;1031;CENTRO EDUCACIONAL LEONARDO DA VINCI;337
14;231;1384;ESCOLA CLASSE 115 NORTE;380
14;232;1384;ESCOLA CLASSE 115 NORTE;381
14;233;1384;ESCOLA CLASSE 115 NORTE;386
14;234;1384;ESCOLA CLASSE 115 NORTE;386
14;235;1384;ESCOLA CLASSE 115 NORTE;380
14;236;1384;ESCOLA CLASSE 115 NORTE;383
14;237;1031;CENTRO EDUCACIONAL LEONARDO DA VINCI;349
14;238;1031;CENTRO EDUCACIONAL LEONARDO DA VINCI;333
14;239;1031;CENTRO EDUCACIONAL LEONARDO DA VINCI;340
14;240;1031;CENTRO EDUCACIONAL LEONARDO DA VINCI;339
14;241;1406;COLEGIO MADRE CARMEN SALLES;384
14;242;1406;COLEGIO MADRE CARMEN SALLES;387
14;243;1406;COLEGIO MADRE CARMEN SALLES;385
14;244;1406;COLEGIO MADRE CARMEN SALLES;384
14;245;1406;COLEGIO MADRE CARMEN SALLES;383
14;246;1406;COLEGIO MADRE CARMEN SALLES;385
14;247;1406;COLEGIO MADRE CARMEN SALLES;385
14;248;1406;COLEGIO MADRE CARMEN SALLES;382
14;249;1201;IFB - INSTITUTO FEDERAL DE BRASILIA;243
14;250;1201;IFB - INSTITUTO FEDERAL DE BRASILIA;239
14;251;1201;IFB - INSTITUTO FEDERAL DE BRASILIA;241
14;252;1201;IFB - INSTITUTO FEDERAL DE BRASILIA;241
14;253;1201;IFB - INSTITUTO FEDERAL DE BRASILIA;239
14;254;1201;IFB - INSTITUTO FEDERAL DE BRASILIA;239
14;255;1171;ESCOLA CLASSE 411 NORTE;359
14;256;1171;ESCOLA CLASSE 411 NORTE;358
14;257;1171;ESCOLA CLASSE 411 NORTE;358
14;262;1104;ESCOLA CLASSE 415 NORTE;377
14;264;1074;COLÉGIO EVEREST;281
14;265;1112;ESCOLA CLASSE 312 NORTE;367
14;267;1090;ESCOLA CLASSE 304 NORTE;382
14;269;1139;ESCOLA CLASSE 403 NORTE;383
14;273;1384;ESCOLA CLASSE 115 NORTE;383
14;274;1074;COLÉGIO EVEREST;280
14;275;1058;ESCOLA CLASSE 113 NORTE;372
14;276;1147;ESCOLA CLASSE 405 NORTE;384
14;278;1104;ESCOLA CLASSE 415 NORTE;367
14;279;1201;IFB - INSTITUTO FEDERAL DE BRASILIA;241
14;280;1031;CENTRO EDUCACIONAL LEONARDO DA VINCI;338
14;281;1031;CENTRO EDUCACIONAL LEONARDO DA VINCI;344
14;282;1139;ESCOLA CLASSE 403 NORTE;381
14;285;1120;CENTRO DE EDUCACAO INFANTIL 316 NORTE;364
14;287;1104;ESCOLA CLASSE 415 NORTE;376
14;289;1074;COLÉGIO EVEREST;280
14;292;1023;CENTRO DE ENSINO FUNDAMENTAL 104 NORTE;372
14;293;1155;ESCOLA CLASSE 407 NORTE;377
14;295;1619;ESCOLA PARQUE 210 NORTE;373
14;296;1457;COLÉGIO IDEAL;384
14;298;1490;CENTRO DE ENSINO FUNDAMENTAL 7 DE BRASILIA;379
14;300;1490;CENTRO DE ENSINO FUNDAMENTAL 7 DE BRASILIA;384
14;301;1465;CENTRO DE ENSINO MEDIO PAULO FREIRE;358
14;302;1481;CEAN - CENTRO DE ENSINO MEDIO ASA NORTE;382
14;304;1104;ESCOLA CLASSE 415 NORTE;381
14;305;1589;COLEGIO SAGRADA FAMILIA;270
14;306;1570;CENTRO DE ENSINO FUNDAMENTAL GAN;389
14;307;1384;ESCOLA CLASSE 115 NORTE;386
14;308;1139;ESCOLA CLASSE 403 NORTE;384
14;311;1589;COLEGIO SAGRADA FAMILIA;267
14;312;1481;CEAN - CENTRO DE ENSINO MEDIO ASA NORTE;382
14;313;1589;COLEGIO SAGRADA FAMILIA;268
14;314;1163;CENTRO DE ENSINO FUNDAMENTAL 410 NORTE;362
14;315;1147;ESCOLA CLASSE 405 NORTE;371
14;316;1074;COLÉGIO EVEREST;279
14;317;1457;COLÉGIO IDEAL;388
14;318;1490;CENTRO DE ENSINO FUNDAMENTAL 7 DE BRASILIA;379
14;319;1465;CENTRO DE ENSINO MEDIO PAULO FREIRE;364
14;320;1570;CENTRO DE ENSINO FUNDAMENTAL GAN;388
14;321;1589;COLEGIO SAGRADA FAMILIA;269
14;322;1490;CENTRO DE ENSINO FUNDAMENTAL 7 DE BRASILIA;379
14;323;1490;CENTRO DE ENSINO FUNDAMENTAL 7 DE BRASILIA;383
14;325;1457;COLÉGIO IDEAL;390
14;327;1570;CENTRO DE ENSINO FUNDAMENTAL GAN;381
14;328;1465;CENTRO DE ENSINO MEDIO PAULO FREIRE;361
14;329;1589;COLEGIO SAGRADA FAMILIA;268
14;330;1457;COLÉGIO IDEAL;386
14;333;1589;COLEGIO SAGRADA FAMILIA;266
14;334;1490;CENTRO DE ENSINO FUNDAMENTAL 7 DE BRASILIA;377
14;335;1457;COLÉGIO IDEAL;387
14;336;1082;COLEGIO MARISTA JOAO PAULO II;384
14;337;1589;COLEGIO SAGRADA FAMILIA;268
14;338;1490;CENTRO DE ENSINO FUNDAMENTAL 7 DE BRASILIA;383
14;340;1457;COLÉGIO IDEAL;388
14;341;1465;CENTRO DE ENSINO MEDIO PAULO FREIRE;366
14;342;1481;CEAN - CENTRO DE ENSINO MEDIO ASA NORTE;383
14;344;1589;COLEGIO SAGRADA FAMILIA;266
14;345;1457;COLÉGIO IDEAL;386
14;346;1490;CENTRO DE ENSINO FUNDAMENTAL 7 DE BRASILIA;376
14;347;1570;CENTRO DE ENSINO FUNDAMENTAL GAN;393
14;349;1082;COLEGIO MARISTA JOAO PAULO II;382
14;351;1465;CENTRO DE ENSINO MEDIO PAULO FREIRE;368
14;354;1562;UNB - PAVILHAO JOAO CALMON;355
14;355;1562;UNB - PAVILHAO JOAO CALMON;383
14;356;1457;COLÉGIO IDEAL;384
14;357;1619;ESCOLA PARQUE 210 NORTE;373
14;358;1589;COLEGIO SAGRADA FAMILIA;269
14;359;1490;CENTRO DE ENSINO FUNDAMENTAL 7 DE BRASILIA;379
14;360;1651;CENTRO EDUCACIONAL SIGMA;390
14;361;1082;COLEGIO MARISTA JOAO PAULO II;384
14;362;1651;CENTRO EDUCACIONAL SIGMA;385
14;363;1570;CENTRO DE ENSINO FUNDAMENTAL GAN;386
14;364;1236;CENTRO EDUCACIONAL GISNO;261
14;365;1031;CENTRO EDUCACIONAL LEONARDO DA VINCI;340
14;366;1490;CENTRO DE ENSINO FUNDAMENTAL 7 DE BRASILIA;375
14;367;1481;CEAN - CENTRO DE ENSINO MEDIO ASA NORTE;377
14;368;1457;COLÉGIO IDEAL;386
14;369;1333;FUNDACAO LOGOSOFICA;288
14;370;1031;CENTRO EDUCACIONAL LEONARDO DA VINCI;343
14;371;1651;CENTRO EDUCACIONAL SIGMA;387
14;372;1082;COLEGIO MARISTA JOAO PAULO II;387
14;373;1570;CENTRO DE ENSINO FUNDAMENTAL GAN;386
14;374;1562;UNB - PAVILHAO JOAO CALMON;380
14;375;1031;CENTRO EDUCACIONAL LEONARDO DA VINCI;342
14;376;1481;CEAN - CENTRO DE ENSINO MEDIO ASA NORTE;381
14;377;1651;CENTRO EDUCACIONAL SIGMA;386
14;378;1490;CENTRO DE ENSINO FUNDAMENTAL 7 DE BRASILIA;381
14;379;1570;CENTRO DE ENSINO FUNDAMENTAL GAN;390
14;380;1589;COLEGIO SAGRADA FAMILIA;267
14;381;1457;COLÉGIO IDEAL;390
14;382;1031;CENTRO EDUCACIONAL LEONARDO DA VINCI;339
14;384;1651;CENTRO EDUCACIONAL SIGMA;386
14;386;1490;CENTRO DE ENSINO FUNDAMENTAL 7 DE BRASILIA;377
14;387;1457;COLÉGIO IDEAL;388
14;388;1333;FUNDACAO LOGOSOFICA;287
14;389;1201;IFB - INSTITUTO FEDERAL DE BRASILIA;241
14;390;1317;UNICEUB;295
14;391;1589;COLEGIO SAGRADA FAMILIA;271
14;392;1031;CENTRO EDUCACIONAL LEONARDO DA VINCI;338
14;393;1651;CENTRO EDUCACIONAL SIGMA;387
14;394;1562;UNB - PAVILHAO JOAO CALMON;381
14;395;1481;CEAN - CENTRO DE ENSINO MEDIO ASA NORTE;374
14;397;1562;UNB - PAVILHAO JOAO CALMON;381
14;398;1120;CENTRO DE EDUCACAO INFANTIL 316 NORTE;346
14;399;1015;CEF 102 NORTE;329
14;400;1163;CENTRO DE ENSINO FUNDAMENTAL 410 NORTE;337
14;401;1058;ESCOLA CLASSE 113 NORTE;361
14;402;1104;ESCOLA CLASSE 415 NORTE;363
14;403;1481;CEAN - CENTRO DE ENSINO MEDIO ASA NORTE;373
14;404;1015;CEF 102 NORTE;324
14;405;1120;CENTRO DE EDUCACAO INFANTIL 316 NORTE;356
14;406;1465;CENTRO DE ENSINO MEDIO PAULO FREIRE;351
14;407;1619;ESCOLA PARQUE 210 NORTE;375
14;408;1058;ESCOLA CLASSE 113 NORTE;365
14;409;1481;CEAN - CENTRO DE ENSINO MEDIO ASA NORTE;379
14;410;1139;ESCOLA CLASSE 403 NORTE;384
14;412;1651;CENTRO EDUCACIONAL SIGMA;388
14;413;1481;CEAN - CENTRO DE ENSINO MEDIO ASA NORTE;387
14;414;1384;ESCOLA CLASSE 115 NORTE;389
14;415;1651;CENTRO EDUCACIONAL SIGMA;388
14;416;1465;CENTRO DE ENSINO MEDIO PAULO FREIRE;357
14;417;1104;ESCOLA CLASSE 415 NORTE;317
14;418;1481;CEAN - CENTRO DE ENSINO MEDIO ASA NORTE;387
14;419;1082;COLEGIO MARISTA JOAO PAULO II;387
14;420;1651;CENTRO EDUCACIONAL SIGMA;389
14;421;1384;ESCOLA CLASSE 115 NORTE;392
14;422;1147;ESCOLA CLASSE 405 NORTE;173
14;423;1384;ESCOLA CLASSE 115 NORTE;300
14;424;1562;UNB - PAVILHAO JOAO CALMON;87
14;425;1570;CENTRO DE ENSINO FUNDAMENTAL GAN;31
14;426;1457;COLÉGIO IDEAL;18
15;2;1015;CENTRO EDUCACIONAL Nº 02;377
15;4;1015;CENTRO EDUCACIONAL Nº 02;377
15;6;1015;CENTRO EDUCACIONAL Nº 02;372
15;8;1015;CENTRO EDUCACIONAL Nº 02;372
15;10;1015;CENTRO EDUCACIONAL Nº 02;368
15;12;1015;CENTRO EDUCACIONAL Nº 02;363
15;13;1023;CEF Nº 15;333
15;14;1023;CEF Nº 15;327
15;15;1023;CEF Nº 15;327
15;16;1023;CEF Nº 15;329
15;17;1058;ESCOLA TÉCNICA DE BRASÍLIA;314
15;18;1058;ESCOLA TÉCNICA DE BRASÍLIA;318
15;19;1058;ESCOLA TÉCNICA DE BRASÍLIA;315
15;20;1058;ESCOLA TÉCNICA DE BRASÍLIA;319
15;21;1058;ESCOLA TÉCNICA DE BRASÍLIA;319
15;22;1058;ESCOLA TÉCNICA DE BRASÍLIA;316
15;65;1090;CEF Nº 8;381
15;67;1090;CEF Nº 8;382
15;68;1090;CEF Nº 8;385
15;69;1090;CEF Nº 8;379
15;70;1090;CEF Nº 8;384
15;96;1120;CEMAB - CENTRO DE ENSINO MÉDIO AVE BRANCA;321
15;97;1120;CEMAB - CENTRO DE ENSINO MÉDIO AVE BRANCA;321
15;98;1120;CEMAB - CENTRO DE ENSINO MÉDIO AVE BRANCA;320
15;99;1120;CEMAB - CENTRO DE ENSINO MÉDIO AVE BRANCA;323
15;100;1120;CEMAB - CENTRO DE ENSINO MÉDIO AVE BRANCA;321
15;101;1120;CEMAB - CENTRO DE ENSINO MÉDIO AVE BRANCA;322
15;102;1120;CEMAB - CENTRO DE ENSINO MÉDIO AVE BRANCA;321
15;103;1120;CEMAB - CENTRO DE ENSINO MÉDIO AVE BRANCA;325
15;104;1120;CEMAB - CENTRO DE ENSINO MÉDIO AVE BRANCA;323
15;105;1120;CEMAB - CENTRO DE ENSINO MÉDIO AVE BRANCA;324
15;106;1120;CEMAB - CENTRO DE ENSINO MÉDIO AVE BRANCA;324
15;107;1120;CEMAB - CENTRO DE ENSINO MÉDIO AVE BRANCA;325
15;108;1120;CEMAB - CENTRO DE ENSINO MÉDIO AVE BRANCA;322
15;109;1120;CEMAB - CENTRO DE ENSINO MÉDIO AVE BRANCA;325
15;110;1120;CEMAB - CENTRO DE ENSINO MÉDIO AVE BRANCA;324
15;111;1120;CEMAB - CENTRO DE ENSINO MÉDIO AVE BRANCA;322
15;112;1120;CEMAB - CENTRO DE ENSINO MÉDIO AVE BRANCA;322
15;113;1120;CEMAB - CENTRO DE ENSINO MÉDIO AVE BRANCA;321
15;114;1120;CEMAB - CENTRO DE ENSINO MÉDIO AVE BRANCA;323
15;115;1120;CEMAB - CENTRO DE ENSINO MÉDIO AVE BRANCA;325
15;116;1120;CEMAB - CENTRO DE ENSINO MÉDIO AVE BRANCA;323
15;117;1120;CEMAB - CENTRO DE ENSINO MÉDIO AVE BRANCA;324
15;118;1120;CEMAB - CENTRO DE ENSINO MÉDIO AVE BRANCA;321
15;119;1139;CEF Nº 10;355
15;120;1139;CEF Nº 10;356
15;121;1139;CEF Nº 10;344
15;122;1139;CEF Nº 10;357
15;123;1139;CEF Nº 10;342
15;124;1139;CEF Nº 10;358
15;125;1139;CEF Nº 10;343
15;126;1139;CEF Nº 10;357
15;127;1139;CEF Nº 10;355
15;128;1139;CEF Nº 10;356
15;129;1139;CEF Nº 10;354
15;130;1147;ESCOLA CLASSE N 11;343
15;132;1147;ESCOLA CLASSE N 11;204
15;133;1147;ESCOLA CLASSE N 11;245
15;134;1147;ESCOLA CLASSE N 11;331
15;136;1147;ESCOLA CLASSE N 11;201
15;137;1147;ESCOLA CLASSE N 11;345
15;138;1147;ESCOLA CLASSE N 11;195
15;139;1147;ESCOLA CLASSE N 11;207
15;140;1147;ESCOLA CLASSE N 11;211
15;141;1228;CENTRO DE ENS MÉDIO Nº 3;226
15;143;1228;CENTRO DE ENS MÉDIO Nº 3;228
15;145;1228;CENTRO DE ENS MÉDIO Nº 3;338
15;147;1228;CENTRO DE ENS MÉDIO Nº 3;342
15;149;1180;CENTRO DE EDUCAÇÃO INFANTIL Nº 04;255
15;150;1180;CENTRO DE EDUCAÇÃO INFANTIL Nº 04;256
15;151;1180;CENTRO DE EDUCAÇÃO INFANTIL Nº 04;258
15;152;1180;CENTRO DE EDUCAÇÃO INFANTIL Nº 04;252
15;153;1180;CENTRO DE EDUCAÇÃO INFANTIL Nº 04;255
15;154;1180;CENTRO DE EDUCAÇÃO INFANTIL Nº 04;256
15;155;1198;CEF Nº 3;305
15;156;1198;CEF Nº 3;302
15;157;1198;CEF Nº 3;307
15;158;1198;CEF Nº 3;305
15;159;1198;CEF Nº 3;302
15;160;1198;CEF Nº 3;304
15;161;1198;CEF Nº 3;303
15;162;1210;ESCOLA CLASSE 54 (CEF  Nº 18 - ESCOLA NORMAL);318
15;166;1210;ESCOLA CLASSE 54 (CEF  Nº 18 - ESCOLA NORMAL);313
15;170;1210;ESCOLA CLASSE 54 (CEF  Nº 18 - ESCOLA NORMAL);305
15;175;1210;ESCOLA CLASSE 54 (CEF  Nº 18 - ESCOLA NORMAL);295
15;178;1210;ESCOLA CLASSE 54 (CEF  Nº 18 - ESCOLA NORMAL);262
15;179;1210;ESCOLA CLASSE 54 (CEF  Nº 18 - ESCOLA NORMAL);269
15;180;1228;CENTRO DE ENS MÉDIO Nº 3;230
15;181;1228;CENTRO DE ENS MÉDIO Nº 3;229
15;182;1228;CENTRO DE ENS MÉDIO Nº 3;244
15;183;1228;CENTRO DE ENS MÉDIO Nº 3;242
15;184;1228;CENTRO DE ENS MÉDIO Nº 3;243
15;186;1015;CENTRO EDUCACIONAL Nº 02;366
15;188;1015;CENTRO EDUCACIONAL Nº 02;374
15;190;1015;CENTRO EDUCACIONAL Nº 02;368
15;218;1287;CILT - CENTRO INTERESCOLAR DE LINGUAS DE TAGUATINGA;325
15;219;1295;ESCOLA CLASSE ARNIQUEIRA;347
15;221;1317;ESCOLA LA SALLE;336
15;222;1309;CENTRO EDUC STELLA MARIS;307
15;223;1058;ESCOLA TÉCNICA DE BRASÍLIA;319
15;224;1023;CEF Nº 15;327
15;225;1287;CILT - CENTRO INTERESCOLAR DE LINGUAS DE TAGUATINGA;325
15;226;1309;CENTRO EDUC STELLA MARIS;307
15;229;1023;CEF Nº 15;332
15;230;1058;ESCOLA TÉCNICA DE BRASÍLIA;312
15;231;1023;CEF Nº 15;330
15;232;1309;CENTRO EDUC STELLA MARIS;308
15;233;1287;CILT - CENTRO INTERESCOLAR DE LINGUAS DE TAGUATINGA;324
15;234;1309;CENTRO EDUC STELLA MARIS;309
15;235;1058;ESCOLA TÉCNICA DE BRASÍLIA;311
15;236;1317;ESCOLA LA SALLE;340
15;237;1309;CENTRO EDUC STELLA MARIS;305
15;238;1058;ESCOLA TÉCNICA DE BRASÍLIA;314
15;239;1309;CENTRO EDUC STELLA MARIS;307
15;240;1058;ESCOLA TÉCNICA DE BRASÍLIA;315
15;241;1317;ESCOLA LA SALLE;341
15;242;1287;CILT - CENTRO INTERESCOLAR DE LINGUAS DE TAGUATINGA;324
15;243;1392;ESCOLA CLASSE VILA AREAL;313
15;244;1384;COLEGIO LEONARDO DA VINCI;315
15;245;1198;CEF Nº 3;347
15;247;1295;ESCOLA CLASSE ARNIQUEIRA;347
15;249;1392;ESCOLA CLASSE VILA AREAL;316
15;250;1309;CENTRO EDUC STELLA MARIS;309
15;251;1198;CEF Nº 3;305
15;252;1228;CENTRO DE ENS MÉDIO Nº 3;224
15;253;1317;ESCOLA LA SALLE;338
15;254;1023;CEF Nº 15;327
15;257;1287;CILT - CENTRO INTERESCOLAR DE LINGUAS DE TAGUATINGA;327
15;259;1309;CENTRO EDUC STELLA MARIS;307
15;260;1392;ESCOLA CLASSE VILA AREAL;311
15;261;1198;CEF Nº 3;343
15;262;1384;COLEGIO LEONARDO DA VINCI;316
15;264;1317;ESCOLA LA SALLE;339
15;265;1309;CENTRO EDUC STELLA MARIS;308
15;266;1392;ESCOLA CLASSE VILA AREAL;308
15;267;1287;CILT - CENTRO INTERESCOLAR DE LINGUAS DE TAGUATINGA;327
15;268;1295;ESCOLA CLASSE ARNIQUEIRA;347
15;269;1023;CEF Nº 15;331
15;270;1198;CEF Nº 3;305
15;271;1317;ESCOLA LA SALLE;339
15;272;1392;ESCOLA CLASSE VILA AREAL;316
15;273;1228;CENTRO DE ENS MÉDIO Nº 3;240
15;274;1309;CENTRO EDUC STELLA MARIS;308
15;277;1384;COLEGIO LEONARDO DA VINCI;317
15;278;1198;CEF Nº 3;343
15;279;1287;CILT - CENTRO INTERESCOLAR DE LINGUAS DE TAGUATINGA;329
15;280;1392;ESCOLA CLASSE VILA AREAL;316
15;281;1317;ESCOLA LA SALLE;337
15;282;1295;ESCOLA CLASSE ARNIQUEIRA;346
15;283;1309;CENTRO EDUC STELLA MARIS;309
15;285;1392;ESCOLA CLASSE VILA AREAL;315
15;286;1384;COLEGIO LEONARDO DA VINCI;310
15;287;1317;ESCOLA LA SALLE;340
15;288;1392;ESCOLA CLASSE VILA AREAL;311
15;289;1309;CENTRO EDUC STELLA MARIS;306
15;290;1287;CILT - CENTRO INTERESCOLAR DE LINGUAS DE TAGUATINGA;326
15;291;1317;ESCOLA LA SALLE;336
15;292;1317;ESCOLA LA SALLE;341
15;293;1384;COLEGIO LEONARDO DA VINCI;314
15;294;1015;CENTRO EDUCACIONAL Nº 02;361
15;295;1023;CEF Nº 15;328
15;296;1228;CENTRO DE ENS MÉDIO Nº 3;231
15;297;1309;CENTRO EDUC STELLA MARIS;305
15;298;1317;ESCOLA LA SALLE;338
15;299;1422;CENTRO DE EDUCAÇÃO INFANTIL ÁGUAS CLARAS;336
15;300;1694;COLÉGIO OBJETIVO - ÁGUAS CLARAS;366
15;301;1384;COLEGIO LEONARDO DA VINCI;314
15;302;1198;CEF Nº 3;344
15;304;1287;CILT - CENTRO INTERESCOLAR DE LINGUAS DE TAGUATINGA;324
15;305;1317;ESCOLA LA SALLE;339
15;306;1422;CENTRO DE EDUCAÇÃO INFANTIL ÁGUAS CLARAS;338
15;307;1694;COLÉGIO OBJETIVO - ÁGUAS CLARAS;365
15;308;1309;CENTRO EDUC STELLA MARIS;307
15;309;1384;COLEGIO LEONARDO DA VINCI;316
15;310;1694;COLÉGIO OBJETIVO - ÁGUAS CLARAS;369
15;311;1694;COLÉGIO OBJETIVO - ÁGUAS CLARAS;366
15;312;1317;ESCOLA LA SALLE;339
15;313;1422;CENTRO DE EDUCAÇÃO INFANTIL ÁGUAS CLARAS;332
15;314;1694;COLÉGIO OBJETIVO - ÁGUAS CLARAS;363
15;315;1023;CEF Nº 15;331
15;316;1694;COLÉGIO OBJETIVO - ÁGUAS CLARAS;368
15;317;1384;COLEGIO LEONARDO DA VINCI;315
15;318;1317;ESCOLA LA SALLE;341
15;319;1694;COLÉGIO OBJETIVO - ÁGUAS CLARAS;363
15;320;1287;CILT - CENTRO INTERESCOLAR DE LINGUAS DE TAGUATINGA;327
15;321;1422;CENTRO DE EDUCAÇÃO INFANTIL ÁGUAS CLARAS;338
15;322;1694;COLÉGIO OBJETIVO - ÁGUAS CLARAS;368
15;324;1309;CENTRO EDUC STELLA MARIS;306
15;325;1694;COLÉGIO OBJETIVO - ÁGUAS CLARAS;365
15;326;1317;ESCOLA LA SALLE;340
15;327;1694;COLÉGIO OBJETIVO - ÁGUAS CLARAS;367
15;328;1384;COLEGIO LEONARDO DA VINCI;312
15;329;1694;COLÉGIO OBJETIVO - ÁGUAS CLARAS;363
15;330;1317;ESCOLA LA SALLE;340
15;331;1422;CENTRO DE EDUCAÇÃO INFANTIL ÁGUAS CLARAS;338
15;332;1414;UNIPLAN -CENTRO UNIVERSITÁRIO PLANALTO DO DISTRITO FEDERAL;367
15;333;1228;CENTRO DE ENS MÉDIO Nº 3;237
15;334;1198;CEF Nº 3;343
15;335;1414;UNIPLAN -CENTRO UNIVERSITÁRIO PLANALTO DO DISTRITO FEDERAL;365
15;336;1317;ESCOLA LA SALLE;339
15;337;1414;UNIPLAN -CENTRO UNIVERSITÁRIO PLANALTO DO DISTRITO FEDERAL;368
15;338;1422;CENTRO DE EDUCAÇÃO INFANTIL ÁGUAS CLARAS;334
15;339;1287;CILT - CENTRO INTERESCOLAR DE LINGUAS DE TAGUATINGA;317
15;340;1384;COLEGIO LEONARDO DA VINCI;313
15;341;1414;UNIPLAN -CENTRO UNIVERSITÁRIO PLANALTO DO DISTRITO FEDERAL;357
15;342;1023;CEF Nº 15;331
15;343;1317;ESCOLA LA SALLE;342
15;344;1414;UNIPLAN -CENTRO UNIVERSITÁRIO PLANALTO DO DISTRITO FEDERAL;365
15;345;1449;CENTRO UNIVERSITARIO EURO AMERICANO - UNIEURO;346
15;346;1457;CENTRO EDUCACIONAL CATOLICA DE BRASILIA;346
15;347;1465;COLÉGIO MARISTA - ÁGUAS CLARAS;348
15;348;1422;CENTRO DE EDUCAÇÃO INFANTIL ÁGUAS CLARAS;336
15;349;1414;UNIPLAN -CENTRO UNIVERSITÁRIO PLANALTO DO DISTRITO FEDERAL;358
15;350;1414;UNIPLAN -CENTRO UNIVERSITÁRIO PLANALTO DO DISTRITO FEDERAL;363
15;351;1317;ESCOLA LA SALLE;335
15;352;1309;CENTRO EDUC STELLA MARIS;305
15;353;1414;UNIPLAN -CENTRO UNIVERSITÁRIO PLANALTO DO DISTRITO FEDERAL;363
15;354;1449;CENTRO UNIVERSITARIO EURO AMERICANO - UNIEURO;347
15;355;1457;CENTRO EDUCACIONAL CATOLICA DE BRASILIA;343
15;356;1465;COLÉGIO MARISTA - ÁGUAS CLARAS;349
15;357;1449;CENTRO UNIVERSITARIO EURO AMERICANO - UNIEURO;343
15;358;1317;ESCOLA LA SALLE;341
15;359;1414;UNIPLAN -CENTRO UNIVERSITÁRIO PLANALTO DO DISTRITO FEDERAL;365
15;360;1090;CEF Nº 8;325
15;361;1287;CILT - CENTRO INTERESCOLAR DE LINGUAS DE TAGUATINGA;328
15;362;1422;CENTRO DE EDUCAÇÃO INFANTIL ÁGUAS CLARAS;337
15;363;1384;COLEGIO LEONARDO DA VINCI;317
15;364;1414;UNIPLAN -CENTRO UNIVERSITÁRIO PLANALTO DO DISTRITO FEDERAL;367
15;365;1449;CENTRO UNIVERSITARIO EURO AMERICANO - UNIEURO;344
15;366;1414;UNIPLAN -CENTRO UNIVERSITÁRIO PLANALTO DO DISTRITO FEDERAL;360
15;367;1465;COLÉGIO MARISTA - ÁGUAS CLARAS;348
15;368;1414;UNIPLAN -CENTRO UNIVERSITÁRIO PLANALTO DO DISTRITO FEDERAL;365
15;369;1317;ESCOLA LA SALLE;342
15;370;1457;CENTRO EDUCACIONAL CATOLICA DE BRASILIA;347
15;371;1449;CENTRO UNIVERSITARIO EURO AMERICANO - UNIEURO;347
15;372;1414;UNIPLAN -CENTRO UNIVERSITÁRIO PLANALTO DO DISTRITO FEDERAL;361
15;373;1465;COLÉGIO MARISTA - ÁGUAS CLARAS;347
15;374;1198;CEF Nº 3;308
15;375;1414;UNIPLAN -CENTRO UNIVERSITÁRIO PLANALTO DO DISTRITO FEDERAL;365
15;376;1449;CENTRO UNIVERSITARIO EURO AMERICANO - UNIEURO;348
15;377;1414;UNIPLAN -CENTRO UNIVERSITÁRIO PLANALTO DO DISTRITO FEDERAL;363
15;378;1317;ESCOLA LA SALLE;340
15;379;1414;UNIPLAN -CENTRO UNIVERSITÁRIO PLANALTO DO DISTRITO FEDERAL;366
15;380;1449;CENTRO UNIVERSITARIO EURO AMERICANO - UNIEURO;344
15;381;1198;CEF Nº 3;348
15;382;1457;CENTRO EDUCACIONAL CATOLICA DE BRASILIA;344
15;383;1023;CEF Nº 15;331
15;384;1465;COLÉGIO MARISTA - ÁGUAS CLARAS;345
15;385;1449;CENTRO UNIVERSITARIO EURO AMERICANO - UNIEURO;344
15;386;1449;CENTRO UNIVERSITARIO EURO AMERICANO - UNIEURO;346
15;387;1317;ESCOLA LA SALLE;340
15;388;1457;CENTRO EDUCACIONAL CATOLICA DE BRASILIA;347
15;389;1465;COLÉGIO MARISTA - ÁGUAS CLARAS;347
15;390;1449;CENTRO UNIVERSITARIO EURO AMERICANO - UNIEURO;348
15;391;1449;CENTRO UNIVERSITARIO EURO AMERICANO - UNIEURO;346
15;392;1384;COLEGIO LEONARDO DA VINCI;315
15;393;1317;ESCOLA LA SALLE;341
15;394;1465;COLÉGIO MARISTA - ÁGUAS CLARAS;348
15;395;1449;CENTRO UNIVERSITARIO EURO AMERICANO - UNIEURO;345
15;396;1457;CENTRO EDUCACIONAL CATOLICA DE BRASILIA;348
15;397;1449;CENTRO UNIVERSITARIO EURO AMERICANO - UNIEURO;345
15;398;1317;ESCOLA LA SALLE;339
15;399;1449;CENTRO UNIVERSITARIO EURO AMERICANO - UNIEURO;347
15;400;1465;COLÉGIO MARISTA - ÁGUAS CLARAS;347
15;401;1449;CENTRO UNIVERSITARIO EURO AMERICANO - UNIEURO;348
15;402;1457;CENTRO EDUCACIONAL CATOLICA DE BRASILIA;346
15;403;1090;CEF Nº 8;328
15;404;1465;COLÉGIO MARISTA - ÁGUAS CLARAS;344
15;405;1449;CENTRO UNIVERSITARIO EURO AMERICANO - UNIEURO;347
15;406;1317;ESCOLA LA SALLE;340
15;407;1449;CENTRO UNIVERSITARIO EURO AMERICANO - UNIEURO;348
15;408;1457;CENTRO EDUCACIONAL CATOLICA DE BRASILIA;347
15;409;1465;COLÉGIO MARISTA - ÁGUAS CLARAS;348
15;410;1317;ESCOLA LA SALLE;340
15;411;1465;COLÉGIO MARISTA - ÁGUAS CLARAS;348
15;412;1384;COLEGIO LEONARDO DA VINCI;316
15;413;1317;ESCOLA LA SALLE;343
15;414;1481;CENTRO EDUCACIONAL SIGMA;373
15;415;1449;CENTRO UNIVERSITARIO EURO AMERICANO - UNIEURO;348
15;416;1457;CENTRO EDUCACIONAL CATOLICA DE BRASILIA;345
15;417;1309;CENTRO EDUC STELLA MARIS;307
15;418;1481;CENTRO EDUCACIONAL SIGMA;352
15;419;1465;COLÉGIO MARISTA - ÁGUAS CLARAS;346
15;420;1449;CENTRO UNIVERSITARIO EURO AMERICANO - UNIEURO;345
15;421;1317;ESCOLA LA SALLE;340
15;422;1457;CENTRO EDUCACIONAL CATOLICA DE BRASILIA;346
15;423;1481;CENTRO EDUCACIONAL SIGMA;361
15;424;1449;CENTRO UNIVERSITARIO EURO AMERICANO - UNIEURO;345
15;425;1023;CEF Nº 15;330
15;426;1465;COLÉGIO MARISTA - ÁGUAS CLARAS;347
15;427;1481;CENTRO EDUCACIONAL SIGMA;350
15;428;1457;CENTRO EDUCACIONAL CATOLICA DE BRASILIA;346
15;429;1449;CENTRO UNIVERSITARIO EURO AMERICANO - UNIEURO;347
15;430;1015;CENTRO EDUCACIONAL Nº 02;349
15;431;1481;CENTRO EDUCACIONAL SIGMA;348
15;432;1449;CENTRO UNIVERSITARIO EURO AMERICANO - UNIEURO;346
15;433;1317;ESCOLA LA SALLE;340
15;434;1457;CENTRO EDUCACIONAL CATOLICA DE BRASILIA;346
15;435;1481;CENTRO EDUCACIONAL SIGMA;354
15;436;1465;COLÉGIO MARISTA - ÁGUAS CLARAS;347
15;437;1449;CENTRO UNIVERSITARIO EURO AMERICANO - UNIEURO;347
15;438;1481;CENTRO EDUCACIONAL SIGMA;357
15;439;1457;CENTRO EDUCACIONAL CATOLICA DE BRASILIA;345
15;440;1384;COLEGIO LEONARDO DA VINCI;313
15;441;1481;CENTRO EDUCACIONAL SIGMA;347
15;442;1449;CENTRO UNIVERSITARIO EURO AMERICANO - UNIEURO;343
15;443;1481;CENTRO EDUCACIONAL SIGMA;351
15;444;1465;COLÉGIO MARISTA - ÁGUAS CLARAS;347
15;445;1457;CENTRO EDUCACIONAL CATOLICA DE BRASILIA;340
15;446;1481;CENTRO EDUCACIONAL SIGMA;347
15;447;1449;CENTRO UNIVERSITARIO EURO AMERICANO - UNIEURO;344
15;448;1490;ESCOLA ATUAL;309
15;449;1481;CENTRO EDUCACIONAL SIGMA;350
15;450;1457;CENTRO EDUCACIONAL CATOLICA DE BRASILIA;343
15;452;1023;CEF Nº 15;327
15;453;1309;CENTRO EDUC STELLA MARIS;306
15;454;1210;ESCOLA CLASSE 54 (CEF  Nº 18 - ESCOLA NORMAL);266
15;455;1139;CEF Nº 10;354
15;456;1090;CEF Nº 8;322
15;457;1449;CENTRO UNIVERSITARIO EURO AMERICANO - UNIEURO;347
15;458;1481;CENTRO EDUCACIONAL SIGMA;348
15;459;1384;COLEGIO LEONARDO DA VINCI;316
15;460;1449;CENTRO UNIVERSITARIO EURO AMERICANO - UNIEURO;345
15;461;1490;ESCOLA ATUAL;309
15;462;1465;COLÉGIO MARISTA - ÁGUAS CLARAS;349
15;463;1449;CENTRO UNIVERSITARIO EURO AMERICANO - UNIEURO;348
15;464;1490;ESCOLA ATUAL;307
15;465;1481;CENTRO EDUCACIONAL SIGMA;355
15;466;1384;COLEGIO LEONARDO DA VINCI;315
15;467;1490;ESCOLA ATUAL;310
15;468;1490;ESCOLA ATUAL;312
15;469;1449;CENTRO UNIVERSITARIO EURO AMERICANO - UNIEURO;345
15;470;1538;COLÉGIO OLIMPO LTDA;327
15;471;1384;COLEGIO LEONARDO DA VINCI;311
15;472;1490;ESCOLA ATUAL;311
15;473;1465;COLÉGIO MARISTA - ÁGUAS CLARAS;347
15;474;1384;COLEGIO LEONARDO DA VINCI;314
15;475;1490;ESCOLA ATUAL;308
15;476;1449;CENTRO UNIVERSITARIO EURO AMERICANO - UNIEURO;347
15;477;1198;CEF Nº 3;301
15;478;1015;CENTRO EDUCACIONAL Nº 02;345
15;479;1538;COLÉGIO OLIMPO LTDA;318
15;480;1490;ESCOLA ATUAL;319
15;481;1384;COLEGIO LEONARDO DA VINCI;315
15;482;1481;CENTRO EDUCACIONAL SIGMA;350
15;483;1457;CENTRO EDUCACIONAL CATOLICA DE BRASILIA;345
15;484;1490;ESCOLA ATUAL;306
15;485;1384;COLEGIO LEONARDO DA VINCI;313
15;486;1651;CEUB - ÁGUAS CLARAS;337
15;487;1538;COLÉGIO OLIMPO LTDA;320
15;488;1490;ESCOLA ATUAL;305
15;489;1449;CENTRO UNIVERSITARIO EURO AMERICANO - UNIEURO;346
15;490;1384;COLEGIO LEONARDO DA VINCI;316
15;491;1538;COLÉGIO OLIMPO LTDA;320
15;492;1449;CENTRO UNIVERSITARIO EURO AMERICANO - UNIEURO;344
15;493;1538;COLÉGIO OLIMPO LTDA;331
15;494;1384;COLEGIO LEONARDO DA VINCI;311
15;495;1139;CEF Nº 10;345
15;496;1538;COLÉGIO OLIMPO LTDA;325
15;497;1457;CENTRO EDUCACIONAL CATOLICA DE BRASILIA;346
15;498;1538;COLÉGIO OLIMPO LTDA;324
15;499;1384;COLEGIO LEONARDO DA VINCI;314
15;500;1481;CENTRO EDUCACIONAL SIGMA;353
15;501;1384;COLEGIO LEONARDO DA VINCI;316
15;502;1465;COLÉGIO MARISTA - ÁGUAS CLARAS;347
15;503;1449;CENTRO UNIVERSITARIO EURO AMERICANO - UNIEURO;342
15;504;1384;COLEGIO LEONARDO DA VINCI;315
15;505;1651;CEUB - ÁGUAS CLARAS;331
15;506;1384;COLEGIO LEONARDO DA VINCI;313
15;507;1228;CENTRO DE ENS MÉDIO Nº 3;239
15;508;1384;COLEGIO LEONARDO DA VINCI;313
15;509;1384;COLEGIO LEONARDO DA VINCI;314
15;510;1384;COLEGIO LEONARDO DA VINCI;313
15;511;1457;CENTRO EDUCACIONAL CATOLICA DE BRASILIA;347
15;512;1384;COLEGIO LEONARDO DA VINCI;312
15;513;1449;CENTRO UNIVERSITARIO EURO AMERICANO - UNIEURO;344
15;514;1384;COLEGIO LEONARDO DA VINCI;312
15;515;1651;CEUB - ÁGUAS CLARAS;328
15;516;1384;COLEGIO LEONARDO DA VINCI;313
15;517;1481;CENTRO EDUCACIONAL SIGMA;340
15;518;1384;COLEGIO LEONARDO DA VINCI;315
15;519;1449;CENTRO UNIVERSITARIO EURO AMERICANO - UNIEURO;346
15;520;1457;CENTRO EDUCACIONAL CATOLICA DE BRASILIA;347
15;521;1449;CENTRO UNIVERSITARIO EURO AMERICANO - UNIEURO;345
15;522;1465;COLÉGIO MARISTA - ÁGUAS CLARAS;347
15;523;1449;CENTRO UNIVERSITARIO EURO AMERICANO - UNIEURO;347
15;524;1384;COLEGIO LEONARDO DA VINCI;314
15;526;1651;CEUB - ÁGUAS CLARAS;337
15;527;1457;CENTRO EDUCACIONAL CATOLICA DE BRASILIA;345
15;528;1449;CENTRO UNIVERSITARIO EURO AMERICANO - UNIEURO;345
15;529;1384;COLEGIO LEONARDO DA VINCI;314
15;530;1384;COLEGIO LEONARDO DA VINCI;311
15;531;1538;COLÉGIO OLIMPO LTDA;331
15;532;1414;UNIPLAN -CENTRO UNIVERSITÁRIO PLANALTO DO DISTRITO FEDERAL;367
15;533;1414;UNIPLAN -CENTRO UNIVERSITÁRIO PLANALTO DO DISTRITO FEDERAL;360
15;534;1317;ESCOLA LA SALLE;341
15;535;1481;CENTRO EDUCACIONAL SIGMA;348
15;536;1457;CENTRO EDUCACIONAL CATOLICA DE BRASILIA;344
15;537;1414;UNIPLAN -CENTRO UNIVERSITÁRIO PLANALTO DO DISTRITO FEDERAL;363
15;538;1384;COLEGIO LEONARDO DA VINCI;312
15;539;1414;UNIPLAN -CENTRO UNIVERSITÁRIO PLANALTO DO DISTRITO FEDERAL;357
15;540;1562;FACULDADE PROCESSUS - CAMPUS II;343
15;541;1538;COLÉGIO OLIMPO LTDA;317
15;542;1414;UNIPLAN -CENTRO UNIVERSITÁRIO PLANALTO DO DISTRITO FEDERAL;364
15;543;1449;CENTRO UNIVERSITARIO EURO AMERICANO - UNIEURO;346
15;544;1015;CENTRO EDUCACIONAL Nº 02;344
15;545;1457;CENTRO EDUCACIONAL CATOLICA DE BRASILIA;338
15;546;1198;CEF Nº 3;304
15;547;1562;FACULDADE PROCESSUS - CAMPUS II;342
15;548;1317;ESCOLA LA SALLE;338
15;549;1414;UNIPLAN -CENTRO UNIVERSITÁRIO PLANALTO DO DISTRITO FEDERAL;359
15;550;1538;COLÉGIO OLIMPO LTDA;318
15;551;1449;CENTRO UNIVERSITARIO EURO AMERICANO - UNIEURO;345
15;552;1449;CENTRO UNIVERSITARIO EURO AMERICANO - UNIEURO;345
15;553;1317;ESCOLA LA SALLE;339
15;554;1457;CENTRO EDUCACIONAL CATOLICA DE BRASILIA;347
15;555;1457;CENTRO EDUCACIONAL CATOLICA DE BRASILIA;345
15;556;1465;COLÉGIO MARISTA - ÁGUAS CLARAS;349
15;557;1317;ESCOLA LA SALLE;341
15;558;1562;FACULDADE PROCESSUS - CAMPUS II;343
15;559;1317;ESCOLA LA SALLE;341
15;560;1414;UNIPLAN -CENTRO UNIVERSITÁRIO PLANALTO DO DISTRITO FEDERAL;363
15;561;1562;FACULDADE PROCESSUS - CAMPUS II;343
15;562;1414;UNIPLAN -CENTRO UNIVERSITÁRIO PLANALTO DO DISTRITO FEDERAL;365
15;564;1600;COLÉGIO IDEAL;337
15;565;1619;COLÉGIO VISÃO;338
15;566;1317;ESCOLA LA SALLE;341
15;567;1619;COLÉGIO VISÃO;333
15;568;1600;COLÉGIO IDEAL;343
15;569;1619;COLÉGIO VISÃO;330
15;570;1562;FACULDADE PROCESSUS - CAMPUS II;342
15;571;1317;ESCOLA LA SALLE;340
15;572;1619;COLÉGIO VISÃO;328
15;573;1600;COLÉGIO IDEAL;341
15;574;1651;CEUB - ÁGUAS CLARAS;305
15;575;1619;COLÉGIO VISÃO;334
15;576;1015;CENTRO EDUCACIONAL Nº 02;340
15;577;1600;COLÉGIO IDEAL;343
15;578;1317;ESCOLA LA SALLE;339
15;579;1619;COLÉGIO VISÃO;337
15;580;1600;COLÉGIO IDEAL;338
15;581;1678;COLÉGIO ADVENTISTA;326
15;582;1562;FACULDADE PROCESSUS - CAMPUS II;343
15;583;1686;COLÉGIO IDEAL MANACÁ;300
15;584;1600;COLÉGIO IDEAL;341
15;585;1678;COLÉGIO ADVENTISTA;324
15;586;1686;COLÉGIO IDEAL MANACÁ;296
15;587;1600;COLÉGIO IDEAL;347
15;589;1678;COLÉGIO ADVENTISTA;298
15;590;1600;COLÉGIO IDEAL;349
15;591;1678;COLÉGIO ADVENTISTA;298
15;593;1643;COLÉGIO ANCHIETA - TAGUATINGA;321
15;594;1600;COLÉGIO IDEAL;327
15;595;1562;FACULDADE PROCESSUS - CAMPUS II;341
15;598;1600;COLÉGIO IDEAL;344
15;600;1678;COLÉGIO ADVENTISTA;305
15;601;1295;ESCOLA CLASSE ARNIQUEIRA;349
15;602;1600;COLÉGIO IDEAL;344
15;603;1015;CENTRO EDUCACIONAL Nº 02;345
15;605;1562;FACULDADE PROCESSUS - CAMPUS II;343
15;606;1678;COLÉGIO ADVENTISTA;309
15;607;1600;COLÉGIO IDEAL;341
15;609;1678;COLÉGIO ADVENTISTA;318
15;610;1600;COLÉGIO IDEAL;334
15;612;1120;CEMAB - CENTRO DE ENSINO MÉDIO AVE BRANCA;321
15;614;1058;ESCOLA TÉCNICA DE BRASÍLIA;316
15;616;1678;COLÉGIO ADVENTISTA;323
15;617;1600;COLÉGIO IDEAL;338
15;618;1562;FACULDADE PROCESSUS - CAMPUS II;343
15;619;1686;COLÉGIO IDEAL MANACÁ;294
15;620;1678;COLÉGIO ADVENTISTA;316
15;621;1600;COLÉGIO IDEAL;345
15;622;1686;COLÉGIO IDEAL MANACÁ;294
15;625;1457;CENTRO EDUCACIONAL CATOLICA DE BRASILIA;342
15;626;1112;ESCOLA CLASSE N 1;338
15;627;1139;CEF Nº 10;342
15;628;1457;CENTRO EDUCACIONAL CATOLICA DE BRASILIA;345
15;630;1678;COLÉGIO ADVENTISTA;348
15;631;1457;CENTRO EDUCACIONAL CATOLICA DE BRASILIA;344
15;633;1090;CEF Nº 8;378
15;635;1228;CENTRO DE ENS MÉDIO Nº 3;342
15;640;1210;ESCOLA CLASSE 54 (CEF  Nº 18 - ESCOLA NORMAL);308
15;641;1686;COLÉGIO IDEAL MANACÁ;345
15;643;1112;ESCOLA CLASSE N 1;327
15;644;1686;COLÉGIO IDEAL MANACÁ;348
15;645;1686;COLÉGIO IDEAL MANACÁ;345
15;646;1490;ESCOLA ATUAL;361
15;648;1228;CENTRO DE ENS MÉDIO Nº 3;333
15;649;1686;COLÉGIO IDEAL MANACÁ;344
15;650;1651;CEUB - ÁGUAS CLARAS;317
15;654;1490;ESCOLA ATUAL;361
15;655;1678;COLÉGIO ADVENTISTA;386
15;657;1678;COLÉGIO ADVENTISTA;350
15;658;1651;CEUB - ÁGUAS CLARAS;319
15;659;1643;COLÉGIO ANCHIETA - TAGUATINGA;269
15;660;1686;COLÉGIO IDEAL MANACÁ;346
15;662;1210;ESCOLA CLASSE 54 (CEF  Nº 18 - ESCOLA NORMAL);308
15;663;1686;COLÉGIO IDEAL MANACÁ;342
15;664;1651;CEUB - ÁGUAS CLARAS;213
15;665;1228;CENTRO DE ENS MÉDIO Nº 3;342
15;666;1686;COLÉGIO IDEAL MANACÁ;344
15;667;1678;COLÉGIO ADVENTISTA;364
15;668;1090;CEF Nº 8;369
15;669;1414;UNIPLAN -CENTRO UNIVERSITÁRIO PLANALTO DO DISTRITO FEDERAL;367
15;670;1015;CENTRO EDUCACIONAL Nº 02;239
15;671;1457;CENTRO EDUCACIONAL CATOLICA DE BRASILIA;350
15;672;1147;ESCOLA CLASSE N 11;308
15;673;1422;CENTRO DE EDUCAÇÃO INFANTIL ÁGUAS CLARAS;265
15;674;1210;ESCOLA CLASSE 54 (CEF  Nº 18 - ESCOLA NORMAL);292
15;675;1678;COLÉGIO ADVENTISTA;350
15;676;1112;ESCOLA CLASSE N 1;317
15;677;1139;CEF Nº 10;1
15;678;1414;UNIPLAN -CENTRO UNIVERSITÁRIO PLANALTO DO DISTRITO FEDERAL;345
15;679;1678;COLÉGIO ADVENTISTA;328
15;680;1694;COLÉGIO OBJETIVO - ÁGUAS CLARAS;361
16;28;1040;ESCOLA CLASSE 61;299
16;29;1040;ESCOLA CLASSE 61;298
16;30;1040;ESCOLA CLASSE 61;303
16;31;1040;ESCOLA CLASSE 61;302
16;32;1040;ESCOLA CLASSE 61;300
16;33;1040;ESCOLA CLASSE 61;298
16;34;1040;ESCOLA CLASSE 61;302
16;35;1040;ESCOLA CLASSE 61;305
16;36;1058;ESCOLA CLASSE 16;341
16;37;1058;ESCOLA CLASSE 16;334
16;38;1058;ESCOLA CLASSE 16;335
16;39;1058;ESCOLA CLASSE 16;336
16;40;1058;ESCOLA CLASSE 16;338
16;41;1058;ESCOLA CLASSE 16;338
16;42;1058;ESCOLA CLASSE 16;337
16;43;1066;ESCOLA CLASSE 17;226
16;44;1066;ESCOLA CLASSE 17;222
16;45;1066;ESCOLA CLASSE 17;225
16;46;1066;ESCOLA CLASSE 17;223
16;47;1066;ESCOLA CLASSE 17;226
16;48;1066;ESCOLA CLASSE 17;224
16;49;1066;ESCOLA CLASSE 17;226
16;50;1066;ESCOLA CLASSE 17;228
16;51;1066;ESCOLA CLASSE 17;224
16;52;1066;ESCOLA CLASSE 17;225
16;53;1066;ESCOLA CLASSE 17;224
16;54;1074;CENTRO EDUCACIONAL 14 (ANTIGO CE 15);308
16;55;1074;CENTRO EDUCACIONAL 14 (ANTIGO CE 15);304
16;56;1074;CENTRO EDUCACIONAL 14 (ANTIGO CE 15);304
16;57;1074;CENTRO EDUCACIONAL 14 (ANTIGO CE 15);308
16;58;1074;CENTRO EDUCACIONAL 14 (ANTIGO CE 15);307
16;59;1074;CENTRO EDUCACIONAL 14 (ANTIGO CE 15);308
16;60;1074;CENTRO EDUCACIONAL 14 (ANTIGO CE 15);307
16;61;1074;CENTRO EDUCACIONAL 14 (ANTIGO CE 15);304
16;62;1074;CENTRO EDUCACIONAL 14 (ANTIGO CE 15);309
16;63;1074;CENTRO EDUCACIONAL 14 (ANTIGO CE 15);308
16;64;1074;CENTRO EDUCACIONAL 14 (ANTIGO CE 15);307
16;65;1074;CENTRO EDUCACIONAL 14 (ANTIGO CE 15);309
16;66;1074;CENTRO EDUCACIONAL 14 (ANTIGO CE 15);305
16;67;1074;CENTRO EDUCACIONAL 14 (ANTIGO CE 15);305
16;68;1074;CENTRO EDUCACIONAL 14 (ANTIGO CE 15);306
16;69;1074;CENTRO EDUCACIONAL 14 (ANTIGO CE 15);306
16;70;1074;CENTRO EDUCACIONAL 14 (ANTIGO CE 15);303
16;71;1082;ESCOLA CLASSE 33;309
16;72;1082;ESCOLA CLASSE 33;310
16;73;1082;ESCOLA CLASSE 33;311
16;74;1082;ESCOLA CLASSE 33;311
16;75;1082;ESCOLA CLASSE 33;308
16;76;1082;ESCOLA CLASSE 33;308
16;77;1082;ESCOLA CLASSE 33;311
16;78;1082;ESCOLA CLASSE 33;308
16;79;1082;ESCOLA CLASSE 33;312
16;80;1082;ESCOLA CLASSE 33;313
16;81;1082;ESCOLA CLASSE 33;307
16;82;1082;ESCOLA CLASSE 33;304
16;83;1082;ESCOLA CLASSE 33;313
16;84;1082;ESCOLA CLASSE 33;313
16;85;1082;ESCOLA CLASSE 33;309
16;86;1082;ESCOLA CLASSE 33;313
16;87;1082;ESCOLA CLASSE 33;310
16;88;1090;CENTRO DE ENSINO FUNDAMENTAL 26 (ANTIGA EC 30);267
16;89;1090;CENTRO DE ENSINO FUNDAMENTAL 26 (ANTIGA EC 30);268
16;90;1090;CENTRO DE ENSINO FUNDAMENTAL 26 (ANTIGA EC 30);269
16;91;1090;CENTRO DE ENSINO FUNDAMENTAL 26 (ANTIGA EC 30);266
16;92;1090;CENTRO DE ENSINO FUNDAMENTAL 26 (ANTIGA EC 30);270
16;93;1090;CENTRO DE ENSINO FUNDAMENTAL 26 (ANTIGA EC 30);269
16;94;1090;CENTRO DE ENSINO FUNDAMENTAL 26 (ANTIGA EC 30);270
16;95;1090;CENTRO DE ENSINO FUNDAMENTAL 26 (ANTIGA EC 30);268
16;96;1090;CENTRO DE ENSINO FUNDAMENTAL 26 (ANTIGA EC 30);267
16;97;1090;CENTRO DE ENSINO FUNDAMENTAL 26 (ANTIGA EC 30);266
16;98;1090;CENTRO DE ENSINO FUNDAMENTAL 26 (ANTIGA EC 30);268
16;99;1090;CENTRO DE ENSINO FUNDAMENTAL 26 (ANTIGA EC 30);267
16;100;1090;CENTRO DE ENSINO FUNDAMENTAL 26 (ANTIGA EC 30);267
16;101;1104;ESCOLA CLASSE 62;343
16;102;1104;ESCOLA CLASSE 62;345
16;103;1104;ESCOLA CLASSE 62;341
16;104;1104;ESCOLA CLASSE 62;343
16;105;1104;ESCOLA CLASSE 62;337
16;106;1104;ESCOLA CLASSE 62;340
16;107;1104;ESCOLA CLASSE 62;341
16;108;1104;ESCOLA CLASSE 62;336
16;109;1104;ESCOLA CLASSE 62;335
16;110;1104;ESCOLA CLASSE 62;346
16;111;1104;ESCOLA CLASSE 62;344
16;123;1120;ESCOLA CLASSE 34;225
16;124;1120;ESCOLA CLASSE 34;236
16;125;1120;ESCOLA CLASSE 34;239
16;126;1120;ESCOLA CLASSE 34;237
16;127;1120;ESCOLA CLASSE 34;223
16;128;1120;ESCOLA CLASSE 34;233
16;129;1120;ESCOLA CLASSE 34;221
16;130;1120;ESCOLA CLASSE 34;226
16;131;1120;ESCOLA CLASSE 34;232
16;132;1120;ESCOLA CLASSE 34;231
16;133;1120;ESCOLA CLASSE 34;237
16;134;1120;ESCOLA CLASSE 34;231
16;135;1120;ESCOLA CLASSE 34;231
16;136;1139;CENTRO DE ENSINO FUNDAMENTAL 12;387
16;137;1139;CENTRO DE ENSINO FUNDAMENTAL 12;384
16;138;1139;CENTRO DE ENSINO FUNDAMENTAL 12;388
16;139;1139;CENTRO DE ENSINO FUNDAMENTAL 12;386
16;140;1139;CENTRO DE ENSINO FUNDAMENTAL 12;384
16;141;1139;CENTRO DE ENSINO FUNDAMENTAL 12;385
16;142;1139;CENTRO DE ENSINO FUNDAMENTAL 12;386
16;143;1139;CENTRO DE ENSINO FUNDAMENTAL 12;388
16;144;1139;CENTRO DE ENSINO FUNDAMENTAL 12;386
16;145;1147;ESCOLA CLASSE 31;266
16;146;1147;ESCOLA CLASSE 31;268
16;147;1147;ESCOLA CLASSE 31;266
16;148;1147;ESCOLA CLASSE 31;267
16;149;1147;ESCOLA CLASSE 31;269
16;150;1147;ESCOLA CLASSE 31;265
16;151;1147;ESCOLA CLASSE 31;262
16;152;1147;ESCOLA CLASSE 31;268
16;153;1147;ESCOLA CLASSE 31;271
16;154;1147;ESCOLA CLASSE 31;265
16;155;1147;ESCOLA CLASSE 31;268
16;156;1147;ESCOLA CLASSE 31;268
16;157;1147;ESCOLA CLASSE 31;267
16;158;1147;ESCOLA CLASSE 31;266
16;159;1155;CENTRO DE ENSINO FUNDAMENTAL 31 (ANTIGO CE 17 E 53);339
16;160;1155;CENTRO DE ENSINO FUNDAMENTAL 31 (ANTIGO CE 17 E 53);338
16;161;1155;CENTRO DE ENSINO FUNDAMENTAL 31 (ANTIGO CE 17 E 53);346
16;162;1155;CENTRO DE ENSINO FUNDAMENTAL 31 (ANTIGO CE 17 E 53);351
16;163;1155;CENTRO DE ENSINO FUNDAMENTAL 31 (ANTIGO CE 17 E 53);345
16;164;1155;CENTRO DE ENSINO FUNDAMENTAL 31 (ANTIGO CE 17 E 53);342
16;165;1155;CENTRO DE ENSINO FUNDAMENTAL 31 (ANTIGO CE 17 E 53);336
16;166;1155;CENTRO DE ENSINO FUNDAMENTAL 31 (ANTIGO CE 17 E 53);346
16;167;1155;CENTRO DE ENSINO FUNDAMENTAL 31 (ANTIGO CE 17 E 53);336
16;168;1163;CENTRO DE ENSINO MÉDIO 09;393
16;169;1163;CENTRO DE ENSINO MÉDIO 09;393
16;170;1163;CENTRO DE ENSINO MÉDIO 09;394
16;171;1163;CENTRO DE ENSINO MÉDIO 09;392
16;172;1163;CENTRO DE ENSINO MÉDIO 09;399
16;173;1163;CENTRO DE ENSINO MÉDIO 09;394
16;174;1163;CENTRO DE ENSINO MÉDIO 09;390
16;175;1163;CENTRO DE ENSINO MÉDIO 09;396
16;176;1163;CENTRO DE ENSINO MÉDIO 09;396
16;177;1163;CENTRO DE ENSINO MÉDIO 09;397
16;178;1163;CENTRO DE ENSINO MÉDIO 09;393
16;179;1163;CENTRO DE ENSINO MÉDIO 09;395
16;180;1163;CENTRO DE ENSINO MÉDIO 09;395
16;181;1163;CENTRO DE ENSINO MÉDIO 09;394
16;182;1163;CENTRO DE ENSINO MÉDIO 09;391
16;183;1163;CENTRO DE ENSINO MÉDIO 09;394
16;184;1171;CENTRO DE ENSINO FUNDAMENTAL BOA ESPERANÇA;330
16;185;1180;CENTRO DE ENSINO FUNDAMENTAL 30;387
16;186;1198;CENTRO EDUCACIONAL INCRA 09;307
16;187;1180;CENTRO DE ENSINO FUNDAMENTAL 30;386
16;188;1040;ESCOLA CLASSE 61;301
16;189;1155;CENTRO DE ENSINO FUNDAMENTAL 31 (ANTIGO CE 17 E 53);343
16;190;1155;CENTRO DE ENSINO FUNDAMENTAL 31 (ANTIGO CE 17 E 53);338
16;191;1180;CENTRO DE ENSINO FUNDAMENTAL 30;383
16;192;1066;ESCOLA CLASSE 17;226
16;193;1104;ESCOLA CLASSE 62;340
16;194;1040;ESCOLA CLASSE 61;296
16;195;1155;CENTRO DE ENSINO FUNDAMENTAL 31 (ANTIGO CE 17 E 53);341
16;196;1139;CENTRO DE ENSINO FUNDAMENTAL 12;383
16;197;1074;CENTRO EDUCACIONAL 14 (ANTIGO CE 15);310
16;200;1120;ESCOLA CLASSE 34;237
16;202;1058;ESCOLA CLASSE 16;336
16;204;1147;ESCOLA CLASSE 31;270
16;205;1090;CENTRO DE ENSINO FUNDAMENTAL 26 (ANTIGA EC 30);270
16;206;1155;CENTRO DE ENSINO FUNDAMENTAL 31 (ANTIGO CE 17 E 53);350
16;207;1040;ESCOLA CLASSE 61;299
16;208;1155;CENTRO DE ENSINO FUNDAMENTAL 31 (ANTIGO CE 17 E 53);350
16;209;1104;ESCOLA CLASSE 62;343
16;210;1040;ESCOLA CLASSE 61;295
16;211;1198;CENTRO EDUCACIONAL INCRA 09;307
16;212;1074;CENTRO EDUCACIONAL 14 (ANTIGO CE 15);308
16;213;1180;CENTRO DE ENSINO FUNDAMENTAL 30;385
16;214;1155;CENTRO DE ENSINO FUNDAMENTAL 31 (ANTIGO CE 17 E 53);340
16;215;1040;ESCOLA CLASSE 61;300
16;218;1040;ESCOLA CLASSE 61;298
16;221;1058;ESCOLA CLASSE 16;329
16;222;1147;ESCOLA CLASSE 31;268
16;223;1074;CENTRO EDUCACIONAL 14 (ANTIGO CE 15);305
16;224;1090;CENTRO DE ENSINO FUNDAMENTAL 26 (ANTIGA EC 30);268
16;225;1210;ESCOLA CLASSE 38;384
16;226;1252;CENTRO DE ENSINO FUNDAMENTAL 34 (ANTIGA EC 60);380
16;227;1040;ESCOLA CLASSE 61;297
16;228;1260;CENTRO EDUCACIONAL 16 (ANTIGO CEF 24);360
16;229;1252;CENTRO DE ENSINO FUNDAMENTAL 34 (ANTIGA EC 60);386
16;230;1180;CENTRO DE ENSINO FUNDAMENTAL 30;379
16;231;1260;CENTRO EDUCACIONAL 16 (ANTIGO CEF 24);355
16;232;1066;ESCOLA CLASSE 17;226
16;233;1260;CENTRO EDUCACIONAL 16 (ANTIGO CEF 24);357
16;234;1260;CENTRO EDUCACIONAL 16 (ANTIGO CEF 24);353
16;235;1252;CENTRO DE ENSINO FUNDAMENTAL 34 (ANTIGA EC 60);380
16;236;1260;CENTRO EDUCACIONAL 16 (ANTIGO CEF 24);354
16;237;1210;ESCOLA CLASSE 38;377
16;238;1260;CENTRO EDUCACIONAL 16 (ANTIGO CEF 24);361
16;239;1171;CENTRO DE ENSINO FUNDAMENTAL BOA ESPERANÇA;330
16;240;1279;ESCOLA CLASSE 65;369
16;241;1252;CENTRO DE ENSINO FUNDAMENTAL 34 (ANTIGA EC 60);378
16;242;1252;CENTRO DE ENSINO FUNDAMENTAL 34 (ANTIGA EC 60);377
16;243;1279;ESCOLA CLASSE 65;367
16;244;1210;ESCOLA CLASSE 38;379
16;245;1180;CENTRO DE ENSINO FUNDAMENTAL 30;383
16;246;1279;ESCOLA CLASSE 65;364
16;247;1252;CENTRO DE ENSINO FUNDAMENTAL 34 (ANTIGA EC 60);381
16;248;1287;CENTRO DE ENSINO FUNDAMENTAL 27;390
16;249;1210;ESCOLA CLASSE 38;382
16;250;1058;ESCOLA CLASSE 16;338
16;251;1279;ESCOLA CLASSE 65;367
16;252;1287;CENTRO DE ENSINO FUNDAMENTAL 27;388
16;253;1252;CENTRO DE ENSINO FUNDAMENTAL 34 (ANTIGA EC 60);379
16;254;1139;CENTRO DE ENSINO FUNDAMENTAL 12;391
16;255;1210;ESCOLA CLASSE 38;381
16;256;1287;CENTRO DE ENSINO FUNDAMENTAL 27;384
16;257;1180;CENTRO DE ENSINO FUNDAMENTAL 30;375
16;258;1279;ESCOLA CLASSE 65;361
16;259;1236;ESCOLA CLASSE 55;371
16;260;1287;CENTRO DE ENSINO FUNDAMENTAL 27;389
16;261;1252;CENTRO DE ENSINO FUNDAMENTAL 34 (ANTIGA EC 60);379
16;262;1198;CENTRO EDUCACIONAL INCRA 09;311
16;263;1287;CENTRO DE ENSINO FUNDAMENTAL 27;394
16;264;1210;ESCOLA CLASSE 38;377
16;265;1279;ESCOLA CLASSE 65;363
16;266;1287;CENTRO DE ENSINO FUNDAMENTAL 27;387
16;267;1260;CENTRO EDUCACIONAL 16 (ANTIGO CEF 24);356
16;268;1317;ESCOLA CLASSE 66;396
16;269;1295;CENTRO DE ENSINO FUNDAMENTAL 28;393
16;270;1104;ESCOLA CLASSE 62;348
16;271;1252;CENTRO DE ENSINO FUNDAMENTAL 34 (ANTIGA EC 60);386
16;272;1309;ESCOLA CLASSE DO SETOR P NORTE;385
16;273;1236;ESCOLA CLASSE 55;367
16;274;1180;CENTRO DE ENSINO FUNDAMENTAL 30;384
16;275;1244;ESCOLA CLASSE 56;394
16;276;1040;ESCOLA CLASSE 61;305
16;277;1287;CENTRO DE ENSINO FUNDAMENTAL 27;396
16;278;1317;ESCOLA CLASSE 66;391
16;279;1236;ESCOLA CLASSE 55;372
16;280;1244;ESCOLA CLASSE 56;393
16;281;1210;ESCOLA CLASSE 38;387
16;282;1317;ESCOLA CLASSE 66;390
16;283;1180;CENTRO DE ENSINO FUNDAMENTAL 30;386
16;284;1279;ESCOLA CLASSE 65;367
16;285;1295;CENTRO DE ENSINO FUNDAMENTAL 28;391
16;286;1244;ESCOLA CLASSE 56;388
16;287;1287;CENTRO DE ENSINO FUNDAMENTAL 27;393
16;288;1317;ESCOLA CLASSE 66;395
16;289;1236;ESCOLA CLASSE 55;377
16;290;1252;CENTRO DE ENSINO FUNDAMENTAL 34 (ANTIGA EC 60);383
16;291;1317;ESCOLA CLASSE 66;395
16;292;1279;ESCOLA CLASSE 65;366
16;293;1260;CENTRO EDUCACIONAL 16 (ANTIGO CEF 24);361
16;294;1244;ESCOLA CLASSE 56;387
16;295;1210;ESCOLA CLASSE 38;382
16;296;1317;ESCOLA CLASSE 66;391
16;297;1287;CENTRO DE ENSINO FUNDAMENTAL 27;391
16;298;1295;CENTRO DE ENSINO FUNDAMENTAL 28;391
16;299;1236;ESCOLA CLASSE 55;372
16;300;1317;ESCOLA CLASSE 66;392
16;301;1198;CENTRO EDUCACIONAL INCRA 09;308
16;302;1244;ESCOLA CLASSE 56;393
16;303;1317;ESCOLA CLASSE 66;382
16;304;1279;ESCOLA CLASSE 65;369
16;305;1287;CENTRO DE ENSINO FUNDAMENTAL 27;386
16;306;1317;ESCOLA CLASSE 66;387
16;307;1228;CENTRO DE ENSINO MEDIO 12;383
16;308;1180;CENTRO DE ENSINO FUNDAMENTAL 30;380
16;309;1309;ESCOLA CLASSE DO SETOR P NORTE;383
16;310;1260;CENTRO EDUCACIONAL 16 (ANTIGO CEF 24);357
16;311;1295;CENTRO DE ENSINO FUNDAMENTAL 28;391
16;312;1236;ESCOLA CLASSE 55;376
16;313;1317;ESCOLA CLASSE 66;391
16;314;1171;CENTRO DE ENSINO FUNDAMENTAL BOA ESPERANÇA;328
16;315;1317;ESCOLA CLASSE 66;384
16;316;1210;ESCOLA CLASSE 38;381
16;317;1244;ESCOLA CLASSE 56;383
16;318;1279;ESCOLA CLASSE 65;369
16;319;1317;ESCOLA CLASSE 66;392
16;320;1252;CENTRO DE ENSINO FUNDAMENTAL 34 (ANTIGA EC 60);379
16;321;1287;CENTRO DE ENSINO FUNDAMENTAL 27;385
16;322;1317;ESCOLA CLASSE 66;389
16;323;1260;CENTRO EDUCACIONAL 16 (ANTIGO CEF 24);356
16;324;1244;ESCOLA CLASSE 56;381
16;325;1180;CENTRO DE ENSINO FUNDAMENTAL 30;379
16;326;1279;ESCOLA CLASSE 65;363
16;327;1236;ESCOLA CLASSE 55;368
16;328;1295;CENTRO DE ENSINO FUNDAMENTAL 28;389
16;329;1317;ESCOLA CLASSE 66;379
16;330;1287;CENTRO DE ENSINO FUNDAMENTAL 27;389
16;331;1317;ESCOLA CLASSE 66;393
16;332;1325;CENTRO  EDUCACIONAL 02;324
16;333;1325;CENTRO  EDUCACIONAL 02;326
16;334;1325;CENTRO  EDUCACIONAL 02;323
16;335;1325;CENTRO  EDUCACIONAL 02;326
16;336;1325;CENTRO  EDUCACIONAL 02;323
16;337;1325;CENTRO  EDUCACIONAL 02;326
16;338;1325;CENTRO  EDUCACIONAL 02;323
16;339;1325;CENTRO  EDUCACIONAL 02;321
16;340;1325;CENTRO  EDUCACIONAL 02;321
16;341;1333;ESCOLA CLASSE N. 05 - GB;300
16;342;1333;ESCOLA CLASSE N. 05 - GB;295
16;343;1333;ESCOLA CLASSE N. 05 - GB;299
16;344;1333;ESCOLA CLASSE N. 05 - GB;299
16;345;1341;ESCOLA CLASSE  ALMECEGAS;97
16;346;1341;ESCOLA CLASSE  ALMECEGAS;34
16;347;1350;CENTRO EDUCACIONAL 04 (CURRALINHO);207
16;348;1350;CENTRO EDUCACIONAL 04 (CURRALINHO);112
16;349;1368;CENTRO DE ENSINO ESPECIAL - CENEBRAZ;311
16;350;1368;CENTRO DE ENSINO ESPECIAL - CENEBRAZ;314
16;351;1368;CENTRO DE ENSINO ESPECIAL - CENEBRAZ;317
16;352;1368;CENTRO DE ENSINO ESPECIAL - CENEBRAZ;310
16;353;1368;CENTRO DE ENSINO ESPECIAL - CENEBRAZ;315
16;354;1368;CENTRO DE ENSINO ESPECIAL - CENEBRAZ;311
16;355;1368;CENTRO DE ENSINO ESPECIAL - CENEBRAZ;309
16;356;1368;CENTRO DE ENSINO ESPECIAL - CENEBRAZ;318
16;357;1376;ESCOLA CLASSE POLO AGRICOLA TORRE;265
16;360;1376;ESCOLA CLASSE POLO AGRICOLA TORRE;282
16;361;1384;ESCOLA CLASSE N 03;341
16;362;1384;ESCOLA CLASSE N 03;330
16;363;1384;ESCOLA CLASSE N 03;333
16;364;1384;ESCOLA CLASSE N 03;331
16;365;1384;ESCOLA CLASSE N 03;331
16;366;1384;ESCOLA CLASSE N 03;334
16;367;1384;ESCOLA CLASSE N 03;329
16;368;1384;ESCOLA CLASSE N 03;336
16;369;1392;ESCOLA CLASSE N 01;236
16;370;1392;ESCOLA CLASSE N 01;239
16;371;1392;ESCOLA CLASSE N 01;241
16;372;1392;ESCOLA CLASSE N 01;241
16;373;1392;ESCOLA CLASSE N 01;238
16;374;1392;ESCOLA CLASSE N 01;239
16;375;1406;ESCOLA CLASSE N. 01 - INCRA 08;349
16;376;1406;ESCOLA CLASSE N. 01 - INCRA 08;349
16;377;1406;ESCOLA CLASSE N. 01 - INCRA 08;348
16;378;1406;ESCOLA CLASSE N. 01 - INCRA 08;349
16;379;1406;ESCOLA CLASSE N. 01 - INCRA 08;352
16;380;1406;ESCOLA CLASSE N. 01 - INCRA 08;349
16;381;1406;ESCOLA CLASSE N. 01 - INCRA 08;349
16;382;1414;CENTRO DE CONVIVÊNCIA BRAZLÂNDIA CENTRAL (COSE);282
16;383;1414;CENTRO DE CONVIVÊNCIA BRAZLÂNDIA CENTRAL (COSE);275
16;384;1422;ESCOLA CLASSE 07;287
16;385;1422;ESCOLA CLASSE 07;286
16;386;1422;ESCOLA CLASSE 07;285
16;387;1422;ESCOLA CLASSE 07;286
16;388;1422;ESCOLA CLASSE 07;286
16;389;1422;ESCOLA CLASSE 07;288
16;390;1422;ESCOLA CLASSE 07;284
16;392;1422;ESCOLA CLASSE 07;284
16;393;1430;ESCOLA CLASSE 09;326
16;394;1430;ESCOLA CLASSE 09;323
16;395;1430;ESCOLA CLASSE 09;334
16;396;1430;ESCOLA CLASSE 09;326
16;397;1430;ESCOLA CLASSE 09;328
16;398;1430;ESCOLA CLASSE 09;325
16;399;1430;ESCOLA CLASSE 09;320
16;400;1449;ESCOLA CLASSE N. 06;316
16;401;1449;ESCOLA CLASSE N. 06;313
16;402;1449;ESCOLA CLASSE N. 06;318
16;403;1449;ESCOLA CLASSE N. 06;315
16;404;1449;ESCOLA CLASSE N. 06;313
16;405;1457;CENTRO INTERESCOLAR DE LINGUAS DE BRAZLANDIA - CILB;150
16;406;1457;CENTRO INTERESCOLAR DE LINGUAS DE BRAZLANDIA - CILB;149
16;407;1457;CENTRO INTERESCOLAR DE LINGUAS DE BRAZLANDIA - CILB;150
16;408;1457;CENTRO INTERESCOLAR DE LINGUAS DE BRAZLANDIA - CILB;150
16;409;1457;CENTRO INTERESCOLAR DE LINGUAS DE BRAZLANDIA - CILB;149
16;410;1457;CENTRO INTERESCOLAR DE LINGUAS DE BRAZLANDIA - CILB;150
16;411;1457;CENTRO INTERESCOLAR DE LINGUAS DE BRAZLANDIA - CILB;149
16;412;1457;CENTRO INTERESCOLAR DE LINGUAS DE BRAZLANDIA - CILB;147
16;414;1457;CENTRO INTERESCOLAR DE LINGUAS DE BRAZLANDIA - CILB;147
16;417;1465;CENTRO DE ENSINO FUNDAMENTAL N. 01;231
16;418;1465;CENTRO DE ENSINO FUNDAMENTAL N. 01;229
16;419;1465;CENTRO DE ENSINO FUNDAMENTAL N. 01;224
16;420;1465;CENTRO DE ENSINO FUNDAMENTAL N. 01;232
16;421;1465;CENTRO DE ENSINO FUNDAMENTAL N. 01;229
16;422;1465;CENTRO DE ENSINO FUNDAMENTAL N. 01;228
16;423;1465;CENTRO DE ENSINO FUNDAMENTAL N. 01;228
16;424;1465;CENTRO DE ENSINO FUNDAMENTAL N. 01;230
16;425;1465;CENTRO DE ENSINO FUNDAMENTAL N. 01;222
16;426;1465;CENTRO DE ENSINO FUNDAMENTAL N. 01;227
16;427;1465;CENTRO DE ENSINO FUNDAMENTAL N. 01;220
16;428;1473;CENTRO DE ENSINO FUNDAMENTAL VENDINHA;345
16;429;1473;CENTRO DE ENSINO FUNDAMENTAL VENDINHA;350
16;430;1481;ESCOLA CLASSE RURAL CHAPADINHA;268
16;431;1481;ESCOLA CLASSE RURAL CHAPADINHA;283
16;432;1490;CENTRO DE ENSINO MEDIO N. 01;244
16;433;1490;CENTRO DE ENSINO MEDIO N. 01;244
16;434;1490;CENTRO DE ENSINO MEDIO N. 01;245
16;435;1490;CENTRO DE ENSINO MEDIO N. 01;242
16;436;1490;CENTRO DE ENSINO MEDIO N. 01;240
16;437;1490;CENTRO DE ENSINO MEDIO N. 01;243
16;438;1490;CENTRO DE ENSINO MEDIO N. 01;243
16;439;1490;CENTRO DE ENSINO MEDIO N. 01;240
16;440;1490;CENTRO DE ENSINO MEDIO N. 01;246
16;441;1490;CENTRO DE ENSINO MEDIO N. 01;244
16;442;1490;CENTRO DE ENSINO MEDIO N. 01;240
16;443;1503;ESCOLA CLASSE INCRA 06;260
16;444;1503;ESCOLA CLASSE INCRA 06;262
16;445;1503;ESCOLA CLASSE INCRA 06;260
16;446;1511;CENTRO DE EDUCACAO INFANTIL 01 DE BRAZLANDIA;337
16;447;1511;CENTRO DE EDUCACAO INFANTIL 01 DE BRAZLANDIA;335
16;448;1511;CENTRO DE EDUCACAO INFANTIL 01 DE BRAZLANDIA;337
16;449;1520;ESCOLA CLASSE BUCANHAO;38
16;450;1538;CENTRO EDUCACIONAL IRMÃ MARIA REGINA VELANES RÉGIS;385
16;451;1538;CENTRO EDUCACIONAL IRMÃ MARIA REGINA VELANES RÉGIS;382
16;452;1538;CENTRO EDUCACIONAL IRMÃ MARIA REGINA VELANES RÉGIS;380
16;453;1538;CENTRO EDUCACIONAL IRMÃ MARIA REGINA VELANES RÉGIS;386
16;454;1546;CENTRO ENSINO MÉDIO Nº 02;352
16;455;1546;CENTRO ENSINO MÉDIO Nº 02;351
16;456;1546;CENTRO ENSINO MÉDIO Nº 02;350
16;457;1546;CENTRO ENSINO MÉDIO Nº 02;349
16;458;1546;CENTRO ENSINO MÉDIO Nº 02;352
16;459;1546;CENTRO ENSINO MÉDIO Nº 02;352
16;460;1546;CENTRO ENSINO MÉDIO Nº 02;355
16;461;1546;CENTRO ENSINO MÉDIO Nº 02;351
16;462;1546;CENTRO ENSINO MÉDIO Nº 02;351
16;463;1546;CENTRO ENSINO MÉDIO Nº 02;349
16;464;1546;CENTRO ENSINO MÉDIO Nº 02;348
16;465;1554;CENTRO DE ENSINO FUNDAMENTAL N. 02;325
16;466;1554;CENTRO DE ENSINO FUNDAMENTAL N. 02;321
16;467;1554;CENTRO DE ENSINO FUNDAMENTAL N. 02;315
16;468;1554;CENTRO DE ENSINO FUNDAMENTAL N. 02;311
16;469;1554;CENTRO DE ENSINO FUNDAMENTAL N. 02;319
16;470;1554;CENTRO DE ENSINO FUNDAMENTAL N. 02;319
16;471;1562;CENTRO DE ENSINO FUNDAMENTAL- INCRA 08;277
16;472;1562;CENTRO DE ENSINO FUNDAMENTAL- INCRA 08;273
16;473;1562;CENTRO DE ENSINO FUNDAMENTAL- INCRA 08;273
16;474;1562;CENTRO DE ENSINO FUNDAMENTAL- INCRA 08;268
16;475;1562;CENTRO DE ENSINO FUNDAMENTAL- INCRA 08;273
16;476;1562;CENTRO DE ENSINO FUNDAMENTAL- INCRA 08;276
16;477;1562;CENTRO DE ENSINO FUNDAMENTAL- INCRA 08;271
16;478;1562;CENTRO DE ENSINO FUNDAMENTAL- INCRA 08;267
16;479;1570;ESCOLA CLASSE  INCRA 07;296
16;480;1570;ESCOLA CLASSE  INCRA 07;296
16;481;1589;CAIC - PROFESSOR BENEDITO CARLOS DE OLIVEIRA;282
16;482;1589;CAIC - PROFESSOR BENEDITO CARLOS DE OLIVEIRA;275
16;483;1597;CENTRO DE ENSINO FUNDAMENTAL N. 03;309
16;484;1597;CENTRO DE ENSINO FUNDAMENTAL N. 03;295
16;485;1597;CENTRO DE ENSINO FUNDAMENTAL N. 03;291
16;486;1597;CENTRO DE ENSINO FUNDAMENTAL N. 03;298
16;487;1597;CENTRO DE ENSINO FUNDAMENTAL N. 03;297
16;488;1597;CENTRO DE ENSINO FUNDAMENTAL N. 03;303
16;489;1597;CENTRO DE ENSINO FUNDAMENTAL N. 03;305
16;490;1597;CENTRO DE ENSINO FUNDAMENTAL N. 03;303
16;491;1597;CENTRO DE ENSINO FUNDAMENTAL N. 03;311
16;492;1597;CENTRO DE ENSINO FUNDAMENTAL N. 03;308
16;493;1597;CENTRO DE ENSINO FUNDAMENTAL N. 03;305
16;494;1600;ESCOLA CLASSE 08;326
16;495;1600;ESCOLA CLASSE 08;327
16;496;1600;ESCOLA CLASSE 08;328
16;497;1600;ESCOLA CLASSE 08;330
16;498;1600;ESCOLA CLASSE 08;326
16;499;1600;ESCOLA CLASSE 08;321
16;500;1600;ESCOLA CLASSE 08;324
16;501;1600;ESCOLA CLASSE 08;323
16;502;1619;CONGREGAÇÃO IRMÃS OBLATAS DO MENINO JESUS;259
16;503;1619;CONGREGAÇÃO IRMÃS OBLATAS DO MENINO JESUS;262
16;504;1619;CONGREGAÇÃO IRMÃS OBLATAS DO MENINO JESUS;265
16;505;1619;CONGREGAÇÃO IRMÃS OBLATAS DO MENINO JESUS;261
16;506;1228;CENTRO DE ENSINO MEDIO 12;386
16;507;1449;ESCOLA CLASSE N. 06;321
16;508;1430;ESCOLA CLASSE 09;326
16;509;1481;ESCOLA CLASSE RURAL CHAPADINHA;268
16;510;1210;ESCOLA CLASSE 38;382
16;511;1520;ESCOLA CLASSE BUCANHAO;35
16;512;1260;CENTRO EDUCACIONAL 16 (ANTIGO CEF 24);362
16;513;1287;CENTRO DE ENSINO FUNDAMENTAL 27;386
16;514;1376;ESCOLA CLASSE POLO AGRICOLA TORRE;265
16;515;1198;CENTRO EDUCACIONAL INCRA 09;306
16;516;1244;ESCOLA CLASSE 56;390
16;517;1317;ESCOLA CLASSE 66;389
16;518;1430;ESCOLA CLASSE 09;326
16;519;1309;ESCOLA CLASSE DO SETOR P NORTE;385
16;520;1228;CENTRO DE ENSINO MEDIO 12;380
16;521;1295;CENTRO DE ENSINO FUNDAMENTAL 28;394
16;522;1287;CENTRO DE ENSINO FUNDAMENTAL 27;397
16;523;1228;CENTRO DE ENSINO MEDIO 12;386
16;524;1511;CENTRO DE EDUCACAO INFANTIL 01 DE BRAZLANDIA;284
16;525;1317;ESCOLA CLASSE 66;381
16;526;1589;CAIC - PROFESSOR BENEDITO CARLOS DE OLIVEIRA;207
16;527;1228;CENTRO DE ENSINO MEDIO 12;381
16;528;1287;CENTRO DE ENSINO FUNDAMENTAL 27;395
16;2023;1295;CENTRO DE ENSINO FUNDAMENTAL 28;389
16;2024;1279;ESCOLA CLASSE 65;364
16;2025;1295;CENTRO DE ENSINO FUNDAMENTAL 28;392
16;2026;1228;CENTRO DE ENSINO MEDIO 12;393
16;2027;1309;ESCOLA CLASSE DO SETOR P NORTE;289
16;2028;1317;ESCOLA CLASSE 66;391
16;2029;1228;CENTRO DE ENSINO MEDIO 12;322
16;2030;1252;CENTRO DE ENSINO FUNDAMENTAL 34 (ANTIGA EC 60);192
16;2031;1317;ESCOLA CLASSE 66;130
17;1;1015;CIL - CENTRO INTERESCOLAR DE LINGUAS DO GAMA;336
17;2;1015;CIL - CENTRO INTERESCOLAR DE LINGUAS DO GAMA;335
17;3;1015;CIL - CENTRO INTERESCOLAR DE LINGUAS DO GAMA;338
17;4;1015;CIL - CENTRO INTERESCOLAR DE LINGUAS DO GAMA;338
17;5;1015;CIL - CENTRO INTERESCOLAR DE LINGUAS DO GAMA;338
17;6;1015;CIL - CENTRO INTERESCOLAR DE LINGUAS DO GAMA;334
17;7;1015;CIL - CENTRO INTERESCOLAR DE LINGUAS DO GAMA;335
17;8;1015;CIL - CENTRO INTERESCOLAR DE LINGUAS DO GAMA;337
17;9;1015;CIL - CENTRO INTERESCOLAR DE LINGUAS DO GAMA;334
17;10;1015;CIL - CENTRO INTERESCOLAR DE LINGUAS DO GAMA;338
17;11;1015;CIL - CENTRO INTERESCOLAR DE LINGUAS DO GAMA;338
17;12;1015;CIL - CENTRO INTERESCOLAR DE LINGUAS DO GAMA;340
17;13;1015;CIL - CENTRO INTERESCOLAR DE LINGUAS DO GAMA;338
17;14;1015;CIL - CENTRO INTERESCOLAR DE LINGUAS DO GAMA;339
17;15;1023;EC 22 - ESCOLA CLASSE 22 DO GAMA;259
17;16;1023;EC 22 - ESCOLA CLASSE 22 DO GAMA;260
17;17;1023;EC 22 - ESCOLA CLASSE 22 DO GAMA;256
17;18;1023;EC 22 - ESCOLA CLASSE 22 DO GAMA;263
17;19;1023;EC 22 - ESCOLA CLASSE 22 DO GAMA;261
17;20;1023;EC 22 - ESCOLA CLASSE 22 DO GAMA;258
17;21;1023;EC 22 - ESCOLA CLASSE 22 DO GAMA;263
17;22;1023;EC 22 - ESCOLA CLASSE 22 DO GAMA;258
17;23;1023;EC 22 - ESCOLA CLASSE 22 DO GAMA;259
17;24;1023;EC 22 - ESCOLA CLASSE 22 DO GAMA;259
17;25;1031;CEF 01 - CENTRO DE ENSINO FUNDAMENTAL 01 DO GAMA;383
17;26;1031;CEF 01 - CENTRO DE ENSINO FUNDAMENTAL 01 DO GAMA;384
17;27;1031;CEF 01 - CENTRO DE ENSINO FUNDAMENTAL 01 DO GAMA;380
17;28;1031;CEF 01 - CENTRO DE ENSINO FUNDAMENTAL 01 DO GAMA;378
17;29;1031;CEF 01 - CENTRO DE ENSINO FUNDAMENTAL 01 DO GAMA;383
17;30;1031;CEF 01 - CENTRO DE ENSINO FUNDAMENTAL 01 DO GAMA;386
17;31;1031;CEF 01 - CENTRO DE ENSINO FUNDAMENTAL 01 DO GAMA;384
17;32;1031;CEF 01 - CENTRO DE ENSINO FUNDAMENTAL 01 DO GAMA;384
17;33;1031;CEF 01 - CENTRO DE ENSINO FUNDAMENTAL 01 DO GAMA;383
17;34;1031;CEF 01 - CENTRO DE ENSINO FUNDAMENTAL 01 DO GAMA;386
17;35;1031;CEF 01 - CENTRO DE ENSINO FUNDAMENTAL 01 DO GAMA;382
17;36;1031;CEF 01 - CENTRO DE ENSINO FUNDAMENTAL 01 DO GAMA;388
17;37;1031;CEF 01 - CENTRO DE ENSINO FUNDAMENTAL 01 DO GAMA;385
17;38;1031;CEF 01 - CENTRO DE ENSINO FUNDAMENTAL 01 DO GAMA;386
17;39;1031;CEF 01 - CENTRO DE ENSINO FUNDAMENTAL 01 DO GAMA;380
17;40;1031;CEF 01 - CENTRO DE ENSINO FUNDAMENTAL 01 DO GAMA;383
17;41;1031;CEF 01 - CENTRO DE ENSINO FUNDAMENTAL 01 DO GAMA;388
17;42;1031;CEF 01 - CENTRO DE ENSINO FUNDAMENTAL 01 DO GAMA;386
17;43;1040;CEM 02 - CENTRO DE ENSINO MEDIO 02 DO GAMA;345
17;44;1040;CEM 02 - CENTRO DE ENSINO MEDIO 02 DO GAMA;342
17;45;1040;CEM 02 - CENTRO DE ENSINO MEDIO 02 DO GAMA;343
17;46;1040;CEM 02 - CENTRO DE ENSINO MEDIO 02 DO GAMA;346
17;47;1040;CEM 02 - CENTRO DE ENSINO MEDIO 02 DO GAMA;341
17;48;1040;CEM 02 - CENTRO DE ENSINO MEDIO 02 DO GAMA;340
17;49;1040;CEM 02 - CENTRO DE ENSINO MEDIO 02 DO GAMA;345
17;50;1040;CEM 02 - CENTRO DE ENSINO MEDIO 02 DO GAMA;339
17;51;1040;CEM 02 - CENTRO DE ENSINO MEDIO 02 DO GAMA;344
17;52;1040;CEM 02 - CENTRO DE ENSINO MEDIO 02 DO GAMA;340
17;53;1040;CEM 02 - CENTRO DE ENSINO MEDIO 02 DO GAMA;342
17;54;1040;CEM 02 - CENTRO DE ENSINO MEDIO 02 DO GAMA;342
17;55;1040;CEM 02 - CENTRO DE ENSINO MEDIO 02 DO GAMA;345
17;56;1040;CEM 02 - CENTRO DE ENSINO MEDIO 02 DO GAMA;344
17;57;1040;CEM 02 - CENTRO DE ENSINO MEDIO 02 DO GAMA;345
17;58;1040;CEM 02 - CENTRO DE ENSINO MEDIO 02 DO GAMA;344
17;59;1040;CEM 02 - CENTRO DE ENSINO MEDIO 02 DO GAMA;338
17;60;1040;CEM 02 - CENTRO DE ENSINO MEDIO 02 DO GAMA;343
17;61;1040;CEM 02 - CENTRO DE ENSINO MEDIO 02 DO GAMA;345
17;62;1040;CEM 02 - CENTRO DE ENSINO MEDIO 02 DO GAMA;340
17;63;1040;CEM 02 - CENTRO DE ENSINO MEDIO 02 DO GAMA;338
17;64;1040;CEM 02 - CENTRO DE ENSINO MEDIO 02 DO GAMA;342
17;65;1040;CEM 02 - CENTRO DE ENSINO MEDIO 02 DO GAMA;341
17;66;1040;CEM 02 - CENTRO DE ENSINO MEDIO 02 DO GAMA;343
17;67;1040;CEM 02 - CENTRO DE ENSINO MEDIO 02 DO GAMA;343
17;68;1040;CEM 02 - CENTRO DE ENSINO MEDIO 02 DO GAMA;340
17;69;1058;CEF 10 - CENTRO DE ENSINO FUNDAMENTAL 10 DO GAMA;298
17;70;1058;CEF 10 - CENTRO DE ENSINO FUNDAMENTAL 10 DO GAMA;294
17;71;1058;CEF 10 - CENTRO DE ENSINO FUNDAMENTAL 10 DO GAMA;300
17;72;1058;CEF 10 - CENTRO DE ENSINO FUNDAMENTAL 10 DO GAMA;302
17;73;1058;CEF 10 - CENTRO DE ENSINO FUNDAMENTAL 10 DO GAMA;295
17;74;1058;CEF 10 - CENTRO DE ENSINO FUNDAMENTAL 10 DO GAMA;300
17;75;1058;CEF 10 - CENTRO DE ENSINO FUNDAMENTAL 10 DO GAMA;298
17;76;1058;CEF 10 - CENTRO DE ENSINO FUNDAMENTAL 10 DO GAMA;298
17;77;1058;CEF 10 - CENTRO DE ENSINO FUNDAMENTAL 10 DO GAMA;300
17;78;1058;CEF 10 - CENTRO DE ENSINO FUNDAMENTAL 10 DO GAMA;298
17;79;1058;CEF 10 - CENTRO DE ENSINO FUNDAMENTAL 10 DO GAMA;303
17;80;1058;CEF 10 - CENTRO DE ENSINO FUNDAMENTAL 10 DO GAMA;299
17;81;1058;CEF 10 - CENTRO DE ENSINO FUNDAMENTAL 10 DO GAMA;299
17;82;1058;CEF 10 - CENTRO DE ENSINO FUNDAMENTAL 10 DO GAMA;300
17;83;1058;CEF 10 - CENTRO DE ENSINO FUNDAMENTAL 10 DO GAMA;302
17;84;1058;CEF 10 - CENTRO DE ENSINO FUNDAMENTAL 10 DO GAMA;300
17;85;1058;CEF 10 - CENTRO DE ENSINO FUNDAMENTAL 10 DO GAMA;303
17;86;1058;CEF 10 - CENTRO DE ENSINO FUNDAMENTAL 10 DO GAMA;292
17;87;1058;CEF 10 - CENTRO DE ENSINO FUNDAMENTAL 10 DO GAMA;299
17;88;1147;EC 02 - ESCOLA CLASSE 02 DO GAMA;346
17;89;1147;EC 02 - ESCOLA CLASSE 02 DO GAMA;339
17;90;1147;EC 02 - ESCOLA CLASSE 02 DO GAMA;347
17;91;1147;EC 02 - ESCOLA CLASSE 02 DO GAMA;346
17;92;1147;EC 02 - ESCOLA CLASSE 02 DO GAMA;345
17;93;1147;EC 02 - ESCOLA CLASSE 02 DO GAMA;347
17;94;1147;EC 02 - ESCOLA CLASSE 02 DO GAMA;345
17;95;1147;EC 02 - ESCOLA CLASSE 02 DO GAMA;349
17;96;1147;EC 02 - ESCOLA CLASSE 02 DO GAMA;347
17;97;1147;EC 02 - ESCOLA CLASSE 02 DO GAMA;347
17;98;1147;EC 02 - ESCOLA CLASSE 02 DO GAMA;347
17;99;1210;CEF 05 - CENTRO DE ENSINO FUNDAMENTAL 05 DO GAMA;295
17;100;1210;CEF 05 - CENTRO DE ENSINO FUNDAMENTAL 05 DO GAMA;293
17;101;1210;CEF 05 - CENTRO DE ENSINO FUNDAMENTAL 05 DO GAMA;295
17;102;1210;CEF 05 - CENTRO DE ENSINO FUNDAMENTAL 05 DO GAMA;295
17;103;1210;CEF 05 - CENTRO DE ENSINO FUNDAMENTAL 05 DO GAMA;296
17;104;1210;CEF 05 - CENTRO DE ENSINO FUNDAMENTAL 05 DO GAMA;298
17;105;1210;CEF 05 - CENTRO DE ENSINO FUNDAMENTAL 05 DO GAMA;296
17;106;1210;CEF 05 - CENTRO DE ENSINO FUNDAMENTAL 05 DO GAMA;294
17;107;1210;CEF 05 - CENTRO DE ENSINO FUNDAMENTAL 05 DO GAMA;291
17;108;1210;CEF 05 - CENTRO DE ENSINO FUNDAMENTAL 05 DO GAMA;296
17;109;1210;CEF 05 - CENTRO DE ENSINO FUNDAMENTAL 05 DO GAMA;295
17;110;1074;CEM 03 - CENTRO DE ENSINO MÉDIO 03 DO GAMA;379
17;111;1074;CEM 03 - CENTRO DE ENSINO MÉDIO 03 DO GAMA;380
17;112;1074;CEM 03 - CENTRO DE ENSINO MÉDIO 03 DO GAMA;377
17;113;1074;CEM 03 - CENTRO DE ENSINO MÉDIO 03 DO GAMA;384
17;114;1074;CEM 03 - CENTRO DE ENSINO MÉDIO 03 DO GAMA;381
17;115;1074;CEM 03 - CENTRO DE ENSINO MÉDIO 03 DO GAMA;382
17;116;1074;CEM 03 - CENTRO DE ENSINO MÉDIO 03 DO GAMA;381
17;117;1074;CEM 03 - CENTRO DE ENSINO MÉDIO 03 DO GAMA;378
17;118;1074;CEM 03 - CENTRO DE ENSINO MÉDIO 03 DO GAMA;380
17;119;1074;CEM 03 - CENTRO DE ENSINO MÉDIO 03 DO GAMA;382
17;120;1074;CEM 03 - CENTRO DE ENSINO MÉDIO 03 DO GAMA;379
17;121;1082;EC 09 - ESCOLA CLASSE 09 DO GAMA;238
17;122;1082;EC 09 - ESCOLA CLASSE 09 DO GAMA;237
17;123;1082;EC 09 - ESCOLA CLASSE 09 DO GAMA;239
17;124;1082;EC 09 - ESCOLA CLASSE 09 DO GAMA;238
17;125;1082;EC 09 - ESCOLA CLASSE 09 DO GAMA;239
17;126;1082;EC 09 - ESCOLA CLASSE 09 DO GAMA;237
17;127;1082;EC 09 - ESCOLA CLASSE 09 DO GAMA;238
17;128;1082;EC 09 - ESCOLA CLASSE 09 DO GAMA;237
17;129;1082;EC 09 - ESCOLA CLASSE 09 DO GAMA;240
17;130;1082;EC 09 - ESCOLA CLASSE 09 DO GAMA;237
17;131;1082;EC 09 - ESCOLA CLASSE 09 DO GAMA;241
17;132;1082;EC 09 - ESCOLA CLASSE 09 DO GAMA;235
17;133;1082;EC 09 - ESCOLA CLASSE 09 DO GAMA;237
17;134;1090;CEF 11 - CENTRO DE ENSINO FUNDAMENTAL 11 DO GAMA;273
17;135;1090;CEF 11 - CENTRO DE ENSINO FUNDAMENTAL 11 DO GAMA;272
17;136;1090;CEF 11 - CENTRO DE ENSINO FUNDAMENTAL 11 DO GAMA;271
17;137;1090;CEF 11 - CENTRO DE ENSINO FUNDAMENTAL 11 DO GAMA;276
17;138;1090;CEF 11 - CENTRO DE ENSINO FUNDAMENTAL 11 DO GAMA;266
17;139;1090;CEF 11 - CENTRO DE ENSINO FUNDAMENTAL 11 DO GAMA;270
17;140;1090;CEF 11 - CENTRO DE ENSINO FUNDAMENTAL 11 DO GAMA;273
17;141;1090;CEF 11 - CENTRO DE ENSINO FUNDAMENTAL 11 DO GAMA;276
17;142;1090;CEF 11 - CENTRO DE ENSINO FUNDAMENTAL 11 DO GAMA;273
17;143;1090;CEF 11 - CENTRO DE ENSINO FUNDAMENTAL 11 DO GAMA;276
17;144;1090;CEF 11 - CENTRO DE ENSINO FUNDAMENTAL 11 DO GAMA;276
17;145;1090;CEF 11 - CENTRO DE ENSINO FUNDAMENTAL 11 DO GAMA;275
17;146;1090;CEF 11 - CENTRO DE ENSINO FUNDAMENTAL 11 DO GAMA;275
17;147;1090;CEF 11 - CENTRO DE ENSINO FUNDAMENTAL 11 DO GAMA;272
17;148;1090;CEF 11 - CENTRO DE ENSINO FUNDAMENTAL 11 DO GAMA;271
17;149;1090;CEF 11 - CENTRO DE ENSINO FUNDAMENTAL 11 DO GAMA;272
17;150;1104;CED 08 - CENTRO EDUCACIONAL 08 DO GAMA;345
17;151;1104;CED 08 - CENTRO EDUCACIONAL 08 DO GAMA;344
17;152;1104;CED 08 - CENTRO EDUCACIONAL 08 DO GAMA;345
17;153;1104;CED 08 - CENTRO EDUCACIONAL 08 DO GAMA;346
17;154;1104;CED 08 - CENTRO EDUCACIONAL 08 DO GAMA;341
17;155;1104;CED 08 - CENTRO EDUCACIONAL 08 DO GAMA;343
17;156;1104;CED 08 - CENTRO EDUCACIONAL 08 DO GAMA;340
17;157;1104;CED 08 - CENTRO EDUCACIONAL 08 DO GAMA;345
17;158;1104;CED 08 - CENTRO EDUCACIONAL 08 DO GAMA;339
17;159;1104;CED 08 - CENTRO EDUCACIONAL 08 DO GAMA;342
17;160;1104;CED 08 - CENTRO EDUCACIONAL 08 DO GAMA;344
17;161;1104;CED 08 - CENTRO EDUCACIONAL 08 DO GAMA;349
17;162;1104;CED 08 - CENTRO EDUCACIONAL 08 DO GAMA;343
17;163;1104;CED 08 - CENTRO EDUCACIONAL 08 DO GAMA;341
17;164;1104;CED 08 - CENTRO EDUCACIONAL 08 DO GAMA;338
17;165;1104;CED 08 - CENTRO EDUCACIONAL 08 DO GAMA;343
17;166;1104;CED 08 - CENTRO EDUCACIONAL 08 DO GAMA;342
17;168;1112;CEF 08 - CENTRO DE ENSINO FUNDAMENTAL 08 DO GAMA;328
17;169;1112;CEF 08 - CENTRO DE ENSINO FUNDAMENTAL 08 DO GAMA;322
17;170;1112;CEF 08 - CENTRO DE ENSINO FUNDAMENTAL 08 DO GAMA;330
17;171;1112;CEF 08 - CENTRO DE ENSINO FUNDAMENTAL 08 DO GAMA;327
17;172;1112;CEF 08 - CENTRO DE ENSINO FUNDAMENTAL 08 DO GAMA;329
17;173;1112;CEF 08 - CENTRO DE ENSINO FUNDAMENTAL 08 DO GAMA;328
17;174;1112;CEF 08 - CENTRO DE ENSINO FUNDAMENTAL 08 DO GAMA;329
17;175;1112;CEF 08 - CENTRO DE ENSINO FUNDAMENTAL 08 DO GAMA;329
17;176;1112;CEF 08 - CENTRO DE ENSINO FUNDAMENTAL 08 DO GAMA;329
17;177;1112;CEF 08 - CENTRO DE ENSINO FUNDAMENTAL 08 DO GAMA;324
17;178;1112;CEF 08 - CENTRO DE ENSINO FUNDAMENTAL 08 DO GAMA;327
17;179;1120;CED ENGENHO DAS LAJES - CENTRO EDUCACIONAL ENGENHO DAS LAJES;383
17;180;1198;CENTRO DE ENSINO ESPECIAL DO GAMA;391
17;181;1180;CED CASA GRANDE - CENTRO EDUCACIONAL CASA GRANDE;399
17;182;1171;EC 29 - ESCOLA CLASSE 29 DO GAMA;360
17;183;1163;EC 15 - ESCOLA CLASSE 15 DO GAMA;361
17;184;1155;EC 10 - ESCOLA CLASSE 10 DO GAMA;355
17;185;1147;EC 02 - ESCOLA CLASSE 02 DO GAMA;345
17;186;1139;CED 07 - CENTRO EDUCACIONAL 07 DO GAMA;389
17;187;1058;CEF 10 - CENTRO DE ENSINO FUNDAMENTAL 10 DO GAMA;295
17;188;1104;CED 08 - CENTRO EDUCACIONAL 08 DO GAMA;337
17;189;1031;CEF 01 - CENTRO DE ENSINO FUNDAMENTAL 01 DO GAMA;382
17;190;1090;CEF 11 - CENTRO DE ENSINO FUNDAMENTAL 11 DO GAMA;268
17;191;1112;CEF 08 - CENTRO DE ENSINO FUNDAMENTAL 08 DO GAMA;327
17;192;1074;CEM 03 - CENTRO DE ENSINO MÉDIO 03 DO GAMA;377
17;193;1120;CED ENGENHO DAS LAJES - CENTRO EDUCACIONAL ENGENHO DAS LAJES;388
17;194;1210;CEF 05 - CENTRO DE ENSINO FUNDAMENTAL 05 DO GAMA;296
17;195;1244;EC 28 - ESCOLA CLASSE 28 DO GAMA;312
17;196;1104;CED 08 - CENTRO EDUCACIONAL 08 DO GAMA;344
17;197;1139;CED 07 - CENTRO EDUCACIONAL 07 DO GAMA;385
17;198;1198;CENTRO DE ENSINO ESPECIAL DO GAMA;394
17;199;1210;CEF 05 - CENTRO DE ENSINO FUNDAMENTAL 05 DO GAMA;299
17;200;1155;EC 10 - ESCOLA CLASSE 10 DO GAMA;358
17;201;1287;JI 05 - JARDIM DE INFÂNCIA 05 DO GAMA;252
17;202;1082;EC 09 - ESCOLA CLASSE 09 DO GAMA;236
17;203;1139;CED 07 - CENTRO EDUCACIONAL 07 DO GAMA;386
17;204;1147;EC 02 - ESCOLA CLASSE 02 DO GAMA;349
17;205;1074;CEM 03 - CENTRO DE ENSINO MÉDIO 03 DO GAMA;381
17;206;1171;EC 29 - ESCOLA CLASSE 29 DO GAMA;366
17;207;1198;CENTRO DE ENSINO ESPECIAL DO GAMA;393
17;208;1210;CEF 05 - CENTRO DE ENSINO FUNDAMENTAL 05 DO GAMA;297
17;209;1104;CED 08 - CENTRO EDUCACIONAL 08 DO GAMA;348
17;210;1139;CED 07 - CENTRO EDUCACIONAL 07 DO GAMA;390
17;211;1155;EC 10 - ESCOLA CLASSE 10 DO GAMA;348
17;212;1210;CEF 05 - CENTRO DE ENSINO FUNDAMENTAL 05 DO GAMA;289
17;213;1163;EC 15 - ESCOLA CLASSE 15 DO GAMA;359
17;214;1139;CED 07 - CENTRO EDUCACIONAL 07 DO GAMA;386
17;215;1082;EC 09 - ESCOLA CLASSE 09 DO GAMA;235
17;216;1074;CEM 03 - CENTRO DE ENSINO MÉDIO 03 DO GAMA;384
17;217;1287;JI 05 - JARDIM DE INFÂNCIA 05 DO GAMA;254
17;218;1139;CED 07 - CENTRO EDUCACIONAL 07 DO GAMA;386
17;219;1244;EC 28 - ESCOLA CLASSE 28 DO GAMA;310
17;220;1155;EC 10 - ESCOLA CLASSE 10 DO GAMA;349
17;221;1139;CED 07 - CENTRO EDUCACIONAL 07 DO GAMA;385
17;222;1155;EC 10 - ESCOLA CLASSE 10 DO GAMA;347
17;223;1155;EC 10 - ESCOLA CLASSE 10 DO GAMA;349
17;224;1139;CED 07 - CENTRO EDUCACIONAL 07 DO GAMA;386
17;225;1180;CED CASA GRANDE - CENTRO EDUCACIONAL CASA GRANDE;397
17;226;1287;JI 05 - JARDIM DE INFÂNCIA 05 DO GAMA;256
17;227;1171;EC 29 - ESCOLA CLASSE 29 DO GAMA;362
17;228;1163;EC 15 - ESCOLA CLASSE 15 DO GAMA;363
17;229;1120;CED ENGENHO DAS LAJES - CENTRO EDUCACIONAL ENGENHO DAS LAJES;386
17;230;1139;CED 07 - CENTRO EDUCACIONAL 07 DO GAMA;390
17;231;1155;EC 10 - ESCOLA CLASSE 10 DO GAMA;354
17;232;1139;CED 07 - CENTRO EDUCACIONAL 07 DO GAMA;389
17;233;1155;EC 10 - ESCOLA CLASSE 10 DO GAMA;352
17;234;1244;EC 28 - ESCOLA CLASSE 28 DO GAMA;311
17;235;1040;CEM 02 - CENTRO DE ENSINO MEDIO 02 DO GAMA;340
17;236;1139;CED 07 - CENTRO EDUCACIONAL 07 DO GAMA;386
17;237;1287;JI 05 - JARDIM DE INFÂNCIA 05 DO GAMA;253
17;238;1155;EC 10 - ESCOLA CLASSE 10 DO GAMA;353
17;239;1171;EC 29 - ESCOLA CLASSE 29 DO GAMA;351
17;240;1066;CEMI - CEM INTEGRADO 01 EDUCAÇÃO PROFISSIONAL;362
17;241;1163;EC 15 - ESCOLA CLASSE 15 DO GAMA;364
17;242;1139;CED 07 - CENTRO EDUCACIONAL 07 DO GAMA;387
17;243;1180;CED CASA GRANDE - CENTRO EDUCACIONAL CASA GRANDE;395
17;244;1244;EC 28 - ESCOLA CLASSE 28 DO GAMA;315
17;245;1066;CEMI - CEM INTEGRADO 01 EDUCAÇÃO PROFISSIONAL;363
17;246;1171;EC 29 - ESCOLA CLASSE 29 DO GAMA;365
17;247;1163;EC 15 - ESCOLA CLASSE 15 DO GAMA;366
17;248;1180;CED CASA GRANDE - CENTRO EDUCACIONAL CASA GRANDE;395
17;249;1244;EC 28 - ESCOLA CLASSE 28 DO GAMA;311
17;250;1171;EC 29 - ESCOLA CLASSE 29 DO GAMA;366
17;251;1120;CED ENGENHO DAS LAJES - CENTRO EDUCACIONAL ENGENHO DAS LAJES;381
17;252;1066;CEMI - CEM INTEGRADO 01 EDUCAÇÃO PROFISSIONAL;361
17;253;1180;CED CASA GRANDE - CENTRO EDUCACIONAL CASA GRANDE;398
17;254;1015;CIL - CENTRO INTERESCOLAR DE LINGUAS DO GAMA;333
17;255;1015;CIL - CENTRO INTERESCOLAR DE LINGUAS DO GAMA;339
17;256;1180;CED CASA GRANDE - CENTRO EDUCACIONAL CASA GRANDE;392
17;257;1066;CEMI - CEM INTEGRADO 01 EDUCAÇÃO PROFISSIONAL;363
17;258;1163;EC 15 - ESCOLA CLASSE 15 DO GAMA;361
17;259;1015;CIL - CENTRO INTERESCOLAR DE LINGUAS DO GAMA;332
17;261;1333;EC 01 - ESCOLA CLASSE 01 DO GAMA;329
17;262;1333;EC 01 - ESCOLA CLASSE 01 DO GAMA;322
17;263;1333;EC 01 - ESCOLA CLASSE 01 DO GAMA;327
17;264;1333;EC 01 - ESCOLA CLASSE 01 DO GAMA;330
17;265;1333;EC 01 - ESCOLA CLASSE 01 DO GAMA;328
17;266;1333;EC 01 - ESCOLA CLASSE 01 DO GAMA;328
17;267;1333;EC 01 - ESCOLA CLASSE 01 DO GAMA;327
17;268;1333;EC 01 - ESCOLA CLASSE 01 DO GAMA;327
17;269;1333;EC 01 - ESCOLA CLASSE 01 DO GAMA;327
17;270;1333;EC 01 - ESCOLA CLASSE 01 DO GAMA;329
17;271;1333;EC 01 - ESCOLA CLASSE 01 DO GAMA;326
17;272;1333;EC 01 - ESCOLA CLASSE 01 DO GAMA;327
17;273;1333;EC 01 - ESCOLA CLASSE 01 DO GAMA;327
17;274;1333;EC 01 - ESCOLA CLASSE 01 DO GAMA;330
17;275;1333;EC 01 - ESCOLA CLASSE 01 DO GAMA;324
17;276;1333;EC 01 - ESCOLA CLASSE 01 DO GAMA;324
17;277;1341;EC 21 - ESCOLA CLASSE 21 DO GAMA;366
17;278;1341;EC 21 - ESCOLA CLASSE 21 DO GAMA;363
17;279;1341;EC 21 - ESCOLA CLASSE 21 DO GAMA;365
17;280;1341;EC 21 - ESCOLA CLASSE 21 DO GAMA;364
17;281;1341;EC 21 - ESCOLA CLASSE 21 DO GAMA;363
17;282;1341;EC 21 - ESCOLA CLASSE 21 DO GAMA;362
17;283;1341;EC 21 - ESCOLA CLASSE 21 DO GAMA;361
17;284;1350;EC 19 - ESCOLA CLASSE 19 DO GAMA;308
17;285;1350;EC 19 - ESCOLA CLASSE 19 DO GAMA;306
17;286;1350;EC 19 - ESCOLA CLASSE 19 DO GAMA;300
17;287;1350;EC 19 - ESCOLA CLASSE 19 DO GAMA;300
17;288;1350;EC 19 - ESCOLA CLASSE 19 DO GAMA;307
17;289;1350;EC 19 - ESCOLA CLASSE 19 DO GAMA;307
17;290;1350;EC 19 - ESCOLA CLASSE 19 DO GAMA;300
17;291;1350;EC 19 - ESCOLA CLASSE 19 DO GAMA;299
17;292;1350;EC 19 - ESCOLA CLASSE 19 DO GAMA;305
17;293;1368;EC 03 - ESCOLA CLASSE 03 DO GAMA;337
17;294;1368;EC 03 - ESCOLA CLASSE 03 DO GAMA;337
17;295;1368;EC 03 - ESCOLA CLASSE 03 DO GAMA;342
17;296;1368;EC 03 - ESCOLA CLASSE 03 DO GAMA;339
17;297;1368;EC 03 - ESCOLA CLASSE 03 DO GAMA;338
17;298;1368;EC 03 - ESCOLA CLASSE 03 DO GAMA;339
17;299;1368;EC 03 - ESCOLA CLASSE 03 DO GAMA;341
17;300;1368;EC 03 - ESCOLA CLASSE 03 DO GAMA;335
17;301;1368;EC 03 - ESCOLA CLASSE 03 DO GAMA;336
17;302;1368;EC 03 - ESCOLA CLASSE 03 DO GAMA;331
17;303;1376;CEM 01 - CENTRO DE ENSINO MEDIO 01 DO GAMA;326
17;304;1376;CEM 01 - CENTRO DE ENSINO MEDIO 01 DO GAMA;325
17;305;1376;CEM 01 - CENTRO DE ENSINO MEDIO 01 DO GAMA;322
17;306;1376;CEM 01 - CENTRO DE ENSINO MEDIO 01 DO GAMA;320
17;307;1376;CEM 01 - CENTRO DE ENSINO MEDIO 01 DO GAMA;323
17;308;1376;CEM 01 - CENTRO DE ENSINO MEDIO 01 DO GAMA;326
17;309;1376;CEM 01 - CENTRO DE ENSINO MEDIO 01 DO GAMA;325
17;310;1376;CEM 01 - CENTRO DE ENSINO MEDIO 01 DO GAMA;323
17;311;1376;CEM 01 - CENTRO DE ENSINO MEDIO 01 DO GAMA;323
17;312;1376;CEM 01 - CENTRO DE ENSINO MEDIO 01 DO GAMA;323
17;313;1376;CEM 01 - CENTRO DE ENSINO MEDIO 01 DO GAMA;324
17;314;1376;CEM 01 - CENTRO DE ENSINO MEDIO 01 DO GAMA;325
17;315;1376;CEM 01 - CENTRO DE ENSINO MEDIO 01 DO GAMA;327
17;316;1376;CEM 01 - CENTRO DE ENSINO MEDIO 01 DO GAMA;324
17;317;1376;CEM 01 - CENTRO DE ENSINO MEDIO 01 DO GAMA;328
17;318;1376;CEM 01 - CENTRO DE ENSINO MEDIO 01 DO GAMA;324
17;319;1376;CEM 01 - CENTRO DE ENSINO MEDIO 01 DO GAMA;326
17;320;1376;CEM 01 - CENTRO DE ENSINO MEDIO 01 DO GAMA;324
17;321;1376;CEM 01 - CENTRO DE ENSINO MEDIO 01 DO GAMA;324
17;322;1376;CEM 01 - CENTRO DE ENSINO MEDIO 01 DO GAMA;325
17;323;1376;CEM 01 - CENTRO DE ENSINO MEDIO 01 DO GAMA;326
17;324;1376;CEM 01 - CENTRO DE ENSINO MEDIO 01 DO GAMA;326
17;325;1376;CEM 01 - CENTRO DE ENSINO MEDIO 01 DO GAMA;330
17;326;1384;CED 06 - CENTRO EDUCACIONAL 06 DO GAMA;326
17;327;1384;CED 06 - CENTRO EDUCACIONAL 06 DO GAMA;321
17;328;1384;CED 06 - CENTRO EDUCACIONAL 06 DO GAMA;325
17;329;1384;CED 06 - CENTRO EDUCACIONAL 06 DO GAMA;323
17;330;1384;CED 06 - CENTRO EDUCACIONAL 06 DO GAMA;325
17;331;1384;CED 06 - CENTRO EDUCACIONAL 06 DO GAMA;325
17;332;1384;CED 06 - CENTRO EDUCACIONAL 06 DO GAMA;324
17;333;1384;CED 06 - CENTRO EDUCACIONAL 06 DO GAMA;323
17;334;1384;CED 06 - CENTRO EDUCACIONAL 06 DO GAMA;316
17;335;1384;CED 06 - CENTRO EDUCACIONAL 06 DO GAMA;320
17;336;1384;CED 06 - CENTRO EDUCACIONAL 06 DO GAMA;326
17;337;1384;CED 06 - CENTRO EDUCACIONAL 06 DO GAMA;321
17;338;1384;CED 06 - CENTRO EDUCACIONAL 06 DO GAMA;323
17;339;1384;CED 06 - CENTRO EDUCACIONAL 06 DO GAMA;321
17;340;1384;CED 06 - CENTRO EDUCACIONAL 06 DO GAMA;324
17;341;1392;CEF 04 - CENTRO ENSINO FUNDAMENTAL 04 DO GAMA;303
17;342;1392;CEF 04 - CENTRO ENSINO FUNDAMENTAL 04 DO GAMA;308
17;343;1392;CEF 04 - CENTRO ENSINO FUNDAMENTAL 04 DO GAMA;305
17;344;1392;CEF 04 - CENTRO ENSINO FUNDAMENTAL 04 DO GAMA;307
17;345;1392;CEF 04 - CENTRO ENSINO FUNDAMENTAL 04 DO GAMA;304
17;346;1392;CEF 04 - CENTRO ENSINO FUNDAMENTAL 04 DO GAMA;305
17;347;1392;CEF 04 - CENTRO ENSINO FUNDAMENTAL 04 DO GAMA;305
17;348;1392;CEF 04 - CENTRO ENSINO FUNDAMENTAL 04 DO GAMA;306
17;349;1392;CEF 04 - CENTRO ENSINO FUNDAMENTAL 04 DO GAMA;304
17;350;1392;CEF 04 - CENTRO ENSINO FUNDAMENTAL 04 DO GAMA;302
17;351;1392;CEF 04 - CENTRO ENSINO FUNDAMENTAL 04 DO GAMA;302
17;352;1392;CEF 04 - CENTRO ENSINO FUNDAMENTAL 04 DO GAMA;304
17;353;1392;CEF 04 - CENTRO ENSINO FUNDAMENTAL 04 DO GAMA;309
17;354;1392;CEF 04 - CENTRO ENSINO FUNDAMENTAL 04 DO GAMA;306
17;355;1392;CEF 04 - CENTRO ENSINO FUNDAMENTAL 04 DO GAMA;301
17;356;1392;CEF 04 - CENTRO ENSINO FUNDAMENTAL 04 DO GAMA;303
17;357;1392;CEF 04 - CENTRO ENSINO FUNDAMENTAL 04 DO GAMA;301
17;358;1392;CEF 04 - CENTRO ENSINO FUNDAMENTAL 04 DO GAMA;307
17;359;1392;CEF 04 - CENTRO ENSINO FUNDAMENTAL 04 DO GAMA;304
17;360;1392;CEF 04 - CENTRO ENSINO FUNDAMENTAL 04 DO GAMA;306
17;361;1406;EC 14 - ESCOLA CLASSE 14 DO GAMA;289
17;362;1406;EC 14 - ESCOLA CLASSE 14 DO GAMA;292
17;363;1406;EC 14 - ESCOLA CLASSE 14 DO GAMA;287
17;364;1406;EC 14 - ESCOLA CLASSE 14 DO GAMA;288
17;365;1406;EC 14 - ESCOLA CLASSE 14 DO GAMA;293
17;366;1406;EC 14 - ESCOLA CLASSE 14 DO GAMA;294
17;367;1406;EC 14 - ESCOLA CLASSE 14 DO GAMA;288
17;368;1406;EC 14 - ESCOLA CLASSE 14 DO GAMA;287
17;369;1406;EC 14 - ESCOLA CLASSE 14 DO GAMA;288
17;370;1406;EC 14 - ESCOLA CLASSE 14 DO GAMA;286
17;371;1406;EC 14 - ESCOLA CLASSE 14 DO GAMA;286
17;372;1414;CEF 03 - CENTRO DE ENSINO FUNDAMENTAL 03 DO GAMA;261
17;373;1414;CEF 03 - CENTRO DE ENSINO FUNDAMENTAL 03 DO GAMA;260
17;374;1414;CEF 03 - CENTRO DE ENSINO FUNDAMENTAL 03 DO GAMA;256
17;375;1414;CEF 03 - CENTRO DE ENSINO FUNDAMENTAL 03 DO GAMA;258
17;376;1414;CEF 03 - CENTRO DE ENSINO FUNDAMENTAL 03 DO GAMA;258
17;377;1414;CEF 03 - CENTRO DE ENSINO FUNDAMENTAL 03 DO GAMA;259
17;378;1414;CEF 03 - CENTRO DE ENSINO FUNDAMENTAL 03 DO GAMA;257
17;379;1414;CEF 03 - CENTRO DE ENSINO FUNDAMENTAL 03 DO GAMA;259
17;380;1414;CEF 03 - CENTRO DE ENSINO FUNDAMENTAL 03 DO GAMA;255
17;381;1414;CEF 03 - CENTRO DE ENSINO FUNDAMENTAL 03 DO GAMA;259
17;382;1414;CEF 03 - CENTRO DE ENSINO FUNDAMENTAL 03 DO GAMA;255
17;383;1414;CEF 03 - CENTRO DE ENSINO FUNDAMENTAL 03 DO GAMA;261
17;384;1414;CEF 03 - CENTRO DE ENSINO FUNDAMENTAL 03 DO GAMA;256
17;385;1414;CEF 03 - CENTRO DE ENSINO FUNDAMENTAL 03 DO GAMA;259
17;386;1414;CEF 03 - CENTRO DE ENSINO FUNDAMENTAL 03 DO GAMA;259
17;387;1422;UNICEPLAC - CENTRO UNIV. DO PLANALTO CENTRAL APPARECIDO DOS SANTOS;330
17;388;1422;UNICEPLAC - CENTRO UNIV. DO PLANALTO CENTRAL APPARECIDO DOS SANTOS;332
17;389;1422;UNICEPLAC - CENTRO UNIV. DO PLANALTO CENTRAL APPARECIDO DOS SANTOS;333
17;390;1198;CENTRO DE ENSINO ESPECIAL DO GAMA;397
17;391;1066;CEMI - CEM INTEGRADO 01 EDUCAÇÃO PROFISSIONAL;361
17;392;1422;UNICEPLAC - CENTRO UNIV. DO PLANALTO CENTRAL APPARECIDO DOS SANTOS;326
17;393;1180;CED CASA GRANDE - CENTRO EDUCACIONAL CASA GRANDE;395
17;394;1139;CED 07 - CENTRO EDUCACIONAL 07 DO GAMA;386
17;395;1066;CEMI - CEM INTEGRADO 01 EDUCAÇÃO PROFISSIONAL;363
17;396;1180;CED CASA GRANDE - CENTRO EDUCACIONAL CASA GRANDE;398
17;397;1422;UNICEPLAC - CENTRO UNIV. DO PLANALTO CENTRAL APPARECIDO DOS SANTOS;117
17;398;1198;CENTRO DE ENSINO ESPECIAL DO GAMA;6
18;1;1015;ESCOLA CLASSE VILA DO BOA;313
18;2;1015;ESCOLA CLASSE VILA DO BOA;305
18;3;1023;CENTRO DE ENSINO FUNDAMENTAL NOVA BETANIA;275
18;4;1023;CENTRO DE ENSINO FUNDAMENTAL NOVA BETANIA;274
18;5;1031;ESCOLA CLASSE 303;330
18;6;1040;ESCOLA CLASSE VILA NOVA;285
18;7;1040;ESCOLA CLASSE VILA NOVA;278
18;8;1040;ESCOLA CLASSE VILA NOVA;285
18;9;1058;CENTRO EDUCACIONAL DO LAGO SUL - CEL;319
18;10;1058;CENTRO EDUCACIONAL DO LAGO SUL - CEL;325
18;11;1058;CENTRO EDUCACIONAL DO LAGO SUL - CEL;325
18;12;1058;CENTRO EDUCACIONAL DO LAGO SUL - CEL;321
18;13;1058;CENTRO EDUCACIONAL DO LAGO SUL - CEL;322
18;14;1058;CENTRO EDUCACIONAL DO LAGO SUL - CEL;321
18;15;1058;CENTRO EDUCACIONAL DO LAGO SUL - CEL;322
18;16;1058;CENTRO EDUCACIONAL DO LAGO SUL - CEL;323
18;17;1066;CENTRO DE ENSINO FUNDAMENTAL 06 DE BRASÍLIA;377
18;18;1066;CENTRO DE ENSINO FUNDAMENTAL 06 DE BRASÍLIA;378
18;19;1066;CENTRO DE ENSINO FUNDAMENTAL 06 DE BRASÍLIA;378
18;20;1066;CENTRO DE ENSINO FUNDAMENTAL 06 DE BRASÍLIA;373
18;21;1066;CENTRO DE ENSINO FUNDAMENTAL 06 DE BRASÍLIA;379
18;22;1066;CENTRO DE ENSINO FUNDAMENTAL 06 DE BRASÍLIA;377
18;23;1066;CENTRO DE ENSINO FUNDAMENTAL 06 DE BRASÍLIA;380
18;24;1074;HEAVENLY INTERNATIONAL SCHOOL;350
18;25;1074;HEAVENLY INTERNATIONAL SCHOOL;353
18;26;1074;HEAVENLY INTERNATIONAL SCHOOL;353
18;27;1074;HEAVENLY INTERNATIONAL SCHOOL;353
18;28;1074;HEAVENLY INTERNATIONAL SCHOOL;350
18;29;1074;HEAVENLY INTERNATIONAL SCHOOL;352
18;30;1074;HEAVENLY INTERNATIONAL SCHOOL;349
18;31;1074;HEAVENLY INTERNATIONAL SCHOOL;349
18;32;1082;ESCOLA CLASSE CERAMICA DA BENCAO;300
18;33;1082;ESCOLA CLASSE CERAMICA DA BENCAO;297
18;34;1082;ESCOLA CLASSE CERAMICA DA BENCAO;300
18;35;1082;ESCOLA CLASSE CERAMICA DA BENCAO;300
18;36;1082;ESCOLA CLASSE CERAMICA DA BENCAO;296
18;37;1082;ESCOLA CLASSE CERAMICA DA BENCAO;301
18;38;1082;ESCOLA CLASSE CERAMICA DA BENCAO;296
18;39;1082;ESCOLA CLASSE CERAMICA DA BENCAO;292
18;40;1082;ESCOLA CLASSE CERAMICA DA BENCAO;299
18;41;1082;ESCOLA CLASSE CERAMICA DA BENCAO;294
18;42;1082;ESCOLA CLASSE CERAMICA DA BENCAO;293
18;43;1082;ESCOLA CLASSE CERAMICA DA BENCAO;293
18;44;1082;ESCOLA CLASSE CERAMICA DA BENCAO;298
18;45;1082;ESCOLA CLASSE CERAMICA DA BENCAO;302
18;46;1090;CENTRO DE ENSINO FUNDAMENTAL CERÂMICA SÃO PAULO;368
18;47;1090;CENTRO DE ENSINO FUNDAMENTAL CERÂMICA SÃO PAULO;361
18;48;1090;CENTRO DE ENSINO FUNDAMENTAL CERÂMICA SÃO PAULO;368
18;49;1090;CENTRO DE ENSINO FUNDAMENTAL CERÂMICA SÃO PAULO;367
18;50;1090;CENTRO DE ENSINO FUNDAMENTAL CERÂMICA SÃO PAULO;367
18;51;1090;CENTRO DE ENSINO FUNDAMENTAL CERÂMICA SÃO PAULO;366
18;52;1090;CENTRO DE ENSINO FUNDAMENTAL CERÂMICA SÃO PAULO;364
18;53;1090;CENTRO DE ENSINO FUNDAMENTAL CERÂMICA SÃO PAULO;365
18;54;1090;CENTRO DE ENSINO FUNDAMENTAL CERÂMICA SÃO PAULO;366
18;55;1090;CENTRO DE ENSINO FUNDAMENTAL CERÂMICA SÃO PAULO;365
18;56;1090;CENTRO DE ENSINO FUNDAMENTAL CERÂMICA SÃO PAULO;364
18;57;1090;CENTRO DE ENSINO FUNDAMENTAL CERÂMICA SÃO PAULO;368
18;58;1090;CENTRO DE ENSINO FUNDAMENTAL CERÂMICA SÃO PAULO;366
18;59;1090;CENTRO DE ENSINO FUNDAMENTAL CERÂMICA SÃO PAULO;357
18;60;1090;CENTRO DE ENSINO FUNDAMENTAL CERÂMICA SÃO PAULO;366
18;61;1457;INSTITUTO FEDERAL DE BRASÍLIA - IFB SÃO SEBASTIÃO;248
18;62;1457;INSTITUTO FEDERAL DE BRASÍLIA - IFB SÃO SEBASTIÃO;236
18;63;1457;INSTITUTO FEDERAL DE BRASÍLIA - IFB SÃO SEBASTIÃO;241
18;64;1457;INSTITUTO FEDERAL DE BRASÍLIA - IFB SÃO SEBASTIÃO;243
18;65;1457;INSTITUTO FEDERAL DE BRASÍLIA - IFB SÃO SEBASTIÃO;237
18;66;1457;INSTITUTO FEDERAL DE BRASÍLIA - IFB SÃO SEBASTIÃO;228
18;67;1457;INSTITUTO FEDERAL DE BRASÍLIA - IFB SÃO SEBASTIÃO;234
18;68;1457;INSTITUTO FEDERAL DE BRASÍLIA - IFB SÃO SEBASTIÃO;241
18;69;1457;INSTITUTO FEDERAL DE BRASÍLIA - IFB SÃO SEBASTIÃO;232
18;70;1457;INSTITUTO FEDERAL DE BRASÍLIA - IFB SÃO SEBASTIÃO;233
18;71;1457;INSTITUTO FEDERAL DE BRASÍLIA - IFB SÃO SEBASTIÃO;225
18;72;1457;INSTITUTO FEDERAL DE BRASÍLIA - IFB SÃO SEBASTIÃO;236
18;73;1457;INSTITUTO FEDERAL DE BRASÍLIA - IFB SÃO SEBASTIÃO;235
18;74;1031;ESCOLA CLASSE 303;336
18;75;1031;ESCOLA CLASSE 303;338
18;76;1031;ESCOLA CLASSE 303;335
18;77;1031;ESCOLA CLASSE 303;335
18;79;1031;ESCOLA CLASSE 303;338
18;80;1031;ESCOLA CLASSE 303;334
18;81;1112;ESCOLA CLASSE AGROVILA;335
18;82;1112;ESCOLA CLASSE AGROVILA;331
18;83;1112;ESCOLA CLASSE AGROVILA;326
18;84;1112;ESCOLA CLASSE AGROVILA;332
18;85;1112;ESCOLA CLASSE AGROVILA;329
18;86;1112;ESCOLA CLASSE AGROVILA;327
18;87;1112;ESCOLA CLASSE AGROVILA;330
18;88;1112;ESCOLA CLASSE AGROVILA;327
18;89;1112;ESCOLA CLASSE AGROVILA;332
18;90;1112;ESCOLA CLASSE AGROVILA;328
18;91;1112;ESCOLA CLASSE AGROVILA;329
18;92;1120;CENTRO EDUCACIONAL SAO JOSE;351
18;93;1120;CENTRO EDUCACIONAL SAO JOSE;355
18;94;1120;CENTRO EDUCACIONAL SAO JOSE;354
18;95;1120;CENTRO EDUCACIONAL SAO JOSE;351
18;96;1120;CENTRO EDUCACIONAL SAO JOSE;349
18;97;1120;CENTRO EDUCACIONAL SAO JOSE;351
18;98;1120;CENTRO EDUCACIONAL SAO JOSE;353
18;99;1120;CENTRO EDUCACIONAL SAO JOSE;355
18;100;1120;CENTRO EDUCACIONAL SAO JOSE;351
18;101;1120;CENTRO EDUCACIONAL SAO JOSE;355
18;102;1120;CENTRO EDUCACIONAL SAO JOSE;352
18;103;1120;CENTRO EDUCACIONAL SAO JOSE;349
18;104;1120;CENTRO EDUCACIONAL SAO JOSE;355
18;105;1139;CENTRO DE ENSINO MÉDIO 01 - CENTRÃO;336
18;106;1139;CENTRO DE ENSINO MÉDIO 01 - CENTRÃO;335
18;107;1139;CENTRO DE ENSINO MÉDIO 01 - CENTRÃO;339
18;108;1139;CENTRO DE ENSINO MÉDIO 01 - CENTRÃO;337
18;109;1139;CENTRO DE ENSINO MÉDIO 01 - CENTRÃO;341
18;110;1139;CENTRO DE ENSINO MÉDIO 01 - CENTRÃO;330
18;111;1139;CENTRO DE ENSINO MÉDIO 01 - CENTRÃO;344
18;112;1139;CENTRO DE ENSINO MÉDIO 01 - CENTRÃO;340
18;113;1139;CENTRO DE ENSINO MÉDIO 01 - CENTRÃO;342
18;114;1139;CENTRO DE ENSINO MÉDIO 01 - CENTRÃO;334
18;115;1139;CENTRO DE ENSINO MÉDIO 01 - CENTRÃO;333
18;116;1139;CENTRO DE ENSINO MÉDIO 01 - CENTRÃO;335
18;117;1139;CENTRO DE ENSINO MÉDIO 01 - CENTRÃO;338
18;118;1139;CENTRO DE ENSINO MÉDIO 01 - CENTRÃO;337
18;119;1147;COLÉGIO PRESBITERIANO MACKENZIE;287
18;120;1147;COLÉGIO PRESBITERIANO MACKENZIE;288
18;121;1147;COLÉGIO PRESBITERIANO MACKENZIE;286
18;122;1147;COLÉGIO PRESBITERIANO MACKENZIE;287
18;123;1147;COLÉGIO PRESBITERIANO MACKENZIE;288
18;124;1147;COLÉGIO PRESBITERIANO MACKENZIE;285
18;125;1147;COLÉGIO PRESBITERIANO MACKENZIE;287
18;126;1147;COLÉGIO PRESBITERIANO MACKENZIE;288
18;127;1147;COLÉGIO PRESBITERIANO MACKENZIE;289
18;128;1147;COLÉGIO PRESBITERIANO MACKENZIE;288
18;129;1147;COLÉGIO PRESBITERIANO MACKENZIE;286
18;130;1155;ESCOLA CLASSE 104;287
18;131;1155;ESCOLA CLASSE 104;288
18;132;1155;ESCOLA CLASSE 104;287
18;133;1155;ESCOLA CLASSE 104;286
18;134;1155;ESCOLA CLASSE 104;290
18;135;1155;ESCOLA CLASSE 104;290
18;136;1155;ESCOLA CLASSE 104;290
18;137;1155;ESCOLA CLASSE 104;286
18;138;1155;ESCOLA CLASSE 104;289
18;139;1155;ESCOLA CLASSE 104;281
18;140;1155;ESCOLA CLASSE 104;285
18;141;1163;CENTRO EDUCACIONAL DO PAD/DF;183
18;142;1163;CENTRO EDUCACIONAL DO PAD/DF;182
18;143;1163;CENTRO EDUCACIONAL DO PAD/DF;186
18;144;1163;CENTRO EDUCACIONAL DO PAD/DF;189
18;145;1163;CENTRO EDUCACIONAL DO PAD/DF;180
18;146;1163;CENTRO EDUCACIONAL DO PAD/DF;181
18;147;1171;ESCOLA DAS NACOES;336
18;148;1171;ESCOLA DAS NACOES;337
18;149;1171;ESCOLA DAS NACOES;336
18;150;1171;ESCOLA DAS NACOES;339
18;151;1171;ESCOLA DAS NACOES;338
18;152;1171;ESCOLA DAS NACOES;337
18;153;1171;ESCOLA DAS NACOES;336
18;154;1171;ESCOLA DAS NACOES;338
18;155;1171;ESCOLA DAS NACOES;337
18;156;1171;ESCOLA DAS NACOES;335
18;157;1171;ESCOLA DAS NACOES;336
18;158;1171;ESCOLA DAS NACOES;337
18;159;1171;ESCOLA DAS NACOES;338
18;160;1171;ESCOLA DAS NACOES;338
18;161;1180;COLÉGIO NOSSA SENHORA DO PERPÉTUO SOCORRO;261
18;162;1180;COLÉGIO NOSSA SENHORA DO PERPÉTUO SOCORRO;263
18;163;1180;COLÉGIO NOSSA SENHORA DO PERPÉTUO SOCORRO;262
18;164;1180;COLÉGIO NOSSA SENHORA DO PERPÉTUO SOCORRO;261
18;165;1180;COLÉGIO NOSSA SENHORA DO PERPÉTUO SOCORRO;263
18;166;1180;COLÉGIO NOSSA SENHORA DO PERPÉTUO SOCORRO;261
18;167;1180;COLÉGIO NOSSA SENHORA DO PERPÉTUO SOCORRO;263
18;168;1180;COLÉGIO NOSSA SENHORA DO PERPÉTUO SOCORRO;262
18;169;1180;COLÉGIO NOSSA SENHORA DO PERPÉTUO SOCORRO;263
18;170;1180;COLÉGIO NOSSA SENHORA DO PERPÉTUO SOCORRO;261
18;171;1180;COLÉGIO NOSSA SENHORA DO PERPÉTUO SOCORRO;262
18;172;1180;COLÉGIO NOSSA SENHORA DO PERPÉTUO SOCORRO;264
18;173;1180;COLÉGIO NOSSA SENHORA DO PERPÉTUO SOCORRO;262
18;174;1180;COLÉGIO NOSSA SENHORA DO PERPÉTUO SOCORRO;262
18;175;1198;COLEGIO MARIA IMACULADA;244
18;176;1198;COLEGIO MARIA IMACULADA;243
18;177;1198;COLEGIO MARIA IMACULADA;240
18;178;1198;COLEGIO MARIA IMACULADA;240
18;179;1198;COLEGIO MARIA IMACULADA;241
18;180;1198;COLEGIO MARIA IMACULADA;240
18;181;1198;COLEGIO MARIA IMACULADA;242
18;182;1201;CENTRO DE ENSINO FUNDAMENTAL DO BOSQUE;346
18;183;1201;CENTRO DE ENSINO FUNDAMENTAL DO BOSQUE;343
18;184;1201;CENTRO DE ENSINO FUNDAMENTAL DO BOSQUE;344
18;185;1201;CENTRO DE ENSINO FUNDAMENTAL DO BOSQUE;345
18;186;1201;CENTRO DE ENSINO FUNDAMENTAL DO BOSQUE;347
18;187;1201;CENTRO DE ENSINO FUNDAMENTAL DO BOSQUE;349
18;188;1201;CENTRO DE ENSINO FUNDAMENTAL DO BOSQUE;349
18;189;1201;CENTRO DE ENSINO FUNDAMENTAL DO BOSQUE;344
18;190;1201;CENTRO DE ENSINO FUNDAMENTAL DO BOSQUE;338
18;191;1201;CENTRO DE ENSINO FUNDAMENTAL DO BOSQUE;343
18;192;1201;CENTRO DE ENSINO FUNDAMENTAL DO BOSQUE;346
18;193;1201;CENTRO DE ENSINO FUNDAMENTAL DO BOSQUE;342
18;194;1201;CENTRO DE ENSINO FUNDAMENTAL DO BOSQUE;344
18;195;1201;CENTRO DE ENSINO FUNDAMENTAL DO BOSQUE;344
18;196;1040;ESCOLA CLASSE VILA NOVA;279
18;197;1155;ESCOLA CLASSE 104;285
18;198;1171;ESCOLA DAS NACOES;339
18;199;1031;ESCOLA CLASSE 303;335
18;200;1406;COLÉGIO DIGITAL;210
18;201;1210;ESCOLA CLASSE 01 SHI SUL - LAGO SUL;170
18;202;1252;CENTRO EDUCACIONAL SAO BARTOLOMEU;305
18;203;1244;ESCOLA CLASSE BELA VISTA;318
18;204;1279;COLÉGIO MODELO DE SÃO SEBASTIÃO;267
18;205;1341;CENTRO EDUCACIONAL SÃO FRANCISCO - CHICÃO;350
18;206;1295;KINGDOM SCHOOL;270
18;207;1210;ESCOLA CLASSE 01 SHI SUL - LAGO SUL;168
18;208;1287;CIEIC - CENTRO INTEGRADO IRMAOS CARVALHO;331
18;209;1252;CENTRO EDUCACIONAL SAO BARTOLOMEU;304
18;210;1406;COLÉGIO DIGITAL;207
18;211;1252;CENTRO EDUCACIONAL SAO BARTOLOMEU;303
18;212;1406;COLÉGIO DIGITAL;210
18;213;1040;ESCOLA CLASSE VILA NOVA;283
18;214;1341;CENTRO EDUCACIONAL SÃO FRANCISCO - CHICÃO;354
18;215;1295;KINGDOM SCHOOL;271
18;216;1252;CENTRO EDUCACIONAL SAO BARTOLOMEU;305
18;217;1031;ESCOLA CLASSE 303;334
18;218;1406;COLÉGIO DIGITAL;212
18;219;1341;CENTRO EDUCACIONAL SÃO FRANCISCO - CHICÃO;353
18;220;1163;CENTRO EDUCACIONAL DO PAD/DF;184
18;221;1252;CENTRO EDUCACIONAL SAO BARTOLOMEU;300
18;222;1244;ESCOLA CLASSE BELA VISTA;317
18;223;1279;COLÉGIO MODELO DE SÃO SEBASTIÃO;266
18;224;1252;CENTRO EDUCACIONAL SAO BARTOLOMEU;301
18;225;1341;CENTRO EDUCACIONAL SÃO FRANCISCO - CHICÃO;356
18;226;1406;COLÉGIO DIGITAL;210
18;227;1040;ESCOLA CLASSE VILA NOVA;283
18;228;1252;CENTRO EDUCACIONAL SAO BARTOLOMEU;310
18;229;1295;KINGDOM SCHOOL;269
18;230;1210;ESCOLA CLASSE 01 SHI SUL - LAGO SUL;178
18;231;1252;CENTRO EDUCACIONAL SAO BARTOLOMEU;307
18;232;1309;COLÉGIO DOM JOSÉ;302
18;233;1406;COLÉGIO DIGITAL;213
18;234;1341;CENTRO EDUCACIONAL SÃO FRANCISCO - CHICÃO;356
18;235;1252;CENTRO EDUCACIONAL SAO BARTOLOMEU;301
18;236;1279;COLÉGIO MODELO DE SÃO SEBASTIÃO;265
18;237;1015;ESCOLA CLASSE VILA DO BOA;312
18;238;1317;CENTRO DE ENSINO FUNDAMENTAL JARDIM II;265
18;239;1406;COLÉGIO DIGITAL;208
18;240;1252;CENTRO EDUCACIONAL SAO BARTOLOMEU;304
18;241;1295;KINGDOM SCHOOL;271
18;242;1244;ESCOLA CLASSE BELA VISTA;313
18;243;1309;COLÉGIO DOM JOSÉ;296
18;244;1341;CENTRO EDUCACIONAL SÃO FRANCISCO - CHICÃO;354
18;245;1040;ESCOLA CLASSE VILA NOVA;281
18;246;1252;CENTRO EDUCACIONAL SAO BARTOLOMEU;306
18;247;1406;COLÉGIO DIGITAL;209
18;248;1350;CENTRO DE ENSINO FUNDAMENTAL MIGUEL ARCANJO;358
18;249;1210;ESCOLA CLASSE 01 SHI SUL - LAGO SUL;170
18;250;1210;ESCOLA CLASSE 01 SHI SUL - LAGO SUL;172
18;251;1252;CENTRO EDUCACIONAL SAO BARTOLOMEU;304
18;252;1406;COLÉGIO DIGITAL;206
18;253;1309;COLÉGIO DOM JOSÉ;292
18;254;1287;CIEIC - CENTRO INTEGRADO IRMAOS CARVALHO;330
18;255;1341;CENTRO EDUCACIONAL SÃO FRANCISCO - CHICÃO;355
18;256;1279;COLÉGIO MODELO DE SÃO SEBASTIÃO;265
18;257;1031;ESCOLA CLASSE 303;331
18;258;1295;KINGDOM SCHOOL;269
18;259;1252;CENTRO EDUCACIONAL SAO BARTOLOMEU;304
18;260;1406;COLÉGIO DIGITAL;208
18;261;1040;ESCOLA CLASSE VILA NOVA;281
18;262;1244;ESCOLA CLASSE BELA VISTA;313
18;263;1252;CENTRO EDUCACIONAL SAO BARTOLOMEU;300
18;264;1341;CENTRO EDUCACIONAL SÃO FRANCISCO - CHICÃO;354
18;265;1309;COLÉGIO DOM JOSÉ;296
18;266;1252;CENTRO EDUCACIONAL SAO BARTOLOMEU;304
18;267;1406;COLÉGIO DIGITAL;212
18;268;1279;COLÉGIO MODELO DE SÃO SEBASTIÃO;266
18;269;1252;CENTRO EDUCACIONAL SAO BARTOLOMEU;303
18;270;1031;ESCOLA CLASSE 303;337
18;271;1341;CENTRO EDUCACIONAL SÃO FRANCISCO - CHICÃO;354
18;272;1210;ESCOLA CLASSE 01 SHI SUL - LAGO SUL;191
18;273;1406;COLÉGIO DIGITAL;209
18;274;1295;KINGDOM SCHOOL;271
18;275;1023;CENTRO DE ENSINO FUNDAMENTAL NOVA BETANIA;277
18;276;1244;ESCOLA CLASSE BELA VISTA;321
18;277;1031;ESCOLA CLASSE 303;338
18;278;1309;COLÉGIO DOM JOSÉ;288
18;279;1406;COLÉGIO DIGITAL;211
18;280;1040;ESCOLA CLASSE VILA NOVA;284
18;281;1279;COLÉGIO MODELO DE SÃO SEBASTIÃO;267
18;282;1210;ESCOLA CLASSE 01 SHI SUL - LAGO SUL;170
18;283;1180;COLÉGIO NOSSA SENHORA DO PERPÉTUO SOCORRO;262
18;284;1163;CENTRO EDUCACIONAL DO PAD/DF;184
18;285;1449;CENTRO EDUCACIONAL JARDINS MANGUEIRAL;398
18;286;1341;CENTRO EDUCACIONAL SÃO FRANCISCO - CHICÃO;353
18;287;1350;CENTRO DE ENSINO FUNDAMENTAL MIGUEL ARCANJO;357
18;288;1449;CENTRO EDUCACIONAL JARDINS MANGUEIRAL;399
18;289;1309;COLÉGIO DOM JOSÉ;291
18;290;1171;ESCOLA DAS NACOES;336
18;291;1457;INSTITUTO FEDERAL DE BRASÍLIA - IFB SÃO SEBASTIÃO;231
18;292;1449;CENTRO EDUCACIONAL JARDINS MANGUEIRAL;399
18;293;1449;CENTRO EDUCACIONAL JARDINS MANGUEIRAL;400
18;294;1031;ESCOLA CLASSE 303;334
18;295;1309;COLÉGIO DOM JOSÉ;294
18;296;1147;COLÉGIO PRESBITERIANO MACKENZIE;284
18;297;1074;HEAVENLY INTERNATIONAL SCHOOL;353
18;298;1171;ESCOLA DAS NACOES;338
18;299;1449;CENTRO EDUCACIONAL JARDINS MANGUEIRAL;400
18;300;1066;CENTRO DE ENSINO FUNDAMENTAL 06 DE BRASÍLIA;379
18;301;1449;CENTRO EDUCACIONAL JARDINS MANGUEIRAL;398
18;302;1457;INSTITUTO FEDERAL DE BRASÍLIA - IFB SÃO SEBASTIÃO;223
18;303;1015;ESCOLA CLASSE VILA DO BOA;309
18;304;1449;CENTRO EDUCACIONAL JARDINS MANGUEIRAL;399
18;305;1058;CENTRO EDUCACIONAL DO LAGO SUL - CEL;324
18;306;1309;COLÉGIO DOM JOSÉ;297
18;307;1112;ESCOLA CLASSE AGROVILA;333
18;308;1171;ESCOLA DAS NACOES;336
18;309;1074;HEAVENLY INTERNATIONAL SCHOOL;351
18;310;1457;INSTITUTO FEDERAL DE BRASÍLIA - IFB SÃO SEBASTIÃO;228
18;311;1171;ESCOLA DAS NACOES;339
18;312;1066;CENTRO DE ENSINO FUNDAMENTAL 06 DE BRASÍLIA;379
18;313;1171;ESCOLA DAS NACOES;338
18;314;1040;ESCOLA CLASSE VILA NOVA;286
18;315;1287;CIEIC - CENTRO INTEGRADO IRMAOS CARVALHO;333
18;316;1139;CENTRO DE ENSINO MÉDIO 01 - CENTRÃO;336
18;317;1120;CENTRO EDUCACIONAL SAO JOSE;353
18;318;1341;CENTRO EDUCACIONAL SÃO FRANCISCO - CHICÃO;358
18;319;1066;CENTRO DE ENSINO FUNDAMENTAL 06 DE BRASÍLIA;379
18;320;1155;ESCOLA CLASSE 104;289
18;321;1058;CENTRO EDUCACIONAL DO LAGO SUL - CEL;322
18;322;1457;INSTITUTO FEDERAL DE BRASÍLIA - IFB SÃO SEBASTIÃO;231
18;323;1147;COLÉGIO PRESBITERIANO MACKENZIE;288
18;324;1031;ESCOLA CLASSE 303;334
18;325;1295;KINGDOM SCHOOL;269
18;326;1163;CENTRO EDUCACIONAL DO PAD/DF;179
18;327;1449;CENTRO EDUCACIONAL JARDINS MANGUEIRAL;399
18;328;1309;COLÉGIO DOM JOSÉ;297
18;329;1171;ESCOLA DAS NACOES;337
18;330;1058;CENTRO EDUCACIONAL DO LAGO SUL - CEL;324
18;331;1368;ESCOLA CLASSE CAFÉ SEM TROCO;331
18;332;1350;CENTRO DE ENSINO FUNDAMENTAL MIGUEL ARCANJO;354
18;333;1147;COLÉGIO PRESBITERIANO MACKENZIE;286
18;334;1457;INSTITUTO FEDERAL DE BRASÍLIA - IFB SÃO SEBASTIÃO;235
18;335;1449;CENTRO EDUCACIONAL JARDINS MANGUEIRAL;400
18;336;1287;CIEIC - CENTRO INTEGRADO IRMAOS CARVALHO;334
18;337;1449;CENTRO EDUCACIONAL JARDINS MANGUEIRAL;400
18;338;1244;ESCOLA CLASSE BELA VISTA;322
18;339;1309;COLÉGIO DOM JOSÉ;289
18;340;1171;ESCOLA DAS NACOES;338
18;341;1449;CENTRO EDUCACIONAL JARDINS MANGUEIRAL;399
18;342;1139;CENTRO DE ENSINO MÉDIO 01 - CENTRÃO;335
18;343;1449;CENTRO EDUCACIONAL JARDINS MANGUEIRAL;396
18;344;1309;COLÉGIO DOM JOSÉ;300
18;345;1457;INSTITUTO FEDERAL DE BRASÍLIA - IFB SÃO SEBASTIÃO;225
18;346;1449;CENTRO EDUCACIONAL JARDINS MANGUEIRAL;399
18;347;1171;ESCOLA DAS NACOES;338
18;348;1449;CENTRO EDUCACIONAL JARDINS MANGUEIRAL;398
18;349;1155;ESCOLA CLASSE 104;287
18;350;1031;ESCOLA CLASSE 303;337
18;351;1163;CENTRO EDUCACIONAL DO PAD/DF;184
18;352;1449;CENTRO EDUCACIONAL JARDINS MANGUEIRAL;399
18;353;1341;CENTRO EDUCACIONAL SÃO FRANCISCO - CHICÃO;354
18;354;1171;ESCOLA DAS NACOES;336
18;355;1457;INSTITUTO FEDERAL DE BRASÍLIA - IFB SÃO SEBASTIÃO;235
18;356;1449;CENTRO EDUCACIONAL JARDINS MANGUEIRAL;397
18;357;1147;COLÉGIO PRESBITERIANO MACKENZIE;284
18;358;1449;CENTRO EDUCACIONAL JARDINS MANGUEIRAL;398
18;359;1457;INSTITUTO FEDERAL DE BRASÍLIA - IFB SÃO SEBASTIÃO;233
18;360;1023;CENTRO DE ENSINO FUNDAMENTAL NOVA BETANIA;276
18;361;1058;CENTRO EDUCACIONAL DO LAGO SUL - CEL;320
18;362;1287;CIEIC - CENTRO INTEGRADO IRMAOS CARVALHO;339
18;363;1350;CENTRO DE ENSINO FUNDAMENTAL MIGUEL ARCANJO;355
18;364;1457;INSTITUTO FEDERAL DE BRASÍLIA - IFB SÃO SEBASTIÃO;228
18;365;1341;CENTRO EDUCACIONAL SÃO FRANCISCO - CHICÃO;352
18;366;1368;ESCOLA CLASSE CAFÉ SEM TROCO;333
18;367;1317;CENTRO DE ENSINO FUNDAMENTAL JARDIM II;264
18;368;1058;CENTRO EDUCACIONAL DO LAGO SUL - CEL;323
18;369;1147;COLÉGIO PRESBITERIANO MACKENZIE;285
18;370;1457;INSTITUTO FEDERAL DE BRASÍLIA - IFB SÃO SEBASTIÃO;238
18;371;1457;INSTITUTO FEDERAL DE BRASÍLIA - IFB SÃO SEBASTIÃO;227
18;372;1350;CENTRO DE ENSINO FUNDAMENTAL MIGUEL ARCANJO;356
18;373;1244;ESCOLA CLASSE BELA VISTA;312
18;374;1147;COLÉGIO PRESBITERIANO MACKENZIE;287
18;375;1457;INSTITUTO FEDERAL DE BRASÍLIA - IFB SÃO SEBASTIÃO;230
18;376;1163;CENTRO EDUCACIONAL DO PAD/DF;181
18;377;1040;ESCOLA CLASSE VILA NOVA;284
18;378;1147;COLÉGIO PRESBITERIANO MACKENZIE;287
18;379;1449;CENTRO EDUCACIONAL JARDINS MANGUEIRAL;399
18;380;1457;INSTITUTO FEDERAL DE BRASÍLIA - IFB SÃO SEBASTIÃO;234
18;381;1147;COLÉGIO PRESBITERIANO MACKENZIE;286
18;382;1287;CIEIC - CENTRO INTEGRADO IRMAOS CARVALHO;338
18;383;1457;INSTITUTO FEDERAL DE BRASÍLIA - IFB SÃO SEBASTIÃO;237
18;384;1341;CENTRO EDUCACIONAL SÃO FRANCISCO - CHICÃO;355
18;385;1350;CENTRO DE ENSINO FUNDAMENTAL MIGUEL ARCANJO;353
18;386;1147;COLÉGIO PRESBITERIANO MACKENZIE;287
18;387;1457;INSTITUTO FEDERAL DE BRASÍLIA - IFB SÃO SEBASTIÃO;230
18;388;1147;COLÉGIO PRESBITERIANO MACKENZIE;285
18;389;1015;ESCOLA CLASSE VILA DO BOA;309
18;390;1457;INSTITUTO FEDERAL DE BRASÍLIA - IFB SÃO SEBASTIÃO;227
18;391;1368;ESCOLA CLASSE CAFÉ SEM TROCO;331
18;392;1040;ESCOLA CLASSE VILA NOVA;286
18;393;1147;COLÉGIO PRESBITERIANO MACKENZIE;284
18;394;1287;CIEIC - CENTRO INTEGRADO IRMAOS CARVALHO;332
18;395;1147;COLÉGIO PRESBITERIANO MACKENZIE;282
18;396;1341;CENTRO EDUCACIONAL SÃO FRANCISCO - CHICÃO;353
18;397;1350;CENTRO DE ENSINO FUNDAMENTAL MIGUEL ARCANJO;354
18;398;1040;ESCOLA CLASSE VILA NOVA;279
18;399;1210;ESCOLA CLASSE 01 SHI SUL - LAGO SUL;167
18;400;1147;COLÉGIO PRESBITERIANO MACKENZIE;287
18;401;1341;CENTRO EDUCACIONAL SÃO FRANCISCO - CHICÃO;354
18;402;1287;CIEIC - CENTRO INTEGRADO IRMAOS CARVALHO;336
18;403;1023;CENTRO DE ENSINO FUNDAMENTAL NOVA BETANIA;271
18;404;1147;COLÉGIO PRESBITERIANO MACKENZIE;285
18;405;1368;ESCOLA CLASSE CAFÉ SEM TROCO;332
18;406;1350;CENTRO DE ENSINO FUNDAMENTAL MIGUEL ARCANJO;354
18;407;1376;ESCOLA FRANCESA FRANÇOIS MITTERRAND;322
18;408;1040;ESCOLA CLASSE VILA NOVA;286
18;409;1376;ESCOLA FRANCESA FRANÇOIS MITTERRAND;323
18;410;1244;ESCOLA CLASSE BELA VISTA;314
18;411;1376;ESCOLA FRANCESA FRANÇOIS MITTERRAND;323
18;412;1341;CENTRO EDUCACIONAL SÃO FRANCISCO - CHICÃO;356
18;413;1147;COLÉGIO PRESBITERIANO MACKENZIE;286
18;414;1376;ESCOLA FRANCESA FRANÇOIS MITTERRAND;322
18;415;1376;ESCOLA FRANCESA FRANÇOIS MITTERRAND;318
18;416;1376;ESCOLA FRANCESA FRANÇOIS MITTERRAND;322
18;417;1376;ESCOLA FRANCESA FRANÇOIS MITTERRAND;323
18;418;1279;COLÉGIO MODELO DE SÃO SEBASTIÃO;264
18;421;1376;ESCOLA FRANCESA FRANÇOIS MITTERRAND;323
18;422;1023;CENTRO DE ENSINO FUNDAMENTAL NOVA BETANIA;280
18;423;1376;ESCOLA FRANCESA FRANÇOIS MITTERRAND;319
18;424;1376;ESCOLA FRANCESA FRANÇOIS MITTERRAND;324
18;425;1139;CENTRO DE ENSINO MÉDIO 01 - CENTRÃO;342
18;426;1368;ESCOLA CLASSE CAFÉ SEM TROCO;341
18;427;1406;COLÉGIO DIGITAL;405
18;428;1414;ESCOLA CLASSE LAMARÃO;219
18;429;1139;CENTRO DE ENSINO MÉDIO 01 - CENTRÃO;342
18;430;1406;COLÉGIO DIGITAL;391
18;431;1139;CENTRO DE ENSINO MÉDIO 01 - CENTRÃO;335
18;432;1406;COLÉGIO DIGITAL;389
18;433;1368;ESCOLA CLASSE CAFÉ SEM TROCO;334
18;434;1406;COLÉGIO DIGITAL;391
18;435;1139;CENTRO DE ENSINO MÉDIO 01 - CENTRÃO;338
18;436;1406;COLÉGIO DIGITAL;397
18;437;1406;COLÉGIO DIGITAL;401
18;438;1287;CIEIC - CENTRO INTEGRADO IRMAOS CARVALHO;330
18;439;1406;COLÉGIO DIGITAL;393
18;440;1406;COLÉGIO DIGITAL;356
18;441;1368;ESCOLA CLASSE CAFÉ SEM TROCO;289
19;1;1015;ESCOLA CLASSE N 27;284
19;2;1015;ESCOLA CLASSE N 27;285
19;3;1015;ESCOLA CLASSE N 27;283
19;4;1015;ESCOLA CLASSE N 27;283
19;5;1015;ESCOLA CLASSE N 27;283
19;6;1015;ESCOLA CLASSE N 27;286
19;7;1015;ESCOLA CLASSE N 27;281
19;8;1015;ESCOLA CLASSE N 27;279
19;9;1015;ESCOLA CLASSE N 27;285
19;10;1015;ESCOLA CLASSE N 27;286
19;11;1015;ESCOLA CLASSE N 27;285
19;12;1015;ESCOLA CLASSE N 27;283
19;13;1023;ESCOLA CLASSE N 12;273
19;14;1023;ESCOLA CLASSE N 12;270
19;15;1023;ESCOLA CLASSE N 12;270
19;16;1023;ESCOLA CLASSE N 12;269
19;17;1023;ESCOLA CLASSE N 12;269
19;18;1023;ESCOLA CLASSE N 12;271
19;19;1023;ESCOLA CLASSE N 12;271
19;20;1023;ESCOLA CLASSE N 12;269
19;21;1023;ESCOLA CLASSE N 12;269
19;22;1031;CENTRO DE ENSINO DO SESI;333
19;23;1031;CENTRO DE ENSINO DO SESI;332
19;24;1031;CENTRO DE ENSINO DO SESI;333
19;25;1031;CENTRO DE ENSINO DO SESI;336
19;26;1031;CENTRO DE ENSINO DO SESI;340
19;27;1031;CENTRO DE ENSINO DO SESI;335
19;28;1031;CENTRO DE ENSINO DO SESI;333
19;29;1031;CENTRO DE ENSINO DO SESI;336
19;30;1031;CENTRO DE ENSINO DO SESI;338
19;31;1031;CENTRO DE ENSINO DO SESI;335
19;32;1031;CENTRO DE ENSINO DO SESI;332
19;33;1031;CENTRO DE ENSINO DO SESI;333
19;34;1031;CENTRO DE ENSINO DO SESI;337
19;35;1031;CENTRO DE ENSINO DO SESI;335
19;36;1031;CENTRO DE ENSINO DO SESI;329
19;37;1040;ESCOLA CLASSE VICENTE PIRES;333
19;38;1040;ESCOLA CLASSE VICENTE PIRES;333
19;39;1040;ESCOLA CLASSE VICENTE PIRES;332
19;40;1040;ESCOLA CLASSE VICENTE PIRES;334
19;41;1040;ESCOLA CLASSE VICENTE PIRES;334
19;42;1040;ESCOLA CLASSE VICENTE PIRES;333
19;43;1040;ESCOLA CLASSE VICENTE PIRES;332
19;44;1040;ESCOLA CLASSE VICENTE PIRES;334
19;45;1058;ESCOLA CLASSE N 39;307
19;46;1066;ESCOLA CLASSE N 16;141
19;47;1066;ESCOLA CLASSE N 16;141
19;48;1066;ESCOLA CLASSE N 16;136
19;49;1066;ESCOLA CLASSE N 16;140
19;50;1066;ESCOLA CLASSE N 16;139
19;51;1066;ESCOLA CLASSE N 16;141
19;52;1074;COLEGIO JESUS MARIA JOSE;339
19;53;1074;COLEGIO JESUS MARIA JOSE;340
19;54;1074;COLEGIO JESUS MARIA JOSE;335
19;55;1074;COLEGIO JESUS MARIA JOSE;338
19;56;1074;COLEGIO JESUS MARIA JOSE;338
19;57;1074;COLEGIO JESUS MARIA JOSE;337
19;58;1074;COLEGIO JESUS MARIA JOSE;335
19;59;1074;COLEGIO JESUS MARIA JOSE;335
19;60;1082;CENTRO DE ENSINO MEDIO TAGUATINGA NORTE;197
19;61;1082;CENTRO DE ENSINO MEDIO TAGUATINGA NORTE;197
19;62;1082;CENTRO DE ENSINO MEDIO TAGUATINGA NORTE;196
19;63;1082;CENTRO DE ENSINO MEDIO TAGUATINGA NORTE;194
19;64;1082;CENTRO DE ENSINO MEDIO TAGUATINGA NORTE;194
19;65;1082;CENTRO DE ENSINO MEDIO TAGUATINGA NORTE;195
19;66;1082;CENTRO DE ENSINO MEDIO TAGUATINGA NORTE;192
19;67;1082;CENTRO DE ENSINO MEDIO TAGUATINGA NORTE;194
19;68;1082;CENTRO DE ENSINO MEDIO TAGUATINGA NORTE;195
19;69;1082;CENTRO DE ENSINO MEDIO TAGUATINGA NORTE;193
19;70;1082;CENTRO DE ENSINO MEDIO TAGUATINGA NORTE;195
19;71;1082;CENTRO DE ENSINO MEDIO TAGUATINGA NORTE;195
19;72;1082;CENTRO DE ENSINO MEDIO TAGUATINGA NORTE;191
19;73;1082;CENTRO DE ENSINO MEDIO TAGUATINGA NORTE;196
19;74;1082;CENTRO DE ENSINO MEDIO TAGUATINGA NORTE;194
19;75;1082;CENTRO DE ENSINO MEDIO TAGUATINGA NORTE;194
19;76;1082;CENTRO DE ENSINO MEDIO TAGUATINGA NORTE;195
19;77;1090;CENTRO EDUCACIONAL N 4;368
19;78;1090;CENTRO EDUCACIONAL N 4;372
19;79;1090;CENTRO EDUCACIONAL N 4;366
19;80;1090;CENTRO EDUCACIONAL N 4;368
19;81;1090;CENTRO EDUCACIONAL N 4;368
19;82;1090;CENTRO EDUCACIONAL N 4;368
19;83;1090;CENTRO EDUCACIONAL N 4;368
19;84;1090;CENTRO EDUCACIONAL N 4;370
19;85;1090;CENTRO EDUCACIONAL N 4;370
19;86;1090;CENTRO EDUCACIONAL N 4;364
19;87;1090;CENTRO EDUCACIONAL N 4;366
19;88;1090;CENTRO EDUCACIONAL N 4;367
19;89;1090;CENTRO EDUCACIONAL N 4;369
19;90;1090;CENTRO EDUCACIONAL N 4;369
19;91;1090;CENTRO EDUCACIONAL N 4;369
19;92;1104;ESCOLA CLASSE N 8;136
19;93;1104;ESCOLA CLASSE N 8;140
19;94;1104;ESCOLA CLASSE N 8;142
19;95;1104;ESCOLA CLASSE N 8;139
19;96;1104;ESCOLA CLASSE N 8;139
19;97;1104;ESCOLA CLASSE N 8;140
19;98;1104;ESCOLA CLASSE N 8;136
19;99;1104;ESCOLA CLASSE N 8;138
19;100;1104;ESCOLA CLASSE N 8;138
19;101;1104;ESCOLA CLASSE N 8;139
19;102;1104;ESCOLA CLASSE N 8;138
19;103;1104;ESCOLA CLASSE N 8;137
19;104;1104;ESCOLA CLASSE N 8;135
19;105;1104;ESCOLA CLASSE N 8;138
19;106;1104;ESCOLA CLASSE N 8;140
19;107;1112;CENTRO DE ENSINO FUNDAMENTAL N 12;207
19;108;1112;CENTRO DE ENSINO FUNDAMENTAL N 12;210
19;109;1112;CENTRO DE ENSINO FUNDAMENTAL N 12;204
19;110;1112;CENTRO DE ENSINO FUNDAMENTAL N 12;204
19;111;1112;CENTRO DE ENSINO FUNDAMENTAL N 12;209
19;112;1112;CENTRO DE ENSINO FUNDAMENTAL N 12;207
19;113;1112;CENTRO DE ENSINO FUNDAMENTAL N 12;209
19;114;1112;CENTRO DE ENSINO FUNDAMENTAL N 12;209
19;115;1112;CENTRO DE ENSINO FUNDAMENTAL N 12;208
19;116;1112;CENTRO DE ENSINO FUNDAMENTAL N 12;208
19;117;1112;CENTRO DE ENSINO FUNDAMENTAL N 12;209
19;118;1112;CENTRO DE ENSINO FUNDAMENTAL N 12;207
19;119;1112;CENTRO DE ENSINO FUNDAMENTAL N 12;206
19;120;1112;CENTRO DE ENSINO FUNDAMENTAL N 12;207
19;121;1112;CENTRO DE ENSINO FUNDAMENTAL N 12;206
19;122;1112;CENTRO DE ENSINO FUNDAMENTAL N 12;204
19;123;1112;CENTRO DE ENSINO FUNDAMENTAL N 12;208
19;124;1120;ESCOLA CLASSE N 18;186
19;125;1120;ESCOLA CLASSE N 18;184
19;126;1120;ESCOLA CLASSE N 18;178
19;127;1120;ESCOLA CLASSE N 18;183
19;128;1120;ESCOLA CLASSE N 18;183
19;129;1120;ESCOLA CLASSE N 18;184
19;130;1120;ESCOLA CLASSE N 18;184
19;131;1120;ESCOLA CLASSE N 18;182
19;132;1120;ESCOLA CLASSE N 18;184
19;133;1120;ESCOLA CLASSE N 18;181
19;134;1120;ESCOLA CLASSE N 18;183
19;135;1120;ESCOLA CLASSE N 18;182
19;136;1139;CENTRO DE EDUCAÇÃO INFANTIL Nº 02 (ESCOLA CLASSE Nº 30);233
19;137;1139;CENTRO DE EDUCAÇÃO INFANTIL Nº 02 (ESCOLA CLASSE Nº 30);232
19;138;1139;CENTRO DE EDUCAÇÃO INFANTIL Nº 02 (ESCOLA CLASSE Nº 30);234
19;139;1139;CENTRO DE EDUCAÇÃO INFANTIL Nº 02 (ESCOLA CLASSE Nº 30);237
19;140;1139;CENTRO DE EDUCAÇÃO INFANTIL Nº 02 (ESCOLA CLASSE Nº 30);233
19;141;1139;CENTRO DE EDUCAÇÃO INFANTIL Nº 02 (ESCOLA CLASSE Nº 30);230
19;142;1139;CENTRO DE EDUCAÇÃO INFANTIL Nº 02 (ESCOLA CLASSE Nº 30);237
19;143;1139;CENTRO DE EDUCAÇÃO INFANTIL Nº 02 (ESCOLA CLASSE Nº 30);236
19;144;1147;FACULDADE PROJECAO;319
19;145;1147;FACULDADE PROJECAO;320
19;146;1147;FACULDADE PROJECAO;324
19;147;1147;FACULDADE PROJECAO;320
19;148;1147;FACULDADE PROJECAO;316
19;149;1155;CENTRO ENS MÉDIO EIT;394
19;150;1155;CENTRO ENS MÉDIO EIT;397
19;151;1155;CENTRO ENS MÉDIO EIT;396
19;152;1155;CENTRO ENS MÉDIO EIT;395
19;153;1155;CENTRO ENS MÉDIO EIT;395
19;154;1155;CENTRO ENS MÉDIO EIT;394
19;155;1155;CENTRO ENS MÉDIO EIT;393
19;156;1155;CENTRO ENS MÉDIO EIT;395
19;157;1155;CENTRO ENS MÉDIO EIT;394
19;158;1155;CENTRO ENS MÉDIO EIT;395
19;159;1155;CENTRO ENS MÉDIO EIT;397
19;160;1155;CENTRO ENS MÉDIO EIT;393
19;161;1155;CENTRO ENS MÉDIO EIT;392
19;162;1155;CENTRO ENS MÉDIO EIT;393
19;163;1155;CENTRO ENS MÉDIO EIT;390
19;164;1155;CENTRO ENS MÉDIO EIT;393
19;165;1163;ESCOLA CLASSE N 15;379
19;166;1163;ESCOLA CLASSE N 15;382
19;167;1163;ESCOLA CLASSE N 15;383
19;168;1163;ESCOLA CLASSE N 15;378
19;169;1163;ESCOLA CLASSE N 15;380
19;170;1163;ESCOLA CLASSE N 15;384
19;171;1163;ESCOLA CLASSE N 15;379
19;172;1163;ESCOLA CLASSE N 15;382
19;173;1171;CEF Nº 11;379
19;174;1171;CEF Nº 11;380
19;175;1171;CEF Nº 11;379
19;176;1171;CEF Nº 11;376
19;177;1171;CEF Nº 11;383
19;178;1171;CEF Nº 11;387
19;179;1171;CEF Nº 11;371
19;180;1171;CEF Nº 11;384
19;181;1171;CEF Nº 11;382
19;182;1171;CEF Nº 11;379
19;183;1171;CEF Nº 11;377
19;184;1171;CEF Nº 11;378
19;185;1171;CEF Nº 11;381
19;186;1171;CEF Nº 11;383
19;187;1171;CEF Nº 11;385
19;188;1180;ESCOLA CLASSE N 6;289
19;189;1180;ESCOLA CLASSE N 6;290
19;190;1180;ESCOLA CLASSE N 6;288
19;191;1180;ESCOLA CLASSE N 6;285
19;192;1180;ESCOLA CLASSE N 6;281
19;193;1180;ESCOLA CLASSE N 6;288
19;194;1180;ESCOLA CLASSE N 6;287
19;195;1180;ESCOLA CLASSE N 6;287
19;196;1180;ESCOLA CLASSE N 6;281
19;197;1180;ESCOLA CLASSE N 6;287
19;198;1198;CEF Nº 14;280
19;199;1198;CEF Nº 14;278
19;200;1198;CEF Nº 14;284
19;201;1198;CEF Nº 14;280
19;202;1198;CEF Nº 14;280
19;203;1198;CEF Nº 14;279
19;204;1198;CEF Nº 14;283
19;205;1198;CEF Nº 14;276
19;206;1201;ESCOLA BILINGUE LIBRAS (ANTIGA ESCOLA CLASSE N 21);297
19;207;1201;ESCOLA BILINGUE LIBRAS (ANTIGA ESCOLA CLASSE N 21);298
19;208;1201;ESCOLA BILINGUE LIBRAS (ANTIGA ESCOLA CLASSE N 21);302
19;209;1201;ESCOLA BILINGUE LIBRAS (ANTIGA ESCOLA CLASSE N 21);302
19;210;1201;ESCOLA BILINGUE LIBRAS (ANTIGA ESCOLA CLASSE N 21);303
19;211;1201;ESCOLA BILINGUE LIBRAS (ANTIGA ESCOLA CLASSE N 21);303
19;212;1201;ESCOLA BILINGUE LIBRAS (ANTIGA ESCOLA CLASSE N 21);299
19;213;1201;ESCOLA BILINGUE LIBRAS (ANTIGA ESCOLA CLASSE N 21);302
19;214;1201;ESCOLA BILINGUE LIBRAS (ANTIGA ESCOLA CLASSE N 21);299
19;215;1120;ESCOLA CLASSE N 18;181
19;216;1147;FACULDADE PROJECAO;324
19;217;1147;FACULDADE PROJECAO;318
19;218;1066;ESCOLA CLASSE N 16;142
19;219;1074;COLEGIO JESUS MARIA JOSE;337
19;220;1023;ESCOLA CLASSE N 12;271
19;221;1139;CENTRO DE EDUCAÇÃO INFANTIL Nº 02 (ESCOLA CLASSE Nº 30);235
19;222;1120;ESCOLA CLASSE N 18;183
19;223;1147;FACULDADE PROJECAO;320
19;224;1074;COLEGIO JESUS MARIA JOSE;341
19;225;1066;ESCOLA CLASSE N 16;143
19;226;1147;FACULDADE PROJECAO;320
19;227;1120;ESCOLA CLASSE N 18;184
19;228;1066;ESCOLA CLASSE N 16;138
19;229;1031;CENTRO DE ENSINO DO SESI;337
19;230;1147;FACULDADE PROJECAO;319
19;231;1074;COLEGIO JESUS MARIA JOSE;337
19;232;1228;COLÉGIO KAIRÓS (ANTIGO INSTITUTO EDUCACIONAL SAGARANA;377
19;233;1341;COLÉGIO VITÓRIA RÉGIA - UNIDADE 1;395
19;234;1236;ESCOLA CLASSE 02;307
19;235;1066;ESCOLA CLASSE N 16;149
19;236;1147;FACULDADE PROJECAO;322
19;237;1228;COLÉGIO KAIRÓS (ANTIGO INSTITUTO EDUCACIONAL SAGARANA;376
19;238;1074;COLEGIO JESUS MARIA JOSE;332
19;239;1147;FACULDADE PROJECAO;320
19;240;1058;ESCOLA CLASSE N 39;280
19;241;1341;COLÉGIO VITÓRIA RÉGIA - UNIDADE 1;395
19;242;1228;COLÉGIO KAIRÓS (ANTIGO INSTITUTO EDUCACIONAL SAGARANA;376
19;243;1015;ESCOLA CLASSE N 27;286
19;244;1147;FACULDADE PROJECAO;321
19;245;1236;ESCOLA CLASSE 02;309
19;246;1228;COLÉGIO KAIRÓS (ANTIGO INSTITUTO EDUCACIONAL SAGARANA;370
19;247;1074;COLEGIO JESUS MARIA JOSE;339
19;248;1341;COLÉGIO VITÓRIA RÉGIA - UNIDADE 1;392
19;249;1147;FACULDADE PROJECAO;322
19;250;1228;COLÉGIO KAIRÓS (ANTIGO INSTITUTO EDUCACIONAL SAGARANA;374
19;251;1341;COLÉGIO VITÓRIA RÉGIA - UNIDADE 1;395
19;252;1236;ESCOLA CLASSE 02;306
19;253;1074;COLEGIO JESUS MARIA JOSE;340
19;254;1341;COLÉGIO VITÓRIA RÉGIA - UNIDADE 1;397
19;255;1147;FACULDADE PROJECAO;322
19;256;1252;COLÉGIO DJ;304
19;257;1325;COLÉGIO OBJETIVO - RUA 03;377
19;258;1228;COLÉGIO KAIRÓS (ANTIGO INSTITUTO EDUCACIONAL SAGARANA;372
19;259;1260;COLÉGIO IDEAL - A/E 31;369
19;260;1236;ESCOLA CLASSE 02;305
19;261;1252;COLÉGIO DJ;298
19;262;1341;COLÉGIO VITÓRIA RÉGIA - UNIDADE 1;398
19;263;1325;COLÉGIO OBJETIVO - RUA 03;382
19;264;1058;ESCOLA CLASSE N 39;310
19;265;1252;COLÉGIO DJ;300
19;266;1228;COLÉGIO KAIRÓS (ANTIGO INSTITUTO EDUCACIONAL SAGARANA;376
19;267;1325;COLÉGIO OBJETIVO - RUA 03;384
19;268;1341;COLÉGIO VITÓRIA RÉGIA - UNIDADE 1;395
19;269;1252;COLÉGIO DJ;301
19;270;1325;COLÉGIO OBJETIVO - RUA 03;383
19;271;1236;ESCOLA CLASSE 02;306
19;272;1341;COLÉGIO VITÓRIA RÉGIA - UNIDADE 1;396
19;273;1252;COLÉGIO DJ;304
19;274;1325;COLÉGIO OBJETIVO - RUA 03;388
19;275;1228;COLÉGIO KAIRÓS (ANTIGO INSTITUTO EDUCACIONAL SAGARANA;377
19;276;1252;COLÉGIO DJ;302
19;277;1325;COLÉGIO OBJETIVO - RUA 03;385
19;278;1341;COLÉGIO VITÓRIA RÉGIA - UNIDADE 1;397
19;279;1325;COLÉGIO OBJETIVO - RUA 03;385
19;280;1252;COLÉGIO DJ;302
19;281;1236;ESCOLA CLASSE 02;307
19;282;1341;COLÉGIO VITÓRIA RÉGIA - UNIDADE 1;398
19;283;1325;COLÉGIO OBJETIVO - RUA 03;381
19;284;1147;FACULDADE PROJECAO;324
19;285;1260;COLÉGIO IDEAL - A/E 31;371
19;286;1252;COLÉGIO DJ;307
19;287;1325;COLÉGIO OBJETIVO - RUA 03;378
19;288;1228;COLÉGIO KAIRÓS (ANTIGO INSTITUTO EDUCACIONAL SAGARANA;376
19;289;1333;COLÉGIO BIÃNGULO - RUA 07/10;399
19;290;1341;COLÉGIO VITÓRIA RÉGIA - UNIDADE 1;397
19;291;1333;COLÉGIO BIÃNGULO - RUA 07/10;399
19;292;1236;ESCOLA CLASSE 02;308
19;293;1341;COLÉGIO VITÓRIA RÉGIA - UNIDADE 1;394
19;294;1333;COLÉGIO BIÃNGULO - RUA 07/10;400
19;295;1228;COLÉGIO KAIRÓS (ANTIGO INSTITUTO EDUCACIONAL SAGARANA;376
19;296;1333;COLÉGIO BIÃNGULO - RUA 07/10;397
19;297;1341;COLÉGIO VITÓRIA RÉGIA - UNIDADE 1;397
19;298;1333;COLÉGIO BIÃNGULO - RUA 07/10;396
19;299;1228;COLÉGIO KAIRÓS (ANTIGO INSTITUTO EDUCACIONAL SAGARANA;375
19;300;1236;ESCOLA CLASSE 02;310
19;301;1341;COLÉGIO VITÓRIA RÉGIA - UNIDADE 1;398
19;302;1252;COLÉGIO DJ;294
19;303;1252;COLÉGIO DJ;307
19;304;1325;COLÉGIO OBJETIVO - RUA 03;385
19;305;1228;COLÉGIO KAIRÓS (ANTIGO INSTITUTO EDUCACIONAL SAGARANA;375
19;306;1295;INSTITUTO EDUCACIONAL MONTESQUIEU;300
19;307;1287;COLÉGIO LICEU;398
19;308;1279;COLÉGIO VITÓRIA RÉGIA UNIDADE 4 (ANTIGO COLÉGIO MAXIMUS);399
19;309;1252;COLÉGIO DJ;296
19;310;1236;ESCOLA CLASSE 02;307
19;311;1252;COLÉGIO DJ;294
19;312;1260;COLÉGIO IDEAL - A/E 31;369
19;313;1228;COLÉGIO KAIRÓS (ANTIGO INSTITUTO EDUCACIONAL SAGARANA;375
19;314;1252;COLÉGIO DJ;307
19;315;1295;INSTITUTO EDUCACIONAL MONTESQUIEU;307
19;316;1252;COLÉGIO DJ;311
19;317;1325;COLÉGIO OBJETIVO - RUA 03;383
19;318;1252;COLÉGIO DJ;300
19;319;1236;ESCOLA CLASSE 02;300
19;320;1287;COLÉGIO LICEU;395
19;321;1295;INSTITUTO EDUCACIONAL MONTESQUIEU;313
19;322;1325;COLÉGIO OBJETIVO - RUA 03;384
19;323;1260;COLÉGIO IDEAL - A/E 31;364
19;324;1295;INSTITUTO EDUCACIONAL MONTESQUIEU;284
19;325;1287;COLÉGIO LICEU;399
19;326;1325;COLÉGIO OBJETIVO - RUA 03;376
19;327;1279;COLÉGIO VITÓRIA RÉGIA UNIDADE 4 (ANTIGO COLÉGIO MAXIMUS);395
19;328;1295;INSTITUTO EDUCACIONAL MONTESQUIEU;298
19;329;1325;COLÉGIO OBJETIVO - RUA 03;378
19;330;1287;COLÉGIO LICEU;396
19;331;1287;COLÉGIO LICEU;396
19;332;1260;COLÉGIO IDEAL - A/E 31;367
19;333;1287;COLÉGIO LICEU;395
19;334;1287;COLÉGIO LICEU;395
19;335;1279;COLÉGIO VITÓRIA RÉGIA UNIDADE 4 (ANTIGO COLÉGIO MAXIMUS);400
19;336;1287;COLÉGIO LICEU;396
19;337;1287;COLÉGIO LICEU;391
19;338;1260;COLÉGIO IDEAL - A/E 31;370
19;339;1287;COLÉGIO LICEU;393
19;340;1287;COLÉGIO LICEU;398
19;341;1260;COLÉGIO IDEAL - A/E 31;369
19;342;1279;COLÉGIO VITÓRIA RÉGIA UNIDADE 4 (ANTIGO COLÉGIO MAXIMUS);396
19;343;1287;COLÉGIO LICEU;391
19;344;1058;ESCOLA CLASSE N 39;265
19;345;1287;COLÉGIO LICEU;397
19;346;1325;COLÉGIO OBJETIVO - RUA 03;389
19;348;1333;COLÉGIO BIÃNGULO - RUA 07/10;399
19;349;1333;COLÉGIO BIÃNGULO - RUA 07/10;396
19;350;1163;ESCOLA CLASSE N 15;383
19;351;1287;COLÉGIO LICEU;396
19;352;1279;COLÉGIO VITÓRIA RÉGIA UNIDADE 4 (ANTIGO COLÉGIO MAXIMUS);396
19;353;1325;COLÉGIO OBJETIVO - RUA 03;383
19;354;1333;COLÉGIO BIÃNGULO - RUA 07/10;397
19;355;1147;FACULDADE PROJECAO;321
19;356;1325;COLÉGIO OBJETIVO - RUA 03;390
19;357;1325;COLÉGIO OBJETIVO - RUA 03;381
19;358;1287;COLÉGIO LICEU;399
19;359;1279;COLÉGIO VITÓRIA RÉGIA UNIDADE 4 (ANTIGO COLÉGIO MAXIMUS);399
19;360;1287;COLÉGIO LICEU;396
20;1;1015;ESCOLA CLASSE 52;364
20;2;1015;ESCOLA CLASSE 52;364
20;3;1015;ESCOLA CLASSE 52;365
20;4;1015;ESCOLA CLASSE 52;365
20;5;1015;ESCOLA CLASSE 52;367
20;6;1015;ESCOLA CLASSE 52;367
20;7;1015;ESCOLA CLASSE 52;366
20;8;1015;ESCOLA CLASSE 52;364
20;9;1015;ESCOLA CLASSE 52;364
20;10;1015;ESCOLA CLASSE 52;361
20;11;1023;CENTRO DE ENSINO MEDIO 04;206
20;12;1023;CENTRO DE ENSINO MEDIO 04;210
20;13;1023;CENTRO DE ENSINO MEDIO 04;210
20;14;1023;CENTRO DE ENSINO MEDIO 04;208
20;15;1023;CENTRO DE ENSINO MEDIO 04;203
20;16;1023;CENTRO DE ENSINO MEDIO 04;208
20;17;1023;CENTRO DE ENSINO MEDIO 04;208
20;18;1023;CENTRO DE ENSINO MEDIO 04;211
20;19;1023;CENTRO DE ENSINO MEDIO 04;208
20;20;1023;CENTRO DE ENSINO MEDIO 04;208
20;21;1023;CENTRO DE ENSINO MEDIO 04;209
20;22;1031;CENTRO DE ENSINO FUNDAMENTAL 19;335
20;23;1031;CENTRO DE ENSINO FUNDAMENTAL 19;323
20;24;1031;CENTRO DE ENSINO FUNDAMENTAL 19;338
20;25;1031;CENTRO DE ENSINO FUNDAMENTAL 19;332
20;26;1031;CENTRO DE ENSINO FUNDAMENTAL 19;335
20;27;1031;CENTRO DE ENSINO FUNDAMENTAL 19;335
20;28;1031;CENTRO DE ENSINO FUNDAMENTAL 19;327
20;29;1031;CENTRO DE ENSINO FUNDAMENTAL 19;335
20;30;1031;CENTRO DE ENSINO FUNDAMENTAL 19;327
20;31;1031;CENTRO DE ENSINO FUNDAMENTAL 19;339
20;32;1031;CENTRO DE ENSINO FUNDAMENTAL 19;334
20;33;1031;CENTRO DE ENSINO FUNDAMENTAL 19;322
20;34;1031;CENTRO DE ENSINO FUNDAMENTAL 19;337
20;35;1031;CENTRO DE ENSINO FUNDAMENTAL 19;337
20;36;1031;CENTRO DE ENSINO FUNDAMENTAL 19;331
20;37;1031;CENTRO DE ENSINO FUNDAMENTAL 19;328
20;38;1031;CENTRO DE ENSINO FUNDAMENTAL 19;323
20;39;1040;ESCOLA CLASSE 24;340
20;40;1040;ESCOLA CLASSE 24;340
20;41;1040;ESCOLA CLASSE 24;334
20;42;1040;ESCOLA CLASSE 24;337
20;43;1040;ESCOLA CLASSE 24;333
20;44;1040;ESCOLA CLASSE 24;336
20;45;1040;ESCOLA CLASSE 24;340
20;46;1040;ESCOLA CLASSE 24;339
20;47;1040;ESCOLA CLASSE 24;336
20;48;1040;ESCOLA CLASSE 24;331
20;49;1040;ESCOLA CLASSE 24;331
20;50;1058;ESCOLA CLASSE 25;340
20;51;1058;ESCOLA CLASSE 25;337
20;52;1058;ESCOLA CLASSE 25;338
20;53;1058;ESCOLA CLASSE 25;339
20;54;1058;ESCOLA CLASSE 25;332
20;55;1058;ESCOLA CLASSE 25;337
20;56;1058;ESCOLA CLASSE 25;334
20;57;1058;ESCOLA CLASSE 25;336
20;58;1058;ESCOLA CLASSE 25;336
20;59;1058;ESCOLA CLASSE 25;334
20;60;1058;ESCOLA CLASSE 25;337
20;61;1066;CENTRO DE ENSINO FUNDAMENTAL 11;382
20;62;1066;CENTRO DE ENSINO FUNDAMENTAL 11;380
20;63;1066;CENTRO DE ENSINO FUNDAMENTAL 11;385
20;64;1066;CENTRO DE ENSINO FUNDAMENTAL 11;385
20;65;1066;CENTRO DE ENSINO FUNDAMENTAL 11;389
20;66;1066;CENTRO DE ENSINO FUNDAMENTAL 11;391
20;67;1066;CENTRO DE ENSINO FUNDAMENTAL 11;389
20;68;1066;CENTRO DE ENSINO FUNDAMENTAL 11;387
20;69;1074;CENTRO DE ENSINO FUNDAMENTAL 18;358
20;70;1074;CENTRO DE ENSINO FUNDAMENTAL 18;358
20;71;1074;CENTRO DE ENSINO FUNDAMENTAL 18;359
20;72;1074;CENTRO DE ENSINO FUNDAMENTAL 18;357
20;73;1074;CENTRO DE ENSINO FUNDAMENTAL 18;362
20;74;1074;CENTRO DE ENSINO FUNDAMENTAL 18;356
20;75;1074;CENTRO DE ENSINO FUNDAMENTAL 18;359
20;76;1074;CENTRO DE ENSINO FUNDAMENTAL 18;354
20;77;1074;CENTRO DE ENSINO FUNDAMENTAL 18;361
20;78;1074;CENTRO DE ENSINO FUNDAMENTAL 18;358
20;79;1074;CENTRO DE ENSINO FUNDAMENTAL 18;360
20;80;1082;CENTRO DE ENSINO FUNDAMENTAL 33 (ANTIGA E.C. 44);391
20;81;1082;CENTRO DE ENSINO FUNDAMENTAL 33 (ANTIGA E.C. 44);392
20;82;1082;CENTRO DE ENSINO FUNDAMENTAL 33 (ANTIGA E.C. 44);393
20;83;1082;CENTRO DE ENSINO FUNDAMENTAL 33 (ANTIGA E.C. 44);390
20;84;1082;CENTRO DE ENSINO FUNDAMENTAL 33 (ANTIGA E.C. 44);388
20;85;1082;CENTRO DE ENSINO FUNDAMENTAL 33 (ANTIGA E.C. 44);390
20;86;1082;CENTRO DE ENSINO FUNDAMENTAL 33 (ANTIGA E.C. 44);389
20;87;1082;CENTRO DE ENSINO FUNDAMENTAL 33 (ANTIGA E.C. 44);394
20;88;1082;CENTRO DE ENSINO FUNDAMENTAL 33 (ANTIGA E.C. 44);393
20;89;1082;CENTRO DE ENSINO FUNDAMENTAL 33 (ANTIGA E.C. 44);389
20;90;1082;CENTRO DE ENSINO FUNDAMENTAL 33 (ANTIGA E.C. 44);391
20;91;1090;CENTRO DE ENSINO ESPECIAL 01;368
20;92;1090;CENTRO DE ENSINO ESPECIAL 01;367
20;93;1090;CENTRO DE ENSINO ESPECIAL 01;365
20;94;1090;CENTRO DE ENSINO ESPECIAL 01;363
20;95;1090;CENTRO DE ENSINO ESPECIAL 01;363
20;96;1090;CENTRO DE ENSINO ESPECIAL 01;370
20;97;1090;CENTRO DE ENSINO ESPECIAL 01;365
20;98;1090;CENTRO DE ENSINO ESPECIAL 01;363
20;99;1090;CENTRO DE ENSINO ESPECIAL 01;363
20;100;1090;CENTRO DE ENSINO ESPECIAL 01;366
20;101;1104;CENTRO EDUCACIONAL 06;308
20;102;1104;CENTRO EDUCACIONAL 06;314
20;103;1104;CENTRO EDUCACIONAL 06;293
20;104;1104;CENTRO EDUCACIONAL 06;311
20;105;1104;CENTRO EDUCACIONAL 06;292
20;106;1104;CENTRO EDUCACIONAL 06;304
20;107;1104;CENTRO EDUCACIONAL 06;313
20;108;1104;CENTRO EDUCACIONAL 06;296
20;109;1104;CENTRO EDUCACIONAL 06;299
20;110;1104;CENTRO EDUCACIONAL 06;309
20;111;1104;CENTRO EDUCACIONAL 06;310
20;112;1104;CENTRO EDUCACIONAL 06;273
20;113;1112;ESCOLA CLASSE 43;364
20;114;1112;ESCOLA CLASSE 43;363
20;115;1112;ESCOLA CLASSE 43;366
20;116;1112;ESCOLA CLASSE 43;362
20;117;1112;ESCOLA CLASSE 43;365
20;118;1112;ESCOLA CLASSE 43;366
20;119;1112;ESCOLA CLASSE 43;363
20;120;1112;ESCOLA CLASSE 43;362
20;121;1112;ESCOLA CLASSE 43;364
20;122;1112;ESCOLA CLASSE 43;363
20;123;1120;ESCOLA CLASSE 46;361
20;124;1120;ESCOLA CLASSE 46;365
20;125;1120;ESCOLA CLASSE 46;367
20;126;1120;ESCOLA CLASSE 46;361
20;127;1120;ESCOLA CLASSE 46;369
20;128;1120;ESCOLA CLASSE 46;363
20;129;1120;ESCOLA CLASSE 46;360
20;130;1120;ESCOLA CLASSE 46;367
20;131;1139;ESCOLA CLASSE 47;345
20;132;1139;ESCOLA CLASSE 47;348
20;133;1139;ESCOLA CLASSE 47;346
20;134;1139;ESCOLA CLASSE 47;348
20;135;1139;ESCOLA CLASSE 47;349
20;136;1139;ESCOLA CLASSE 47;348
20;137;1139;ESCOLA CLASSE 47;351
20;138;1139;ESCOLA CLASSE 47;352
20;139;1139;ESCOLA CLASSE 47;349
20;140;1139;ESCOLA CLASSE 47;348
20;141;1139;ESCOLA CLASSE 47;348
20;142;1139;ESCOLA CLASSE 47;347
20;143;1139;ESCOLA CLASSE 47;345
20;144;1147;ESCOLA CLASSE 50;373
20;145;1147;ESCOLA CLASSE 50;371
20;146;1147;ESCOLA CLASSE 50;374
20;147;1147;ESCOLA CLASSE 50;374
20;148;1147;ESCOLA CLASSE 50;373
20;149;1147;ESCOLA CLASSE 50;374
20;150;1147;ESCOLA CLASSE 50;375
20;151;1147;ESCOLA CLASSE 50;369
20;152;1147;ESCOLA CLASSE 50;374
20;153;1147;ESCOLA CLASSE 50;376
20;154;1147;ESCOLA CLASSE 50;368
20;155;1147;ESCOLA CLASSE 50;373
20;156;1155;ESCOLA CLASSE 48;272
20;157;1155;ESCOLA CLASSE 48;275
20;158;1155;ESCOLA CLASSE 48;274
20;159;1155;ESCOLA CLASSE 48;274
20;160;1155;ESCOLA CLASSE 48;269
20;161;1155;ESCOLA CLASSE 48;274
20;162;1155;ESCOLA CLASSE 48;272
20;163;1155;ESCOLA CLASSE 48;273
20;164;1155;ESCOLA CLASSE 48;268
20;165;1155;ESCOLA CLASSE 48;273
20;166;1155;ESCOLA CLASSE 48;271
20;167;1155;ESCOLA CLASSE 48;272
20;168;1163;CENTRO DE ENSINO FUNDAMENTAL 14;384
20;169;1163;CENTRO DE ENSINO FUNDAMENTAL 14;379
20;170;1163;CENTRO DE ENSINO FUNDAMENTAL 14;384
20;171;1163;CENTRO DE ENSINO FUNDAMENTAL 14;383
20;172;1163;CENTRO DE ENSINO FUNDAMENTAL 14;385
20;173;1163;CENTRO DE ENSINO FUNDAMENTAL 14;386
20;174;1163;CENTRO DE ENSINO FUNDAMENTAL 14;386
20;175;1163;CENTRO DE ENSINO FUNDAMENTAL 14;385
20;176;1163;CENTRO DE ENSINO FUNDAMENTAL 14;386
20;177;1163;CENTRO DE ENSINO FUNDAMENTAL 14;381
20;178;1163;CENTRO DE ENSINO FUNDAMENTAL 14;383
20;179;1163;CENTRO DE ENSINO FUNDAMENTAL 14;383
20;180;1163;CENTRO DE ENSINO FUNDAMENTAL 14;378
20;181;1171;CENTRO DE ENSINO FUNDAMENTAL 13;358
20;182;1171;CENTRO DE ENSINO FUNDAMENTAL 13;338
20;183;1171;CENTRO DE ENSINO FUNDAMENTAL 13;360
20;184;1171;CENTRO DE ENSINO FUNDAMENTAL 13;358
20;185;1171;CENTRO DE ENSINO FUNDAMENTAL 13;356
20;186;1171;CENTRO DE ENSINO FUNDAMENTAL 13;344
20;187;1171;CENTRO DE ENSINO FUNDAMENTAL 13;359
20;188;1171;CENTRO DE ENSINO FUNDAMENTAL 13;359
20;189;1171;CENTRO DE ENSINO FUNDAMENTAL 13;353
20;190;1171;CENTRO DE ENSINO FUNDAMENTAL 13;350
20;191;1074;CENTRO DE ENSINO FUNDAMENTAL 18;355
20;192;1163;CENTRO DE ENSINO FUNDAMENTAL 14;381
20;193;1139;ESCOLA CLASSE 47;349
20;194;1171;CENTRO DE ENSINO FUNDAMENTAL 13;340
20;195;1112;ESCOLA CLASSE 43;362
20;196;1104;CENTRO EDUCACIONAL 06;287
20;197;1058;ESCOLA CLASSE 25;335
20;198;1015;ESCOLA CLASSE 52;363
20;199;1066;CENTRO DE ENSINO FUNDAMENTAL 11;382
20;200;1082;CENTRO DE ENSINO FUNDAMENTAL 33 (ANTIGA E.C. 44);387
20;201;1104;CENTRO EDUCACIONAL 06;266
20;202;1155;ESCOLA CLASSE 48;272
20;203;1171;CENTRO DE ENSINO FUNDAMENTAL 13;353
20;204;1015;ESCOLA CLASSE 52;362
20;205;1112;ESCOLA CLASSE 43;359
20;206;1074;CENTRO DE ENSINO FUNDAMENTAL 18;358
20;207;1104;CENTRO EDUCACIONAL 06;277
20;208;1066;CENTRO DE ENSINO FUNDAMENTAL 11;383
20;209;1198;CENTRO DE ENSINO FUNDAMENTAL 32 (ANTIGA E.C. 67);386
20;210;1104;CENTRO EDUCACIONAL 06;272
20;211;1015;ESCOLA CLASSE 52;366
20;212;1198;CENTRO DE ENSINO FUNDAMENTAL 32 (ANTIGA E.C. 67);388
20;213;1171;CENTRO DE ENSINO FUNDAMENTAL 13;347
20;214;1074;CENTRO DE ENSINO FUNDAMENTAL 18;359
20;215;1112;ESCOLA CLASSE 43;363
20;216;1198;CENTRO DE ENSINO FUNDAMENTAL 32 (ANTIGA E.C. 67);384
20;217;1031;CENTRO DE ENSINO FUNDAMENTAL 19;317
20;218;1171;CENTRO DE ENSINO FUNDAMENTAL 13;334
20;219;1198;CENTRO DE ENSINO FUNDAMENTAL 32 (ANTIGA E.C. 67);384
20;220;1104;CENTRO EDUCACIONAL 06;273
20;221;1066;CENTRO DE ENSINO FUNDAMENTAL 11;384
20;222;1155;ESCOLA CLASSE 48;277
20;223;1074;CENTRO DE ENSINO FUNDAMENTAL 18;360
20;224;1074;CENTRO DE ENSINO FUNDAMENTAL 18;362
20;225;1066;CENTRO DE ENSINO FUNDAMENTAL 11;390
20;226;1198;CENTRO DE ENSINO FUNDAMENTAL 32 (ANTIGA E.C. 67);385
20;227;1015;ESCOLA CLASSE 52;361
20;228;1210;ESCOLA CLASSE JUSCELINO KUBITSCHEK;404
20;229;1163;CENTRO DE ENSINO FUNDAMENTAL 14;386
20;230;1120;ESCOLA CLASSE 46;368
20;231;1210;ESCOLA CLASSE JUSCELINO KUBITSCHEK;199
21;1;1015;ESCOLA CLASSE 501 DE SAMAMBAIA;231
21;2;1015;ESCOLA CLASSE 501 DE SAMAMBAIA;226
21;3;1015;ESCOLA CLASSE 501 DE SAMAMBAIA;225
21;4;1015;ESCOLA CLASSE 501 DE SAMAMBAIA;227
21;5;1015;ESCOLA CLASSE 501 DE SAMAMBAIA;223
21;6;1015;ESCOLA CLASSE 501 DE SAMAMBAIA;229
21;7;1015;ESCOLA CLASSE 501 DE SAMAMBAIA;226
21;8;1015;ESCOLA CLASSE 501 DE SAMAMBAIA;234
21;9;1015;ESCOLA CLASSE 501 DE SAMAMBAIA;230
21;10;1015;ESCOLA CLASSE 501 DE SAMAMBAIA;228
21;11;1015;ESCOLA CLASSE 501 DE SAMAMBAIA;220
21;12;1023;CENTRO DE ENSINO FUNDAMENTAL 405 DO RECANTO DAS EMAS;391
21;13;1023;CENTRO DE ENSINO FUNDAMENTAL 405 DO RECANTO DAS EMAS;392
21;14;1023;CENTRO DE ENSINO FUNDAMENTAL 405 DO RECANTO DAS EMAS;387
21;15;1023;CENTRO DE ENSINO FUNDAMENTAL 405 DO RECANTO DAS EMAS;391
21;16;1023;CENTRO DE ENSINO FUNDAMENTAL 405 DO RECANTO DAS EMAS;390
21;17;1023;CENTRO DE ENSINO FUNDAMENTAL 405 DO RECANTO DAS EMAS;387
21;18;1023;CENTRO DE ENSINO FUNDAMENTAL 405 DO RECANTO DAS EMAS;391
21;19;1023;CENTRO DE ENSINO FUNDAMENTAL 405 DO RECANTO DAS EMAS;391
21;20;1023;CENTRO DE ENSINO FUNDAMENTAL 405 DO RECANTO DAS EMAS;393
21;21;1023;CENTRO DE ENSINO FUNDAMENTAL 405 DO RECANTO DAS EMAS;391
21;22;1023;CENTRO DE ENSINO FUNDAMENTAL 405 DO RECANTO DAS EMAS;391
21;23;1023;CENTRO DE ENSINO FUNDAMENTAL 405 DO RECANTO DAS EMAS;386
21;24;1031;CENTRO EDUCACIONAL 104 DO RECANTO DAS EMAS;199
21;25;1031;CENTRO EDUCACIONAL 104 DO RECANTO DAS EMAS;196
21;26;1031;CENTRO EDUCACIONAL 104 DO RECANTO DAS EMAS;197
21;27;1031;CENTRO EDUCACIONAL 104 DO RECANTO DAS EMAS;200
21;28;1031;CENTRO EDUCACIONAL 104 DO RECANTO DAS EMAS;199
21;29;1031;CENTRO EDUCACIONAL 104 DO RECANTO DAS EMAS;201
21;30;1031;CENTRO EDUCACIONAL 104 DO RECANTO DAS EMAS;198
21;31;1031;CENTRO EDUCACIONAL 104 DO RECANTO DAS EMAS;200
21;32;1031;CENTRO EDUCACIONAL 104 DO RECANTO DAS EMAS;196
21;33;1031;CENTRO EDUCACIONAL 104 DO RECANTO DAS EMAS;201
21;34;1031;CENTRO EDUCACIONAL 104 DO RECANTO DAS EMAS;199
21;35;1031;CENTRO EDUCACIONAL 104 DO RECANTO DAS EMAS;198
21;36;1031;CENTRO EDUCACIONAL 104 DO RECANTO DAS EMAS;192
21;37;1031;CENTRO EDUCACIONAL 104 DO RECANTO DAS EMAS;195
21;38;1031;CENTRO EDUCACIONAL 104 DO RECANTO DAS EMAS;197
21;39;1031;CENTRO EDUCACIONAL 104 DO RECANTO DAS EMAS;262
21;41;1031;CENTRO EDUCACIONAL 104 DO RECANTO DAS EMAS;295
21;43;1031;CENTRO EDUCACIONAL 104 DO RECANTO DAS EMAS;265
21;45;1031;CENTRO EDUCACIONAL 104 DO RECANTO DAS EMAS;275
21;46;1040;CENTRO DE ENSINO FUNDAMENTAL 306 DO RECANTO DAS EMAS;331
21;47;1040;CENTRO DE ENSINO FUNDAMENTAL 306 DO RECANTO DAS EMAS;333
21;48;1040;CENTRO DE ENSINO FUNDAMENTAL 306 DO RECANTO DAS EMAS;329
21;49;1040;CENTRO DE ENSINO FUNDAMENTAL 306 DO RECANTO DAS EMAS;328
21;50;1040;CENTRO DE ENSINO FUNDAMENTAL 306 DO RECANTO DAS EMAS;330
21;51;1040;CENTRO DE ENSINO FUNDAMENTAL 306 DO RECANTO DAS EMAS;334
21;52;1040;CENTRO DE ENSINO FUNDAMENTAL 306 DO RECANTO DAS EMAS;324
21;53;1040;CENTRO DE ENSINO FUNDAMENTAL 306 DO RECANTO DAS EMAS;331
21;54;1040;CENTRO DE ENSINO FUNDAMENTAL 306 DO RECANTO DAS EMAS;329
21;55;1040;CENTRO DE ENSINO FUNDAMENTAL 306 DO RECANTO DAS EMAS;328
21;56;1040;CENTRO DE ENSINO FUNDAMENTAL 306 DO RECANTO DAS EMAS;328
21;57;1058;CENTRO DE ENSINO FUNDAMENTAL 115 DO RECANTO DAS EMAS;267
21;58;1058;CENTRO DE ENSINO FUNDAMENTAL 115 DO RECANTO DAS EMAS;263
21;59;1058;CENTRO DE ENSINO FUNDAMENTAL 115 DO RECANTO DAS EMAS;263
21;60;1058;CENTRO DE ENSINO FUNDAMENTAL 115 DO RECANTO DAS EMAS;264
21;61;1058;CENTRO DE ENSINO FUNDAMENTAL 115 DO RECANTO DAS EMAS;257
21;62;1058;CENTRO DE ENSINO FUNDAMENTAL 115 DO RECANTO DAS EMAS;265
21;63;1058;CENTRO DE ENSINO FUNDAMENTAL 115 DO RECANTO DAS EMAS;258
21;64;1058;CENTRO DE ENSINO FUNDAMENTAL 115 DO RECANTO DAS EMAS;267
21;65;1058;CENTRO DE ENSINO FUNDAMENTAL 115 DO RECANTO DAS EMAS;263
21;66;1058;CENTRO DE ENSINO FUNDAMENTAL 115 DO RECANTO DAS EMAS;265
21;67;1058;CENTRO DE ENSINO FUNDAMENTAL 115 DO RECANTO DAS EMAS;266
21;68;1058;CENTRO DE ENSINO FUNDAMENTAL 115 DO RECANTO DAS EMAS;264
21;69;1058;CENTRO DE ENSINO FUNDAMENTAL 115 DO RECANTO DAS EMAS;263
21;70;1058;CENTRO DE ENSINO FUNDAMENTAL 115 DO RECANTO DAS EMAS;266
21;71;1058;CENTRO DE ENSINO FUNDAMENTAL 115 DO RECANTO DAS EMAS;265
21;72;1066;ESCOLA CLASSE 317 DE SAMAMBAIA;127
21;73;1066;ESCOLA CLASSE 317 DE SAMAMBAIA;128
21;74;1066;ESCOLA CLASSE 317 DE SAMAMBAIA;131
21;75;1066;ESCOLA CLASSE 317 DE SAMAMBAIA;122
21;76;1066;ESCOLA CLASSE 317 DE SAMAMBAIA;130
21;77;1066;ESCOLA CLASSE 317 DE SAMAMBAIA;125
21;78;1066;ESCOLA CLASSE 317 DE SAMAMBAIA;130
21;79;1066;ESCOLA CLASSE 317 DE SAMAMBAIA;126
21;80;1066;ESCOLA CLASSE 317 DE SAMAMBAIA;123
21;81;1066;ESCOLA CLASSE 317 DE SAMAMBAIA;129
21;82;1066;ESCOLA CLASSE 317 DE SAMAMBAIA;130
21;83;1066;ESCOLA CLASSE 317 DE SAMAMBAIA;124
21;84;1066;ESCOLA CLASSE 317 DE SAMAMBAIA;144
21;85;1074;CENTRO DE ENSINO FUNDAMENTAL 507 DE SAMAMBAIA;195
21;86;1074;CENTRO DE ENSINO FUNDAMENTAL 507 DE SAMAMBAIA;202
21;87;1074;CENTRO DE ENSINO FUNDAMENTAL 507 DE SAMAMBAIA;202
21;88;1074;CENTRO DE ENSINO FUNDAMENTAL 507 DE SAMAMBAIA;198
21;89;1074;CENTRO DE ENSINO FUNDAMENTAL 507 DE SAMAMBAIA;192
21;90;1074;CENTRO DE ENSINO FUNDAMENTAL 507 DE SAMAMBAIA;202
21;91;1074;CENTRO DE ENSINO FUNDAMENTAL 507 DE SAMAMBAIA;193
21;92;1074;CENTRO DE ENSINO FUNDAMENTAL 507 DE SAMAMBAIA;197
21;93;1074;CENTRO DE ENSINO FUNDAMENTAL 507 DE SAMAMBAIA;201
21;94;1074;CENTRO DE ENSINO FUNDAMENTAL 507 DE SAMAMBAIA;201
21;95;1074;CENTRO DE ENSINO FUNDAMENTAL 507 DE SAMAMBAIA;195
21;96;1074;CENTRO DE ENSINO FUNDAMENTAL 507 DE SAMAMBAIA;202
21;97;1074;CENTRO DE ENSINO FUNDAMENTAL 507 DE SAMAMBAIA;200
21;98;1082;CENTRO DE ENSINO FUNDAMENTAL 504 DE SAMAMBAIA;390
21;99;1082;CENTRO DE ENSINO FUNDAMENTAL 504 DE SAMAMBAIA;392
21;100;1082;CENTRO DE ENSINO FUNDAMENTAL 504 DE SAMAMBAIA;384
21;101;1082;CENTRO DE ENSINO FUNDAMENTAL 504 DE SAMAMBAIA;390
21;102;1082;CENTRO DE ENSINO FUNDAMENTAL 504 DE SAMAMBAIA;384
21;103;1082;CENTRO DE ENSINO FUNDAMENTAL 504 DE SAMAMBAIA;391
21;104;1082;CENTRO DE ENSINO FUNDAMENTAL 504 DE SAMAMBAIA;392
21;105;1082;CENTRO DE ENSINO FUNDAMENTAL 504 DE SAMAMBAIA;389
21;106;1082;CENTRO DE ENSINO FUNDAMENTAL 504 DE SAMAMBAIA;392
21;107;1082;CENTRO DE ENSINO FUNDAMENTAL 504 DE SAMAMBAIA;396
21;108;1082;CENTRO DE ENSINO FUNDAMENTAL 504 DE SAMAMBAIA;396
21;109;1082;CENTRO DE ENSINO FUNDAMENTAL 504 DE SAMAMBAIA;393
21;110;1082;CENTRO DE ENSINO FUNDAMENTAL 504 DE SAMAMBAIA;390
21;111;1082;CENTRO DE ENSINO FUNDAMENTAL 504 DE SAMAMBAIA;385
21;112;1090;ESCOLA CLASSE 803 DO RECANTO DAS EMAS;287
21;113;1090;ESCOLA CLASSE 803 DO RECANTO DAS EMAS;293
21;114;1090;ESCOLA CLASSE 803 DO RECANTO DAS EMAS;289
21;115;1090;ESCOLA CLASSE 803 DO RECANTO DAS EMAS;296
21;116;1090;ESCOLA CLASSE 803 DO RECANTO DAS EMAS;287
21;117;1090;ESCOLA CLASSE 803 DO RECANTO DAS EMAS;293
21;118;1090;ESCOLA CLASSE 803 DO RECANTO DAS EMAS;295
21;119;1090;ESCOLA CLASSE 803 DO RECANTO DAS EMAS;297
21;120;1090;ESCOLA CLASSE 803 DO RECANTO DAS EMAS;293
21;121;1090;ESCOLA CLASSE 803 DO RECANTO DAS EMAS;290
21;122;1104;CENTRO EDUCACIONAL 308 DO RECANTO DAS EMAS;337
21;123;1104;CENTRO EDUCACIONAL 308 DO RECANTO DAS EMAS;346
21;124;1104;CENTRO EDUCACIONAL 308 DO RECANTO DAS EMAS;339
21;125;1104;CENTRO EDUCACIONAL 308 DO RECANTO DAS EMAS;333
21;126;1112;CENTRO DE ENSINO MÉDIO 111 DO RECANTO DAS EMAS;356
21;127;1112;CENTRO DE ENSINO MÉDIO 111 DO RECANTO DAS EMAS;359
21;128;1112;CENTRO DE ENSINO MÉDIO 111 DO RECANTO DAS EMAS;360
21;129;1112;CENTRO DE ENSINO MÉDIO 111 DO RECANTO DAS EMAS;360
21;130;1120;ESCOLA CLASSE 102  DO RECANTO DAS EMAS;383
21;131;1120;ESCOLA CLASSE 102  DO RECANTO DAS EMAS;383
21;132;1120;ESCOLA CLASSE 102  DO RECANTO DAS EMAS;384
21;133;1120;ESCOLA CLASSE 102  DO RECANTO DAS EMAS;378
21;134;1120;ESCOLA CLASSE 102  DO RECANTO DAS EMAS;388
21;135;1120;ESCOLA CLASSE 102  DO RECANTO DAS EMAS;384
21;136;1120;ESCOLA CLASSE 102  DO RECANTO DAS EMAS;385
21;137;1120;ESCOLA CLASSE 102  DO RECANTO DAS EMAS;377
21;138;1139;ESCOLA CLASSE 510 DO RECANTO DAS EMAS / CENTRO DE ENSINO FUNDAMENT 511;343
21;139;1139;ESCOLA CLASSE 510 DO RECANTO DAS EMAS / CENTRO DE ENSINO FUNDAMENT 511;347
21;140;1139;ESCOLA CLASSE 510 DO RECANTO DAS EMAS / CENTRO DE ENSINO FUNDAMENT 511;343
21;141;1147;CENTRO DE ENSINO FUNDAMENTAL 301 DO RECANTO DAS EMAS;369
21;142;1147;CENTRO DE ENSINO FUNDAMENTAL 301 DO RECANTO DAS EMAS;372
21;143;1147;CENTRO DE ENSINO FUNDAMENTAL 301 DO RECANTO DAS EMAS;371
21;144;1147;CENTRO DE ENSINO FUNDAMENTAL 301 DO RECANTO DAS EMAS;369
21;145;1155;ESCOLA CLASSE 401 DO RECANTO DAS EMAS;351
21;146;1155;ESCOLA CLASSE 401 DO RECANTO DAS EMAS;356
21;147;1155;ESCOLA CLASSE 401 DO RECANTO DAS EMAS;354
21;148;1155;ESCOLA CLASSE 401 DO RECANTO DAS EMAS;354
21;149;1155;ESCOLA CLASSE 401 DO RECANTO DAS EMAS;353
21;150;1155;ESCOLA CLASSE 401 DO RECANTO DAS EMAS;354
21;151;1155;ESCOLA CLASSE 401 DO RECANTO DAS EMAS;354
21;152;1163;ESCOLA CLASSE 510 DE SAMAMBAIA;258
21;153;1163;ESCOLA CLASSE 510 DE SAMAMBAIA;258
21;154;1163;ESCOLA CLASSE 510 DE SAMAMBAIA;260
21;155;1163;ESCOLA CLASSE 510 DE SAMAMBAIA;258
21;156;1163;ESCOLA CLASSE 510 DE SAMAMBAIA;259
21;157;1163;ESCOLA CLASSE 510 DE SAMAMBAIA;259
21;158;1163;ESCOLA CLASSE 510 DE SAMAMBAIA;259
21;159;1163;ESCOLA CLASSE 510 DE SAMAMBAIA;256
21;160;1163;ESCOLA CLASSE 510 DE SAMAMBAIA;255
21;161;1163;ESCOLA CLASSE 510 DE SAMAMBAIA;255
21;162;1163;ESCOLA CLASSE 510 DE SAMAMBAIA;254
21;163;1171;CENTRO DE ENSINO FUNDAMENTAL 101 DO RECANTO DAS EMAS;390
21;164;1171;CENTRO DE ENSINO FUNDAMENTAL 101 DO RECANTO DAS EMAS;390
21;165;1171;CENTRO DE ENSINO FUNDAMENTAL 101 DO RECANTO DAS EMAS;385
21;166;1171;CENTRO DE ENSINO FUNDAMENTAL 101 DO RECANTO DAS EMAS;386
21;167;1171;CENTRO DE ENSINO FUNDAMENTAL 101 DO RECANTO DAS EMAS;395
21;168;1171;CENTRO DE ENSINO FUNDAMENTAL 101 DO RECANTO DAS EMAS;390
21;169;1171;CENTRO DE ENSINO FUNDAMENTAL 101 DO RECANTO DAS EMAS;390
21;170;1171;CENTRO DE ENSINO FUNDAMENTAL 101 DO RECANTO DAS EMAS;389
21;171;1171;CENTRO DE ENSINO FUNDAMENTAL 101 DO RECANTO DAS EMAS;390
21;172;1171;CENTRO DE ENSINO FUNDAMENTAL 101 DO RECANTO DAS EMAS;384
21;173;1171;CENTRO DE ENSINO FUNDAMENTAL 101 DO RECANTO DAS EMAS;388
21;174;1171;CENTRO DE ENSINO FUNDAMENTAL 101 DO RECANTO DAS EMAS;389
21;175;1171;CENTRO DE ENSINO FUNDAMENTAL 101 DO RECANTO DAS EMAS;391
21;176;1171;CENTRO DE ENSINO FUNDAMENTAL 101 DO RECANTO DAS EMAS;392
21;177;1180;CENTRO DE ENSINO FUNDAMENTAL 106 DO RECANTO DAS EMAS;392
21;178;1180;CENTRO DE ENSINO FUNDAMENTAL 106 DO RECANTO DAS EMAS;382
21;179;1180;CENTRO DE ENSINO FUNDAMENTAL 106 DO RECANTO DAS EMAS;390
21;180;1180;CENTRO DE ENSINO FUNDAMENTAL 106 DO RECANTO DAS EMAS;385
21;181;1180;CENTRO DE ENSINO FUNDAMENTAL 106 DO RECANTO DAS EMAS;384
21;182;1180;CENTRO DE ENSINO FUNDAMENTAL 106 DO RECANTO DAS EMAS;385
21;183;1180;CENTRO DE ENSINO FUNDAMENTAL 106 DO RECANTO DAS EMAS;389
21;184;1180;CENTRO DE ENSINO FUNDAMENTAL 106 DO RECANTO DAS EMAS;389
21;185;1180;CENTRO DE ENSINO FUNDAMENTAL 106 DO RECANTO DAS EMAS;387
21;186;1180;CENTRO DE ENSINO FUNDAMENTAL 106 DO RECANTO DAS EMAS;385
21;187;1180;CENTRO DE ENSINO FUNDAMENTAL 106 DO RECANTO DAS EMAS;385
21;188;1180;CENTRO DE ENSINO FUNDAMENTAL 106 DO RECANTO DAS EMAS;388
21;189;1198;CENTRO DE ENSINO FUNDAMENTAL 519 DE SAMAMBAIA;371
21;190;1198;CENTRO DE ENSINO FUNDAMENTAL 519 DE SAMAMBAIA;371
21;191;1155;ESCOLA CLASSE 401 DO RECANTO DAS EMAS;353
21;193;1210;CENTRO DE ENSINO MÉDIO 804 DO RECANTO DAS EMAS;389
21;194;1201;ESCOLA CLASSE 512 DE SAMAMBAIA;369
21;195;1228;CENTRO DE ENSINO FUNDAMENTAL 206 DO RECANTO DAS EMAS;341
21;196;1090;ESCOLA CLASSE 803 DO RECANTO DAS EMAS;289
21;197;1147;CENTRO DE ENSINO FUNDAMENTAL 301 DO RECANTO DAS EMAS;368
21;198;1198;CENTRO DE ENSINO FUNDAMENTAL 519 DE SAMAMBAIA;371
21;199;1139;ESCOLA CLASSE 510 DO RECANTO DAS EMAS / CENTRO DE ENSINO FUNDAMENT 511;339
21;200;1147;CENTRO DE ENSINO FUNDAMENTAL 301 DO RECANTO DAS EMAS;366
21;201;1112;CENTRO DE ENSINO MÉDIO 111 DO RECANTO DAS EMAS;357
21;202;1228;CENTRO DE ENSINO FUNDAMENTAL 206 DO RECANTO DAS EMAS;341
21;203;1210;CENTRO DE ENSINO MÉDIO 804 DO RECANTO DAS EMAS;390
21;204;1228;CENTRO DE ENSINO FUNDAMENTAL 206 DO RECANTO DAS EMAS;337
21;205;1155;ESCOLA CLASSE 401 DO RECANTO DAS EMAS;355
21;206;1210;CENTRO DE ENSINO MÉDIO 804 DO RECANTO DAS EMAS;388
21;207;1201;ESCOLA CLASSE 512 DE SAMAMBAIA;375
21;208;1082;CENTRO DE ENSINO FUNDAMENTAL 504 DE SAMAMBAIA;393
21;209;1228;CENTRO DE ENSINO FUNDAMENTAL 206 DO RECANTO DAS EMAS;340
21;210;1112;CENTRO DE ENSINO MÉDIO 111 DO RECANTO DAS EMAS;361
21;211;1090;ESCOLA CLASSE 803 DO RECANTO DAS EMAS;294
21;212;1228;CENTRO DE ENSINO FUNDAMENTAL 206 DO RECANTO DAS EMAS;344
21;213;1147;CENTRO DE ENSINO FUNDAMENTAL 301 DO RECANTO DAS EMAS;367
21;214;1104;CENTRO EDUCACIONAL 308 DO RECANTO DAS EMAS;342
21;215;1210;CENTRO DE ENSINO MÉDIO 804 DO RECANTO DAS EMAS;386
21;216;1228;CENTRO DE ENSINO FUNDAMENTAL 206 DO RECANTO DAS EMAS;341
21;217;1139;ESCOLA CLASSE 510 DO RECANTO DAS EMAS / CENTRO DE ENSINO FUNDAMENT 511;345
21;218;1155;ESCOLA CLASSE 401 DO RECANTO DAS EMAS;356
21;219;1015;ESCOLA CLASSE 501 DE SAMAMBAIA;228
21;220;1112;CENTRO DE ENSINO MÉDIO 111 DO RECANTO DAS EMAS;363
21;221;1228;CENTRO DE ENSINO FUNDAMENTAL 206 DO RECANTO DAS EMAS;346
21;222;1090;ESCOLA CLASSE 803 DO RECANTO DAS EMAS;294
21;223;1210;CENTRO DE ENSINO MÉDIO 804 DO RECANTO DAS EMAS;386
21;224;1201;ESCOLA CLASSE 512 DE SAMAMBAIA;368
21;225;1228;CENTRO DE ENSINO FUNDAMENTAL 206 DO RECANTO DAS EMAS;345
21;226;1147;CENTRO DE ENSINO FUNDAMENTAL 301 DO RECANTO DAS EMAS;367
21;227;1155;ESCOLA CLASSE 401 DO RECANTO DAS EMAS;361
21;228;1228;CENTRO DE ENSINO FUNDAMENTAL 206 DO RECANTO DAS EMAS;345
21;230;1112;CENTRO DE ENSINO MÉDIO 111 DO RECANTO DAS EMAS;364
21;231;1210;CENTRO DE ENSINO MÉDIO 804 DO RECANTO DAS EMAS;390
21;232;1104;CENTRO EDUCACIONAL 308 DO RECANTO DAS EMAS;341
21;233;1228;CENTRO DE ENSINO FUNDAMENTAL 206 DO RECANTO DAS EMAS;343
21;234;1198;CENTRO DE ENSINO FUNDAMENTAL 519 DE SAMAMBAIA;371
21;235;1015;ESCOLA CLASSE 501 DE SAMAMBAIA;229
21;236;1139;ESCOLA CLASSE 510 DO RECANTO DAS EMAS / CENTRO DE ENSINO FUNDAMENT 511;339
21;237;1090;ESCOLA CLASSE 803 DO RECANTO DAS EMAS;288
21;238;1210;CENTRO DE ENSINO MÉDIO 804 DO RECANTO DAS EMAS;383
21;239;1228;CENTRO DE ENSINO FUNDAMENTAL 206 DO RECANTO DAS EMAS;344
21;240;1155;ESCOLA CLASSE 401 DO RECANTO DAS EMAS;355
21;241;1180;CENTRO DE ENSINO FUNDAMENTAL 106 DO RECANTO DAS EMAS;380
21;242;1201;ESCOLA CLASSE 512 DE SAMAMBAIA;372
21;243;1112;CENTRO DE ENSINO MÉDIO 111 DO RECANTO DAS EMAS;358
21;244;1147;CENTRO DE ENSINO FUNDAMENTAL 301 DO RECANTO DAS EMAS;366
21;245;1228;CENTRO DE ENSINO FUNDAMENTAL 206 DO RECANTO DAS EMAS;339
21;246;1244;ESCOLA CLASSE 511 DE SAMAMBAIA;334
21;247;1210;CENTRO DE ENSINO MÉDIO 804 DO RECANTO DAS EMAS;386
21;248;1228;CENTRO DE ENSINO FUNDAMENTAL 206 DO RECANTO DAS EMAS;338
21;249;1104;CENTRO EDUCACIONAL 308 DO RECANTO DAS EMAS;339
21;250;1210;CENTRO DE ENSINO MÉDIO 804 DO RECANTO DAS EMAS;393
21;251;1228;CENTRO DE ENSINO FUNDAMENTAL 206 DO RECANTO DAS EMAS;341
21;252;1112;CENTRO DE ENSINO MÉDIO 111 DO RECANTO DAS EMAS;364
21;253;1201;ESCOLA CLASSE 512 DE SAMAMBAIA;371
21;254;1228;CENTRO DE ENSINO FUNDAMENTAL 206 DO RECANTO DAS EMAS;339
21;255;1244;ESCOLA CLASSE 511 DE SAMAMBAIA;331
21;256;1139;ESCOLA CLASSE 510 DO RECANTO DAS EMAS / CENTRO DE ENSINO FUNDAMENT 511;345
21;257;1210;CENTRO DE ENSINO MÉDIO 804 DO RECANTO DAS EMAS;384
21;258;1155;ESCOLA CLASSE 401 DO RECANTO DAS EMAS;360
21;259;1147;CENTRO DE ENSINO FUNDAMENTAL 301 DO RECANTO DAS EMAS;371
21;260;1090;ESCOLA CLASSE 803 DO RECANTO DAS EMAS;291
21;261;1228;CENTRO DE ENSINO FUNDAMENTAL 206 DO RECANTO DAS EMAS;348
21;262;1252;ESCOLA CLASSE 404 DO RECANTO DAS EMAS;337
21;263;1260;CENTRO DE ENSINO FUNDAMENTAL 113 DO RECANTO DAS EMAS;388
21;264;1309;ESCOLA CLASSE 203 / REGIONAL DE ENSINO - RECANTO DAS EMAS;320
21;265;1201;ESCOLA CLASSE 512 DE SAMAMBAIA;374
21;266;1104;CENTRO EDUCACIONAL 308 DO RECANTO DAS EMAS;345
21;267;1244;ESCOLA CLASSE 511 DE SAMAMBAIA;335
21;268;1112;CENTRO DE ENSINO MÉDIO 111 DO RECANTO DAS EMAS;366
21;269;1210;CENTRO DE ENSINO MÉDIO 804 DO RECANTO DAS EMAS;391
21;270;1252;ESCOLA CLASSE 404 DO RECANTO DAS EMAS;333
21;271;1201;ESCOLA CLASSE 512 DE SAMAMBAIA;373
21;272;1260;CENTRO DE ENSINO FUNDAMENTAL 113 DO RECANTO DAS EMAS;388
21;273;1090;ESCOLA CLASSE 803 DO RECANTO DAS EMAS;298
21;274;1147;CENTRO DE ENSINO FUNDAMENTAL 301 DO RECANTO DAS EMAS;373
21;275;1244;ESCOLA CLASSE 511 DE SAMAMBAIA;332
21;276;1201;ESCOLA CLASSE 512 DE SAMAMBAIA;376
21;277;1309;ESCOLA CLASSE 203 / REGIONAL DE ENSINO - RECANTO DAS EMAS;326
21;278;1210;CENTRO DE ENSINO MÉDIO 804 DO RECANTO DAS EMAS;387
21;279;1252;ESCOLA CLASSE 404 DO RECANTO DAS EMAS;337
21;280;1139;ESCOLA CLASSE 510 DO RECANTO DAS EMAS / CENTRO DE ENSINO FUNDAMENT 511;350
21;281;1201;ESCOLA CLASSE 512 DE SAMAMBAIA;373
21;282;1104;CENTRO EDUCACIONAL 308 DO RECANTO DAS EMAS;342
21;283;1260;CENTRO DE ENSINO FUNDAMENTAL 113 DO RECANTO DAS EMAS;391
21;284;1090;ESCOLA CLASSE 803 DO RECANTO DAS EMAS;296
21;285;1210;CENTRO DE ENSINO MÉDIO 804 DO RECANTO DAS EMAS;389
21;286;1244;ESCOLA CLASSE 511 DE SAMAMBAIA;335
21;287;1147;CENTRO DE ENSINO FUNDAMENTAL 301 DO RECANTO DAS EMAS;371
21;288;1201;ESCOLA CLASSE 512 DE SAMAMBAIA;374
21;289;1252;ESCOLA CLASSE 404 DO RECANTO DAS EMAS;337
21;290;1112;CENTRO DE ENSINO MÉDIO 111 DO RECANTO DAS EMAS;363
21;291;1210;CENTRO DE ENSINO MÉDIO 804 DO RECANTO DAS EMAS;391
21;292;1090;ESCOLA CLASSE 803 DO RECANTO DAS EMAS;297
21;293;1309;ESCOLA CLASSE 203 / REGIONAL DE ENSINO - RECANTO DAS EMAS;317
21;294;1201;ESCOLA CLASSE 512 DE SAMAMBAIA;373
21;295;1260;CENTRO DE ENSINO FUNDAMENTAL 113 DO RECANTO DAS EMAS;393
21;296;1139;ESCOLA CLASSE 510 DO RECANTO DAS EMAS / CENTRO DE ENSINO FUNDAMENT 511;350
21;297;1244;ESCOLA CLASSE 511 DE SAMAMBAIA;335
21;298;1210;CENTRO DE ENSINO MÉDIO 804 DO RECANTO DAS EMAS;389
21;299;1252;ESCOLA CLASSE 404 DO RECANTO DAS EMAS;332
21;300;1104;CENTRO EDUCACIONAL 308 DO RECANTO DAS EMAS;334
21;301;1180;CENTRO DE ENSINO FUNDAMENTAL 106 DO RECANTO DAS EMAS;390
21;302;1147;CENTRO DE ENSINO FUNDAMENTAL 301 DO RECANTO DAS EMAS;374
21;303;1090;ESCOLA CLASSE 803 DO RECANTO DAS EMAS;297
21;304;1198;CENTRO DE ENSINO FUNDAMENTAL 519 DE SAMAMBAIA;372
21;305;1309;ESCOLA CLASSE 203 / REGIONAL DE ENSINO - RECANTO DAS EMAS;318
21;306;1210;CENTRO DE ENSINO MÉDIO 804 DO RECANTO DAS EMAS;385
21;307;1201;ESCOLA CLASSE 512 DE SAMAMBAIA;372
21;308;1260;CENTRO DE ENSINO FUNDAMENTAL 113 DO RECANTO DAS EMAS;387
21;309;1244;ESCOLA CLASSE 511 DE SAMAMBAIA;328
21;310;1090;ESCOLA CLASSE 803 DO RECANTO DAS EMAS;292
21;311;1139;ESCOLA CLASSE 510 DO RECANTO DAS EMAS / CENTRO DE ENSINO FUNDAMENT 511;348
21;312;1112;CENTRO DE ENSINO MÉDIO 111 DO RECANTO DAS EMAS;361
21;313;1210;CENTRO DE ENSINO MÉDIO 804 DO RECANTO DAS EMAS;389
21;314;1309;ESCOLA CLASSE 203 / REGIONAL DE ENSINO - RECANTO DAS EMAS;319
21;315;1252;ESCOLA CLASSE 404 DO RECANTO DAS EMAS;332
21;316;1147;CENTRO DE ENSINO FUNDAMENTAL 301 DO RECANTO DAS EMAS;368
21;317;1104;CENTRO EDUCACIONAL 308 DO RECANTO DAS EMAS;338
21;318;1201;ESCOLA CLASSE 512 DE SAMAMBAIA;375
21;319;1260;CENTRO DE ENSINO FUNDAMENTAL 113 DO RECANTO DAS EMAS;384
21;320;1210;CENTRO DE ENSINO MÉDIO 804 DO RECANTO DAS EMAS;383
21;321;1309;ESCOLA CLASSE 203 / REGIONAL DE ENSINO - RECANTO DAS EMAS;323
21;322;1244;ESCOLA CLASSE 511 DE SAMAMBAIA;332
21;323;1210;CENTRO DE ENSINO MÉDIO 804 DO RECANTO DAS EMAS;387
21;324;1252;ESCOLA CLASSE 404 DO RECANTO DAS EMAS;331
21;325;1155;ESCOLA CLASSE 401 DO RECANTO DAS EMAS;357
21;326;1210;CENTRO DE ENSINO MÉDIO 804 DO RECANTO DAS EMAS;383
21;327;1309;ESCOLA CLASSE 203 / REGIONAL DE ENSINO - RECANTO DAS EMAS;316
21;328;1139;ESCOLA CLASSE 510 DO RECANTO DAS EMAS / CENTRO DE ENSINO FUNDAMENT 511;345
21;329;1201;ESCOLA CLASSE 512 DE SAMAMBAIA;372
21;330;1147;CENTRO DE ENSINO FUNDAMENTAL 301 DO RECANTO DAS EMAS;368
21;331;1252;ESCOLA CLASSE 404 DO RECANTO DAS EMAS;328
21;332;1252;ESCOLA CLASSE 404 DO RECANTO DAS EMAS;323
21;333;1309;ESCOLA CLASSE 203 / REGIONAL DE ENSINO - RECANTO DAS EMAS;310
21;334;1252;ESCOLA CLASSE 404 DO RECANTO DAS EMAS;327
21;335;1309;ESCOLA CLASSE 203 / REGIONAL DE ENSINO - RECANTO DAS EMAS;248
21;336;1287;CENTRO DE ENSINO FUNDAMENTAL 602 DO RECANTO DAS EMAS;321
21;337;1295;CENTRO DE ENSINO FUNDAMENTAL 801 DO RECANTO DAS EMAS;333
21;338;1252;ESCOLA CLASSE 404 DO RECANTO DAS EMAS;329
21;339;1260;CENTRO DE ENSINO FUNDAMENTAL 113 DO RECANTO DAS EMAS;381
21;340;1112;CENTRO DE ENSINO MÉDIO 111 DO RECANTO DAS EMAS;365
21;341;1287;CENTRO DE ENSINO FUNDAMENTAL 602 DO RECANTO DAS EMAS;323
21;342;1295;CENTRO DE ENSINO FUNDAMENTAL 801 DO RECANTO DAS EMAS;328
21;343;1295;CENTRO DE ENSINO FUNDAMENTAL 801 DO RECANTO DAS EMAS;339
21;344;1309;ESCOLA CLASSE 203 / REGIONAL DE ENSINO - RECANTO DAS EMAS;212
21;345;1252;ESCOLA CLASSE 404 DO RECANTO DAS EMAS;331
21;346;1104;CENTRO EDUCACIONAL 308 DO RECANTO DAS EMAS;343
21;347;1287;CENTRO DE ENSINO FUNDAMENTAL 602 DO RECANTO DAS EMAS;321
21;348;1104;CENTRO EDUCACIONAL 308 DO RECANTO DAS EMAS;342
21;349;1295;CENTRO DE ENSINO FUNDAMENTAL 801 DO RECANTO DAS EMAS;339
21;350;1244;ESCOLA CLASSE 511 DE SAMAMBAIA;336
21;351;1260;CENTRO DE ENSINO FUNDAMENTAL 113 DO RECANTO DAS EMAS;385
21;352;1112;CENTRO DE ENSINO MÉDIO 111 DO RECANTO DAS EMAS;362
21;353;1139;ESCOLA CLASSE 510 DO RECANTO DAS EMAS / CENTRO DE ENSINO FUNDAMENT 511;339
21;355;1295;CENTRO DE ENSINO FUNDAMENTAL 801 DO RECANTO DAS EMAS;333
21;356;1287;CENTRO DE ENSINO FUNDAMENTAL 602 DO RECANTO DAS EMAS;323
21;357;1198;CENTRO DE ENSINO FUNDAMENTAL 519 DE SAMAMBAIA;375
21;358;1295;CENTRO DE ENSINO FUNDAMENTAL 801 DO RECANTO DAS EMAS;339
21;359;1260;CENTRO DE ENSINO FUNDAMENTAL 113 DO RECANTO DAS EMAS;378
21;360;1287;CENTRO DE ENSINO FUNDAMENTAL 602 DO RECANTO DAS EMAS;326
