zona;cargo;numero;nome_urna;partido;situacao;votos
1;6;1000;PROFESSOR PAULO FERNANDO;REPUBLICANOS;SUPLENTE;736
2;6;1000;PROFESSOR PAULO FERNANDO;REPUBLICANOS;SUPLENTE;652
3;6;1000;PROFESSOR PAULO FERNANDO;REPUBLICANOS;SUPLENTE;600
4;6;1000;PROFESSOR PAULO FERNANDO;REPUBLICANOS;SUPLENTE;547
5;6;1000;PROFESSOR PAULO FERNANDO;REPUBLICANOS;SUPLENTE;771
6;6;1000;PROFESSOR PAULO FERNANDO;REPUBLICANOS;SUPLENTE;1024
8;6;1000;PROFESSOR PAULO FERNANDO;REPUBLICANOS;SUPLENTE;976
9;6;1000;PROFESSOR PAULO FERNANDO;REPUBLICANOS;SUPLENTE;1197
10;6;1000;PROFESSOR PAULO FERNANDO;REPUBLICANOS;SUPLENTE;770
11;6;1000;PROFESSOR PAULO FERNANDO;REPUBLICANOS;SUPLENTE;672
13;6;1000;PROFESSOR PAULO FERNANDO;REPUBLICANOS;SUPLENTE;1155
14;6;1000;PROFESSOR PAULO FERNANDO;REPUBLICANOS;SUPLENTE;926
15;6;1000;PROFESSOR PAULO FERNANDO;REPUBLICANOS;SUPLENTE;1409
16;6;1000;PROFESSOR PAULO FERNANDO;REPUBLICANOS;SUPLENTE;1027
17;6;1000;PROFESSOR PAULO FERNANDO;REPUBLICANOS;SUPLENTE;731
18;6;1000;PROFESSOR PAULO FERNANDO;REPUBLICANOS;SUPLENTE;911
19;6;1000;PROFESSOR PAULO FERNANDO;REPUBLICANOS;SUPLENTE;881
20;6;1000;PROFESSOR PAULO FERNANDO;REPUBLICANOS;SUPLENTE;429
21;6;1000;PROFESSOR PAULO FERNANDO;REPUBLICANOS;SUPLENTE;578
1;6;1010;JULIO CESAR;REPUBLICANOS;ELEITO POR MÉDIA;981
2;6;1010;JULIO CESAR;REPUBLICANOS;ELEITO POR MÉDIA;6332
3;6;1010;JULIO CESAR;REPUBLICANOS;ELEITO POR MÉDIA;2207
4;6;1010;JULIO CESAR;REPUBLICANOS;ELEITO POR MÉDIA;4664
5;6;1010;JULIO CESAR;REPUBLICANOS;ELEITO POR MÉDIA;4198
6;6;1010;JULIO CESAR;REPUBLICANOS;ELEITO POR MÉDIA;5182
8;6;1010;JULIO CESAR;REPUBLICANOS;ELEITO POR MÉDIA;5815
9;6;1010;JULIO CESAR;REPUBLICANOS;ELEITO POR MÉDIA;4210
10;6;1010;JULIO CESAR;REPUBLICANOS;ELEITO POR MÉDIA;4690
11;6;1010;JULIO CESAR;REPUBLICANOS;ELEITO POR MÉDIA;1335
13;6;1010;JULIO CESAR;REPUBLICANOS;ELEITO POR MÉDIA;6597
14;6;1010;JULIO CESAR;REPUBLICANOS;ELEITO POR MÉDIA;1199
15;6;1010;JULIO CESAR;REPUBLICANOS;ELEITO POR MÉDIA;3895
16;6;1010;JULIO CESAR;REPUBLICANOS;ELEITO POR MÉDIA;4769
17;6;1010;JULIO CESAR;REPUBLICANOS;ELEITO POR MÉDIA;4763
18;6;1010;JULIO CESAR;REPUBLICANOS;ELEITO POR MÉDIA;4290
19;6;1010;JULIO CESAR;REPUBLICANOS;ELEITO POR MÉDIA;3101
20;6;1010;JULIO CESAR;REPUBLICANOS;ELEITO POR MÉDIA;3244
21;6;1010;JULIO CESAR;REPUBLICANOS;ELEITO POR MÉDIA;4802
1;6;1011;POLICIAL SILMARA MIRANDA;REPUBLICANOS;SUPLENTE;116
2;6;1011;POLICIAL SILMARA MIRANDA;REPUBLICANOS;SUPLENTE;121
3;6;1011;POLICIAL SILMARA MIRANDA;REPUBLICANOS;SUPLENTE;83
4;6;1011;POLICIAL SILMARA MIRANDA;REPUBLICANOS;SUPLENTE;110
5;6;1011;POLICIAL SILMARA MIRANDA;REPUBLICANOS;SUPLENTE;238
6;6;1011;POLICIAL SILMARA MIRANDA;REPUBLICANOS;SUPLENTE;191
8;6;1011;POLICIAL SILMARA MIRANDA;REPUBLICANOS;SUPLENTE;155
9;6;1011;POLICIAL SILMARA MIRANDA;REPUBLICANOS;SUPLENTE;154
10;6;1011;POLICIAL SILMARA MIRANDA;REPUBLICANOS;SUPLENTE;144
11;6;1011;POLICIAL SILMARA MIRANDA;REPUBLICANOS;SUPLENTE;102
13;6;1011;POLICIAL SILMARA MIRANDA;REPUBLICANOS;SUPLENTE;144
14;6;1011;POLICIAL SILMARA MIRANDA;REPUBLICANOS;SUPLENTE;204
15;6;1011;POLICIAL SILMARA MIRANDA;REPUBLICANOS;SUPLENTE;196
16;6;1011;POLICIAL SILMARA MIRANDA;REPUBLICANOS;SUPLENTE;167
17;6;1011;POLICIAL SILMARA MIRANDA;REPUBLICANOS;SUPLENTE;129
18;6;1011;POLICIAL SILMARA MIRANDA;REPUBLICANOS;SUPLENTE;118
19;6;1011;POLICIAL SILMARA MIRANDA;REPUBLICANOS;SUPLENTE;144
20;6;1011;POLICIAL SILMARA MIRANDA;REPUBLICANOS;SUPLENTE;73
21;6;1011;POLICIAL SILMARA MIRANDA;REPUBLICANOS;SUPLENTE;131
1;6;1015;GILVAN MAXIMO;REPUBLICANOS;SUPLENTE;251
2;6;1015;GILVAN MAXIMO;REPUBLICANOS;SUPLENTE;1052
3;6;1015;GILVAN MAXIMO;REPUBLICANOS;SUPLENTE;733
4;6;1015;GILVAN MAXIMO;REPUBLICANOS;SUPLENTE;2008
5;6;1015;GILVAN MAXIMO;REPUBLICANOS;SUPLENTE;685
6;6;1015;GILVAN MAXIMO;REPUBLICANOS;SUPLENTE;524
8;6;1015;GILVAN MAXIMO;REPUBLICANOS;SUPLENTE;1803
9;6;1015;GILVAN MAXIMO;REPUBLICANOS;SUPLENTE;1161
10;6;1015;GILVAN MAXIMO;REPUBLICANOS;SUPLENTE;1225
11;6;1015;GILVAN MAXIMO;REPUBLICANOS;SUPLENTE;325
13;6;1015;GILVAN MAXIMO;REPUBLICANOS;SUPLENTE;1867
14;6;1015;GILVAN MAXIMO;REPUBLICANOS;SUPLENTE;328
15;6;1015;GILVAN MAXIMO;REPUBLICANOS;SUPLENTE;1343
16;6;1015;GILVAN MAXIMO;REPUBLICANOS;SUPLENTE;1795
17;6;1015;GILVAN MAXIMO;REPUBLICANOS;SUPLENTE;1467
18;6;1015;GILVAN MAXIMO;REPUBLICANOS;SUPLENTE;859
19;6;1015;GILVAN MAXIMO;REPUBLICANOS;SUPLENTE;1332
20;6;1015;GILVAN MAXIMO;REPUBLICANOS;SUPLENTE;751
21;6;1015;GILVAN MAXIMO;REPUBLICANOS;SUPLENTE;1414
1;6;1020;FRED LINHARES;REPUBLICANOS;ELEITO POR QP;1396
2;6;1020;FRED LINHARES;REPUBLICANOS;ELEITO POR QP;8937
3;6;1020;FRED LINHARES;REPUBLICANOS;ELEITO POR QP;5550
4;6;1020;FRED LINHARES;REPUBLICANOS;ELEITO POR QP;13144
5;6;1020;FRED LINHARES;REPUBLICANOS;ELEITO POR QP;7935
6;6;1020;FRED LINHARES;REPUBLICANOS;ELEITO POR QP;10148
8;6;1020;FRED LINHARES;REPUBLICANOS;ELEITO POR QP;12470
9;6;1020;FRED LINHARES;REPUBLICANOS;ELEITO POR QP;8093
10;6;1020;FRED LINHARES;REPUBLICANOS;ELEITO POR QP;9276
11;6;1020;FRED LINHARES;REPUBLICANOS;ELEITO POR QP;1912
13;6;1020;FRED LINHARES;REPUBLICANOS;ELEITO POR QP;16804
14;6;1020;FRED LINHARES;REPUBLICANOS;ELEITO POR QP;1863
15;6;1020;FRED LINHARES;REPUBLICANOS;ELEITO POR QP;6622
16;6;1020;FRED LINHARES;REPUBLICANOS;ELEITO POR QP;13445
17;6;1020;FRED LINHARES;REPUBLICANOS;ELEITO POR QP;12377
18;6;1020;FRED LINHARES;REPUBLICANOS;ELEITO POR QP;7904
19;6;1020;FRED LINHARES;REPUBLICANOS;ELEITO POR QP;6661
20;6;1020;FRED LINHARES;REPUBLICANOS;ELEITO POR QP;7096
21;6;1020;FRED LINHARES;REPUBLICANOS;ELEITO POR QP;13725
1;6;1022;ELISA ROBSON;REPUBLICANOS;SUPLENTE;147
2;6;1022;ELISA ROBSON;REPUBLICANOS;SUPLENTE;121
3;6;1022;ELISA ROBSON;REPUBLICANOS;SUPLENTE;89
4;6;1022;ELISA ROBSON;REPUBLICANOS;SUPLENTE;128
5;6;1022;ELISA ROBSON;REPUBLICANOS;SUPLENTE;105
6;6;1022;ELISA ROBSON;REPUBLICANOS;SUPLENTE;62
8;6;1022;ELISA ROBSON;REPUBLICANOS;SUPLENTE;138
9;6;1022;ELISA ROBSON;REPUBLICANOS;SUPLENTE;179
10;6;1022;ELISA ROBSON;REPUBLICANOS;SUPLENTE;139
11;6;1022;ELISA ROBSON;REPUBLICANOS;SUPLENTE;89
13;6;1022;ELISA ROBSON;REPUBLICANOS;SUPLENTE;149
14;6;1022;ELISA ROBSON;REPUBLICANOS;SUPLENTE;134
15;6;1022;ELISA ROBSON;REPUBLICANOS;SUPLENTE;221
16;6;1022;ELISA ROBSON;REPUBLICANOS;SUPLENTE;115
17;6;1022;ELISA ROBSON;REPUBLICANOS;SUPLENTE;123
18;6;1022;ELISA ROBSON;REPUBLICANOS;SUPLENTE;164
19;6;1022;ELISA ROBSON;REPUBLICANOS;SUPLENTE;134
20;6;1022;ELISA ROBSON;REPUBLICANOS;SUPLENTE;92
21;6;1022;ELISA ROBSON;REPUBLICANOS;SUPLENTE;93
1;6;1033;COMANDANTE ABOUD;REPUBLICANOS;SUPLENTE;168
2;6;1033;COMANDANTE ABOUD;REPUBLICANOS;SUPLENTE;125
3;6;1033;COMANDANTE ABOUD;REPUBLICANOS;SUPLENTE;119
4;6;1033;COMANDANTE ABOUD;REPUBLICANOS;SUPLENTE;111
5;6;1033;COMANDANTE ABOUD;REPUBLICANOS;SUPLENTE;233
6;6;1033;COMANDANTE ABOUD;REPUBLICANOS;SUPLENTE;197
8;6;1033;COMANDANTE ABOUD;REPUBLICANOS;SUPLENTE;132
9;6;1033;COMANDANTE ABOUD;REPUBLICANOS;SUPLENTE;356
10;6;1033;COMANDANTE ABOUD;REPUBLICANOS;SUPLENTE;250
11;6;1033;COMANDANTE ABOUD;REPUBLICANOS;SUPLENTE;137
13;6;1033;COMANDANTE ABOUD;REPUBLICANOS;SUPLENTE;181
14;6;1033;COMANDANTE ABOUD;REPUBLICANOS;SUPLENTE;154
15;6;1033;COMANDANTE ABOUD;REPUBLICANOS;SUPLENTE;369
16;6;1033;COMANDANTE ABOUD;REPUBLICANOS;SUPLENTE;122
17;6;1033;COMANDANTE ABOUD;REPUBLICANOS;SUPLENTE;147
18;6;1033;COMANDANTE ABOUD;REPUBLICANOS;SUPLENTE;266
19;6;1033;COMANDANTE ABOUD;REPUBLICANOS;SUPLENTE;248
20;6;1033;COMANDANTE ABOUD;REPUBLICANOS;SUPLENTE;95
21;6;1033;COMANDANTE ABOUD;REPUBLICANOS;SUPLENTE;82
1;6;1077;ADILA MARIA;REPUBLICANOS;SUPLENTE;44
2;6;1077;ADILA MARIA;REPUBLICANOS;SUPLENTE;101
3;6;1077;ADILA MARIA;REPUBLICANOS;SUPLENTE;36
4;6;1077;ADILA MARIA;REPUBLICANOS;SUPLENTE;110
5;6;1077;ADILA MARIA;REPUBLICANOS;SUPLENTE;1273
6;6;1077;ADILA MARIA;REPUBLICANOS;SUPLENTE;302
8;6;1077;ADILA MARIA;REPUBLICANOS;SUPLENTE;154
9;6;1077;ADILA MARIA;REPUBLICANOS;SUPLENTE;60
10;6;1077;ADILA MARIA;REPUBLICANOS;SUPLENTE;69
11;6;1077;ADILA MARIA;REPUBLICANOS;SUPLENTE;51
13;6;1077;ADILA MARIA;REPUBLICANOS;SUPLENTE;93
14;6;1077;ADILA MARIA;REPUBLICANOS;SUPLENTE;74
15;6;1077;ADILA MARIA;REPUBLICANOS;SUPLENTE;123
16;6;1077;ADILA MARIA;REPUBLICANOS;SUPLENTE;130
17;6;1077;ADILA MARIA;REPUBLICANOS;SUPLENTE;71
18;6;1077;ADILA MARIA;REPUBLICANOS;SUPLENTE;107
19;6;1077;ADILA MARIA;REPUBLICANOS;SUPLENTE;87
20;6;1077;ADILA MARIA;REPUBLICANOS;SUPLENTE;65
21;6;1077;ADILA MARIA;REPUBLICANOS;SUPLENTE;118
1;6;1099;FABIANO INTÉRPRETE BOLSONARO;REPUBLICANOS;SUPLENTE;266
2;6;1099;FABIANO INTÉRPRETE BOLSONARO;REPUBLICANOS;SUPLENTE;295
3;6;1099;FABIANO INTÉRPRETE BOLSONARO;REPUBLICANOS;SUPLENTE;204
4;6;1099;FABIANO INTÉRPRETE BOLSONARO;REPUBLICANOS;SUPLENTE;395
5;6;1099;FABIANO INTÉRPRETE BOLSONARO;REPUBLICANOS;SUPLENTE;298
6;6;1099;FABIANO INTÉRPRETE BOLSONARO;REPUBLICANOS;SUPLENTE;218
8;6;1099;FABIANO INTÉRPRETE BOLSONARO;REPUBLICANOS;SUPLENTE;362
9;6;1099;FABIANO INTÉRPRETE BOLSONARO;REPUBLICANOS;SUPLENTE;817
10;6;1099;FABIANO INTÉRPRETE BOLSONARO;REPUBLICANOS;SUPLENTE;350
11;6;1099;FABIANO INTÉRPRETE BOLSONARO;REPUBLICANOS;SUPLENTE;428
13;6;1099;FABIANO INTÉRPRETE BOLSONARO;REPUBLICANOS;SUPLENTE;428
14;6;1099;FABIANO INTÉRPRETE BOLSONARO;REPUBLICANOS;SUPLENTE;445
15;6;1099;FABIANO INTÉRPRETE BOLSONARO;REPUBLICANOS;SUPLENTE;794
16;6;1099;FABIANO INTÉRPRETE BOLSONARO;REPUBLICANOS;SUPLENTE;366
17;6;1099;FABIANO INTÉRPRETE BOLSONARO;REPUBLICANOS;SUPLENTE;431
18;6;1099;FABIANO INTÉRPRETE BOLSONARO;REPUBLICANOS;SUPLENTE;200
19;6;1099;FABIANO INTÉRPRETE BOLSONARO;REPUBLICANOS;SUPLENTE;340
20;6;1099;FABIANO INTÉRPRETE BOLSONARO;REPUBLICANOS;SUPLENTE;201
21;6;1099;FABIANO INTÉRPRETE BOLSONARO;REPUBLICANOS;SUPLENTE;252
1;6;1100;MARCOS DOMINGOS DF DE DIREITA;PP;NÃO ELEITO;14
2;6;1100;MARCOS DOMINGOS DF DE DIREITA;PP;NÃO ELEITO;21
3;6;1100;MARCOS DOMINGOS DF DE DIREITA;PP;NÃO ELEITO;81
4;6;1100;MARCOS DOMINGOS DF DE DIREITA;PP;NÃO ELEITO;8
5;6;1100;MARCOS DOMINGOS DF DE DIREITA;PP;NÃO ELEITO;25
6;6;1100;MARCOS DOMINGOS DF DE DIREITA;PP;NÃO ELEITO;19
8;6;1100;MARCOS DOMINGOS DF DE DIREITA;PP;NÃO ELEITO;131
9;6;1100;MARCOS DOMINGOS DF DE DIREITA;PP;NÃO ELEITO;44
10;6;1100;MARCOS DOMINGOS DF DE DIREITA;PP;NÃO ELEITO;84
11;6;1100;MARCOS DOMINGOS DF DE DIREITA;PP;NÃO ELEITO;19
13;6;1100;MARCOS DOMINGOS DF DE DIREITA;PP;NÃO ELEITO;99
14;6;1100;MARCOS DOMINGOS DF DE DIREITA;PP;NÃO ELEITO;26
15;6;1100;MARCOS DOMINGOS DF DE DIREITA;PP;NÃO ELEITO;245
16;6;1100;MARCOS DOMINGOS DF DE DIREITA;PP;NÃO ELEITO;193
17;6;1100;MARCOS DOMINGOS DF DE DIREITA;PP;NÃO ELEITO;24
18;6;1100;MARCOS DOMINGOS DF DE DIREITA;PP;NÃO ELEITO;23
19;6;1100;MARCOS DOMINGOS DF DE DIREITA;PP;NÃO ELEITO;219
20;6;1100;MARCOS DOMINGOS DF DE DIREITA;PP;NÃO ELEITO;43
21;6;1100;MARCOS DOMINGOS DF DE DIREITA;PP;NÃO ELEITO;67
1;6;1110;SAMANTHA MEYER;PP;NÃO ELEITO;172
2;6;1110;SAMANTHA MEYER;PP;NÃO ELEITO;169
3;6;1110;SAMANTHA MEYER;PP;NÃO ELEITO;281
4;6;1110;SAMANTHA MEYER;PP;NÃO ELEITO;384
5;6;1110;SAMANTHA MEYER;PP;NÃO ELEITO;263
6;6;1110;SAMANTHA MEYER;PP;NÃO ELEITO;145
8;6;1110;SAMANTHA MEYER;PP;NÃO ELEITO;540
9;6;1110;SAMANTHA MEYER;PP;NÃO ELEITO;297
10;6;1110;SAMANTHA MEYER;PP;NÃO ELEITO;326
11;6;1110;SAMANTHA MEYER;PP;NÃO ELEITO;186
13;6;1110;SAMANTHA MEYER;PP;NÃO ELEITO;489
14;6;1110;SAMANTHA MEYER;PP;NÃO ELEITO;236
15;6;1110;SAMANTHA MEYER;PP;NÃO ELEITO;451
16;6;1110;SAMANTHA MEYER;PP;NÃO ELEITO;420
17;6;1110;SAMANTHA MEYER;PP;NÃO ELEITO;624
18;6;1110;SAMANTHA MEYER;PP;NÃO ELEITO;496
19;6;1110;SAMANTHA MEYER;PP;NÃO ELEITO;281
20;6;1110;SAMANTHA MEYER;PP;NÃO ELEITO;231
21;6;1110;SAMANTHA MEYER;PP;NÃO ELEITO;271
1;6;1111;RONEY NEMER;PP;NÃO ELEITO;705
2;6;1111;RONEY NEMER;PP;NÃO ELEITO;1112
3;6;1111;RONEY NEMER;PP;NÃO ELEITO;1281
4;6;1111;RONEY NEMER;PP;NÃO ELEITO;1942
5;6;1111;RONEY NEMER;PP;NÃO ELEITO;1840
6;6;1111;RONEY NEMER;PP;NÃO ELEITO;2336
8;6;1111;RONEY NEMER;PP;NÃO ELEITO;1877
9;6;1111;RONEY NEMER;PP;NÃO ELEITO;2545
10;6;1111;RONEY NEMER;PP;NÃO ELEITO;3678
11;6;1111;RONEY NEMER;PP;NÃO ELEITO;863
13;6;1111;RONEY NEMER;PP;NÃO ELEITO;3373
14;6;1111;RONEY NEMER;PP;NÃO ELEITO;917
15;6;1111;RONEY NEMER;PP;NÃO ELEITO;2422
16;6;1111;RONEY NEMER;PP;NÃO ELEITO;2267
17;6;1111;RONEY NEMER;PP;NÃO ELEITO;2194
18;6;1111;RONEY NEMER;PP;NÃO ELEITO;2100
19;6;1111;RONEY NEMER;PP;NÃO ELEITO;1769
20;6;1111;RONEY NEMER;PP;NÃO ELEITO;1259
21;6;1111;RONEY NEMER;PP;NÃO ELEITO;11671
1;6;1122;RONALDO FONSECA;PP;NÃO ELEITO;143
2;6;1122;RONALDO FONSECA;PP;NÃO ELEITO;648
3;6;1122;RONALDO FONSECA;PP;NÃO ELEITO;773
4;6;1122;RONALDO FONSECA;PP;NÃO ELEITO;363
5;6;1122;RONALDO FONSECA;PP;NÃO ELEITO;446
6;6;1122;RONALDO FONSECA;PP;NÃO ELEITO;478
8;6;1122;RONALDO FONSECA;PP;NÃO ELEITO;1265
9;6;1122;RONALDO FONSECA;PP;NÃO ELEITO;618
10;6;1122;RONALDO FONSECA;PP;NÃO ELEITO;643
11;6;1122;RONALDO FONSECA;PP;NÃO ELEITO;163
13;6;1122;RONALDO FONSECA;PP;NÃO ELEITO;1295
14;6;1122;RONALDO FONSECA;PP;NÃO ELEITO;175
15;6;1122;RONALDO FONSECA;PP;NÃO ELEITO;1242
16;6;1122;RONALDO FONSECA;PP;NÃO ELEITO;1503
17;6;1122;RONALDO FONSECA;PP;NÃO ELEITO;464
18;6;1122;RONALDO FONSECA;PP;NÃO ELEITO;345
19;6;1122;RONALDO FONSECA;PP;NÃO ELEITO;1629
20;6;1122;RONALDO FONSECA;PP;NÃO ELEITO;761
21;6;1122;RONALDO FONSECA;PP;NÃO ELEITO;733
1;6;1123;PROFESSORA CELY MUNIZ;PP;NÃO ELEITO;10
2;6;1123;PROFESSORA CELY MUNIZ;PP;NÃO ELEITO;15
3;6;1123;PROFESSORA CELY MUNIZ;PP;NÃO ELEITO;29
4;6;1123;PROFESSORA CELY MUNIZ;PP;NÃO ELEITO;29
5;6;1123;PROFESSORA CELY MUNIZ;PP;NÃO ELEITO;27
6;6;1123;PROFESSORA CELY MUNIZ;PP;NÃO ELEITO;59
8;6;1123;PROFESSORA CELY MUNIZ;PP;NÃO ELEITO;64
9;6;1123;PROFESSORA CELY MUNIZ;PP;NÃO ELEITO;52
10;6;1123;PROFESSORA CELY MUNIZ;PP;NÃO ELEITO;54
11;6;1123;PROFESSORA CELY MUNIZ;PP;NÃO ELEITO;9
13;6;1123;PROFESSORA CELY MUNIZ;PP;NÃO ELEITO;39
14;6;1123;PROFESSORA CELY MUNIZ;PP;NÃO ELEITO;3
15;6;1123;PROFESSORA CELY MUNIZ;PP;NÃO ELEITO;36
16;6;1123;PROFESSORA CELY MUNIZ;PP;NÃO ELEITO;72
17;6;1123;PROFESSORA CELY MUNIZ;PP;NÃO ELEITO;24
18;6;1123;PROFESSORA CELY MUNIZ;PP;NÃO ELEITO;17
19;6;1123;PROFESSORA CELY MUNIZ;PP;NÃO ELEITO;30
20;6;1123;PROFESSORA CELY MUNIZ;PP;NÃO ELEITO;113
21;6;1123;PROFESSORA CELY MUNIZ;PP;NÃO ELEITO;34
1;6;1144;WILL GODOY;PP;NÃO ELEITO;52
2;6;1144;WILL GODOY;PP;NÃO ELEITO;70
3;6;1144;WILL GODOY;PP;NÃO ELEITO;246
4;6;1144;WILL GODOY;PP;NÃO ELEITO;117
5;6;1144;WILL GODOY;PP;NÃO ELEITO;151
6;6;1144;WILL GODOY;PP;NÃO ELEITO;90
8;6;1144;WILL GODOY;PP;NÃO ELEITO;277
9;6;1144;WILL GODOY;PP;NÃO ELEITO;132
10;6;1144;WILL GODOY;PP;NÃO ELEITO;97
11;6;1144;WILL GODOY;PP;NÃO ELEITO;43
13;6;1144;WILL GODOY;PP;NÃO ELEITO;316
14;6;1144;WILL GODOY;PP;NÃO ELEITO;42
15;6;1144;WILL GODOY;PP;NÃO ELEITO;264
16;6;1144;WILL GODOY;PP;NÃO ELEITO;369
17;6;1144;WILL GODOY;PP;NÃO ELEITO;159
18;6;1144;WILL GODOY;PP;NÃO ELEITO;81
19;6;1144;WILL GODOY;PP;NÃO ELEITO;275
20;6;1144;WILL GODOY;PP;NÃO ELEITO;181
21;6;1144;WILL GODOY;PP;NÃO ELEITO;106
1;6;1155;ROGERIO ROSSO;PP;NÃO ELEITO;496
2;6;1155;ROGERIO ROSSO;PP;NÃO ELEITO;439
3;6;1155;ROGERIO ROSSO;PP;NÃO ELEITO;767
4;6;1155;ROGERIO ROSSO;PP;NÃO ELEITO;255
5;6;1155;ROGERIO ROSSO;PP;NÃO ELEITO;927
6;6;1155;ROGERIO ROSSO;PP;NÃO ELEITO;396
8;6;1155;ROGERIO ROSSO;PP;NÃO ELEITO;1609
9;6;1155;ROGERIO ROSSO;PP;NÃO ELEITO;713
10;6;1155;ROGERIO ROSSO;PP;NÃO ELEITO;597
11;6;1155;ROGERIO ROSSO;PP;NÃO ELEITO;634
13;6;1155;ROGERIO ROSSO;PP;NÃO ELEITO;815
14;6;1155;ROGERIO ROSSO;PP;NÃO ELEITO;506
15;6;1155;ROGERIO ROSSO;PP;NÃO ELEITO;1600
16;6;1155;ROGERIO ROSSO;PP;NÃO ELEITO;1276
17;6;1155;ROGERIO ROSSO;PP;NÃO ELEITO;458
18;6;1155;ROGERIO ROSSO;PP;NÃO ELEITO;624
19;6;1155;ROGERIO ROSSO;PP;NÃO ELEITO;1110
20;6;1155;ROGERIO ROSSO;PP;NÃO ELEITO;595
21;6;1155;ROGERIO ROSSO;PP;NÃO ELEITO;393
1;6;1161;CARINA SALES;PP;NÃO ELEITO;20
2;6;1161;CARINA SALES;PP;NÃO ELEITO;150
3;6;1161;CARINA SALES;PP;NÃO ELEITO;19
4;6;1161;CARINA SALES;PP;NÃO ELEITO;9
5;6;1161;CARINA SALES;PP;NÃO ELEITO;198
6;6;1161;CARINA SALES;PP;NÃO ELEITO;60
8;6;1161;CARINA SALES;PP;NÃO ELEITO;67
9;6;1161;CARINA SALES;PP;NÃO ELEITO;53
10;6;1161;CARINA SALES;PP;NÃO ELEITO;58
11;6;1161;CARINA SALES;PP;NÃO ELEITO;31
13;6;1161;CARINA SALES;PP;NÃO ELEITO;22
14;6;1161;CARINA SALES;PP;NÃO ELEITO;46
15;6;1161;CARINA SALES;PP;NÃO ELEITO;24
16;6;1161;CARINA SALES;PP;NÃO ELEITO;38
17;6;1161;CARINA SALES;PP;NÃO ELEITO;17
18;6;1161;CARINA SALES;PP;NÃO ELEITO;28
19;6;1161;CARINA SALES;PP;NÃO ELEITO;21
20;6;1161;CARINA SALES;PP;NÃO ELEITO;21
21;6;1161;CARINA SALES;PP;NÃO ELEITO;10
1;6;1177;JOSÉ GOMES;PP;NÃO ELEITO;117
2;6;1177;JOSÉ GOMES;PP;NÃO ELEITO;1169
3;6;1177;JOSÉ GOMES;PP;NÃO ELEITO;758
4;6;1177;JOSÉ GOMES;PP;NÃO ELEITO;1234
5;6;1177;JOSÉ GOMES;PP;NÃO ELEITO;1262
6;6;1177;JOSÉ GOMES;PP;NÃO ELEITO;3500
8;6;1177;JOSÉ GOMES;PP;NÃO ELEITO;2132
9;6;1177;JOSÉ GOMES;PP;NÃO ELEITO;1676
10;6;1177;JOSÉ GOMES;PP;NÃO ELEITO;1861
11;6;1177;JOSÉ GOMES;PP;NÃO ELEITO;158
13;6;1177;JOSÉ GOMES;PP;NÃO ELEITO;2373
14;6;1177;JOSÉ GOMES;PP;NÃO ELEITO;186
15;6;1177;JOSÉ GOMES;PP;NÃO ELEITO;698
16;6;1177;JOSÉ GOMES;PP;NÃO ELEITO;4364
17;6;1177;JOSÉ GOMES;PP;NÃO ELEITO;1169
18;6;1177;JOSÉ GOMES;PP;NÃO ELEITO;1051
19;6;1177;JOSÉ GOMES;PP;NÃO ELEITO;751
20;6;1177;JOSÉ GOMES;PP;NÃO ELEITO;978
21;6;1177;JOSÉ GOMES;PP;NÃO ELEITO;3091
1;6;1200;MARLENE DO POVÃO;PDT;NÃO ELEITO;13
2;6;1200;MARLENE DO POVÃO;PDT;NÃO ELEITO;17
3;6;1200;MARLENE DO POVÃO;PDT;NÃO ELEITO;24
4;6;1200;MARLENE DO POVÃO;PDT;NÃO ELEITO;19
5;6;1200;MARLENE DO POVÃO;PDT;NÃO ELEITO;11
6;6;1200;MARLENE DO POVÃO;PDT;NÃO ELEITO;10
8;6;1200;MARLENE DO POVÃO;PDT;NÃO ELEITO;19
9;6;1200;MARLENE DO POVÃO;PDT;NÃO ELEITO;18
10;6;1200;MARLENE DO POVÃO;PDT;NÃO ELEITO;22
11;6;1200;MARLENE DO POVÃO;PDT;NÃO ELEITO;8
13;6;1200;MARLENE DO POVÃO;PDT;NÃO ELEITO;168
14;6;1200;MARLENE DO POVÃO;PDT;NÃO ELEITO;16
15;6;1200;MARLENE DO POVÃO;PDT;NÃO ELEITO;19
16;6;1200;MARLENE DO POVÃO;PDT;NÃO ELEITO;24
17;6;1200;MARLENE DO POVÃO;PDT;NÃO ELEITO;21
18;6;1200;MARLENE DO POVÃO;PDT;NÃO ELEITO;15
19;6;1200;MARLENE DO POVÃO;PDT;NÃO ELEITO;19
20;6;1200;MARLENE DO POVÃO;PDT;NÃO ELEITO;11
21;6;1200;MARLENE DO POVÃO;PDT;NÃO ELEITO;45
1;6;1207;TÂNIA COÊLHO;PDT;NÃO ELEITO;16
2;6;1207;TÂNIA COÊLHO;PDT;NÃO ELEITO;8
3;6;1207;TÂNIA COÊLHO;PDT;NÃO ELEITO;19
4;6;1207;TÂNIA COÊLHO;PDT;NÃO ELEITO;12
5;6;1207;TÂNIA COÊLHO;PDT;NÃO ELEITO;8
6;6;1207;TÂNIA COÊLHO;PDT;NÃO ELEITO;7
8;6;1207;TÂNIA COÊLHO;PDT;NÃO ELEITO;12
9;6;1207;TÂNIA COÊLHO;PDT;NÃO ELEITO;117
10;6;1207;TÂNIA COÊLHO;PDT;NÃO ELEITO;37
11;6;1207;TÂNIA COÊLHO;PDT;NÃO ELEITO;5
13;6;1207;TÂNIA COÊLHO;PDT;NÃO ELEITO;23
14;6;1207;TÂNIA COÊLHO;PDT;NÃO ELEITO;14
15;6;1207;TÂNIA COÊLHO;PDT;NÃO ELEITO;26
16;6;1207;TÂNIA COÊLHO;PDT;NÃO ELEITO;21
17;6;1207;TÂNIA COÊLHO;PDT;NÃO ELEITO;32
18;6;1207;TÂNIA COÊLHO;PDT;NÃO ELEITO;9
19;6;1207;TÂNIA COÊLHO;PDT;NÃO ELEITO;13
20;6;1207;TÂNIA COÊLHO;PDT;NÃO ELEITO;13
21;6;1207;TÂNIA COÊLHO;PDT;NÃO ELEITO;27
1;6;1211;VANDER LOPES;PDT;NÃO ELEITO;5
2;6;1211;VANDER LOPES;PDT;NÃO ELEITO;435
3;6;1211;VANDER LOPES;PDT;NÃO ELEITO;2
4;6;1211;VANDER LOPES;PDT;NÃO ELEITO;12
5;6;1211;VANDER LOPES;PDT;NÃO ELEITO;19
6;6;1211;VANDER LOPES;PDT;NÃO ELEITO;18
8;6;1211;VANDER LOPES;PDT;NÃO ELEITO;8
9;6;1211;VANDER LOPES;PDT;NÃO ELEITO;7
10;6;1211;VANDER LOPES;PDT;NÃO ELEITO;14
11;6;1211;VANDER LOPES;PDT;NÃO ELEITO;5
13;6;1211;VANDER LOPES;PDT;NÃO ELEITO;21
14;6;1211;VANDER LOPES;PDT;NÃO ELEITO;4
15;6;1211;VANDER LOPES;PDT;NÃO ELEITO;7
16;6;1211;VANDER LOPES;PDT;NÃO ELEITO;6
17;6;1211;VANDER LOPES;PDT;NÃO ELEITO;17
18;6;1211;VANDER LOPES;PDT;NÃO ELEITO;16
19;6;1211;VANDER LOPES;PDT;NÃO ELEITO;5
20;6;1211;VANDER LOPES;PDT;NÃO ELEITO;9
21;6;1211;VANDER LOPES;PDT;NÃO ELEITO;9
1;6;1212;BETO CEARÁ;PDT;NÃO ELEITO;16
2;6;1212;BETO CEARÁ;PDT;NÃO ELEITO;21
3;6;1212;BETO CEARÁ;PDT;NÃO ELEITO;28
4;6;1212;BETO CEARÁ;PDT;NÃO ELEITO;30
5;6;1212;BETO CEARÁ;PDT;NÃO ELEITO;21
6;6;1212;BETO CEARÁ;PDT;NÃO ELEITO;47
8;6;1212;BETO CEARÁ;PDT;NÃO ELEITO;89
9;6;1212;BETO CEARÁ;PDT;NÃO ELEITO;29
10;6;1212;BETO CEARÁ;PDT;NÃO ELEITO;43
11;6;1212;BETO CEARÁ;PDT;NÃO ELEITO;25
13;6;1212;BETO CEARÁ;PDT;NÃO ELEITO;68
14;6;1212;BETO CEARÁ;PDT;NÃO ELEITO;28
15;6;1212;BETO CEARÁ;PDT;NÃO ELEITO;59
16;6;1212;BETO CEARÁ;PDT;NÃO ELEITO;151
17;6;1212;BETO CEARÁ;PDT;NÃO ELEITO;62
18;6;1212;BETO CEARÁ;PDT;NÃO ELEITO;34
19;6;1212;BETO CEARÁ;PDT;NÃO ELEITO;54
20;6;1212;BETO CEARÁ;PDT;NÃO ELEITO;29
21;6;1212;BETO CEARÁ;PDT;NÃO ELEITO;29
1;6;1221;CARLOS PENNA;PDT;NÃO ELEITO;72
2;6;1221;CARLOS PENNA;PDT;NÃO ELEITO;45
3;6;1221;CARLOS PENNA;PDT;NÃO ELEITO;22
4;6;1221;CARLOS PENNA;PDT;NÃO ELEITO;22
5;6;1221;CARLOS PENNA;PDT;NÃO ELEITO;44
6;6;1221;CARLOS PENNA;PDT;NÃO ELEITO;29
8;6;1221;CARLOS PENNA;PDT;NÃO ELEITO;28
9;6;1221;CARLOS PENNA;PDT;NÃO ELEITO;48
10;6;1221;CARLOS PENNA;PDT;NÃO ELEITO;27
11;6;1221;CARLOS PENNA;PDT;NÃO ELEITO;55
13;6;1221;CARLOS PENNA;PDT;NÃO ELEITO;50
14;6;1221;CARLOS PENNA;PDT;NÃO ELEITO;84
15;6;1221;CARLOS PENNA;PDT;NÃO ELEITO;71
16;6;1221;CARLOS PENNA;PDT;NÃO ELEITO;27
17;6;1221;CARLOS PENNA;PDT;NÃO ELEITO;30
18;6;1221;CARLOS PENNA;PDT;NÃO ELEITO;104
19;6;1221;CARLOS PENNA;PDT;NÃO ELEITO;16
20;6;1221;CARLOS PENNA;PDT;NÃO ELEITO;16
21;6;1221;CARLOS PENNA;PDT;NÃO ELEITO;32
1;6;1222;EUCLIDES ASSUNÇÃO;PDT;NÃO ELEITO;10
2;6;1222;EUCLIDES ASSUNÇÃO;PDT;NÃO ELEITO;16
3;6;1222;EUCLIDES ASSUNÇÃO;PDT;NÃO ELEITO;21
4;6;1222;EUCLIDES ASSUNÇÃO;PDT;NÃO ELEITO;21
5;6;1222;EUCLIDES ASSUNÇÃO;PDT;NÃO ELEITO;17
6;6;1222;EUCLIDES ASSUNÇÃO;PDT;NÃO ELEITO;23
8;6;1222;EUCLIDES ASSUNÇÃO;PDT;NÃO ELEITO;42
9;6;1222;EUCLIDES ASSUNÇÃO;PDT;NÃO ELEITO;28
10;6;1222;EUCLIDES ASSUNÇÃO;PDT;NÃO ELEITO;16
11;6;1222;EUCLIDES ASSUNÇÃO;PDT;NÃO ELEITO;10
13;6;1222;EUCLIDES ASSUNÇÃO;PDT;NÃO ELEITO;36
14;6;1222;EUCLIDES ASSUNÇÃO;PDT;NÃO ELEITO;14
15;6;1222;EUCLIDES ASSUNÇÃO;PDT;NÃO ELEITO;23
16;6;1222;EUCLIDES ASSUNÇÃO;PDT;NÃO ELEITO;49
17;6;1222;EUCLIDES ASSUNÇÃO;PDT;NÃO ELEITO;67
18;6;1222;EUCLIDES ASSUNÇÃO;PDT;NÃO ELEITO;19
19;6;1222;EUCLIDES ASSUNÇÃO;PDT;NÃO ELEITO;15
20;6;1222;EUCLIDES ASSUNÇÃO;PDT;NÃO ELEITO;14
21;6;1222;EUCLIDES ASSUNÇÃO;PDT;NÃO ELEITO;29
1;6;1223;ROBERTA CAMARGO;PDT;NÃO ELEITO;33
2;6;1223;ROBERTA CAMARGO;PDT;NÃO ELEITO;17
3;6;1223;ROBERTA CAMARGO;PDT;NÃO ELEITO;4
4;6;1223;ROBERTA CAMARGO;PDT;NÃO ELEITO;7
5;6;1223;ROBERTA CAMARGO;PDT;NÃO ELEITO;15
6;6;1223;ROBERTA CAMARGO;PDT;NÃO ELEITO;5
8;6;1223;ROBERTA CAMARGO;PDT;NÃO ELEITO;14
9;6;1223;ROBERTA CAMARGO;PDT;NÃO ELEITO;24
10;6;1223;ROBERTA CAMARGO;PDT;NÃO ELEITO;13
11;6;1223;ROBERTA CAMARGO;PDT;NÃO ELEITO;16
13;6;1223;ROBERTA CAMARGO;PDT;NÃO ELEITO;11
14;6;1223;ROBERTA CAMARGO;PDT;NÃO ELEITO;22
15;6;1223;ROBERTA CAMARGO;PDT;NÃO ELEITO;20
16;6;1223;ROBERTA CAMARGO;PDT;NÃO ELEITO;21
17;6;1223;ROBERTA CAMARGO;PDT;NÃO ELEITO;12
18;6;1223;ROBERTA CAMARGO;PDT;NÃO ELEITO;38
19;6;1223;ROBERTA CAMARGO;PDT;NÃO ELEITO;11
20;6;1223;ROBERTA CAMARGO;PDT;NÃO ELEITO;6
21;6;1223;ROBERTA CAMARGO;PDT;NÃO ELEITO;8
1;6;1234;DENISE FRANCO;PDT;NÃO ELEITO;73
2;6;1234;DENISE FRANCO;PDT;NÃO ELEITO;68
3;6;1234;DENISE FRANCO;PDT;NÃO ELEITO;45
4;6;1234;DENISE FRANCO;PDT;NÃO ELEITO;63
5;6;1234;DENISE FRANCO;PDT;NÃO ELEITO;76
6;6;1234;DENISE FRANCO;PDT;NÃO ELEITO;75
8;6;1234;DENISE FRANCO;PDT;NÃO ELEITO;71
9;6;1234;DENISE FRANCO;PDT;NÃO ELEITO;68
10;6;1234;DENISE FRANCO;PDT;NÃO ELEITO;68
11;6;1234;DENISE FRANCO;PDT;NÃO ELEITO;73
13;6;1234;DENISE FRANCO;PDT;NÃO ELEITO;58
14;6;1234;DENISE FRANCO;PDT;NÃO ELEITO;105
15;6;1234;DENISE FRANCO;PDT;NÃO ELEITO;115
16;6;1234;DENISE FRANCO;PDT;NÃO ELEITO;108
17;6;1234;DENISE FRANCO;PDT;NÃO ELEITO;76
18;6;1234;DENISE FRANCO;PDT;NÃO ELEITO;103
19;6;1234;DENISE FRANCO;PDT;NÃO ELEITO;53
20;6;1234;DENISE FRANCO;PDT;NÃO ELEITO;61
21;6;1234;DENISE FRANCO;PDT;NÃO ELEITO;49
1;6;1277;MAX PANTOJA;PDT;NÃO ELEITO;63
2;6;1277;MAX PANTOJA;PDT;NÃO ELEITO;50
3;6;1277;MAX PANTOJA;PDT;NÃO ELEITO;11
4;6;1277;MAX PANTOJA;PDT;NÃO ELEITO;16
5;6;1277;MAX PANTOJA;PDT;NÃO ELEITO;60
6;6;1277;MAX PANTOJA;PDT;NÃO ELEITO;17
8;6;1277;MAX PANTOJA;PDT;NÃO ELEITO;18
9;6;1277;MAX PANTOJA;PDT;NÃO ELEITO;62
10;6;1277;MAX PANTOJA;PDT;NÃO ELEITO;49
11;6;1277;MAX PANTOJA;PDT;NÃO ELEITO;36
13;6;1277;MAX PANTOJA;PDT;NÃO ELEITO;19
14;6;1277;MAX PANTOJA;PDT;NÃO ELEITO;122
15;6;1277;MAX PANTOJA;PDT;NÃO ELEITO;74
16;6;1277;MAX PANTOJA;PDT;NÃO ELEITO;18
17;6;1277;MAX PANTOJA;PDT;NÃO ELEITO;15
18;6;1277;MAX PANTOJA;PDT;NÃO ELEITO;70
19;6;1277;MAX PANTOJA;PDT;NÃO ELEITO;23
20;6;1277;MAX PANTOJA;PDT;NÃO ELEITO;6
21;6;1277;MAX PANTOJA;PDT;NÃO ELEITO;34
1;6;1313;POLICARPO;PT;SUPLENTE;501
2;6;1313;POLICARPO;PT;SUPLENTE;904
3;6;1313;POLICARPO;PT;SUPLENTE;811
4;6;1313;POLICARPO;PT;SUPLENTE;1392
5;6;1313;POLICARPO;PT;SUPLENTE;1271
6;6;1313;POLICARPO;PT;SUPLENTE;1820
8;6;1313;POLICARPO;PT;SUPLENTE;1351
9;6;1313;POLICARPO;PT;SUPLENTE;2208
10;6;1313;POLICARPO;PT;SUPLENTE;1168
11;6;1313;POLICARPO;PT;SUPLENTE;538
13;6;1313;POLICARPO;PT;SUPLENTE;1130
14;6;1313;POLICARPO;PT;SUPLENTE;737
15;6;1313;POLICARPO;PT;SUPLENTE;1278
16;6;1313;POLICARPO;PT;SUPLENTE;1402
17;6;1313;POLICARPO;PT;SUPLENTE;1614
18;6;1313;POLICARPO;PT;SUPLENTE;1782
19;6;1313;POLICARPO;PT;SUPLENTE;1014
20;6;1313;POLICARPO;PT;SUPLENTE;610
21;6;1313;POLICARPO;PT;SUPLENTE;1077
1;6;1324;VANESSA É O BICHO;PT;SUPLENTE;506
2;6;1324;VANESSA É O BICHO;PT;SUPLENTE;703
3;6;1324;VANESSA É O BICHO;PT;SUPLENTE;304
4;6;1324;VANESSA É O BICHO;PT;SUPLENTE;385
5;6;1324;VANESSA É O BICHO;PT;SUPLENTE;818
6;6;1324;VANESSA É O BICHO;PT;SUPLENTE;382
8;6;1324;VANESSA É O BICHO;PT;SUPLENTE;509
9;6;1324;VANESSA É O BICHO;PT;SUPLENTE;845
10;6;1324;VANESSA É O BICHO;PT;SUPLENTE;555
11;6;1324;VANESSA É O BICHO;PT;SUPLENTE;531
13;6;1324;VANESSA É O BICHO;PT;SUPLENTE;450
14;6;1324;VANESSA É O BICHO;PT;SUPLENTE;934
15;6;1324;VANESSA É O BICHO;PT;SUPLENTE;1184
16;6;1324;VANESSA É O BICHO;PT;SUPLENTE;414
17;6;1324;VANESSA É O BICHO;PT;SUPLENTE;474
18;6;1324;VANESSA É O BICHO;PT;SUPLENTE;581
19;6;1324;VANESSA É O BICHO;PT;SUPLENTE;535
20;6;1324;VANESSA É O BICHO;PT;SUPLENTE;294
21;6;1324;VANESSA É O BICHO;PT;SUPLENTE;412
1;6;1331;ERIKA KOKAY;PT;ELEITO POR QP;7838
2;6;1331;ERIKA KOKAY;PT;ELEITO POR QP;7266
3;6;1331;ERIKA KOKAY;PT;ELEITO POR QP;4335
4;6;1331;ERIKA KOKAY;PT;ELEITO POR QP;4844
5;6;1331;ERIKA KOKAY;PT;ELEITO POR QP;9640
6;6;1331;ERIKA KOKAY;PT;ELEITO POR QP;9041
8;6;1331;ERIKA KOKAY;PT;ELEITO POR QP;6921
9;6;1331;ERIKA KOKAY;PT;ELEITO POR QP;9517
10;6;1331;ERIKA KOKAY;PT;ELEITO POR QP;6932
11;6;1331;ERIKA KOKAY;PT;ELEITO POR QP;7273
13;6;1331;ERIKA KOKAY;PT;ELEITO POR QP;6780
14;6;1331;ERIKA KOKAY;PT;ELEITO POR QP;12419
15;6;1331;ERIKA KOKAY;PT;ELEITO POR QP;12507
16;6;1331;ERIKA KOKAY;PT;ELEITO POR QP;7372
17;6;1331;ERIKA KOKAY;PT;ELEITO POR QP;8763
18;6;1331;ERIKA KOKAY;PT;ELEITO POR QP;8779
19;6;1331;ERIKA KOKAY;PT;ELEITO POR QP;6519
20;6;1331;ERIKA KOKAY;PT;ELEITO POR QP;4369
21;6;1331;ERIKA KOKAY;PT;ELEITO POR QP;4977
1;6;1361;RUTH VENCEREMOS;PT;SUPLENTE;2018
2;6;1361;RUTH VENCEREMOS;PT;SUPLENTE;1673
3;6;1361;RUTH VENCEREMOS;PT;SUPLENTE;880
4;6;1361;RUTH VENCEREMOS;PT;SUPLENTE;874
5;6;1361;RUTH VENCEREMOS;PT;SUPLENTE;1976
6;6;1361;RUTH VENCEREMOS;PT;SUPLENTE;1190
8;6;1361;RUTH VENCEREMOS;PT;SUPLENTE;1346
9;6;1361;RUTH VENCEREMOS;PT;SUPLENTE;2238
10;6;1361;RUTH VENCEREMOS;PT;SUPLENTE;1547
11;6;1361;RUTH VENCEREMOS;PT;SUPLENTE;1570
13;6;1361;RUTH VENCEREMOS;PT;SUPLENTE;1475
14;6;1361;RUTH VENCEREMOS;PT;SUPLENTE;3522
15;6;1361;RUTH VENCEREMOS;PT;SUPLENTE;2921
16;6;1361;RUTH VENCEREMOS;PT;SUPLENTE;1131
17;6;1361;RUTH VENCEREMOS;PT;SUPLENTE;1332
18;6;1361;RUTH VENCEREMOS;PT;SUPLENTE;2342
19;6;1361;RUTH VENCEREMOS;PT;SUPLENTE;1563
20;6;1361;RUTH VENCEREMOS;PT;SUPLENTE;891
21;6;1361;RUTH VENCEREMOS;PT;SUPLENTE;1049
1;6;1400;DIEGO ARRUDA;PTB;NÃO ELEITO;6
2;6;1400;DIEGO ARRUDA;PTB;NÃO ELEITO;72
3;6;1400;DIEGO ARRUDA;PTB;NÃO ELEITO;6
4;6;1400;DIEGO ARRUDA;PTB;NÃO ELEITO;49
5;6;1400;DIEGO ARRUDA;PTB;NÃO ELEITO;12
6;6;1400;DIEGO ARRUDA;PTB;NÃO ELEITO;49
8;6;1400;DIEGO ARRUDA;PTB;NÃO ELEITO;15
9;6;1400;DIEGO ARRUDA;PTB;NÃO ELEITO;13
10;6;1400;DIEGO ARRUDA;PTB;NÃO ELEITO;21
11;6;1400;DIEGO ARRUDA;PTB;NÃO ELEITO;11
13;6;1400;DIEGO ARRUDA;PTB;NÃO ELEITO;17
14;6;1400;DIEGO ARRUDA;PTB;NÃO ELEITO;19
15;6;1400;DIEGO ARRUDA;PTB;NÃO ELEITO;19
16;6;1400;DIEGO ARRUDA;PTB;NÃO ELEITO;20
17;6;1400;DIEGO ARRUDA;PTB;NÃO ELEITO;57
18;6;1400;DIEGO ARRUDA;PTB;NÃO ELEITO;32
19;6;1400;DIEGO ARRUDA;PTB;NÃO ELEITO;11
20;6;1400;DIEGO ARRUDA;PTB;NÃO ELEITO;6
21;6;1400;DIEGO ARRUDA;PTB;NÃO ELEITO;12
1;6;1414;MARCOS MIRANDA;PTB;NÃO ELEITO;6
2;6;1414;MARCOS MIRANDA;PTB;NÃO ELEITO;6
3;6;1414;MARCOS MIRANDA;PTB;NÃO ELEITO;8
4;6;1414;MARCOS MIRANDA;PTB;NÃO ELEITO;11
5;6;1414;MARCOS MIRANDA;PTB;NÃO ELEITO;24
6;6;1414;MARCOS MIRANDA;PTB;NÃO ELEITO;55
8;6;1414;MARCOS MIRANDA;PTB;NÃO ELEITO;7
9;6;1414;MARCOS MIRANDA;PTB;NÃO ELEITO;7
10;6;1414;MARCOS MIRANDA;PTB;NÃO ELEITO;6
11;6;1414;MARCOS MIRANDA;PTB;NÃO ELEITO;10
13;6;1414;MARCOS MIRANDA;PTB;NÃO ELEITO;11
14;6;1414;MARCOS MIRANDA;PTB;NÃO ELEITO;2
15;6;1414;MARCOS MIRANDA;PTB;NÃO ELEITO;6
16;6;1414;MARCOS MIRANDA;PTB;NÃO ELEITO;16
17;6;1414;MARCOS MIRANDA;PTB;NÃO ELEITO;14
18;6;1414;MARCOS MIRANDA;PTB;NÃO ELEITO;8
19;6;1414;MARCOS MIRANDA;PTB;NÃO ELEITO;4
20;6;1414;MARCOS MIRANDA;PTB;NÃO ELEITO;5
21;6;1414;MARCOS MIRANDA;PTB;NÃO ELEITO;17
1;6;1422;IVONE LUZARDO;PTB;NÃO ELEITO;46
2;6;1422;IVONE LUZARDO;PTB;NÃO ELEITO;25
3;6;1422;IVONE LUZARDO;PTB;NÃO ELEITO;20
4;6;1422;IVONE LUZARDO;PTB;NÃO ELEITO;159
5;6;1422;IVONE LUZARDO;PTB;NÃO ELEITO;35
6;6;1422;IVONE LUZARDO;PTB;NÃO ELEITO;34
8;6;1422;IVONE LUZARDO;PTB;NÃO ELEITO;35
9;6;1422;IVONE LUZARDO;PTB;NÃO ELEITO;68
10;6;1422;IVONE LUZARDO;PTB;NÃO ELEITO;43
11;6;1422;IVONE LUZARDO;PTB;NÃO ELEITO;95
13;6;1422;IVONE LUZARDO;PTB;NÃO ELEITO;26
14;6;1422;IVONE LUZARDO;PTB;NÃO ELEITO;69
15;6;1422;IVONE LUZARDO;PTB;NÃO ELEITO;94
16;6;1422;IVONE LUZARDO;PTB;NÃO ELEITO;37
17;6;1422;IVONE LUZARDO;PTB;NÃO ELEITO;41
18;6;1422;IVONE LUZARDO;PTB;NÃO ELEITO;44
19;6;1422;IVONE LUZARDO;PTB;NÃO ELEITO;24
20;6;1422;IVONE LUZARDO;PTB;NÃO ELEITO;17
21;6;1422;IVONE LUZARDO;PTB;NÃO ELEITO;31
1;6;1440;PASTORA NOEME;PTB;NÃO ELEITO;2
2;6;1440;PASTORA NOEME;PTB;NÃO ELEITO;5
3;6;1440;PASTORA NOEME;PTB;NÃO ELEITO;8
4;6;1440;PASTORA NOEME;PTB;NÃO ELEITO;4
5;6;1440;PASTORA NOEME;PTB;NÃO ELEITO;4
6;6;1440;PASTORA NOEME;PTB;NÃO ELEITO;28
8;6;1440;PASTORA NOEME;PTB;NÃO ELEITO;14
9;6;1440;PASTORA NOEME;PTB;NÃO ELEITO;7
10;6;1440;PASTORA NOEME;PTB;NÃO ELEITO;7
11;6;1440;PASTORA NOEME;PTB;NÃO ELEITO;3
13;6;1440;PASTORA NOEME;PTB;NÃO ELEITO;19
14;6;1440;PASTORA NOEME;PTB;NÃO ELEITO;5
15;6;1440;PASTORA NOEME;PTB;NÃO ELEITO;113
16;6;1440;PASTORA NOEME;PTB;NÃO ELEITO;30
17;6;1440;PASTORA NOEME;PTB;NÃO ELEITO;9
18;6;1440;PASTORA NOEME;PTB;NÃO ELEITO;12
19;6;1440;PASTORA NOEME;PTB;NÃO ELEITO;20
20;6;1440;PASTORA NOEME;PTB;NÃO ELEITO;10
21;6;1440;PASTORA NOEME;PTB;NÃO ELEITO;6
1;6;1441;IRACEMA DURÃO;PTB;NÃO ELEITO;7
2;6;1441;IRACEMA DURÃO;PTB;NÃO ELEITO;3
3;6;1441;IRACEMA DURÃO;PTB;NÃO ELEITO;5
4;6;1441;IRACEMA DURÃO;PTB;NÃO ELEITO;7
5;6;1441;IRACEMA DURÃO;PTB;NÃO ELEITO;11
6;6;1441;IRACEMA DURÃO;PTB;NÃO ELEITO;4
8;6;1441;IRACEMA DURÃO;PTB;NÃO ELEITO;10
9;6;1441;IRACEMA DURÃO;PTB;NÃO ELEITO;37
10;6;1441;IRACEMA DURÃO;PTB;NÃO ELEITO;17
11;6;1441;IRACEMA DURÃO;PTB;NÃO ELEITO;4
13;6;1441;IRACEMA DURÃO;PTB;NÃO ELEITO;17
14;6;1441;IRACEMA DURÃO;PTB;NÃO ELEITO;5
15;6;1441;IRACEMA DURÃO;PTB;NÃO ELEITO;32
16;6;1441;IRACEMA DURÃO;PTB;NÃO ELEITO;8
17;6;1441;IRACEMA DURÃO;PTB;NÃO ELEITO;5
18;6;1441;IRACEMA DURÃO;PTB;NÃO ELEITO;7
19;6;1441;IRACEMA DURÃO;PTB;NÃO ELEITO;24
20;6;1441;IRACEMA DURÃO;PTB;NÃO ELEITO;5
21;6;1441;IRACEMA DURÃO;PTB;NÃO ELEITO;3
1;6;1454;PAUL KARSTEN  O DR DAS ARMAS;PTB;NÃO ELEITO;13
2;6;1454;PAUL KARSTEN  O DR DAS ARMAS;PTB;NÃO ELEITO;25
3;6;1454;PAUL KARSTEN  O DR DAS ARMAS;PTB;NÃO ELEITO;10
4;6;1454;PAUL KARSTEN  O DR DAS ARMAS;PTB;NÃO ELEITO;16
5;6;1454;PAUL KARSTEN  O DR DAS ARMAS;PTB;NÃO ELEITO;31
6;6;1454;PAUL KARSTEN  O DR DAS ARMAS;PTB;NÃO ELEITO;43
8;6;1454;PAUL KARSTEN  O DR DAS ARMAS;PTB;NÃO ELEITO;23
9;6;1454;PAUL KARSTEN  O DR DAS ARMAS;PTB;NÃO ELEITO;49
10;6;1454;PAUL KARSTEN  O DR DAS ARMAS;PTB;NÃO ELEITO;12
11;6;1454;PAUL KARSTEN  O DR DAS ARMAS;PTB;NÃO ELEITO;14
13;6;1454;PAUL KARSTEN  O DR DAS ARMAS;PTB;NÃO ELEITO;16
14;6;1454;PAUL KARSTEN  O DR DAS ARMAS;PTB;NÃO ELEITO;24
15;6;1454;PAUL KARSTEN  O DR DAS ARMAS;PTB;NÃO ELEITO;24
16;6;1454;PAUL KARSTEN  O DR DAS ARMAS;PTB;NÃO ELEITO;9
17;6;1454;PAUL KARSTEN  O DR DAS ARMAS;PTB;NÃO ELEITO;14
18;6;1454;PAUL KARSTEN  O DR DAS ARMAS;PTB;NÃO ELEITO;19
19;6;1454;PAUL KARSTEN  O DR DAS ARMAS;PTB;NÃO ELEITO;17
20;6;1454;PAUL KARSTEN  O DR DAS ARMAS;PTB;NÃO ELEITO;7
21;6;1454;PAUL KARSTEN  O DR DAS ARMAS;PTB;NÃO ELEITO;8
1;6;1456;ODISSÉIA FORÇA BRASIL;PTB;NÃO ELEITO;1
2;6;1456;ODISSÉIA FORÇA BRASIL;PTB;NÃO ELEITO;3
3;6;1456;ODISSÉIA FORÇA BRASIL;PTB;NÃO ELEITO;1
4;6;1456;ODISSÉIA FORÇA BRASIL;PTB;NÃO ELEITO;5
5;6;1456;ODISSÉIA FORÇA BRASIL;PTB;NÃO ELEITO;4
6;6;1456;ODISSÉIA FORÇA BRASIL;PTB;NÃO ELEITO;2
8;6;1456;ODISSÉIA FORÇA BRASIL;PTB;NÃO ELEITO;7
9;6;1456;ODISSÉIA FORÇA BRASIL;PTB;NÃO ELEITO;3
10;6;1456;ODISSÉIA FORÇA BRASIL;PTB;NÃO ELEITO;7
11;6;1456;ODISSÉIA FORÇA BRASIL;PTB;NÃO ELEITO;1
13;6;1456;ODISSÉIA FORÇA BRASIL;PTB;NÃO ELEITO;6
14;6;1456;ODISSÉIA FORÇA BRASIL;PTB;NÃO ELEITO;4
15;6;1456;ODISSÉIA FORÇA BRASIL;PTB;NÃO ELEITO;12
16;6;1456;ODISSÉIA FORÇA BRASIL;PTB;NÃO ELEITO;4
17;6;1456;ODISSÉIA FORÇA BRASIL;PTB;NÃO ELEITO;2
18;6;1456;ODISSÉIA FORÇA BRASIL;PTB;NÃO ELEITO;3
19;6;1456;ODISSÉIA FORÇA BRASIL;PTB;NÃO ELEITO;8
20;6;1456;ODISSÉIA FORÇA BRASIL;PTB;NÃO ELEITO;3
21;6;1456;ODISSÉIA FORÇA BRASIL;PTB;NÃO ELEITO;3
1;6;1477;PAULO BOMBEIRO;PTB;NÃO ELEITO;17
2;6;1477;PAULO BOMBEIRO;PTB;NÃO ELEITO;10
3;6;1477;PAULO BOMBEIRO;PTB;NÃO ELEITO;60
4;6;1477;PAULO BOMBEIRO;PTB;NÃO ELEITO;9
5;6;1477;PAULO BOMBEIRO;PTB;NÃO ELEITO;11
6;6;1477;PAULO BOMBEIRO;PTB;NÃO ELEITO;20
8;6;1477;PAULO BOMBEIRO;PTB;NÃO ELEITO;44
9;6;1477;PAULO BOMBEIRO;PTB;NÃO ELEITO;100
10;6;1477;PAULO BOMBEIRO;PTB;NÃO ELEITO;50
11;6;1477;PAULO BOMBEIRO;PTB;NÃO ELEITO;19
13;6;1477;PAULO BOMBEIRO;PTB;NÃO ELEITO;92
14;6;1477;PAULO BOMBEIRO;PTB;NÃO ELEITO;11
15;6;1477;PAULO BOMBEIRO;PTB;NÃO ELEITO;103
16;6;1477;PAULO BOMBEIRO;PTB;NÃO ELEITO;91
17;6;1477;PAULO BOMBEIRO;PTB;NÃO ELEITO;15
18;6;1477;PAULO BOMBEIRO;PTB;NÃO ELEITO;19
19;6;1477;PAULO BOMBEIRO;PTB;NÃO ELEITO;119
20;6;1477;PAULO BOMBEIRO;PTB;NÃO ELEITO;20
21;6;1477;PAULO BOMBEIRO;PTB;NÃO ELEITO;55
1;6;1498;JOSE MACIEL;PTB;NÃO ELEITO;14
2;6;1498;JOSE MACIEL;PTB;NÃO ELEITO;13
3;6;1498;JOSE MACIEL;PTB;NÃO ELEITO;17
4;6;1498;JOSE MACIEL;PTB;NÃO ELEITO;10
5;6;1498;JOSE MACIEL;PTB;NÃO ELEITO;14
6;6;1498;JOSE MACIEL;PTB;NÃO ELEITO;3
8;6;1498;JOSE MACIEL;PTB;NÃO ELEITO;14
9;6;1498;JOSE MACIEL;PTB;NÃO ELEITO;14
10;6;1498;JOSE MACIEL;PTB;NÃO ELEITO;2
11;6;1498;JOSE MACIEL;PTB;NÃO ELEITO;13
13;6;1498;JOSE MACIEL;PTB;NÃO ELEITO;24
14;6;1498;JOSE MACIEL;PTB;NÃO ELEITO;14
15;6;1498;JOSE MACIEL;PTB;NÃO ELEITO;30
16;6;1498;JOSE MACIEL;PTB;NÃO ELEITO;13
17;6;1498;JOSE MACIEL;PTB;NÃO ELEITO;11
18;6;1498;JOSE MACIEL;PTB;NÃO ELEITO;78
19;6;1498;JOSE MACIEL;PTB;NÃO ELEITO;13
20;6;1498;JOSE MACIEL;PTB;NÃO ELEITO;11
21;6;1498;JOSE MACIEL;PTB;NÃO ELEITO;3
1;6;1500;AMANDA RAMALHO;MDB;SUPLENTE;24
2;6;1500;AMANDA RAMALHO;MDB;SUPLENTE;37
3;6;1500;AMANDA RAMALHO;MDB;SUPLENTE;43
4;6;1500;AMANDA RAMALHO;MDB;SUPLENTE;42
5;6;1500;AMANDA RAMALHO;MDB;SUPLENTE;41
6;6;1500;AMANDA RAMALHO;MDB;SUPLENTE;41
8;6;1500;AMANDA RAMALHO;MDB;SUPLENTE;89
9;6;1500;AMANDA RAMALHO;MDB;SUPLENTE;68
10;6;1500;AMANDA RAMALHO;MDB;SUPLENTE;54
11;6;1500;AMANDA RAMALHO;MDB;SUPLENTE;24
13;6;1500;AMANDA RAMALHO;MDB;SUPLENTE;80
14;6;1500;AMANDA RAMALHO;MDB;SUPLENTE;58
15;6;1500;AMANDA RAMALHO;MDB;SUPLENTE;84
16;6;1500;AMANDA RAMALHO;MDB;SUPLENTE;471
17;6;1500;AMANDA RAMALHO;MDB;SUPLENTE;48
18;6;1500;AMANDA RAMALHO;MDB;SUPLENTE;32
19;6;1500;AMANDA RAMALHO;MDB;SUPLENTE;69
20;6;1500;AMANDA RAMALHO;MDB;SUPLENTE;44
21;6;1500;AMANDA RAMALHO;MDB;SUPLENTE;52
1;6;1501;MARLI DA SAUDE;MDB;SUPLENTE;144
2;6;1501;MARLI DA SAUDE;MDB;SUPLENTE;282
3;6;1501;MARLI DA SAUDE;MDB;SUPLENTE;309
4;6;1501;MARLI DA SAUDE;MDB;SUPLENTE;396
5;6;1501;MARLI DA SAUDE;MDB;SUPLENTE;479
6;6;1501;MARLI DA SAUDE;MDB;SUPLENTE;433
8;6;1501;MARLI DA SAUDE;MDB;SUPLENTE;440
9;6;1501;MARLI DA SAUDE;MDB;SUPLENTE;511
10;6;1501;MARLI DA SAUDE;MDB;SUPLENTE;452
11;6;1501;MARLI DA SAUDE;MDB;SUPLENTE;205
13;6;1501;MARLI DA SAUDE;MDB;SUPLENTE;411
14;6;1501;MARLI DA SAUDE;MDB;SUPLENTE;220
15;6;1501;MARLI DA SAUDE;MDB;SUPLENTE;697
16;6;1501;MARLI DA SAUDE;MDB;SUPLENTE;564
17;6;1501;MARLI DA SAUDE;MDB;SUPLENTE;1034
18;6;1501;MARLI DA SAUDE;MDB;SUPLENTE;263
19;6;1501;MARLI DA SAUDE;MDB;SUPLENTE;490
20;6;1501;MARLI DA SAUDE;MDB;SUPLENTE;226
21;6;1501;MARLI DA SAUDE;MDB;SUPLENTE;317
1;6;1515;RAFAEL PRUDENTE;MDB;ELEITO POR MÉDIA;1298
2;6;1515;RAFAEL PRUDENTE;MDB;ELEITO POR MÉDIA;8628
3;6;1515;RAFAEL PRUDENTE;MDB;ELEITO POR MÉDIA;3016
4;6;1515;RAFAEL PRUDENTE;MDB;ELEITO POR MÉDIA;7086
5;6;1515;RAFAEL PRUDENTE;MDB;ELEITO POR MÉDIA;13822
6;6;1515;RAFAEL PRUDENTE;MDB;ELEITO POR MÉDIA;17221
8;6;1515;RAFAEL PRUDENTE;MDB;ELEITO POR MÉDIA;6793
9;6;1515;RAFAEL PRUDENTE;MDB;ELEITO POR MÉDIA;5637
10;6;1515;RAFAEL PRUDENTE;MDB;ELEITO POR MÉDIA;5303
11;6;1515;RAFAEL PRUDENTE;MDB;ELEITO POR MÉDIA;1827
13;6;1515;RAFAEL PRUDENTE;MDB;ELEITO POR MÉDIA;7005
14;6;1515;RAFAEL PRUDENTE;MDB;ELEITO POR MÉDIA;1865
15;6;1515;RAFAEL PRUDENTE;MDB;ELEITO POR MÉDIA;4512
16;6;1515;RAFAEL PRUDENTE;MDB;ELEITO POR MÉDIA;8708
17;6;1515;RAFAEL PRUDENTE;MDB;ELEITO POR MÉDIA;7257
18;6;1515;RAFAEL PRUDENTE;MDB;ELEITO POR MÉDIA;7542
19;6;1515;RAFAEL PRUDENTE;MDB;ELEITO POR MÉDIA;3426
20;6;1515;RAFAEL PRUDENTE;MDB;ELEITO POR MÉDIA;5386
21;6;1515;RAFAEL PRUDENTE;MDB;ELEITO POR MÉDIA;4975
1;6;1522;GUARDA JANIO;MDB;SUPLENTE;22
2;6;1522;GUARDA JANIO;MDB;SUPLENTE;126
3;6;1522;GUARDA JANIO;MDB;SUPLENTE;277
4;6;1522;GUARDA JANIO;MDB;SUPLENTE;108
5;6;1522;GUARDA JANIO;MDB;SUPLENTE;48
6;6;1522;GUARDA JANIO;MDB;SUPLENTE;157
8;6;1522;GUARDA JANIO;MDB;SUPLENTE;1203
9;6;1522;GUARDA JANIO;MDB;SUPLENTE;308
10;6;1522;GUARDA JANIO;MDB;SUPLENTE;186
11;6;1522;GUARDA JANIO;MDB;SUPLENTE;45
13;6;1522;GUARDA JANIO;MDB;SUPLENTE;342
14;6;1522;GUARDA JANIO;MDB;SUPLENTE;31
15;6;1522;GUARDA JANIO;MDB;SUPLENTE;248
16;6;1522;GUARDA JANIO;MDB;SUPLENTE;635
17;6;1522;GUARDA JANIO;MDB;SUPLENTE;129
18;6;1522;GUARDA JANIO;MDB;SUPLENTE;67
19;6;1522;GUARDA JANIO;MDB;SUPLENTE;309
20;6;1522;GUARDA JANIO;MDB;SUPLENTE;625
21;6;1522;GUARDA JANIO;MDB;SUPLENTE;236
1;6;1525;PROFESSOR FÁBIO;MDB;SUPLENTE;289
2;6;1525;PROFESSOR FÁBIO;MDB;SUPLENTE;441
3;6;1525;PROFESSOR FÁBIO;MDB;SUPLENTE;199
4;6;1525;PROFESSOR FÁBIO;MDB;SUPLENTE;296
5;6;1525;PROFESSOR FÁBIO;MDB;SUPLENTE;370
6;6;1525;PROFESSOR FÁBIO;MDB;SUPLENTE;767
8;6;1525;PROFESSOR FÁBIO;MDB;SUPLENTE;275
9;6;1525;PROFESSOR FÁBIO;MDB;SUPLENTE;671
10;6;1525;PROFESSOR FÁBIO;MDB;SUPLENTE;488
11;6;1525;PROFESSOR FÁBIO;MDB;SUPLENTE;326
13;6;1525;PROFESSOR FÁBIO;MDB;SUPLENTE;345
14;6;1525;PROFESSOR FÁBIO;MDB;SUPLENTE;259
15;6;1525;PROFESSOR FÁBIO;MDB;SUPLENTE;606
16;6;1525;PROFESSOR FÁBIO;MDB;SUPLENTE;183
17;6;1525;PROFESSOR FÁBIO;MDB;SUPLENTE;403
18;6;1525;PROFESSOR FÁBIO;MDB;SUPLENTE;438
19;6;1525;PROFESSOR FÁBIO;MDB;SUPLENTE;311
20;6;1525;PROFESSOR FÁBIO;MDB;SUPLENTE;166
21;6;1525;PROFESSOR FÁBIO;MDB;SUPLENTE;214
1;6;1551;ALÍRIO;MDB;SUPLENTE;256
2;6;1551;ALÍRIO;MDB;SUPLENTE;419
3;6;1551;ALÍRIO;MDB;SUPLENTE;201
4;6;1551;ALÍRIO;MDB;SUPLENTE;182
5;6;1551;ALÍRIO;MDB;SUPLENTE;645
6;6;1551;ALÍRIO;MDB;SUPLENTE;521
8;6;1551;ALÍRIO;MDB;SUPLENTE;421
9;6;1551;ALÍRIO;MDB;SUPLENTE;2671
10;6;1551;ALÍRIO;MDB;SUPLENTE;589
11;6;1551;ALÍRIO;MDB;SUPLENTE;292
13;6;1551;ALÍRIO;MDB;SUPLENTE;702
14;6;1551;ALÍRIO;MDB;SUPLENTE;259
15;6;1551;ALÍRIO;MDB;SUPLENTE;685
16;6;1551;ALÍRIO;MDB;SUPLENTE;352
17;6;1551;ALÍRIO;MDB;SUPLENTE;276
18;6;1551;ALÍRIO;MDB;SUPLENTE;524
19;6;1551;ALÍRIO;MDB;SUPLENTE;507
20;6;1551;ALÍRIO;MDB;SUPLENTE;288
21;6;1551;ALÍRIO;MDB;SUPLENTE;289
1;6;1567;CAROL MOURÃO DOS ANIMAIS;MDB;SUPLENTE;189
2;6;1567;CAROL MOURÃO DOS ANIMAIS;MDB;SUPLENTE;83
3;6;1567;CAROL MOURÃO DOS ANIMAIS;MDB;SUPLENTE;51
4;6;1567;CAROL MOURÃO DOS ANIMAIS;MDB;SUPLENTE;46
5;6;1567;CAROL MOURÃO DOS ANIMAIS;MDB;SUPLENTE;106
6;6;1567;CAROL MOURÃO DOS ANIMAIS;MDB;SUPLENTE;60
8;6;1567;CAROL MOURÃO DOS ANIMAIS;MDB;SUPLENTE;34
9;6;1567;CAROL MOURÃO DOS ANIMAIS;MDB;SUPLENTE;109
10;6;1567;CAROL MOURÃO DOS ANIMAIS;MDB;SUPLENTE;79
11;6;1567;CAROL MOURÃO DOS ANIMAIS;MDB;SUPLENTE;95
13;6;1567;CAROL MOURÃO DOS ANIMAIS;MDB;SUPLENTE;48
14;6;1567;CAROL MOURÃO DOS ANIMAIS;MDB;SUPLENTE;152
15;6;1567;CAROL MOURÃO DOS ANIMAIS;MDB;SUPLENTE;143
16;6;1567;CAROL MOURÃO DOS ANIMAIS;MDB;SUPLENTE;58
17;6;1567;CAROL MOURÃO DOS ANIMAIS;MDB;SUPLENTE;47
18;6;1567;CAROL MOURÃO DOS ANIMAIS;MDB;SUPLENTE;191
19;6;1567;CAROL MOURÃO DOS ANIMAIS;MDB;SUPLENTE;70
20;6;1567;CAROL MOURÃO DOS ANIMAIS;MDB;SUPLENTE;39
21;6;1567;CAROL MOURÃO DOS ANIMAIS;MDB;SUPLENTE;40
1;6;1590;CORONEL VASCONCELOS;MDB;SUPLENTE;195
2;6;1590;CORONEL VASCONCELOS;MDB;SUPLENTE;154
3;6;1590;CORONEL VASCONCELOS;MDB;SUPLENTE;106
4;6;1590;CORONEL VASCONCELOS;MDB;SUPLENTE;84
5;6;1590;CORONEL VASCONCELOS;MDB;SUPLENTE;178
6;6;1590;CORONEL VASCONCELOS;MDB;SUPLENTE;99
8;6;1590;CORONEL VASCONCELOS;MDB;SUPLENTE;155
9;6;1590;CORONEL VASCONCELOS;MDB;SUPLENTE;294
10;6;1590;CORONEL VASCONCELOS;MDB;SUPLENTE;177
11;6;1590;CORONEL VASCONCELOS;MDB;SUPLENTE;226
13;6;1590;CORONEL VASCONCELOS;MDB;SUPLENTE;141
14;6;1590;CORONEL VASCONCELOS;MDB;SUPLENTE;251
15;6;1590;CORONEL VASCONCELOS;MDB;SUPLENTE;396
16;6;1590;CORONEL VASCONCELOS;MDB;SUPLENTE;135
17;6;1590;CORONEL VASCONCELOS;MDB;SUPLENTE;199
18;6;1590;CORONEL VASCONCELOS;MDB;SUPLENTE;183
19;6;1590;CORONEL VASCONCELOS;MDB;SUPLENTE;212
20;6;1590;CORONEL VASCONCELOS;MDB;SUPLENTE;60
21;6;1590;CORONEL VASCONCELOS;MDB;SUPLENTE;118
1;6;1600;EVERTON;PSTU;NÃO ELEITO;1
2;6;1600;EVERTON;PSTU;NÃO ELEITO;2
3;6;1600;EVERTON;PSTU;NÃO ELEITO;2
4;6;1600;EVERTON;PSTU;NÃO ELEITO;0
5;6;1600;EVERTON;PSTU;NÃO ELEITO;3
6;6;1600;EVERTON;PSTU;NÃO ELEITO;2
8;6;1600;EVERTON;PSTU;NÃO ELEITO;7
9;6;1600;EVERTON;PSTU;NÃO ELEITO;3
10;6;1600;EVERTON;PSTU;NÃO ELEITO;3
11;6;1600;EVERTON;PSTU;NÃO ELEITO;3
13;6;1600;EVERTON;PSTU;NÃO ELEITO;2
14;6;1600;EVERTON;PSTU;NÃO ELEITO;10
15;6;1600;EVERTON;PSTU;NÃO ELEITO;5
16;6;1600;EVERTON;PSTU;NÃO ELEITO;45
17;6;1600;EVERTON;PSTU;NÃO ELEITO;4
18;6;1600;EVERTON;PSTU;NÃO ELEITO;0
19;6;1600;EVERTON;PSTU;NÃO ELEITO;2
20;6;1600;EVERTON;PSTU;NÃO ELEITO;0
21;6;1600;EVERTON;PSTU;NÃO ELEITO;1
1;6;1616;TÂNIA;PSTU;NÃO ELEITO;10
2;6;1616;TÂNIA;PSTU;NÃO ELEITO;15
3;6;1616;TÂNIA;PSTU;NÃO ELEITO;5
4;6;1616;TÂNIA;PSTU;NÃO ELEITO;9
5;6;1616;TÂNIA;PSTU;NÃO ELEITO;9
6;6;1616;TÂNIA;PSTU;NÃO ELEITO;12
8;6;1616;TÂNIA;PSTU;NÃO ELEITO;3
9;6;1616;TÂNIA;PSTU;NÃO ELEITO;21
10;6;1616;TÂNIA;PSTU;NÃO ELEITO;22
11;6;1616;TÂNIA;PSTU;NÃO ELEITO;10
13;6;1616;TÂNIA;PSTU;NÃO ELEITO;7
14;6;1616;TÂNIA;PSTU;NÃO ELEITO;15
15;6;1616;TÂNIA;PSTU;NÃO ELEITO;12
16;6;1616;TÂNIA;PSTU;NÃO ELEITO;10
17;6;1616;TÂNIA;PSTU;NÃO ELEITO;14
18;6;1616;TÂNIA;PSTU;NÃO ELEITO;8
19;6;1616;TÂNIA;PSTU;NÃO ELEITO;8
20;6;1616;TÂNIA;PSTU;NÃO ELEITO;5
21;6;1616;TÂNIA;PSTU;NÃO ELEITO;14
1;6;1800;ROBERTO CABRAL;REDE;NÃO ELEITO;224
2;6;1800;ROBERTO CABRAL;REDE;NÃO ELEITO;173
3;6;1800;ROBERTO CABRAL;REDE;NÃO ELEITO;48
4;6;1800;ROBERTO CABRAL;REDE;NÃO ELEITO;56
5;6;1800;ROBERTO CABRAL;REDE;NÃO ELEITO;184
6;6;1800;ROBERTO CABRAL;REDE;NÃO ELEITO;61
8;6;1800;ROBERTO CABRAL;REDE;NÃO ELEITO;77
9;6;1800;ROBERTO CABRAL;REDE;NÃO ELEITO;230
10;6;1800;ROBERTO CABRAL;REDE;NÃO ELEITO;130
11;6;1800;ROBERTO CABRAL;REDE;NÃO ELEITO;224
13;6;1800;ROBERTO CABRAL;REDE;NÃO ELEITO;146
14;6;1800;ROBERTO CABRAL;REDE;NÃO ELEITO;420
15;6;1800;ROBERTO CABRAL;REDE;NÃO ELEITO;298
16;6;1800;ROBERTO CABRAL;REDE;NÃO ELEITO;104
17;6;1800;ROBERTO CABRAL;REDE;NÃO ELEITO;101
18;6;1800;ROBERTO CABRAL;REDE;NÃO ELEITO;196
19;6;1800;ROBERTO CABRAL;REDE;NÃO ELEITO;134
20;6;1800;ROBERTO CABRAL;REDE;NÃO ELEITO;44
21;6;1800;ROBERTO CABRAL;REDE;NÃO ELEITO;67
1;6;1818;ALDEMARIO;REDE;NÃO ELEITO;93
2;6;1818;ALDEMARIO;REDE;NÃO ELEITO;71
3;6;1818;ALDEMARIO;REDE;NÃO ELEITO;20
4;6;1818;ALDEMARIO;REDE;NÃO ELEITO;14
5;6;1818;ALDEMARIO;REDE;NÃO ELEITO;33
6;6;1818;ALDEMARIO;REDE;NÃO ELEITO;17
8;6;1818;ALDEMARIO;REDE;NÃO ELEITO;56
9;6;1818;ALDEMARIO;REDE;NÃO ELEITO;85
10;6;1818;ALDEMARIO;REDE;NÃO ELEITO;52
11;6;1818;ALDEMARIO;REDE;NÃO ELEITO;115
13;6;1818;ALDEMARIO;REDE;NÃO ELEITO;34
14;6;1818;ALDEMARIO;REDE;NÃO ELEITO;152
15;6;1818;ALDEMARIO;REDE;NÃO ELEITO;150
16;6;1818;ALDEMARIO;REDE;NÃO ELEITO;29
17;6;1818;ALDEMARIO;REDE;NÃO ELEITO;27
18;6;1818;ALDEMARIO;REDE;NÃO ELEITO;126
19;6;1818;ALDEMARIO;REDE;NÃO ELEITO;53
20;6;1818;ALDEMARIO;REDE;NÃO ELEITO;26
21;6;1818;ALDEMARIO;REDE;NÃO ELEITO;7
1;6;1881;MIRANDA COLETIVA AFROINDÍGENA;REDE;NÃO ELEITO;90
2;6;1881;MIRANDA COLETIVA AFROINDÍGENA;REDE;NÃO ELEITO;110
3;6;1881;MIRANDA COLETIVA AFROINDÍGENA;REDE;NÃO ELEITO;31
4;6;1881;MIRANDA COLETIVA AFROINDÍGENA;REDE;NÃO ELEITO;30
5;6;1881;MIRANDA COLETIVA AFROINDÍGENA;REDE;NÃO ELEITO;107
6;6;1881;MIRANDA COLETIVA AFROINDÍGENA;REDE;NÃO ELEITO;54
8;6;1881;MIRANDA COLETIVA AFROINDÍGENA;REDE;NÃO ELEITO;44
9;6;1881;MIRANDA COLETIVA AFROINDÍGENA;REDE;NÃO ELEITO;112
10;6;1881;MIRANDA COLETIVA AFROINDÍGENA;REDE;NÃO ELEITO;50
11;6;1881;MIRANDA COLETIVA AFROINDÍGENA;REDE;NÃO ELEITO;72
13;6;1881;MIRANDA COLETIVA AFROINDÍGENA;REDE;NÃO ELEITO;56
14;6;1881;MIRANDA COLETIVA AFROINDÍGENA;REDE;NÃO ELEITO;175
15;6;1881;MIRANDA COLETIVA AFROINDÍGENA;REDE;NÃO ELEITO;101
16;6;1881;MIRANDA COLETIVA AFROINDÍGENA;REDE;NÃO ELEITO;45
17;6;1881;MIRANDA COLETIVA AFROINDÍGENA;REDE;NÃO ELEITO;34
18;6;1881;MIRANDA COLETIVA AFROINDÍGENA;REDE;NÃO ELEITO;83
19;6;1881;MIRANDA COLETIVA AFROINDÍGENA;REDE;NÃO ELEITO;58
20;6;1881;MIRANDA COLETIVA AFROINDÍGENA;REDE;NÃO ELEITO;23
21;6;1881;MIRANDA COLETIVA AFROINDÍGENA;REDE;NÃO ELEITO;43
1;6;1900;CRIS OTAVIANO;PODE;NÃO ELEITO;34
2;6;1900;CRIS OTAVIANO;PODE;NÃO ELEITO;35
3;6;1900;CRIS OTAVIANO;PODE;NÃO ELEITO;8
4;6;1900;CRIS OTAVIANO;PODE;NÃO ELEITO;11
5;6;1900;CRIS OTAVIANO;PODE;NÃO ELEITO;23
6;6;1900;CRIS OTAVIANO;PODE;NÃO ELEITO;15
8;6;1900;CRIS OTAVIANO;PODE;NÃO ELEITO;11
9;6;1900;CRIS OTAVIANO;PODE;NÃO ELEITO;30
10;6;1900;CRIS OTAVIANO;PODE;NÃO ELEITO;22
11;6;1900;CRIS OTAVIANO;PODE;NÃO ELEITO;45
13;6;1900;CRIS OTAVIANO;PODE;NÃO ELEITO;24
14;6;1900;CRIS OTAVIANO;PODE;NÃO ELEITO;47
15;6;1900;CRIS OTAVIANO;PODE;NÃO ELEITO;27
16;6;1900;CRIS OTAVIANO;PODE;NÃO ELEITO;19
17;6;1900;CRIS OTAVIANO;PODE;NÃO ELEITO;29
18;6;1900;CRIS OTAVIANO;PODE;NÃO ELEITO;59
19;6;1900;CRIS OTAVIANO;PODE;NÃO ELEITO;13
20;6;1900;CRIS OTAVIANO;PODE;NÃO ELEITO;6
21;6;1900;CRIS OTAVIANO;PODE;NÃO ELEITO;32
1;6;1919;GERA DE CASTRO;PODE;NÃO ELEITO;44
2;6;1919;GERA DE CASTRO;PODE;NÃO ELEITO;19
3;6;1919;GERA DE CASTRO;PODE;NÃO ELEITO;20
4;6;1919;GERA DE CASTRO;PODE;NÃO ELEITO;11
5;6;1919;GERA DE CASTRO;PODE;NÃO ELEITO;18
6;6;1919;GERA DE CASTRO;PODE;NÃO ELEITO;10
8;6;1919;GERA DE CASTRO;PODE;NÃO ELEITO;17
9;6;1919;GERA DE CASTRO;PODE;NÃO ELEITO;33
10;6;1919;GERA DE CASTRO;PODE;NÃO ELEITO;36
11;6;1919;GERA DE CASTRO;PODE;NÃO ELEITO;14
13;6;1919;GERA DE CASTRO;PODE;NÃO ELEITO;26
14;6;1919;GERA DE CASTRO;PODE;NÃO ELEITO;17
15;6;1919;GERA DE CASTRO;PODE;NÃO ELEITO;29
16;6;1919;GERA DE CASTRO;PODE;NÃO ELEITO;13
17;6;1919;GERA DE CASTRO;PODE;NÃO ELEITO;16
18;6;1919;GERA DE CASTRO;PODE;NÃO ELEITO;14
19;6;1919;GERA DE CASTRO;PODE;NÃO ELEITO;20
20;6;1919;GERA DE CASTRO;PODE;NÃO ELEITO;9
21;6;1919;GERA DE CASTRO;PODE;NÃO ELEITO;9
1;6;1920;GENERAL PAULO CHAGAS;PODE;NÃO ELEITO;223
2;6;1920;GENERAL PAULO CHAGAS;PODE;NÃO ELEITO;168
3;6;1920;GENERAL PAULO CHAGAS;PODE;NÃO ELEITO;29
4;6;1920;GENERAL PAULO CHAGAS;PODE;NÃO ELEITO;54
5;6;1920;GENERAL PAULO CHAGAS;PODE;NÃO ELEITO;105
6;6;1920;GENERAL PAULO CHAGAS;PODE;NÃO ELEITO;60
8;6;1920;GENERAL PAULO CHAGAS;PODE;NÃO ELEITO;72
9;6;1920;GENERAL PAULO CHAGAS;PODE;NÃO ELEITO;148
10;6;1920;GENERAL PAULO CHAGAS;PODE;NÃO ELEITO;114
11;6;1920;GENERAL PAULO CHAGAS;PODE;NÃO ELEITO;306
13;6;1920;GENERAL PAULO CHAGAS;PODE;NÃO ELEITO;107
14;6;1920;GENERAL PAULO CHAGAS;PODE;NÃO ELEITO;394
15;6;1920;GENERAL PAULO CHAGAS;PODE;NÃO ELEITO;271
16;6;1920;GENERAL PAULO CHAGAS;PODE;NÃO ELEITO;66
17;6;1920;GENERAL PAULO CHAGAS;PODE;NÃO ELEITO;79
18;6;1920;GENERAL PAULO CHAGAS;PODE;NÃO ELEITO;173
19;6;1920;GENERAL PAULO CHAGAS;PODE;NÃO ELEITO;102
20;6;1920;GENERAL PAULO CHAGAS;PODE;NÃO ELEITO;24
21;6;1920;GENERAL PAULO CHAGAS;PODE;NÃO ELEITO;77
1;6;1921;ADALBERTO MONTEIRO;PODE;NÃO ELEITO;35
2;6;1921;ADALBERTO MONTEIRO;PODE;NÃO ELEITO;26
3;6;1921;ADALBERTO MONTEIRO;PODE;NÃO ELEITO;15
4;6;1921;ADALBERTO MONTEIRO;PODE;NÃO ELEITO;53
5;6;1921;ADALBERTO MONTEIRO;PODE;NÃO ELEITO;46
6;6;1921;ADALBERTO MONTEIRO;PODE;NÃO ELEITO;37
8;6;1921;ADALBERTO MONTEIRO;PODE;NÃO ELEITO;30
9;6;1921;ADALBERTO MONTEIRO;PODE;NÃO ELEITO;69
10;6;1921;ADALBERTO MONTEIRO;PODE;NÃO ELEITO;105
11;6;1921;ADALBERTO MONTEIRO;PODE;NÃO ELEITO;34
13;6;1921;ADALBERTO MONTEIRO;PODE;NÃO ELEITO;44
14;6;1921;ADALBERTO MONTEIRO;PODE;NÃO ELEITO;44
15;6;1921;ADALBERTO MONTEIRO;PODE;NÃO ELEITO;99
16;6;1921;ADALBERTO MONTEIRO;PODE;NÃO ELEITO;33
17;6;1921;ADALBERTO MONTEIRO;PODE;NÃO ELEITO;165
18;6;1921;ADALBERTO MONTEIRO;PODE;NÃO ELEITO;50
19;6;1921;ADALBERTO MONTEIRO;PODE;NÃO ELEITO;36
20;6;1921;ADALBERTO MONTEIRO;PODE;NÃO ELEITO;25
21;6;1921;ADALBERTO MONTEIRO;PODE;NÃO ELEITO;16
1;6;1973;VAL RADIALISTA;PODE;NÃO ELEITO;0
2;6;1973;VAL RADIALISTA;PODE;NÃO ELEITO;3
3;6;1973;VAL RADIALISTA;PODE;NÃO ELEITO;1
4;6;1973;VAL RADIALISTA;PODE;NÃO ELEITO;2
5;6;1973;VAL RADIALISTA;PODE;NÃO ELEITO;7
6;6;1973;VAL RADIALISTA;PODE;NÃO ELEITO;167
8;6;1973;VAL RADIALISTA;PODE;NÃO ELEITO;2
9;6;1973;VAL RADIALISTA;PODE;NÃO ELEITO;2
10;6;1973;VAL RADIALISTA;PODE;NÃO ELEITO;4
11;6;1973;VAL RADIALISTA;PODE;NÃO ELEITO;2
13;6;1973;VAL RADIALISTA;PODE;NÃO ELEITO;5
14;6;1973;VAL RADIALISTA;PODE;NÃO ELEITO;2
15;6;1973;VAL RADIALISTA;PODE;NÃO ELEITO;1
16;6;1973;VAL RADIALISTA;PODE;NÃO ELEITO;2
17;6;1973;VAL RADIALISTA;PODE;NÃO ELEITO;0
18;6;1973;VAL RADIALISTA;PODE;NÃO ELEITO;1
19;6;1973;VAL RADIALISTA;PODE;NÃO ELEITO;0
20;6;1973;VAL RADIALISTA;PODE;NÃO ELEITO;0
21;6;1973;VAL RADIALISTA;PODE;NÃO ELEITO;0
1;6;1979;PAULO LIMA;PODE;NÃO ELEITO;5
2;6;1979;PAULO LIMA;PODE;NÃO ELEITO;2
3;6;1979;PAULO LIMA;PODE;NÃO ELEITO;5
4;6;1979;PAULO LIMA;PODE;NÃO ELEITO;9
5;6;1979;PAULO LIMA;PODE;NÃO ELEITO;3
6;6;1979;PAULO LIMA;PODE;NÃO ELEITO;7
8;6;1979;PAULO LIMA;PODE;NÃO ELEITO;11
9;6;1979;PAULO LIMA;PODE;NÃO ELEITO;10
10;6;1979;PAULO LIMA;PODE;NÃO ELEITO;2
11;6;1979;PAULO LIMA;PODE;NÃO ELEITO;6
13;6;1979;PAULO LIMA;PODE;NÃO ELEITO;3
14;6;1979;PAULO LIMA;PODE;NÃO ELEITO;38
15;6;1979;PAULO LIMA;PODE;NÃO ELEITO;7
16;6;1979;PAULO LIMA;PODE;NÃO ELEITO;6
17;6;1979;PAULO LIMA;PODE;NÃO ELEITO;7
18;6;1979;PAULO LIMA;PODE;NÃO ELEITO;0
19;6;1979;PAULO LIMA;PODE;NÃO ELEITO;7
20;6;1979;PAULO LIMA;PODE;NÃO ELEITO;1
21;6;1979;PAULO LIMA;PODE;NÃO ELEITO;1
1;6;1988;REGIS MACHADO (FPC);PODE;NÃO ELEITO;97
2;6;1988;REGIS MACHADO (FPC);PODE;NÃO ELEITO;39
3;6;1988;REGIS MACHADO (FPC);PODE;NÃO ELEITO;14
4;6;1988;REGIS MACHADO (FPC);PODE;NÃO ELEITO;14
5;6;1988;REGIS MACHADO (FPC);PODE;NÃO ELEITO;70
6;6;1988;REGIS MACHADO (FPC);PODE;NÃO ELEITO;7
8;6;1988;REGIS MACHADO (FPC);PODE;NÃO ELEITO;25
9;6;1988;REGIS MACHADO (FPC);PODE;NÃO ELEITO;60
10;6;1988;REGIS MACHADO (FPC);PODE;NÃO ELEITO;33
11;6;1988;REGIS MACHADO (FPC);PODE;NÃO ELEITO;61
13;6;1988;REGIS MACHADO (FPC);PODE;NÃO ELEITO;29
14;6;1988;REGIS MACHADO (FPC);PODE;NÃO ELEITO;117
15;6;1988;REGIS MACHADO (FPC);PODE;NÃO ELEITO;77
16;6;1988;REGIS MACHADO (FPC);PODE;NÃO ELEITO;11
17;6;1988;REGIS MACHADO (FPC);PODE;NÃO ELEITO;49
18;6;1988;REGIS MACHADO (FPC);PODE;NÃO ELEITO;71
19;6;1988;REGIS MACHADO (FPC);PODE;NÃO ELEITO;37
20;6;1988;REGIS MACHADO (FPC);PODE;NÃO ELEITO;8
21;6;1988;REGIS MACHADO (FPC);PODE;NÃO ELEITO;10
1;6;1991;CAROL RIBEIRO;PODE;NÃO ELEITO;5
2;6;1991;CAROL RIBEIRO;PODE;NÃO ELEITO;8
3;6;1991;CAROL RIBEIRO;PODE;NÃO ELEITO;22
4;6;1991;CAROL RIBEIRO;PODE;NÃO ELEITO;2
5;6;1991;CAROL RIBEIRO;PODE;NÃO ELEITO;13
6;6;1991;CAROL RIBEIRO;PODE;NÃO ELEITO;3
8;6;1991;CAROL RIBEIRO;PODE;NÃO ELEITO;20
9;6;1991;CAROL RIBEIRO;PODE;NÃO ELEITO;20
10;6;1991;CAROL RIBEIRO;PODE;NÃO ELEITO;21
11;6;1991;CAROL RIBEIRO;PODE;NÃO ELEITO;7
13;6;1991;CAROL RIBEIRO;PODE;NÃO ELEITO;16
14;6;1991;CAROL RIBEIRO;PODE;NÃO ELEITO;13
15;6;1991;CAROL RIBEIRO;PODE;NÃO ELEITO;62
16;6;1991;CAROL RIBEIRO;PODE;NÃO ELEITO;17
17;6;1991;CAROL RIBEIRO;PODE;NÃO ELEITO;8
18;6;1991;CAROL RIBEIRO;PODE;NÃO ELEITO;10
19;6;1991;CAROL RIBEIRO;PODE;NÃO ELEITO;12
20;6;1991;CAROL RIBEIRO;PODE;NÃO ELEITO;15
21;6;1991;CAROL RIBEIRO;PODE;NÃO ELEITO;11
1;6;1999;WAGNER ALVES;PODE;NÃO ELEITO;19
2;6;1999;WAGNER ALVES;PODE;NÃO ELEITO;90
3;6;1999;WAGNER ALVES;PODE;NÃO ELEITO;136
4;6;1999;WAGNER ALVES;PODE;NÃO ELEITO;133
5;6;1999;WAGNER ALVES;PODE;NÃO ELEITO;60
6;6;1999;WAGNER ALVES;PODE;NÃO ELEITO;74
8;6;1999;WAGNER ALVES;PODE;NÃO ELEITO;370
9;6;1999;WAGNER ALVES;PODE;NÃO ELEITO;135
10;6;1999;WAGNER ALVES;PODE;NÃO ELEITO;331
11;6;1999;WAGNER ALVES;PODE;NÃO ELEITO;41
13;6;1999;WAGNER ALVES;PODE;NÃO ELEITO;370
14;6;1999;WAGNER ALVES;PODE;NÃO ELEITO;29
15;6;1999;WAGNER ALVES;PODE;NÃO ELEITO;191
16;6;1999;WAGNER ALVES;PODE;NÃO ELEITO;235
17;6;1999;WAGNER ALVES;PODE;NÃO ELEITO;155
18;6;1999;WAGNER ALVES;PODE;NÃO ELEITO;57
19;6;1999;WAGNER ALVES;PODE;NÃO ELEITO;177
20;6;1999;WAGNER ALVES;PODE;NÃO ELEITO;187
21;6;1999;WAGNER ALVES;PODE;NÃO ELEITO;248
1;6;2000;WANDER MACIEL;PSC;NÃO ELEITO;2
2;6;2000;WANDER MACIEL;PSC;NÃO ELEITO;21
3;6;2000;WANDER MACIEL;PSC;NÃO ELEITO;16
4;6;2000;WANDER MACIEL;PSC;NÃO ELEITO;31
5;6;2000;WANDER MACIEL;PSC;NÃO ELEITO;25
6;6;2000;WANDER MACIEL;PSC;NÃO ELEITO;20
8;6;2000;WANDER MACIEL;PSC;NÃO ELEITO;60
9;6;2000;WANDER MACIEL;PSC;NÃO ELEITO;396
10;6;2000;WANDER MACIEL;PSC;NÃO ELEITO;12
11;6;2000;WANDER MACIEL;PSC;NÃO ELEITO;10
13;6;2000;WANDER MACIEL;PSC;NÃO ELEITO;34
14;6;2000;WANDER MACIEL;PSC;NÃO ELEITO;3
15;6;2000;WANDER MACIEL;PSC;NÃO ELEITO;11
16;6;2000;WANDER MACIEL;PSC;NÃO ELEITO;45
17;6;2000;WANDER MACIEL;PSC;NÃO ELEITO;11
18;6;2000;WANDER MACIEL;PSC;NÃO ELEITO;4
19;6;2000;WANDER MACIEL;PSC;NÃO ELEITO;20
20;6;2000;WANDER MACIEL;PSC;NÃO ELEITO;22
21;6;2000;WANDER MACIEL;PSC;NÃO ELEITO;30
1;6;2002;GLAUCE FRANCO;PSC;NÃO ELEITO;5
2;6;2002;GLAUCE FRANCO;PSC;NÃO ELEITO;2
3;6;2002;GLAUCE FRANCO;PSC;NÃO ELEITO;7
4;6;2002;GLAUCE FRANCO;PSC;NÃO ELEITO;1
5;6;2002;GLAUCE FRANCO;PSC;NÃO ELEITO;7
6;6;2002;GLAUCE FRANCO;PSC;NÃO ELEITO;5
8;6;2002;GLAUCE FRANCO;PSC;NÃO ELEITO;11
9;6;2002;GLAUCE FRANCO;PSC;NÃO ELEITO;20
10;6;2002;GLAUCE FRANCO;PSC;NÃO ELEITO;9
11;6;2002;GLAUCE FRANCO;PSC;NÃO ELEITO;5
13;6;2002;GLAUCE FRANCO;PSC;NÃO ELEITO;16
14;6;2002;GLAUCE FRANCO;PSC;NÃO ELEITO;6
15;6;2002;GLAUCE FRANCO;PSC;NÃO ELEITO;24
16;6;2002;GLAUCE FRANCO;PSC;NÃO ELEITO;9
17;6;2002;GLAUCE FRANCO;PSC;NÃO ELEITO;9
18;6;2002;GLAUCE FRANCO;PSC;NÃO ELEITO;4
19;6;2002;GLAUCE FRANCO;PSC;NÃO ELEITO;18
20;6;2002;GLAUCE FRANCO;PSC;NÃO ELEITO;3
21;6;2002;GLAUCE FRANCO;PSC;NÃO ELEITO;3
1;6;2019;LUCIANO BAGLOGUI;PSC;NÃO ELEITO;22
2;6;2019;LUCIANO BAGLOGUI;PSC;NÃO ELEITO;10
3;6;2019;LUCIANO BAGLOGUI;PSC;NÃO ELEITO;18
4;6;2019;LUCIANO BAGLOGUI;PSC;NÃO ELEITO;139
5;6;2019;LUCIANO BAGLOGUI;PSC;NÃO ELEITO;48
6;6;2019;LUCIANO BAGLOGUI;PSC;NÃO ELEITO;58
8;6;2019;LUCIANO BAGLOGUI;PSC;NÃO ELEITO;31
9;6;2019;LUCIANO BAGLOGUI;PSC;NÃO ELEITO;24
10;6;2019;LUCIANO BAGLOGUI;PSC;NÃO ELEITO;32
11;6;2019;LUCIANO BAGLOGUI;PSC;NÃO ELEITO;12
13;6;2019;LUCIANO BAGLOGUI;PSC;NÃO ELEITO;42
14;6;2019;LUCIANO BAGLOGUI;PSC;NÃO ELEITO;14
15;6;2019;LUCIANO BAGLOGUI;PSC;NÃO ELEITO;43
16;6;2019;LUCIANO BAGLOGUI;PSC;NÃO ELEITO;25
17;6;2019;LUCIANO BAGLOGUI;PSC;NÃO ELEITO;368
18;6;2019;LUCIANO BAGLOGUI;PSC;NÃO ELEITO;13
19;6;2019;LUCIANO BAGLOGUI;PSC;NÃO ELEITO;34
20;6;2019;LUCIANO BAGLOGUI;PSC;NÃO ELEITO;26
21;6;2019;LUCIANO BAGLOGUI;PSC;NÃO ELEITO;20
1;6;2020;ALE CHIANELLI;PSC;NÃO ELEITO;22
2;6;2020;ALE CHIANELLI;PSC;NÃO ELEITO;30
3;6;2020;ALE CHIANELLI;PSC;NÃO ELEITO;21
4;6;2020;ALE CHIANELLI;PSC;NÃO ELEITO;28
5;6;2020;ALE CHIANELLI;PSC;NÃO ELEITO;32
6;6;2020;ALE CHIANELLI;PSC;NÃO ELEITO;33
8;6;2020;ALE CHIANELLI;PSC;NÃO ELEITO;44
9;6;2020;ALE CHIANELLI;PSC;NÃO ELEITO;27
10;6;2020;ALE CHIANELLI;PSC;NÃO ELEITO;25
11;6;2020;ALE CHIANELLI;PSC;NÃO ELEITO;17
13;6;2020;ALE CHIANELLI;PSC;NÃO ELEITO;46
14;6;2020;ALE CHIANELLI;PSC;NÃO ELEITO;19
15;6;2020;ALE CHIANELLI;PSC;NÃO ELEITO;43
16;6;2020;ALE CHIANELLI;PSC;NÃO ELEITO;38
17;6;2020;ALE CHIANELLI;PSC;NÃO ELEITO;31
18;6;2020;ALE CHIANELLI;PSC;NÃO ELEITO;35
19;6;2020;ALE CHIANELLI;PSC;NÃO ELEITO;48
20;6;2020;ALE CHIANELLI;PSC;NÃO ELEITO;19
21;6;2020;ALE CHIANELLI;PSC;NÃO ELEITO;31
1;6;2022;ANA PAULA BATISTA ;PSC;NÃO ELEITO;33
2;6;2022;ANA PAULA BATISTA ;PSC;NÃO ELEITO;65
3;6;2022;ANA PAULA BATISTA ;PSC;NÃO ELEITO;45
4;6;2022;ANA PAULA BATISTA ;PSC;NÃO ELEITO;60
5;6;2022;ANA PAULA BATISTA ;PSC;NÃO ELEITO;141
6;6;2022;ANA PAULA BATISTA ;PSC;NÃO ELEITO;133
8;6;2022;ANA PAULA BATISTA ;PSC;NÃO ELEITO;100
9;6;2022;ANA PAULA BATISTA ;PSC;NÃO ELEITO;83
10;6;2022;ANA PAULA BATISTA ;PSC;NÃO ELEITO;90
11;6;2022;ANA PAULA BATISTA ;PSC;NÃO ELEITO;34
13;6;2022;ANA PAULA BATISTA ;PSC;NÃO ELEITO;92
14;6;2022;ANA PAULA BATISTA ;PSC;NÃO ELEITO;35
15;6;2022;ANA PAULA BATISTA ;PSC;NÃO ELEITO;82
16;6;2022;ANA PAULA BATISTA ;PSC;NÃO ELEITO;112
17;6;2022;ANA PAULA BATISTA ;PSC;NÃO ELEITO;107
18;6;2022;ANA PAULA BATISTA ;PSC;NÃO ELEITO;72
19;6;2022;ANA PAULA BATISTA ;PSC;NÃO ELEITO;56
20;6;2022;ANA PAULA BATISTA ;PSC;NÃO ELEITO;70
21;6;2022;ANA PAULA BATISTA ;PSC;NÃO ELEITO;54
1;6;2033;IVAN BIGODE;PSC;NÃO ELEITO;19
2;6;2033;IVAN BIGODE;PSC;NÃO ELEITO;23
3;6;2033;IVAN BIGODE;PSC;NÃO ELEITO;8
4;6;2033;IVAN BIGODE;PSC;NÃO ELEITO;14
5;6;2033;IVAN BIGODE;PSC;NÃO ELEITO;15
6;6;2033;IVAN BIGODE;PSC;NÃO ELEITO;4
8;6;2033;IVAN BIGODE;PSC;NÃO ELEITO;25
9;6;2033;IVAN BIGODE;PSC;NÃO ELEITO;35
10;6;2033;IVAN BIGODE;PSC;NÃO ELEITO;10
11;6;2033;IVAN BIGODE;PSC;NÃO ELEITO;5
13;6;2033;IVAN BIGODE;PSC;NÃO ELEITO;17
14;6;2033;IVAN BIGODE;PSC;NÃO ELEITO;8
15;6;2033;IVAN BIGODE;PSC;NÃO ELEITO;21
16;6;2033;IVAN BIGODE;PSC;NÃO ELEITO;12
17;6;2033;IVAN BIGODE;PSC;NÃO ELEITO;6
18;6;2033;IVAN BIGODE;PSC;NÃO ELEITO;11
19;6;2033;IVAN BIGODE;PSC;NÃO ELEITO;14
20;6;2033;IVAN BIGODE;PSC;NÃO ELEITO;12
21;6;2033;IVAN BIGODE;PSC;NÃO ELEITO;14
1;6;2044;DR RAFAEL FREIRE;PSC;NÃO ELEITO;59
2;6;2044;DR RAFAEL FREIRE;PSC;NÃO ELEITO;31
3;6;2044;DR RAFAEL FREIRE;PSC;NÃO ELEITO;8
4;6;2044;DR RAFAEL FREIRE;PSC;NÃO ELEITO;13
5;6;2044;DR RAFAEL FREIRE;PSC;NÃO ELEITO;40
6;6;2044;DR RAFAEL FREIRE;PSC;NÃO ELEITO;22
8;6;2044;DR RAFAEL FREIRE;PSC;NÃO ELEITO;36
9;6;2044;DR RAFAEL FREIRE;PSC;NÃO ELEITO;66
10;6;2044;DR RAFAEL FREIRE;PSC;NÃO ELEITO;39
11;6;2044;DR RAFAEL FREIRE;PSC;NÃO ELEITO;85
13;6;2044;DR RAFAEL FREIRE;PSC;NÃO ELEITO;24
14;6;2044;DR RAFAEL FREIRE;PSC;NÃO ELEITO;55
15;6;2044;DR RAFAEL FREIRE;PSC;NÃO ELEITO;73
16;6;2044;DR RAFAEL FREIRE;PSC;NÃO ELEITO;20
17;6;2044;DR RAFAEL FREIRE;PSC;NÃO ELEITO;31
18;6;2044;DR RAFAEL FREIRE;PSC;NÃO ELEITO;64
19;6;2044;DR RAFAEL FREIRE;PSC;NÃO ELEITO;28
20;6;2044;DR RAFAEL FREIRE;PSC;NÃO ELEITO;19
21;6;2044;DR RAFAEL FREIRE;PSC;NÃO ELEITO;18
1;6;2077;SARGENTO NAZÁRIO;PSC;NÃO ELEITO;6
2;6;2077;SARGENTO NAZÁRIO;PSC;NÃO ELEITO;24
3;6;2077;SARGENTO NAZÁRIO;PSC;NÃO ELEITO;30
4;6;2077;SARGENTO NAZÁRIO;PSC;NÃO ELEITO;6
5;6;2077;SARGENTO NAZÁRIO;PSC;NÃO ELEITO;65
6;6;2077;SARGENTO NAZÁRIO;PSC;NÃO ELEITO;13
8;6;2077;SARGENTO NAZÁRIO;PSC;NÃO ELEITO;58
9;6;2077;SARGENTO NAZÁRIO;PSC;NÃO ELEITO;14
10;6;2077;SARGENTO NAZÁRIO;PSC;NÃO ELEITO;33
11;6;2077;SARGENTO NAZÁRIO;PSC;NÃO ELEITO;7
13;6;2077;SARGENTO NAZÁRIO;PSC;NÃO ELEITO;17
14;6;2077;SARGENTO NAZÁRIO;PSC;NÃO ELEITO;6
15;6;2077;SARGENTO NAZÁRIO;PSC;NÃO ELEITO;52
16;6;2077;SARGENTO NAZÁRIO;PSC;NÃO ELEITO;52
17;6;2077;SARGENTO NAZÁRIO;PSC;NÃO ELEITO;17
18;6;2077;SARGENTO NAZÁRIO;PSC;NÃO ELEITO;9
19;6;2077;SARGENTO NAZÁRIO;PSC;NÃO ELEITO;33
20;6;2077;SARGENTO NAZÁRIO;PSC;NÃO ELEITO;21
21;6;2077;SARGENTO NAZÁRIO;PSC;NÃO ELEITO;17
1;6;2099;SARGENTO PAULO ROBERTO;PSC;NÃO ELEITO;22
2;6;2099;SARGENTO PAULO ROBERTO;PSC;NÃO ELEITO;10
3;6;2099;SARGENTO PAULO ROBERTO;PSC;NÃO ELEITO;14
4;6;2099;SARGENTO PAULO ROBERTO;PSC;NÃO ELEITO;37
5;6;2099;SARGENTO PAULO ROBERTO;PSC;NÃO ELEITO;15
6;6;2099;SARGENTO PAULO ROBERTO;PSC;NÃO ELEITO;16
8;6;2099;SARGENTO PAULO ROBERTO;PSC;NÃO ELEITO;54
9;6;2099;SARGENTO PAULO ROBERTO;PSC;NÃO ELEITO;21
10;6;2099;SARGENTO PAULO ROBERTO;PSC;NÃO ELEITO;20
11;6;2099;SARGENTO PAULO ROBERTO;PSC;NÃO ELEITO;115
13;6;2099;SARGENTO PAULO ROBERTO;PSC;NÃO ELEITO;35
14;6;2099;SARGENTO PAULO ROBERTO;PSC;NÃO ELEITO;124
15;6;2099;SARGENTO PAULO ROBERTO;PSC;NÃO ELEITO;41
16;6;2099;SARGENTO PAULO ROBERTO;PSC;NÃO ELEITO;149
17;6;2099;SARGENTO PAULO ROBERTO;PSC;NÃO ELEITO;41
18;6;2099;SARGENTO PAULO ROBERTO;PSC;NÃO ELEITO;20
19;6;2099;SARGENTO PAULO ROBERTO;PSC;NÃO ELEITO;8
20;6;2099;SARGENTO PAULO ROBERTO;PSC;NÃO ELEITO;9
21;6;2099;SARGENTO PAULO ROBERTO;PSC;NÃO ELEITO;18
1;6;2211;CHEF VINÍCIUS ROSSIGNOLI;PL;SUPLENTE;58
2;6;2211;CHEF VINÍCIUS ROSSIGNOLI;PL;SUPLENTE;48
3;6;2211;CHEF VINÍCIUS ROSSIGNOLI;PL;SUPLENTE;32
4;6;2211;CHEF VINÍCIUS ROSSIGNOLI;PL;SUPLENTE;24
5;6;2211;CHEF VINÍCIUS ROSSIGNOLI;PL;SUPLENTE;52
6;6;2211;CHEF VINÍCIUS ROSSIGNOLI;PL;SUPLENTE;12
8;6;2211;CHEF VINÍCIUS ROSSIGNOLI;PL;SUPLENTE;42
9;6;2211;CHEF VINÍCIUS ROSSIGNOLI;PL;SUPLENTE;147
10;6;2211;CHEF VINÍCIUS ROSSIGNOLI;PL;SUPLENTE;59
11;6;2211;CHEF VINÍCIUS ROSSIGNOLI;PL;SUPLENTE;53
13;6;2211;CHEF VINÍCIUS ROSSIGNOLI;PL;SUPLENTE;86
14;6;2211;CHEF VINÍCIUS ROSSIGNOLI;PL;SUPLENTE;46
15;6;2211;CHEF VINÍCIUS ROSSIGNOLI;PL;SUPLENTE;125
16;6;2211;CHEF VINÍCIUS ROSSIGNOLI;PL;SUPLENTE;49
17;6;2211;CHEF VINÍCIUS ROSSIGNOLI;PL;SUPLENTE;43
18;6;2211;CHEF VINÍCIUS ROSSIGNOLI;PL;SUPLENTE;41
19;6;2211;CHEF VINÍCIUS ROSSIGNOLI;PL;SUPLENTE;49
20;6;2211;CHEF VINÍCIUS ROSSIGNOLI;PL;SUPLENTE;15
21;6;2211;CHEF VINÍCIUS ROSSIGNOLI;PL;SUPLENTE;48
1;6;2222;BIA KICIS;PL;ELEITO POR QP;12932
2;6;2222;BIA KICIS;PL;ELEITO POR QP;9702
3;6;2222;BIA KICIS;PL;ELEITO POR QP;6671
4;6;2222;BIA KICIS;PL;ELEITO POR QP;6318
5;6;2222;BIA KICIS;PL;ELEITO POR QP;13222
6;6;2222;BIA KICIS;PL;ELEITO POR QP;10395
8;6;2222;BIA KICIS;PL;ELEITO POR QP;9302
9;6;2222;BIA KICIS;PL;ELEITO POR QP;13657
10;6;2222;BIA KICIS;PL;ELEITO POR QP;11067
11;6;2222;BIA KICIS;PL;ELEITO POR QP;12247
13;6;2222;BIA KICIS;PL;ELEITO POR QP;9987
14;6;2222;BIA KICIS;PL;ELEITO POR QP;17334
15;6;2222;BIA KICIS;PL;ELEITO POR QP;21329
16;6;2222;BIA KICIS;PL;ELEITO POR QP;9476
17;6;2222;BIA KICIS;PL;ELEITO POR QP;10162
18;6;2222;BIA KICIS;PL;ELEITO POR QP;15576
19;6;2222;BIA KICIS;PL;ELEITO POR QP;12680
20;6;2222;BIA KICIS;PL;ELEITO POR QP;5933
21;6;2222;BIA KICIS;PL;ELEITO POR QP;6743
1;6;2223;ANGÉLICA KATE MARRONE;PL;SUPLENTE;36
2;6;2223;ANGÉLICA KATE MARRONE;PL;SUPLENTE;522
3;6;2223;ANGÉLICA KATE MARRONE;PL;SUPLENTE;35
4;6;2223;ANGÉLICA KATE MARRONE;PL;SUPLENTE;65
5;6;2223;ANGÉLICA KATE MARRONE;PL;SUPLENTE;272
6;6;2223;ANGÉLICA KATE MARRONE;PL;SUPLENTE;66
8;6;2223;ANGÉLICA KATE MARRONE;PL;SUPLENTE;83
9;6;2223;ANGÉLICA KATE MARRONE;PL;SUPLENTE;71
10;6;2223;ANGÉLICA KATE MARRONE;PL;SUPLENTE;72
11;6;2223;ANGÉLICA KATE MARRONE;PL;SUPLENTE;64
13;6;2223;ANGÉLICA KATE MARRONE;PL;SUPLENTE;91
14;6;2223;ANGÉLICA KATE MARRONE;PL;SUPLENTE;81
15;6;2223;ANGÉLICA KATE MARRONE;PL;SUPLENTE;112
16;6;2223;ANGÉLICA KATE MARRONE;PL;SUPLENTE;69
17;6;2223;ANGÉLICA KATE MARRONE;PL;SUPLENTE;62
18;6;2223;ANGÉLICA KATE MARRONE;PL;SUPLENTE;123
19;6;2223;ANGÉLICA KATE MARRONE;PL;SUPLENTE;59
20;6;2223;ANGÉLICA KATE MARRONE;PL;SUPLENTE;52
21;6;2223;ANGÉLICA KATE MARRONE;PL;SUPLENTE;42
1;6;2225;FRAGA;PL;ELEITO POR MÉDIA;586
2;6;2225;FRAGA;PL;ELEITO POR MÉDIA;889
3;6;2225;FRAGA;PL;ELEITO POR MÉDIA;1378
4;6;2225;FRAGA;PL;ELEITO POR MÉDIA;1100
5;6;2225;FRAGA;PL;ELEITO POR MÉDIA;1569
6;6;2225;FRAGA;PL;ELEITO POR MÉDIA;2248
8;6;2225;FRAGA;PL;ELEITO POR MÉDIA;2389
9;6;2225;FRAGA;PL;ELEITO POR MÉDIA;1526
10;6;2225;FRAGA;PL;ELEITO POR MÉDIA;1444
11;6;2225;FRAGA;PL;ELEITO POR MÉDIA;703
13;6;2225;FRAGA;PL;ELEITO POR MÉDIA;1917
14;6;2225;FRAGA;PL;ELEITO POR MÉDIA;615
15;6;2225;FRAGA;PL;ELEITO POR MÉDIA;2165
16;6;2225;FRAGA;PL;ELEITO POR MÉDIA;2456
17;6;2225;FRAGA;PL;ELEITO POR MÉDIA;2377
18;6;2225;FRAGA;PL;ELEITO POR MÉDIA;981
19;6;2225;FRAGA;PL;ELEITO POR MÉDIA;1940
20;6;2225;FRAGA;PL;ELEITO POR MÉDIA;1228
21;6;2225;FRAGA;PL;ELEITO POR MÉDIA;1314
1;6;2228;MARCO AURÉLIO PIANTELLA;PL;SUPLENTE;102
2;6;2228;MARCO AURÉLIO PIANTELLA;PL;SUPLENTE;85
3;6;2228;MARCO AURÉLIO PIANTELLA;PL;SUPLENTE;29
4;6;2228;MARCO AURÉLIO PIANTELLA;PL;SUPLENTE;57
5;6;2228;MARCO AURÉLIO PIANTELLA;PL;SUPLENTE;29
6;6;2228;MARCO AURÉLIO PIANTELLA;PL;SUPLENTE;142
8;6;2228;MARCO AURÉLIO PIANTELLA;PL;SUPLENTE;44
9;6;2228;MARCO AURÉLIO PIANTELLA;PL;SUPLENTE;84
10;6;2228;MARCO AURÉLIO PIANTELLA;PL;SUPLENTE;69
11;6;2228;MARCO AURÉLIO PIANTELLA;PL;SUPLENTE;44
13;6;2228;MARCO AURÉLIO PIANTELLA;PL;SUPLENTE;189
14;6;2228;MARCO AURÉLIO PIANTELLA;PL;SUPLENTE;106
15;6;2228;MARCO AURÉLIO PIANTELLA;PL;SUPLENTE;86
16;6;2228;MARCO AURÉLIO PIANTELLA;PL;SUPLENTE;55
17;6;2228;MARCO AURÉLIO PIANTELLA;PL;SUPLENTE;84
18;6;2228;MARCO AURÉLIO PIANTELLA;PL;SUPLENTE;126
19;6;2228;MARCO AURÉLIO PIANTELLA;PL;SUPLENTE;44
20;6;2228;MARCO AURÉLIO PIANTELLA;PL;SUPLENTE;19
21;6;2228;MARCO AURÉLIO PIANTELLA;PL;SUPLENTE;64
1;6;2233;RAFAEL SAMPAIO ;PL;SUPLENTE;602
2;6;2233;RAFAEL SAMPAIO ;PL;SUPLENTE;602
3;6;2233;RAFAEL SAMPAIO ;PL;SUPLENTE;365
4;6;2233;RAFAEL SAMPAIO ;PL;SUPLENTE;245
5;6;2233;RAFAEL SAMPAIO ;PL;SUPLENTE;695
6;6;2233;RAFAEL SAMPAIO ;PL;SUPLENTE;422
8;6;2233;RAFAEL SAMPAIO ;PL;SUPLENTE;597
9;6;2233;RAFAEL SAMPAIO ;PL;SUPLENTE;806
10;6;2233;RAFAEL SAMPAIO ;PL;SUPLENTE;606
11;6;2233;RAFAEL SAMPAIO ;PL;SUPLENTE;607
13;6;2233;RAFAEL SAMPAIO ;PL;SUPLENTE;911
14;6;2233;RAFAEL SAMPAIO ;PL;SUPLENTE;671
15;6;2233;RAFAEL SAMPAIO ;PL;SUPLENTE;1607
16;6;2233;RAFAEL SAMPAIO ;PL;SUPLENTE;704
17;6;2233;RAFAEL SAMPAIO ;PL;SUPLENTE;363
18;6;2233;RAFAEL SAMPAIO ;PL;SUPLENTE;646
19;6;2233;RAFAEL SAMPAIO ;PL;SUPLENTE;630
20;6;2233;RAFAEL SAMPAIO ;PL;SUPLENTE;241
21;6;2233;RAFAEL SAMPAIO ;PL;SUPLENTE;442
1;6;2238;CAPITÃO DAVI;PL;SUPLENTE;155
2;6;2238;CAPITÃO DAVI;PL;SUPLENTE;128
3;6;2238;CAPITÃO DAVI;PL;SUPLENTE;98
4;6;2238;CAPITÃO DAVI;PL;SUPLENTE;94
5;6;2238;CAPITÃO DAVI;PL;SUPLENTE;259
6;6;2238;CAPITÃO DAVI;PL;SUPLENTE;213
8;6;2238;CAPITÃO DAVI;PL;SUPLENTE;108
9;6;2238;CAPITÃO DAVI;PL;SUPLENTE;169
10;6;2238;CAPITÃO DAVI;PL;SUPLENTE;157
11;6;2238;CAPITÃO DAVI;PL;SUPLENTE;649
13;6;2238;CAPITÃO DAVI;PL;SUPLENTE;170
14;6;2238;CAPITÃO DAVI;PL;SUPLENTE;576
15;6;2238;CAPITÃO DAVI;PL;SUPLENTE;246
16;6;2238;CAPITÃO DAVI;PL;SUPLENTE;127
17;6;2238;CAPITÃO DAVI;PL;SUPLENTE;127
18;6;2238;CAPITÃO DAVI;PL;SUPLENTE;239
19;6;2238;CAPITÃO DAVI;PL;SUPLENTE;139
20;6;2238;CAPITÃO DAVI;PL;SUPLENTE;68
21;6;2238;CAPITÃO DAVI;PL;SUPLENTE;104
1;6;2261;BELLE BORGES;PL;SUPLENTE;71
2;6;2261;BELLE BORGES;PL;SUPLENTE;59
3;6;2261;BELLE BORGES;PL;SUPLENTE;26
4;6;2261;BELLE BORGES;PL;SUPLENTE;23
5;6;2261;BELLE BORGES;PL;SUPLENTE;78
6;6;2261;BELLE BORGES;PL;SUPLENTE;24
8;6;2261;BELLE BORGES;PL;SUPLENTE;49
9;6;2261;BELLE BORGES;PL;SUPLENTE;112
10;6;2261;BELLE BORGES;PL;SUPLENTE;42
11;6;2261;BELLE BORGES;PL;SUPLENTE;63
13;6;2261;BELLE BORGES;PL;SUPLENTE;49
14;6;2261;BELLE BORGES;PL;SUPLENTE;124
15;6;2261;BELLE BORGES;PL;SUPLENTE;131
16;6;2261;BELLE BORGES;PL;SUPLENTE;65
17;6;2261;BELLE BORGES;PL;SUPLENTE;40
18;6;2261;BELLE BORGES;PL;SUPLENTE;67
19;6;2261;BELLE BORGES;PL;SUPLENTE;39
20;6;2261;BELLE BORGES;PL;SUPLENTE;20
21;6;2261;BELLE BORGES;PL;SUPLENTE;48
1;6;2300;MARCILENE LIMA;CIDADANIA;NÃO ELEITO;1
2;6;2300;MARCILENE LIMA;CIDADANIA;NÃO ELEITO;3
3;6;2300;MARCILENE LIMA;CIDADANIA;NÃO ELEITO;5
4;6;2300;MARCILENE LIMA;CIDADANIA;NÃO ELEITO;2
5;6;2300;MARCILENE LIMA;CIDADANIA;NÃO ELEITO;5
6;6;2300;MARCILENE LIMA;CIDADANIA;NÃO ELEITO;7
8;6;2300;MARCILENE LIMA;CIDADANIA;NÃO ELEITO;16
9;6;2300;MARCILENE LIMA;CIDADANIA;NÃO ELEITO;7
10;6;2300;MARCILENE LIMA;CIDADANIA;NÃO ELEITO;8
11;6;2300;MARCILENE LIMA;CIDADANIA;NÃO ELEITO;3
13;6;2300;MARCILENE LIMA;CIDADANIA;NÃO ELEITO;10
14;6;2300;MARCILENE LIMA;CIDADANIA;NÃO ELEITO;3
15;6;2300;MARCILENE LIMA;CIDADANIA;NÃO ELEITO;3
16;6;2300;MARCILENE LIMA;CIDADANIA;NÃO ELEITO;138
17;6;2300;MARCILENE LIMA;CIDADANIA;NÃO ELEITO;8
18;6;2300;MARCILENE LIMA;CIDADANIA;NÃO ELEITO;2
19;6;2300;MARCILENE LIMA;CIDADANIA;NÃO ELEITO;17
20;6;2300;MARCILENE LIMA;CIDADANIA;NÃO ELEITO;7
21;6;2300;MARCILENE LIMA;CIDADANIA;NÃO ELEITO;6
1;6;2311;LEANDRO LIRA;CIDADANIA;NÃO ELEITO;17
2;6;2311;LEANDRO LIRA;CIDADANIA;NÃO ELEITO;14
3;6;2311;LEANDRO LIRA;CIDADANIA;NÃO ELEITO;7
4;6;2311;LEANDRO LIRA;CIDADANIA;NÃO ELEITO;10
5;6;2311;LEANDRO LIRA;CIDADANIA;NÃO ELEITO;8
6;6;2311;LEANDRO LIRA;CIDADANIA;NÃO ELEITO;26
8;6;2311;LEANDRO LIRA;CIDADANIA;NÃO ELEITO;18
9;6;2311;LEANDRO LIRA;CIDADANIA;NÃO ELEITO;84
10;6;2311;LEANDRO LIRA;CIDADANIA;NÃO ELEITO;12
11;6;2311;LEANDRO LIRA;CIDADANIA;NÃO ELEITO;30
13;6;2311;LEANDRO LIRA;CIDADANIA;NÃO ELEITO;5
14;6;2311;LEANDRO LIRA;CIDADANIA;NÃO ELEITO;30
15;6;2311;LEANDRO LIRA;CIDADANIA;NÃO ELEITO;47
16;6;2311;LEANDRO LIRA;CIDADANIA;NÃO ELEITO;12
17;6;2311;LEANDRO LIRA;CIDADANIA;NÃO ELEITO;14
18;6;2311;LEANDRO LIRA;CIDADANIA;NÃO ELEITO;22
19;6;2311;LEANDRO LIRA;CIDADANIA;NÃO ELEITO;17
20;6;2311;LEANDRO LIRA;CIDADANIA;NÃO ELEITO;3
21;6;2311;LEANDRO LIRA;CIDADANIA;NÃO ELEITO;6
1;6;2322;HOSANA DA HORTA GIRASSOL;CIDADANIA;NÃO ELEITO;4
2;6;2322;HOSANA DA HORTA GIRASSOL;CIDADANIA;NÃO ELEITO;19
3;6;2322;HOSANA DA HORTA GIRASSOL;CIDADANIA;NÃO ELEITO;6
4;6;2322;HOSANA DA HORTA GIRASSOL;CIDADANIA;NÃO ELEITO;13
5;6;2322;HOSANA DA HORTA GIRASSOL;CIDADANIA;NÃO ELEITO;7
6;6;2322;HOSANA DA HORTA GIRASSOL;CIDADANIA;NÃO ELEITO;4
8;6;2322;HOSANA DA HORTA GIRASSOL;CIDADANIA;NÃO ELEITO;8
9;6;2322;HOSANA DA HORTA GIRASSOL;CIDADANIA;NÃO ELEITO;9
10;6;2322;HOSANA DA HORTA GIRASSOL;CIDADANIA;NÃO ELEITO;13
11;6;2322;HOSANA DA HORTA GIRASSOL;CIDADANIA;NÃO ELEITO;4
13;6;2322;HOSANA DA HORTA GIRASSOL;CIDADANIA;NÃO ELEITO;8
14;6;2322;HOSANA DA HORTA GIRASSOL;CIDADANIA;NÃO ELEITO;9
15;6;2322;HOSANA DA HORTA GIRASSOL;CIDADANIA;NÃO ELEITO;25
16;6;2322;HOSANA DA HORTA GIRASSOL;CIDADANIA;NÃO ELEITO;31
17;6;2322;HOSANA DA HORTA GIRASSOL;CIDADANIA;NÃO ELEITO;8
18;6;2322;HOSANA DA HORTA GIRASSOL;CIDADANIA;NÃO ELEITO;248
19;6;2322;HOSANA DA HORTA GIRASSOL;CIDADANIA;NÃO ELEITO;8
20;6;2322;HOSANA DA HORTA GIRASSOL;CIDADANIA;NÃO ELEITO;2
21;6;2322;HOSANA DA HORTA GIRASSOL;CIDADANIA;NÃO ELEITO;4
1;6;2323;CHICO ANDRADE;CIDADANIA;NÃO ELEITO;44
2;6;2323;CHICO ANDRADE;CIDADANIA;NÃO ELEITO;39
3;6;2323;CHICO ANDRADE;CIDADANIA;NÃO ELEITO;11
4;6;2323;CHICO ANDRADE;CIDADANIA;NÃO ELEITO;16
5;6;2323;CHICO ANDRADE;CIDADANIA;NÃO ELEITO;34
6;6;2323;CHICO ANDRADE;CIDADANIA;NÃO ELEITO;9
8;6;2323;CHICO ANDRADE;CIDADANIA;NÃO ELEITO;23
9;6;2323;CHICO ANDRADE;CIDADANIA;NÃO ELEITO;150
10;6;2323;CHICO ANDRADE;CIDADANIA;NÃO ELEITO;81
11;6;2323;CHICO ANDRADE;CIDADANIA;NÃO ELEITO;38
13;6;2323;CHICO ANDRADE;CIDADANIA;NÃO ELEITO;23
14;6;2323;CHICO ANDRADE;CIDADANIA;NÃO ELEITO;48
15;6;2323;CHICO ANDRADE;CIDADANIA;NÃO ELEITO;225
16;6;2323;CHICO ANDRADE;CIDADANIA;NÃO ELEITO;42
17;6;2323;CHICO ANDRADE;CIDADANIA;NÃO ELEITO;30
18;6;2323;CHICO ANDRADE;CIDADANIA;NÃO ELEITO;27
19;6;2323;CHICO ANDRADE;CIDADANIA;NÃO ELEITO;50
20;6;2323;CHICO ANDRADE;CIDADANIA;NÃO ELEITO;10
21;6;2323;CHICO ANDRADE;CIDADANIA;NÃO ELEITO;16
1;6;2324;MARI VALENTIM;CIDADANIA;NÃO ELEITO;85
2;6;2324;MARI VALENTIM;CIDADANIA;NÃO ELEITO;51
3;6;2324;MARI VALENTIM;CIDADANIA;NÃO ELEITO;30
4;6;2324;MARI VALENTIM;CIDADANIA;NÃO ELEITO;13
5;6;2324;MARI VALENTIM;CIDADANIA;NÃO ELEITO;55
6;6;2324;MARI VALENTIM;CIDADANIA;NÃO ELEITO;26
8;6;2324;MARI VALENTIM;CIDADANIA;NÃO ELEITO;33
9;6;2324;MARI VALENTIM;CIDADANIA;NÃO ELEITO;137
10;6;2324;MARI VALENTIM;CIDADANIA;NÃO ELEITO;63
11;6;2324;MARI VALENTIM;CIDADANIA;NÃO ELEITO;83
13;6;2324;MARI VALENTIM;CIDADANIA;NÃO ELEITO;33
14;6;2324;MARI VALENTIM;CIDADANIA;NÃO ELEITO;128
15;6;2324;MARI VALENTIM;CIDADANIA;NÃO ELEITO;97
16;6;2324;MARI VALENTIM;CIDADANIA;NÃO ELEITO;27
17;6;2324;MARI VALENTIM;CIDADANIA;NÃO ELEITO;37
18;6;2324;MARI VALENTIM;CIDADANIA;NÃO ELEITO;71
19;6;2324;MARI VALENTIM;CIDADANIA;NÃO ELEITO;63
20;6;2324;MARI VALENTIM;CIDADANIA;NÃO ELEITO;12
21;6;2324;MARI VALENTIM;CIDADANIA;NÃO ELEITO;14
1;6;2325;LIDIANE MORAES;CIDADANIA;NÃO ELEITO;7
2;6;2325;LIDIANE MORAES;CIDADANIA;NÃO ELEITO;21
3;6;2325;LIDIANE MORAES;CIDADANIA;NÃO ELEITO;8
4;6;2325;LIDIANE MORAES;CIDADANIA;NÃO ELEITO;9
5;6;2325;LIDIANE MORAES;CIDADANIA;NÃO ELEITO;3
6;6;2325;LIDIANE MORAES;CIDADANIA;NÃO ELEITO;7
8;6;2325;LIDIANE MORAES;CIDADANIA;NÃO ELEITO;20
9;6;2325;LIDIANE MORAES;CIDADANIA;NÃO ELEITO;26
10;6;2325;LIDIANE MORAES;CIDADANIA;NÃO ELEITO;5
11;6;2325;LIDIANE MORAES;CIDADANIA;NÃO ELEITO;18
13;6;2325;LIDIANE MORAES;CIDADANIA;NÃO ELEITO;11
14;6;2325;LIDIANE MORAES;CIDADANIA;NÃO ELEITO;10
15;6;2325;LIDIANE MORAES;CIDADANIA;NÃO ELEITO;18
16;6;2325;LIDIANE MORAES;CIDADANIA;NÃO ELEITO;74
17;6;2325;LIDIANE MORAES;CIDADANIA;NÃO ELEITO;1
18;6;2325;LIDIANE MORAES;CIDADANIA;NÃO ELEITO;8
19;6;2325;LIDIANE MORAES;CIDADANIA;NÃO ELEITO;19
20;6;2325;LIDIANE MORAES;CIDADANIA;NÃO ELEITO;3
21;6;2325;LIDIANE MORAES;CIDADANIA;NÃO ELEITO;9
1;6;2700;PROF. LUCINEIDE;DC;NÃO ELEITO;0
2;6;2700;PROF. LUCINEIDE;DC;NÃO ELEITO;27
3;6;2700;PROF. LUCINEIDE;DC;NÃO ELEITO;8
4;6;2700;PROF. LUCINEIDE;DC;NÃO ELEITO;267
5;6;2700;PROF. LUCINEIDE;DC;NÃO ELEITO;6
6;6;2700;PROF. LUCINEIDE;DC;NÃO ELEITO;0
8;6;2700;PROF. LUCINEIDE;DC;NÃO ELEITO;12
9;6;2700;PROF. LUCINEIDE;DC;NÃO ELEITO;3
10;6;2700;PROF. LUCINEIDE;DC;NÃO ELEITO;8
11;6;2700;PROF. LUCINEIDE;DC;NÃO ELEITO;1
13;6;2700;PROF. LUCINEIDE;DC;NÃO ELEITO;8
14;6;2700;PROF. LUCINEIDE;DC;NÃO ELEITO;6
15;6;2700;PROF. LUCINEIDE;DC;NÃO ELEITO;5
16;6;2700;PROF. LUCINEIDE;DC;NÃO ELEITO;10
17;6;2700;PROF. LUCINEIDE;DC;NÃO ELEITO;110
18;6;2700;PROF. LUCINEIDE;DC;NÃO ELEITO;106
19;6;2700;PROF. LUCINEIDE;DC;NÃO ELEITO;7
20;6;2700;PROF. LUCINEIDE;DC;NÃO ELEITO;14
21;6;2700;PROF. LUCINEIDE;DC;NÃO ELEITO;13
1;6;2707;BISPA MAÉCE;DC;NÃO ELEITO;0
2;6;2707;BISPA MAÉCE;DC;NÃO ELEITO;2
3;6;2707;BISPA MAÉCE;DC;NÃO ELEITO;25
4;6;2707;BISPA MAÉCE;DC;NÃO ELEITO;6
5;6;2707;BISPA MAÉCE;DC;NÃO ELEITO;3
6;6;2707;BISPA MAÉCE;DC;NÃO ELEITO;1
8;6;2707;BISPA MAÉCE;DC;NÃO ELEITO;17
9;6;2707;BISPA MAÉCE;DC;NÃO ELEITO;1
10;6;2707;BISPA MAÉCE;DC;NÃO ELEITO;6
11;6;2707;BISPA MAÉCE;DC;NÃO ELEITO;1
13;6;2707;BISPA MAÉCE;DC;NÃO ELEITO;6
14;6;2707;BISPA MAÉCE;DC;NÃO ELEITO;2
15;6;2707;BISPA MAÉCE;DC;NÃO ELEITO;2
16;6;2707;BISPA MAÉCE;DC;NÃO ELEITO;14
17;6;2707;BISPA MAÉCE;DC;NÃO ELEITO;3
18;6;2707;BISPA MAÉCE;DC;NÃO ELEITO;2
19;6;2707;BISPA MAÉCE;DC;NÃO ELEITO;8
20;6;2707;BISPA MAÉCE;DC;NÃO ELEITO;5
21;6;2707;BISPA MAÉCE;DC;NÃO ELEITO;8
1;6;2717;SEBAH SANTANA;DC;NÃO ELEITO;2
2;6;2717;SEBAH SANTANA;DC;NÃO ELEITO;0
3;6;2717;SEBAH SANTANA;DC;NÃO ELEITO;24
4;6;2717;SEBAH SANTANA;DC;NÃO ELEITO;6
5;6;2717;SEBAH SANTANA;DC;NÃO ELEITO;5
6;6;2717;SEBAH SANTANA;DC;NÃO ELEITO;7
8;6;2717;SEBAH SANTANA;DC;NÃO ELEITO;72
9;6;2717;SEBAH SANTANA;DC;NÃO ELEITO;7
10;6;2717;SEBAH SANTANA;DC;NÃO ELEITO;17
11;6;2717;SEBAH SANTANA;DC;NÃO ELEITO;3
13;6;2717;SEBAH SANTANA;DC;NÃO ELEITO;34
14;6;2717;SEBAH SANTANA;DC;NÃO ELEITO;7
15;6;2717;SEBAH SANTANA;DC;NÃO ELEITO;17
16;6;2717;SEBAH SANTANA;DC;NÃO ELEITO;37
17;6;2717;SEBAH SANTANA;DC;NÃO ELEITO;20
18;6;2717;SEBAH SANTANA;DC;NÃO ELEITO;5
19;6;2717;SEBAH SANTANA;DC;NÃO ELEITO;30
20;6;2717;SEBAH SANTANA;DC;NÃO ELEITO;29
21;6;2717;SEBAH SANTANA;DC;NÃO ELEITO;17
1;6;2722;GONZAGA DA SAÚDE;DC;NÃO ELEITO;12
2;6;2722;GONZAGA DA SAÚDE;DC;NÃO ELEITO;11
3;6;2722;GONZAGA DA SAÚDE;DC;NÃO ELEITO;11
4;6;2722;GONZAGA DA SAÚDE;DC;NÃO ELEITO;18
5;6;2722;GONZAGA DA SAÚDE;DC;NÃO ELEITO;45
6;6;2722;GONZAGA DA SAÚDE;DC;NÃO ELEITO;18
8;6;2722;GONZAGA DA SAÚDE;DC;NÃO ELEITO;7
9;6;2722;GONZAGA DA SAÚDE;DC;NÃO ELEITO;23
10;6;2722;GONZAGA DA SAÚDE;DC;NÃO ELEITO;19
11;6;2722;GONZAGA DA SAÚDE;DC;NÃO ELEITO;9
13;6;2722;GONZAGA DA SAÚDE;DC;NÃO ELEITO;20
14;6;2722;GONZAGA DA SAÚDE;DC;NÃO ELEITO;9
15;6;2722;GONZAGA DA SAÚDE;DC;NÃO ELEITO;12
16;6;2722;GONZAGA DA SAÚDE;DC;NÃO ELEITO;14
17;6;2722;GONZAGA DA SAÚDE;DC;NÃO ELEITO;19
18;6;2722;GONZAGA DA SAÚDE;DC;NÃO ELEITO;26
19;6;2722;GONZAGA DA SAÚDE;DC;NÃO ELEITO;10
20;6;2722;GONZAGA DA SAÚDE;DC;NÃO ELEITO;30
21;6;2722;GONZAGA DA SAÚDE;DC;NÃO ELEITO;46
1;6;2727;OSCAR SILVA;DC;NÃO ELEITO;47
2;6;2727;OSCAR SILVA;DC;NÃO ELEITO;18
3;6;2727;OSCAR SILVA;DC;NÃO ELEITO;124
4;6;2727;OSCAR SILVA;DC;NÃO ELEITO;103
5;6;2727;OSCAR SILVA;DC;NÃO ELEITO;33
6;6;2727;OSCAR SILVA;DC;NÃO ELEITO;29
8;6;2727;OSCAR SILVA;DC;NÃO ELEITO;204
9;6;2727;OSCAR SILVA;DC;NÃO ELEITO;75
10;6;2727;OSCAR SILVA;DC;NÃO ELEITO;56
11;6;2727;OSCAR SILVA;DC;NÃO ELEITO;26
13;6;2727;OSCAR SILVA;DC;NÃO ELEITO;63
14;6;2727;OSCAR SILVA;DC;NÃO ELEITO;54
15;6;2727;OSCAR SILVA;DC;NÃO ELEITO;114
16;6;2727;OSCAR SILVA;DC;NÃO ELEITO;132
17;6;2727;OSCAR SILVA;DC;NÃO ELEITO;31
18;6;2727;OSCAR SILVA;DC;NÃO ELEITO;31
19;6;2727;OSCAR SILVA;DC;NÃO ELEITO;192
20;6;2727;OSCAR SILVA;DC;NÃO ELEITO;79
21;6;2727;OSCAR SILVA;DC;NÃO ELEITO;37
1;6;2733;CRISTIAN LIMA;DC;NÃO ELEITO;3
2;6;2733;CRISTIAN LIMA;DC;NÃO ELEITO;1
3;6;2733;CRISTIAN LIMA;DC;NÃO ELEITO;1
4;6;2733;CRISTIAN LIMA;DC;NÃO ELEITO;1
5;6;2733;CRISTIAN LIMA;DC;NÃO ELEITO;0
6;6;2733;CRISTIAN LIMA;DC;NÃO ELEITO;4
8;6;2733;CRISTIAN LIMA;DC;NÃO ELEITO;4
9;6;2733;CRISTIAN LIMA;DC;NÃO ELEITO;8
10;6;2733;CRISTIAN LIMA;DC;NÃO ELEITO;3
11;6;2733;CRISTIAN LIMA;DC;NÃO ELEITO;0
13;6;2733;CRISTIAN LIMA;DC;NÃO ELEITO;1
14;6;2733;CRISTIAN LIMA;DC;NÃO ELEITO;6
15;6;2733;CRISTIAN LIMA;DC;NÃO ELEITO;2
16;6;2733;CRISTIAN LIMA;DC;NÃO ELEITO;3
17;6;2733;CRISTIAN LIMA;DC;NÃO ELEITO;3
18;6;2733;CRISTIAN LIMA;DC;NÃO ELEITO;2
19;6;2733;CRISTIAN LIMA;DC;NÃO ELEITO;1
20;6;2733;CRISTIAN LIMA;DC;NÃO ELEITO;0
21;6;2733;CRISTIAN LIMA;DC;NÃO ELEITO;5
1;6;2772;SGT HENRIQUE;DC;NÃO ELEITO;2
2;6;2772;SGT HENRIQUE;DC;NÃO ELEITO;43
3;6;2772;SGT HENRIQUE;DC;NÃO ELEITO;5
4;6;2772;SGT HENRIQUE;DC;NÃO ELEITO;4
5;6;2772;SGT HENRIQUE;DC;NÃO ELEITO;110
6;6;2772;SGT HENRIQUE;DC;NÃO ELEITO;21
8;6;2772;SGT HENRIQUE;DC;NÃO ELEITO;9
9;6;2772;SGT HENRIQUE;DC;NÃO ELEITO;8
10;6;2772;SGT HENRIQUE;DC;NÃO ELEITO;6
11;6;2772;SGT HENRIQUE;DC;NÃO ELEITO;17
13;6;2772;SGT HENRIQUE;DC;NÃO ELEITO;5
14;6;2772;SGT HENRIQUE;DC;NÃO ELEITO;2
15;6;2772;SGT HENRIQUE;DC;NÃO ELEITO;11
16;6;2772;SGT HENRIQUE;DC;NÃO ELEITO;11
17;6;2772;SGT HENRIQUE;DC;NÃO ELEITO;3
18;6;2772;SGT HENRIQUE;DC;NÃO ELEITO;9
19;6;2772;SGT HENRIQUE;DC;NÃO ELEITO;3
20;6;2772;SGT HENRIQUE;DC;NÃO ELEITO;1
21;6;2772;SGT HENRIQUE;DC;NÃO ELEITO;4
1;6;2777;IVONE LOPES;DC;NÃO ELEITO;1
2;6;2777;IVONE LOPES;DC;NÃO ELEITO;1
3;6;2777;IVONE LOPES;DC;NÃO ELEITO;5
4;6;2777;IVONE LOPES;DC;NÃO ELEITO;0
5;6;2777;IVONE LOPES;DC;NÃO ELEITO;4
6;6;2777;IVONE LOPES;DC;NÃO ELEITO;1
8;6;2777;IVONE LOPES;DC;NÃO ELEITO;11
9;6;2777;IVONE LOPES;DC;NÃO ELEITO;4
10;6;2777;IVONE LOPES;DC;NÃO ELEITO;2
11;6;2777;IVONE LOPES;DC;NÃO ELEITO;1
13;6;2777;IVONE LOPES;DC;NÃO ELEITO;7
14;6;2777;IVONE LOPES;DC;NÃO ELEITO;3
15;6;2777;IVONE LOPES;DC;NÃO ELEITO;48
16;6;2777;IVONE LOPES;DC;NÃO ELEITO;9
17;6;2777;IVONE LOPES;DC;NÃO ELEITO;11
18;6;2777;IVONE LOPES;DC;NÃO ELEITO;4
19;6;2777;IVONE LOPES;DC;NÃO ELEITO;5
20;6;2777;IVONE LOPES;DC;NÃO ELEITO;2
21;6;2777;IVONE LOPES;DC;NÃO ELEITO;125
1;6;2799;MAJOR SOUZA;DC;NÃO ELEITO;7
2;6;2799;MAJOR SOUZA;DC;NÃO ELEITO;17
3;6;2799;MAJOR SOUZA;DC;NÃO ELEITO;20
4;6;2799;MAJOR SOUZA;DC;NÃO ELEITO;8
5;6;2799;MAJOR SOUZA;DC;NÃO ELEITO;18
6;6;2799;MAJOR SOUZA;DC;NÃO ELEITO;43
8;6;2799;MAJOR SOUZA;DC;NÃO ELEITO;23
9;6;2799;MAJOR SOUZA;DC;NÃO ELEITO;13
10;6;2799;MAJOR SOUZA;DC;NÃO ELEITO;10
11;6;2799;MAJOR SOUZA;DC;NÃO ELEITO;2
13;6;2799;MAJOR SOUZA;DC;NÃO ELEITO;8
14;6;2799;MAJOR SOUZA;DC;NÃO ELEITO;1
15;6;2799;MAJOR SOUZA;DC;NÃO ELEITO;8
16;6;2799;MAJOR SOUZA;DC;NÃO ELEITO;25
17;6;2799;MAJOR SOUZA;DC;NÃO ELEITO;8
18;6;2799;MAJOR SOUZA;DC;NÃO ELEITO;16
19;6;2799;MAJOR SOUZA;DC;NÃO ELEITO;27
20;6;2799;MAJOR SOUZA;DC;NÃO ELEITO;12
21;6;2799;MAJOR SOUZA;DC;NÃO ELEITO;8
1;6;2820;DOUTORA GRAÇAS;PRTB;NÃO ELEITO;7
2;6;2820;DOUTORA GRAÇAS;PRTB;NÃO ELEITO;9
3;6;2820;DOUTORA GRAÇAS;PRTB;NÃO ELEITO;8
4;6;2820;DOUTORA GRAÇAS;PRTB;NÃO ELEITO;9
5;6;2820;DOUTORA GRAÇAS;PRTB;NÃO ELEITO;16
6;6;2820;DOUTORA GRAÇAS;PRTB;NÃO ELEITO;2
8;6;2820;DOUTORA GRAÇAS;PRTB;NÃO ELEITO;17
9;6;2820;DOUTORA GRAÇAS;PRTB;NÃO ELEITO;20
10;6;2820;DOUTORA GRAÇAS;PRTB;NÃO ELEITO;12
11;6;2820;DOUTORA GRAÇAS;PRTB;NÃO ELEITO;9
13;6;2820;DOUTORA GRAÇAS;PRTB;NÃO ELEITO;8
14;6;2820;DOUTORA GRAÇAS;PRTB;NÃO ELEITO;24
15;6;2820;DOUTORA GRAÇAS;PRTB;NÃO ELEITO;8
16;6;2820;DOUTORA GRAÇAS;PRTB;NÃO ELEITO;18
17;6;2820;DOUTORA GRAÇAS;PRTB;NÃO ELEITO;18
18;6;2820;DOUTORA GRAÇAS;PRTB;NÃO ELEITO;12
19;6;2820;DOUTORA GRAÇAS;PRTB;NÃO ELEITO;11
20;6;2820;DOUTORA GRAÇAS;PRTB;NÃO ELEITO;7
21;6;2820;DOUTORA GRAÇAS;PRTB;NÃO ELEITO;5
1;6;2822;KOE KENDY;PRTB;NÃO ELEITO;3
2;6;2822;KOE KENDY;PRTB;NÃO ELEITO;4
3;6;2822;KOE KENDY;PRTB;NÃO ELEITO;5
4;6;2822;KOE KENDY;PRTB;NÃO ELEITO;7
5;6;2822;KOE KENDY;PRTB;NÃO ELEITO;2
6;6;2822;KOE KENDY;PRTB;NÃO ELEITO;4
8;6;2822;KOE KENDY;PRTB;NÃO ELEITO;1
9;6;2822;KOE KENDY;PRTB;NÃO ELEITO;9
10;6;2822;KOE KENDY;PRTB;NÃO ELEITO;3
11;6;2822;KOE KENDY;PRTB;NÃO ELEITO;4
13;6;2822;KOE KENDY;PRTB;NÃO ELEITO;6
14;6;2822;KOE KENDY;PRTB;NÃO ELEITO;9
15;6;2822;KOE KENDY;PRTB;NÃO ELEITO;9
16;6;2822;KOE KENDY;PRTB;NÃO ELEITO;0
17;6;2822;KOE KENDY;PRTB;NÃO ELEITO;1
18;6;2822;KOE KENDY;PRTB;NÃO ELEITO;4
19;6;2822;KOE KENDY;PRTB;NÃO ELEITO;0
20;6;2822;KOE KENDY;PRTB;NÃO ELEITO;2
21;6;2822;KOE KENDY;PRTB;NÃO ELEITO;4
1;6;2829;DILMAR CARVALHO;PRTB;NÃO ELEITO;4
2;6;2829;DILMAR CARVALHO;PRTB;NÃO ELEITO;0
3;6;2829;DILMAR CARVALHO;PRTB;NÃO ELEITO;63
4;6;2829;DILMAR CARVALHO;PRTB;NÃO ELEITO;0
5;6;2829;DILMAR CARVALHO;PRTB;NÃO ELEITO;4
6;6;2829;DILMAR CARVALHO;PRTB;NÃO ELEITO;2
8;6;2829;DILMAR CARVALHO;PRTB;NÃO ELEITO;14
9;6;2829;DILMAR CARVALHO;PRTB;NÃO ELEITO;3
10;6;2829;DILMAR CARVALHO;PRTB;NÃO ELEITO;2
11;6;2829;DILMAR CARVALHO;PRTB;NÃO ELEITO;1
13;6;2829;DILMAR CARVALHO;PRTB;NÃO ELEITO;2
14;6;2829;DILMAR CARVALHO;PRTB;NÃO ELEITO;0
15;6;2829;DILMAR CARVALHO;PRTB;NÃO ELEITO;9
16;6;2829;DILMAR CARVALHO;PRTB;NÃO ELEITO;3
17;6;2829;DILMAR CARVALHO;PRTB;NÃO ELEITO;8
18;6;2829;DILMAR CARVALHO;PRTB;NÃO ELEITO;0
19;6;2829;DILMAR CARVALHO;PRTB;NÃO ELEITO;4
20;6;2829;DILMAR CARVALHO;PRTB;NÃO ELEITO;2
21;6;2829;DILMAR CARVALHO;PRTB;NÃO ELEITO;1
1;6;2919;URIEL;PCO;NÃO ELEITO;3
2;6;2919;URIEL;PCO;NÃO ELEITO;8
3;6;2919;URIEL;PCO;NÃO ELEITO;0
4;6;2919;URIEL;PCO;NÃO ELEITO;1
5;6;2919;URIEL;PCO;NÃO ELEITO;3
6;6;2919;URIEL;PCO;NÃO ELEITO;2
8;6;2919;URIEL;PCO;NÃO ELEITO;3
9;6;2919;URIEL;PCO;NÃO ELEITO;2
10;6;2919;URIEL;PCO;NÃO ELEITO;2
11;6;2919;URIEL;PCO;NÃO ELEITO;3
13;6;2919;URIEL;PCO;NÃO ELEITO;1
14;6;2919;URIEL;PCO;NÃO ELEITO;12
15;6;2919;URIEL;PCO;NÃO ELEITO;1
16;6;2919;URIEL;PCO;NÃO ELEITO;0
17;6;2919;URIEL;PCO;NÃO ELEITO;2
18;6;2919;URIEL;PCO;NÃO ELEITO;2
19;6;2919;URIEL;PCO;NÃO ELEITO;3
20;6;2919;URIEL;PCO;NÃO ELEITO;2
21;6;2919;URIEL;PCO;NÃO ELEITO;0
1;6;2929;RICARDO MACHADO;PCO;NÃO ELEITO;9
2;6;2929;RICARDO MACHADO;PCO;NÃO ELEITO;6
3;6;2929;RICARDO MACHADO;PCO;NÃO ELEITO;2
4;6;2929;RICARDO MACHADO;PCO;NÃO ELEITO;3
5;6;2929;RICARDO MACHADO;PCO;NÃO ELEITO;2
6;6;2929;RICARDO MACHADO;PCO;NÃO ELEITO;11
8;6;2929;RICARDO MACHADO;PCO;NÃO ELEITO;7
9;6;2929;RICARDO MACHADO;PCO;NÃO ELEITO;7
10;6;2929;RICARDO MACHADO;PCO;NÃO ELEITO;7
11;6;2929;RICARDO MACHADO;PCO;NÃO ELEITO;4
13;6;2929;RICARDO MACHADO;PCO;NÃO ELEITO;8
14;6;2929;RICARDO MACHADO;PCO;NÃO ELEITO;18
15;6;2929;RICARDO MACHADO;PCO;NÃO ELEITO;8
16;6;2929;RICARDO MACHADO;PCO;NÃO ELEITO;1
17;6;2929;RICARDO MACHADO;PCO;NÃO ELEITO;2
18;6;2929;RICARDO MACHADO;PCO;NÃO ELEITO;14
19;6;2929;RICARDO MACHADO;PCO;NÃO ELEITO;3
20;6;2929;RICARDO MACHADO;PCO;NÃO ELEITO;1
21;6;2929;RICARDO MACHADO;PCO;NÃO ELEITO;5
1;6;2939;ANA SCHRAMM;PCO;NÃO ELEITO;4
2;6;2939;ANA SCHRAMM;PCO;NÃO ELEITO;5
3;6;2939;ANA SCHRAMM;PCO;NÃO ELEITO;0
4;6;2939;ANA SCHRAMM;PCO;NÃO ELEITO;5
5;6;2939;ANA SCHRAMM;PCO;NÃO ELEITO;9
6;6;2939;ANA SCHRAMM;PCO;NÃO ELEITO;11
8;6;2939;ANA SCHRAMM;PCO;NÃO ELEITO;5
9;6;2939;ANA SCHRAMM;PCO;NÃO ELEITO;4
10;6;2939;ANA SCHRAMM;PCO;NÃO ELEITO;9
11;6;2939;ANA SCHRAMM;PCO;NÃO ELEITO;5
13;6;2939;ANA SCHRAMM;PCO;NÃO ELEITO;5
14;6;2939;ANA SCHRAMM;PCO;NÃO ELEITO;7
15;6;2939;ANA SCHRAMM;PCO;NÃO ELEITO;15
16;6;2939;ANA SCHRAMM;PCO;NÃO ELEITO;7
17;6;2939;ANA SCHRAMM;PCO;NÃO ELEITO;7
18;6;2939;ANA SCHRAMM;PCO;NÃO ELEITO;6
19;6;2939;ANA SCHRAMM;PCO;NÃO ELEITO;2
20;6;2939;ANA SCHRAMM;PCO;NÃO ELEITO;4
21;6;2939;ANA SCHRAMM;PCO;NÃO ELEITO;3
1;6;2949;MARILIA VIEIRA;PCO;NÃO ELEITO;5
2;6;2949;MARILIA VIEIRA;PCO;NÃO ELEITO;4
3;6;2949;MARILIA VIEIRA;PCO;NÃO ELEITO;5
4;6;2949;MARILIA VIEIRA;PCO;NÃO ELEITO;1
5;6;2949;MARILIA VIEIRA;PCO;NÃO ELEITO;8
6;6;2949;MARILIA VIEIRA;PCO;NÃO ELEITO;4
8;6;2949;MARILIA VIEIRA;PCO;NÃO ELEITO;27
9;6;2949;MARILIA VIEIRA;PCO;NÃO ELEITO;5
10;6;2949;MARILIA VIEIRA;PCO;NÃO ELEITO;11
11;6;2949;MARILIA VIEIRA;PCO;NÃO ELEITO;5
13;6;2949;MARILIA VIEIRA;PCO;NÃO ELEITO;8
14;6;2949;MARILIA VIEIRA;PCO;NÃO ELEITO;3
15;6;2949;MARILIA VIEIRA;PCO;NÃO ELEITO;10
16;6;2949;MARILIA VIEIRA;PCO;NÃO ELEITO;15
17;6;2949;MARILIA VIEIRA;PCO;NÃO ELEITO;5
18;6;2949;MARILIA VIEIRA;PCO;NÃO ELEITO;6
19;6;2949;MARILIA VIEIRA;PCO;NÃO ELEITO;7
20;6;2949;MARILIA VIEIRA;PCO;NÃO ELEITO;3
21;6;2949;MARILIA VIEIRA;PCO;NÃO ELEITO;7
1;6;2999;IERI BRAGA;PCO;NÃO ELEITO;5
2;6;2999;IERI BRAGA;PCO;NÃO ELEITO;6
3;6;2999;IERI BRAGA;PCO;NÃO ELEITO;1
4;6;2999;IERI BRAGA;PCO;NÃO ELEITO;0
5;6;2999;IERI BRAGA;PCO;NÃO ELEITO;1
6;6;2999;IERI BRAGA;PCO;NÃO ELEITO;3
8;6;2999;IERI BRAGA;PCO;NÃO ELEITO;5
9;6;2999;IERI BRAGA;PCO;NÃO ELEITO;6
10;6;2999;IERI BRAGA;PCO;NÃO ELEITO;4
11;6;2999;IERI BRAGA;PCO;NÃO ELEITO;1
13;6;2999;IERI BRAGA;PCO;NÃO ELEITO;1
14;6;2999;IERI BRAGA;PCO;NÃO ELEITO;2
15;6;2999;IERI BRAGA;PCO;NÃO ELEITO;3
16;6;2999;IERI BRAGA;PCO;NÃO ELEITO;3
17;6;2999;IERI BRAGA;PCO;NÃO ELEITO;3
18;6;2999;IERI BRAGA;PCO;NÃO ELEITO;0
19;6;2999;IERI BRAGA;PCO;NÃO ELEITO;3
20;6;2999;IERI BRAGA;PCO;NÃO ELEITO;3
21;6;2999;IERI BRAGA;PCO;NÃO ELEITO;3
1;6;3000;PAULO ROQUE;NOVO;NÃO ELEITO;1778
2;6;3000;PAULO ROQUE;NOVO;NÃO ELEITO;1092
3;6;3000;PAULO ROQUE;NOVO;NÃO ELEITO;345
4;6;3000;PAULO ROQUE;NOVO;NÃO ELEITO;307
5;6;3000;PAULO ROQUE;NOVO;NÃO ELEITO;969
6;6;3000;PAULO ROQUE;NOVO;NÃO ELEITO;290
8;6;3000;PAULO ROQUE;NOVO;NÃO ELEITO;528
9;6;3000;PAULO ROQUE;NOVO;NÃO ELEITO;1116
10;6;3000;PAULO ROQUE;NOVO;NÃO ELEITO;1058
11;6;3000;PAULO ROQUE;NOVO;NÃO ELEITO;1786
13;6;3000;PAULO ROQUE;NOVO;NÃO ELEITO;503
14;6;3000;PAULO ROQUE;NOVO;NÃO ELEITO;2065
15;6;3000;PAULO ROQUE;NOVO;NÃO ELEITO;2078
16;6;3000;PAULO ROQUE;NOVO;NÃO ELEITO;607
17;6;3000;PAULO ROQUE;NOVO;NÃO ELEITO;409
18;6;3000;PAULO ROQUE;NOVO;NÃO ELEITO;2485
19;6;3000;PAULO ROQUE;NOVO;NÃO ELEITO;794
20;6;3000;PAULO ROQUE;NOVO;NÃO ELEITO;285
21;6;3000;PAULO ROQUE;NOVO;NÃO ELEITO;316
1;6;3001;NEY FERREIRA;NOVO;NÃO ELEITO;18
2;6;3001;NEY FERREIRA;NOVO;NÃO ELEITO;10
3;6;3001;NEY FERREIRA;NOVO;NÃO ELEITO;6
4;6;3001;NEY FERREIRA;NOVO;NÃO ELEITO;2
5;6;3001;NEY FERREIRA;NOVO;NÃO ELEITO;17
6;6;3001;NEY FERREIRA;NOVO;NÃO ELEITO;30
8;6;3001;NEY FERREIRA;NOVO;NÃO ELEITO;6
9;6;3001;NEY FERREIRA;NOVO;NÃO ELEITO;14
10;6;3001;NEY FERREIRA;NOVO;NÃO ELEITO;13
11;6;3001;NEY FERREIRA;NOVO;NÃO ELEITO;7
13;6;3001;NEY FERREIRA;NOVO;NÃO ELEITO;6
14;6;3001;NEY FERREIRA;NOVO;NÃO ELEITO;26
15;6;3001;NEY FERREIRA;NOVO;NÃO ELEITO;16
16;6;3001;NEY FERREIRA;NOVO;NÃO ELEITO;5
17;6;3001;NEY FERREIRA;NOVO;NÃO ELEITO;7
18;6;3001;NEY FERREIRA;NOVO;NÃO ELEITO;19
19;6;3001;NEY FERREIRA;NOVO;NÃO ELEITO;7
20;6;3001;NEY FERREIRA;NOVO;NÃO ELEITO;2
21;6;3001;NEY FERREIRA;NOVO;NÃO ELEITO;3
1;6;3020;VALTER SABOIA;NOVO;NÃO ELEITO;32
2;6;3020;VALTER SABOIA;NOVO;NÃO ELEITO;17
3;6;3020;VALTER SABOIA;NOVO;NÃO ELEITO;47
4;6;3020;VALTER SABOIA;NOVO;NÃO ELEITO;50
5;6;3020;VALTER SABOIA;NOVO;NÃO ELEITO;20
6;6;3020;VALTER SABOIA;NOVO;NÃO ELEITO;9
8;6;3020;VALTER SABOIA;NOVO;NÃO ELEITO;169
9;6;3020;VALTER SABOIA;NOVO;NÃO ELEITO;38
10;6;3020;VALTER SABOIA;NOVO;NÃO ELEITO;41
11;6;3020;VALTER SABOIA;NOVO;NÃO ELEITO;20
13;6;3020;VALTER SABOIA;NOVO;NÃO ELEITO;72
14;6;3020;VALTER SABOIA;NOVO;NÃO ELEITO;41
15;6;3020;VALTER SABOIA;NOVO;NÃO ELEITO;94
16;6;3020;VALTER SABOIA;NOVO;NÃO ELEITO;73
17;6;3020;VALTER SABOIA;NOVO;NÃO ELEITO;18
18;6;3020;VALTER SABOIA;NOVO;NÃO ELEITO;18
19;6;3020;VALTER SABOIA;NOVO;NÃO ELEITO;60
20;6;3020;VALTER SABOIA;NOVO;NÃO ELEITO;45
21;6;3020;VALTER SABOIA;NOVO;NÃO ELEITO;36
1;6;3030;RITA MASCARENHAS;NOVO;NÃO ELEITO;186
2;6;3030;RITA MASCARENHAS;NOVO;NÃO ELEITO;90
3;6;3030;RITA MASCARENHAS;NOVO;NÃO ELEITO;24
4;6;3030;RITA MASCARENHAS;NOVO;NÃO ELEITO;32
5;6;3030;RITA MASCARENHAS;NOVO;NÃO ELEITO;82
6;6;3030;RITA MASCARENHAS;NOVO;NÃO ELEITO;27
8;6;3030;RITA MASCARENHAS;NOVO;NÃO ELEITO;32
9;6;3030;RITA MASCARENHAS;NOVO;NÃO ELEITO;134
10;6;3030;RITA MASCARENHAS;NOVO;NÃO ELEITO;172
11;6;3030;RITA MASCARENHAS;NOVO;NÃO ELEITO;145
13;6;3030;RITA MASCARENHAS;NOVO;NÃO ELEITO;56
14;6;3030;RITA MASCARENHAS;NOVO;NÃO ELEITO;248
15;6;3030;RITA MASCARENHAS;NOVO;NÃO ELEITO;219
16;6;3030;RITA MASCARENHAS;NOVO;NÃO ELEITO;32
17;6;3030;RITA MASCARENHAS;NOVO;NÃO ELEITO;48
18;6;3030;RITA MASCARENHAS;NOVO;NÃO ELEITO;154
19;6;3030;RITA MASCARENHAS;NOVO;NÃO ELEITO;83
20;6;3030;RITA MASCARENHAS;NOVO;NÃO ELEITO;25
21;6;3030;RITA MASCARENHAS;NOVO;NÃO ELEITO;28
1;6;3033;NANA;NOVO;NÃO ELEITO;235
2;6;3033;NANA;NOVO;NÃO ELEITO;163
3;6;3033;NANA;NOVO;NÃO ELEITO;61
4;6;3033;NANA;NOVO;NÃO ELEITO;60
5;6;3033;NANA;NOVO;NÃO ELEITO;164
6;6;3033;NANA;NOVO;NÃO ELEITO;91
8;6;3033;NANA;NOVO;NÃO ELEITO;69
9;6;3033;NANA;NOVO;NÃO ELEITO;216
10;6;3033;NANA;NOVO;NÃO ELEITO;158
11;6;3033;NANA;NOVO;NÃO ELEITO;240
13;6;3033;NANA;NOVO;NÃO ELEITO;106
14;6;3033;NANA;NOVO;NÃO ELEITO;403
15;6;3033;NANA;NOVO;NÃO ELEITO;393
16;6;3033;NANA;NOVO;NÃO ELEITO;67
17;6;3033;NANA;NOVO;NÃO ELEITO;109
18;6;3033;NANA;NOVO;NÃO ELEITO;209
19;6;3033;NANA;NOVO;NÃO ELEITO;150
20;6;3033;NANA;NOVO;NÃO ELEITO;49
21;6;3033;NANA;NOVO;NÃO ELEITO;83
1;6;3066;JORGE RUIZ;NOVO;NÃO ELEITO;30
2;6;3066;JORGE RUIZ;NOVO;NÃO ELEITO;20
3;6;3066;JORGE RUIZ;NOVO;NÃO ELEITO;11
4;6;3066;JORGE RUIZ;NOVO;NÃO ELEITO;4
5;6;3066;JORGE RUIZ;NOVO;NÃO ELEITO;12
6;6;3066;JORGE RUIZ;NOVO;NÃO ELEITO;9
8;6;3066;JORGE RUIZ;NOVO;NÃO ELEITO;3
9;6;3066;JORGE RUIZ;NOVO;NÃO ELEITO;19
10;6;3066;JORGE RUIZ;NOVO;NÃO ELEITO;17
11;6;3066;JORGE RUIZ;NOVO;NÃO ELEITO;32
13;6;3066;JORGE RUIZ;NOVO;NÃO ELEITO;14
14;6;3066;JORGE RUIZ;NOVO;NÃO ELEITO;59
15;6;3066;JORGE RUIZ;NOVO;NÃO ELEITO;52
16;6;3066;JORGE RUIZ;NOVO;NÃO ELEITO;5
17;6;3066;JORGE RUIZ;NOVO;NÃO ELEITO;10
18;6;3066;JORGE RUIZ;NOVO;NÃO ELEITO;19
19;6;3066;JORGE RUIZ;NOVO;NÃO ELEITO;15
20;6;3066;JORGE RUIZ;NOVO;NÃO ELEITO;4
21;6;3066;JORGE RUIZ;NOVO;NÃO ELEITO;7
1;6;3300;D SOUSA;PMN;NÃO ELEITO;14
2;6;3300;D SOUSA;PMN;NÃO ELEITO;8
3;6;3300;D SOUSA;PMN;NÃO ELEITO;59
4;6;3300;D SOUSA;PMN;NÃO ELEITO;32
5;6;3300;D SOUSA;PMN;NÃO ELEITO;79
6;6;3300;D SOUSA;PMN;NÃO ELEITO;40
8;6;3300;D SOUSA;PMN;NÃO ELEITO;179
9;6;3300;D SOUSA;PMN;NÃO ELEITO;102
10;6;3300;D SOUSA;PMN;NÃO ELEITO;70
11;6;3300;D SOUSA;PMN;NÃO ELEITO;39
13;6;3300;D SOUSA;PMN;NÃO ELEITO;43
14;6;3300;D SOUSA;PMN;NÃO ELEITO;39
15;6;3300;D SOUSA;PMN;NÃO ELEITO;169
16;6;3300;D SOUSA;PMN;NÃO ELEITO;36
17;6;3300;D SOUSA;PMN;NÃO ELEITO;79
18;6;3300;D SOUSA;PMN;NÃO ELEITO;30
19;6;3300;D SOUSA;PMN;NÃO ELEITO;152
20;6;3300;D SOUSA;PMN;NÃO ELEITO;74
21;6;3300;D SOUSA;PMN;NÃO ELEITO;24
1;6;3310;SARGENTO MONICA VITORIA;PMN;NÃO ELEITO;5
2;6;3310;SARGENTO MONICA VITORIA;PMN;NÃO ELEITO;13
3;6;3310;SARGENTO MONICA VITORIA;PMN;NÃO ELEITO;34
4;6;3310;SARGENTO MONICA VITORIA;PMN;NÃO ELEITO;39
5;6;3310;SARGENTO MONICA VITORIA;PMN;NÃO ELEITO;16
6;6;3310;SARGENTO MONICA VITORIA;PMN;NÃO ELEITO;10
8;6;3310;SARGENTO MONICA VITORIA;PMN;NÃO ELEITO;141
9;6;3310;SARGENTO MONICA VITORIA;PMN;NÃO ELEITO;51
10;6;3310;SARGENTO MONICA VITORIA;PMN;NÃO ELEITO;116
11;6;3310;SARGENTO MONICA VITORIA;PMN;NÃO ELEITO;8
13;6;3310;SARGENTO MONICA VITORIA;PMN;NÃO ELEITO;99
14;6;3310;SARGENTO MONICA VITORIA;PMN;NÃO ELEITO;14
15;6;3310;SARGENTO MONICA VITORIA;PMN;NÃO ELEITO;25
16;6;3310;SARGENTO MONICA VITORIA;PMN;NÃO ELEITO;33
17;6;3310;SARGENTO MONICA VITORIA;PMN;NÃO ELEITO;39
18;6;3310;SARGENTO MONICA VITORIA;PMN;NÃO ELEITO;16
19;6;3310;SARGENTO MONICA VITORIA;PMN;NÃO ELEITO;59
20;6;3310;SARGENTO MONICA VITORIA;PMN;NÃO ELEITO;33
21;6;3310;SARGENTO MONICA VITORIA;PMN;NÃO ELEITO;28
1;6;3313;PROFESSOR JOÃO;PMN;NÃO ELEITO;0
2;6;3313;PROFESSOR JOÃO;PMN;NÃO ELEITO;11
3;6;3313;PROFESSOR JOÃO;PMN;NÃO ELEITO;0
4;6;3313;PROFESSOR JOÃO;PMN;NÃO ELEITO;5
5;6;3313;PROFESSOR JOÃO;PMN;NÃO ELEITO;13
6;6;3313;PROFESSOR JOÃO;PMN;NÃO ELEITO;362
8;6;3313;PROFESSOR JOÃO;PMN;NÃO ELEITO;2
9;6;3313;PROFESSOR JOÃO;PMN;NÃO ELEITO;3
10;6;3313;PROFESSOR JOÃO;PMN;NÃO ELEITO;2
11;6;3313;PROFESSOR JOÃO;PMN;NÃO ELEITO;4
13;6;3313;PROFESSOR JOÃO;PMN;NÃO ELEITO;1
14;6;3313;PROFESSOR JOÃO;PMN;NÃO ELEITO;3
15;6;3313;PROFESSOR JOÃO;PMN;NÃO ELEITO;4
16;6;3313;PROFESSOR JOÃO;PMN;NÃO ELEITO;1
17;6;3313;PROFESSOR JOÃO;PMN;NÃO ELEITO;2
18;6;3313;PROFESSOR JOÃO;PMN;NÃO ELEITO;9
19;6;3313;PROFESSOR JOÃO;PMN;NÃO ELEITO;4
20;6;3313;PROFESSOR JOÃO;PMN;NÃO ELEITO;1
21;6;3313;PROFESSOR JOÃO;PMN;NÃO ELEITO;1
1;6;3322;TÁCIO ROGÉRIO DOS ANIMAIS;PMN;NÃO ELEITO;7
2;6;3322;TÁCIO ROGÉRIO DOS ANIMAIS;PMN;NÃO ELEITO;66
3;6;3322;TÁCIO ROGÉRIO DOS ANIMAIS;PMN;NÃO ELEITO;25
4;6;3322;TÁCIO ROGÉRIO DOS ANIMAIS;PMN;NÃO ELEITO;7
5;6;3322;TÁCIO ROGÉRIO DOS ANIMAIS;PMN;NÃO ELEITO;19
6;6;3322;TÁCIO ROGÉRIO DOS ANIMAIS;PMN;NÃO ELEITO;16
8;6;3322;TÁCIO ROGÉRIO DOS ANIMAIS;PMN;NÃO ELEITO;101
9;6;3322;TÁCIO ROGÉRIO DOS ANIMAIS;PMN;NÃO ELEITO;25
10;6;3322;TÁCIO ROGÉRIO DOS ANIMAIS;PMN;NÃO ELEITO;28
11;6;3322;TÁCIO ROGÉRIO DOS ANIMAIS;PMN;NÃO ELEITO;2
13;6;3322;TÁCIO ROGÉRIO DOS ANIMAIS;PMN;NÃO ELEITO;50
14;6;3322;TÁCIO ROGÉRIO DOS ANIMAIS;PMN;NÃO ELEITO;1
15;6;3322;TÁCIO ROGÉRIO DOS ANIMAIS;PMN;NÃO ELEITO;38
16;6;3322;TÁCIO ROGÉRIO DOS ANIMAIS;PMN;NÃO ELEITO;54
17;6;3322;TÁCIO ROGÉRIO DOS ANIMAIS;PMN;NÃO ELEITO;12
18;6;3322;TÁCIO ROGÉRIO DOS ANIMAIS;PMN;NÃO ELEITO;20
19;6;3322;TÁCIO ROGÉRIO DOS ANIMAIS;PMN;NÃO ELEITO;31
20;6;3322;TÁCIO ROGÉRIO DOS ANIMAIS;PMN;NÃO ELEITO;383
21;6;3322;TÁCIO ROGÉRIO DOS ANIMAIS;PMN;NÃO ELEITO;41
1;6;3326;PROFESSOR NIVALDO;PMN;NÃO ELEITO;20
2;6;3326;PROFESSOR NIVALDO;PMN;NÃO ELEITO;7
3;6;3326;PROFESSOR NIVALDO;PMN;NÃO ELEITO;70
4;6;3326;PROFESSOR NIVALDO;PMN;NÃO ELEITO;7
5;6;3326;PROFESSOR NIVALDO;PMN;NÃO ELEITO;16
6;6;3326;PROFESSOR NIVALDO;PMN;NÃO ELEITO;7
8;6;3326;PROFESSOR NIVALDO;PMN;NÃO ELEITO;8
9;6;3326;PROFESSOR NIVALDO;PMN;NÃO ELEITO;47
10;6;3326;PROFESSOR NIVALDO;PMN;NÃO ELEITO;15
11;6;3326;PROFESSOR NIVALDO;PMN;NÃO ELEITO;14
13;6;3326;PROFESSOR NIVALDO;PMN;NÃO ELEITO;17
14;6;3326;PROFESSOR NIVALDO;PMN;NÃO ELEITO;28
15;6;3326;PROFESSOR NIVALDO;PMN;NÃO ELEITO;30
16;6;3326;PROFESSOR NIVALDO;PMN;NÃO ELEITO;25
17;6;3326;PROFESSOR NIVALDO;PMN;NÃO ELEITO;6
18;6;3326;PROFESSOR NIVALDO;PMN;NÃO ELEITO;10
19;6;3326;PROFESSOR NIVALDO;PMN;NÃO ELEITO;88
20;6;3326;PROFESSOR NIVALDO;PMN;NÃO ELEITO;8
21;6;3326;PROFESSOR NIVALDO;PMN;NÃO ELEITO;8
1;6;3333;ADERIVALDO CARDOSO;PMN;NÃO ELEITO;45
2;6;3333;ADERIVALDO CARDOSO;PMN;NÃO ELEITO;29
3;6;3333;ADERIVALDO CARDOSO;PMN;NÃO ELEITO;56
4;6;3333;ADERIVALDO CARDOSO;PMN;NÃO ELEITO;27
5;6;3333;ADERIVALDO CARDOSO;PMN;NÃO ELEITO;34
6;6;3333;ADERIVALDO CARDOSO;PMN;NÃO ELEITO;50
8;6;3333;ADERIVALDO CARDOSO;PMN;NÃO ELEITO;81
9;6;3333;ADERIVALDO CARDOSO;PMN;NÃO ELEITO;60
10;6;3333;ADERIVALDO CARDOSO;PMN;NÃO ELEITO;301
11;6;3333;ADERIVALDO CARDOSO;PMN;NÃO ELEITO;22
13;6;3333;ADERIVALDO CARDOSO;PMN;NÃO ELEITO;55
14;6;3333;ADERIVALDO CARDOSO;PMN;NÃO ELEITO;26
15;6;3333;ADERIVALDO CARDOSO;PMN;NÃO ELEITO;136
16;6;3333;ADERIVALDO CARDOSO;PMN;NÃO ELEITO;88
17;6;3333;ADERIVALDO CARDOSO;PMN;NÃO ELEITO;45
18;6;3333;ADERIVALDO CARDOSO;PMN;NÃO ELEITO;29
19;6;3333;ADERIVALDO CARDOSO;PMN;NÃO ELEITO;109
20;6;3333;ADERIVALDO CARDOSO;PMN;NÃO ELEITO;73
21;6;3333;ADERIVALDO CARDOSO;PMN;NÃO ELEITO;189
1;6;3345;MARIA ROSA MARINO;PMN;NÃO ELEITO;54
2;6;3345;MARIA ROSA MARINO;PMN;NÃO ELEITO;52
3;6;3345;MARIA ROSA MARINO;PMN;NÃO ELEITO;25
4;6;3345;MARIA ROSA MARINO;PMN;NÃO ELEITO;44
5;6;3345;MARIA ROSA MARINO;PMN;NÃO ELEITO;57
6;6;3345;MARIA ROSA MARINO;PMN;NÃO ELEITO;18
8;6;3345;MARIA ROSA MARINO;PMN;NÃO ELEITO;38
9;6;3345;MARIA ROSA MARINO;PMN;NÃO ELEITO;82
10;6;3345;MARIA ROSA MARINO;PMN;NÃO ELEITO;76
11;6;3345;MARIA ROSA MARINO;PMN;NÃO ELEITO;69
13;6;3345;MARIA ROSA MARINO;PMN;NÃO ELEITO;32
14;6;3345;MARIA ROSA MARINO;PMN;NÃO ELEITO;96
15;6;3345;MARIA ROSA MARINO;PMN;NÃO ELEITO;173
16;6;3345;MARIA ROSA MARINO;PMN;NÃO ELEITO;54
17;6;3345;MARIA ROSA MARINO;PMN;NÃO ELEITO;127
18;6;3345;MARIA ROSA MARINO;PMN;NÃO ELEITO;64
19;6;3345;MARIA ROSA MARINO;PMN;NÃO ELEITO;50
20;6;3345;MARIA ROSA MARINO;PMN;NÃO ELEITO;25
21;6;3345;MARIA ROSA MARINO;PMN;NÃO ELEITO;36
1;6;3361;CLEUSA VASCONCELOS;PMN;NÃO ELEITO;5
2;6;3361;CLEUSA VASCONCELOS;PMN;NÃO ELEITO;8
3;6;3361;CLEUSA VASCONCELOS;PMN;NÃO ELEITO;8
4;6;3361;CLEUSA VASCONCELOS;PMN;NÃO ELEITO;5
5;6;3361;CLEUSA VASCONCELOS;PMN;NÃO ELEITO;8
6;6;3361;CLEUSA VASCONCELOS;PMN;NÃO ELEITO;12
8;6;3361;CLEUSA VASCONCELOS;PMN;NÃO ELEITO;18
9;6;3361;CLEUSA VASCONCELOS;PMN;NÃO ELEITO;18
10;6;3361;CLEUSA VASCONCELOS;PMN;NÃO ELEITO;5
11;6;3361;CLEUSA VASCONCELOS;PMN;NÃO ELEITO;9
13;6;3361;CLEUSA VASCONCELOS;PMN;NÃO ELEITO;6
14;6;3361;CLEUSA VASCONCELOS;PMN;NÃO ELEITO;13
15;6;3361;CLEUSA VASCONCELOS;PMN;NÃO ELEITO;10
16;6;3361;CLEUSA VASCONCELOS;PMN;NÃO ELEITO;8
17;6;3361;CLEUSA VASCONCELOS;PMN;NÃO ELEITO;3
18;6;3361;CLEUSA VASCONCELOS;PMN;NÃO ELEITO;10
19;6;3361;CLEUSA VASCONCELOS;PMN;NÃO ELEITO;14
20;6;3361;CLEUSA VASCONCELOS;PMN;NÃO ELEITO;6
21;6;3361;CLEUSA VASCONCELOS;PMN;NÃO ELEITO;8
1;6;3377;ANA CHACEL;PMN;NÃO ELEITO;14
2;6;3377;ANA CHACEL;PMN;NÃO ELEITO;16
3;6;3377;ANA CHACEL;PMN;NÃO ELEITO;1
4;6;3377;ANA CHACEL;PMN;NÃO ELEITO;2
5;6;3377;ANA CHACEL;PMN;NÃO ELEITO;13
6;6;3377;ANA CHACEL;PMN;NÃO ELEITO;10
8;6;3377;ANA CHACEL;PMN;NÃO ELEITO;1
9;6;3377;ANA CHACEL;PMN;NÃO ELEITO;9
10;6;3377;ANA CHACEL;PMN;NÃO ELEITO;8
11;6;3377;ANA CHACEL;PMN;NÃO ELEITO;8
13;6;3377;ANA CHACEL;PMN;NÃO ELEITO;6
14;6;3377;ANA CHACEL;PMN;NÃO ELEITO;19
15;6;3377;ANA CHACEL;PMN;NÃO ELEITO;11
16;6;3377;ANA CHACEL;PMN;NÃO ELEITO;10
17;6;3377;ANA CHACEL;PMN;NÃO ELEITO;2
18;6;3377;ANA CHACEL;PMN;NÃO ELEITO;10
19;6;3377;ANA CHACEL;PMN;NÃO ELEITO;14
20;6;3377;ANA CHACEL;PMN;NÃO ELEITO;1
21;6;3377;ANA CHACEL;PMN;NÃO ELEITO;5
1;6;3600;RAFAEL LOBO;AGIR;NÃO ELEITO;36
2;6;3600;RAFAEL LOBO;AGIR;NÃO ELEITO;70
3;6;3600;RAFAEL LOBO;AGIR;NÃO ELEITO;23
4;6;3600;RAFAEL LOBO;AGIR;NÃO ELEITO;49
5;6;3600;RAFAEL LOBO;AGIR;NÃO ELEITO;54
6;6;3600;RAFAEL LOBO;AGIR;NÃO ELEITO;41
8;6;3600;RAFAEL LOBO;AGIR;NÃO ELEITO;86
9;6;3600;RAFAEL LOBO;AGIR;NÃO ELEITO;69
10;6;3600;RAFAEL LOBO;AGIR;NÃO ELEITO;847
11;6;3600;RAFAEL LOBO;AGIR;NÃO ELEITO;46
13;6;3600;RAFAEL LOBO;AGIR;NÃO ELEITO;54
14;6;3600;RAFAEL LOBO;AGIR;NÃO ELEITO;31
15;6;3600;RAFAEL LOBO;AGIR;NÃO ELEITO;71
16;6;3600;RAFAEL LOBO;AGIR;NÃO ELEITO;38
17;6;3600;RAFAEL LOBO;AGIR;NÃO ELEITO;112
18;6;3600;RAFAEL LOBO;AGIR;NÃO ELEITO;48
19;6;3600;RAFAEL LOBO;AGIR;NÃO ELEITO;30
20;6;3600;RAFAEL LOBO;AGIR;NÃO ELEITO;33
21;6;3600;RAFAEL LOBO;AGIR;NÃO ELEITO;131
1;6;3622;EMY LEITÃO;AGIR;NÃO ELEITO;10
2;6;3622;EMY LEITÃO;AGIR;NÃO ELEITO;20
3;6;3622;EMY LEITÃO;AGIR;NÃO ELEITO;18
4;6;3622;EMY LEITÃO;AGIR;NÃO ELEITO;22
5;6;3622;EMY LEITÃO;AGIR;NÃO ELEITO;13
6;6;3622;EMY LEITÃO;AGIR;NÃO ELEITO;17
8;6;3622;EMY LEITÃO;AGIR;NÃO ELEITO;76
9;6;3622;EMY LEITÃO;AGIR;NÃO ELEITO;18
10;6;3622;EMY LEITÃO;AGIR;NÃO ELEITO;19
11;6;3622;EMY LEITÃO;AGIR;NÃO ELEITO;8
13;6;3622;EMY LEITÃO;AGIR;NÃO ELEITO;161
14;6;3622;EMY LEITÃO;AGIR;NÃO ELEITO;5
15;6;3622;EMY LEITÃO;AGIR;NÃO ELEITO;26
16;6;3622;EMY LEITÃO;AGIR;NÃO ELEITO;262
17;6;3622;EMY LEITÃO;AGIR;NÃO ELEITO;50
18;6;3622;EMY LEITÃO;AGIR;NÃO ELEITO;14
19;6;3622;EMY LEITÃO;AGIR;NÃO ELEITO;28
20;6;3622;EMY LEITÃO;AGIR;NÃO ELEITO;27
21;6;3622;EMY LEITÃO;AGIR;NÃO ELEITO;65
1;6;3633;DR DENTE;AGIR;NÃO ELEITO;12
2;6;3633;DR DENTE;AGIR;NÃO ELEITO;4
3;6;3633;DR DENTE;AGIR;NÃO ELEITO;10
4;6;3633;DR DENTE;AGIR;NÃO ELEITO;12
5;6;3633;DR DENTE;AGIR;NÃO ELEITO;8
6;6;3633;DR DENTE;AGIR;NÃO ELEITO;5
8;6;3633;DR DENTE;AGIR;NÃO ELEITO;8
9;6;3633;DR DENTE;AGIR;NÃO ELEITO;29
10;6;3633;DR DENTE;AGIR;NÃO ELEITO;25
11;6;3633;DR DENTE;AGIR;NÃO ELEITO;10
13;6;3633;DR DENTE;AGIR;NÃO ELEITO;72
14;6;3633;DR DENTE;AGIR;NÃO ELEITO;5
15;6;3633;DR DENTE;AGIR;NÃO ELEITO;57
16;6;3633;DR DENTE;AGIR;NÃO ELEITO;15
17;6;3633;DR DENTE;AGIR;NÃO ELEITO;15
18;6;3633;DR DENTE;AGIR;NÃO ELEITO;9
19;6;3633;DR DENTE;AGIR;NÃO ELEITO;30
20;6;3633;DR DENTE;AGIR;NÃO ELEITO;9
21;6;3633;DR DENTE;AGIR;NÃO ELEITO;18
1;6;3636;TENENTE FELIZARDO;AGIR;NÃO ELEITO;14
2;6;3636;TENENTE FELIZARDO;AGIR;NÃO ELEITO;5
3;6;3636;TENENTE FELIZARDO;AGIR;NÃO ELEITO;17
4;6;3636;TENENTE FELIZARDO;AGIR;NÃO ELEITO;60
5;6;3636;TENENTE FELIZARDO;AGIR;NÃO ELEITO;24
6;6;3636;TENENTE FELIZARDO;AGIR;NÃO ELEITO;20
8;6;3636;TENENTE FELIZARDO;AGIR;NÃO ELEITO;47
9;6;3636;TENENTE FELIZARDO;AGIR;NÃO ELEITO;25
10;6;3636;TENENTE FELIZARDO;AGIR;NÃO ELEITO;116
11;6;3636;TENENTE FELIZARDO;AGIR;NÃO ELEITO;9
13;6;3636;TENENTE FELIZARDO;AGIR;NÃO ELEITO;42
14;6;3636;TENENTE FELIZARDO;AGIR;NÃO ELEITO;6
15;6;3636;TENENTE FELIZARDO;AGIR;NÃO ELEITO;84
16;6;3636;TENENTE FELIZARDO;AGIR;NÃO ELEITO;18
17;6;3636;TENENTE FELIZARDO;AGIR;NÃO ELEITO;25
18;6;3636;TENENTE FELIZARDO;AGIR;NÃO ELEITO;7
19;6;3636;TENENTE FELIZARDO;AGIR;NÃO ELEITO;38
20;6;3636;TENENTE FELIZARDO;AGIR;NÃO ELEITO;25
21;6;3636;TENENTE FELIZARDO;AGIR;NÃO ELEITO;45
1;6;3669;PEDRA;AGIR;NÃO ELEITO;4
2;6;3669;PEDRA;AGIR;NÃO ELEITO;2
3;6;3669;PEDRA;AGIR;NÃO ELEITO;0
4;6;3669;PEDRA;AGIR;NÃO ELEITO;1
5;6;3669;PEDRA;AGIR;NÃO ELEITO;0
6;6;3669;PEDRA;AGIR;NÃO ELEITO;1
8;6;3669;PEDRA;AGIR;NÃO ELEITO;1
9;6;3669;PEDRA;AGIR;NÃO ELEITO;8
10;6;3669;PEDRA;AGIR;NÃO ELEITO;6
11;6;3669;PEDRA;AGIR;NÃO ELEITO;1
13;6;3669;PEDRA;AGIR;NÃO ELEITO;1
14;6;3669;PEDRA;AGIR;NÃO ELEITO;6
15;6;3669;PEDRA;AGIR;NÃO ELEITO;3
16;6;3669;PEDRA;AGIR;NÃO ELEITO;4
17;6;3669;PEDRA;AGIR;NÃO ELEITO;0
18;6;3669;PEDRA;AGIR;NÃO ELEITO;11
19;6;3669;PEDRA;AGIR;NÃO ELEITO;0
20;6;3669;PEDRA;AGIR;NÃO ELEITO;3
21;6;3669;PEDRA;AGIR;NÃO ELEITO;1
1;6;3677;SELMA DA CRIANÇA;AGIR;NÃO ELEITO;10
2;6;3677;SELMA DA CRIANÇA;AGIR;NÃO ELEITO;11
3;6;3677;SELMA DA CRIANÇA;AGIR;NÃO ELEITO;39
4;6;3677;SELMA DA CRIANÇA;AGIR;NÃO ELEITO;8
5;6;3677;SELMA DA CRIANÇA;AGIR;NÃO ELEITO;13
6;6;3677;SELMA DA CRIANÇA;AGIR;NÃO ELEITO;5
8;6;3677;SELMA DA CRIANÇA;AGIR;NÃO ELEITO;485
9;6;3677;SELMA DA CRIANÇA;AGIR;NÃO ELEITO;31
10;6;3677;SELMA DA CRIANÇA;AGIR;NÃO ELEITO;32
11;6;3677;SELMA DA CRIANÇA;AGIR;NÃO ELEITO;6
13;6;3677;SELMA DA CRIANÇA;AGIR;NÃO ELEITO;46
14;6;3677;SELMA DA CRIANÇA;AGIR;NÃO ELEITO;7
15;6;3677;SELMA DA CRIANÇA;AGIR;NÃO ELEITO;27
16;6;3677;SELMA DA CRIANÇA;AGIR;NÃO ELEITO;192
17;6;3677;SELMA DA CRIANÇA;AGIR;NÃO ELEITO;17
18;6;3677;SELMA DA CRIANÇA;AGIR;NÃO ELEITO;10
19;6;3677;SELMA DA CRIANÇA;AGIR;NÃO ELEITO;22
20;6;3677;SELMA DA CRIANÇA;AGIR;NÃO ELEITO;53
21;6;3677;SELMA DA CRIANÇA;AGIR;NÃO ELEITO;71
1;6;3688;ALEX DA SAÚDE;AGIR;NÃO ELEITO;10
2;6;3688;ALEX DA SAÚDE;AGIR;NÃO ELEITO;24
3;6;3688;ALEX DA SAÚDE;AGIR;NÃO ELEITO;37
4;6;3688;ALEX DA SAÚDE;AGIR;NÃO ELEITO;89
5;6;3688;ALEX DA SAÚDE;AGIR;NÃO ELEITO;36
6;6;3688;ALEX DA SAÚDE;AGIR;NÃO ELEITO;23
8;6;3688;ALEX DA SAÚDE;AGIR;NÃO ELEITO;50
9;6;3688;ALEX DA SAÚDE;AGIR;NÃO ELEITO;32
10;6;3688;ALEX DA SAÚDE;AGIR;NÃO ELEITO;46
11;6;3688;ALEX DA SAÚDE;AGIR;NÃO ELEITO;11
13;6;3688;ALEX DA SAÚDE;AGIR;NÃO ELEITO;91
14;6;3688;ALEX DA SAÚDE;AGIR;NÃO ELEITO;14
15;6;3688;ALEX DA SAÚDE;AGIR;NÃO ELEITO;60
16;6;3688;ALEX DA SAÚDE;AGIR;NÃO ELEITO;146
17;6;3688;ALEX DA SAÚDE;AGIR;NÃO ELEITO;45
18;6;3688;ALEX DA SAÚDE;AGIR;NÃO ELEITO;19
19;6;3688;ALEX DA SAÚDE;AGIR;NÃO ELEITO;52
20;6;3688;ALEX DA SAÚDE;AGIR;NÃO ELEITO;31
21;6;3688;ALEX DA SAÚDE;AGIR;NÃO ELEITO;50
1;6;3699;BRIGADEIRO ATILA MAIA;AGIR;NÃO ELEITO;30
2;6;3699;BRIGADEIRO ATILA MAIA;AGIR;NÃO ELEITO;28
3;6;3699;BRIGADEIRO ATILA MAIA;AGIR;NÃO ELEITO;9
4;6;3699;BRIGADEIRO ATILA MAIA;AGIR;NÃO ELEITO;14
5;6;3699;BRIGADEIRO ATILA MAIA;AGIR;NÃO ELEITO;25
6;6;3699;BRIGADEIRO ATILA MAIA;AGIR;NÃO ELEITO;10
8;6;3699;BRIGADEIRO ATILA MAIA;AGIR;NÃO ELEITO;10
9;6;3699;BRIGADEIRO ATILA MAIA;AGIR;NÃO ELEITO;34
10;6;3699;BRIGADEIRO ATILA MAIA;AGIR;NÃO ELEITO;27
11;6;3699;BRIGADEIRO ATILA MAIA;AGIR;NÃO ELEITO;19
13;6;3699;BRIGADEIRO ATILA MAIA;AGIR;NÃO ELEITO;10
14;6;3699;BRIGADEIRO ATILA MAIA;AGIR;NÃO ELEITO;20
15;6;3699;BRIGADEIRO ATILA MAIA;AGIR;NÃO ELEITO;33
16;6;3699;BRIGADEIRO ATILA MAIA;AGIR;NÃO ELEITO;15
17;6;3699;BRIGADEIRO ATILA MAIA;AGIR;NÃO ELEITO;14
18;6;3699;BRIGADEIRO ATILA MAIA;AGIR;NÃO ELEITO;37
19;6;3699;BRIGADEIRO ATILA MAIA;AGIR;NÃO ELEITO;24
20;6;3699;BRIGADEIRO ATILA MAIA;AGIR;NÃO ELEITO;5
21;6;3699;BRIGADEIRO ATILA MAIA;AGIR;NÃO ELEITO;13
1;6;4000;PAULA BENETT;PSB;SUPLENTE;51
2;6;4000;PAULA BENETT;PSB;SUPLENTE;74
3;6;4000;PAULA BENETT;PSB;SUPLENTE;29
4;6;4000;PAULA BENETT;PSB;SUPLENTE;36
5;6;4000;PAULA BENETT;PSB;SUPLENTE;147
6;6;4000;PAULA BENETT;PSB;SUPLENTE;92
8;6;4000;PAULA BENETT;PSB;SUPLENTE;50
9;6;4000;PAULA BENETT;PSB;SUPLENTE;90
10;6;4000;PAULA BENETT;PSB;SUPLENTE;331
11;6;4000;PAULA BENETT;PSB;SUPLENTE;41
13;6;4000;PAULA BENETT;PSB;SUPLENTE;65
14;6;4000;PAULA BENETT;PSB;SUPLENTE;97
15;6;4000;PAULA BENETT;PSB;SUPLENTE;132
16;6;4000;PAULA BENETT;PSB;SUPLENTE;69
17;6;4000;PAULA BENETT;PSB;SUPLENTE;45
18;6;4000;PAULA BENETT;PSB;SUPLENTE;88
19;6;4000;PAULA BENETT;PSB;SUPLENTE;45
20;6;4000;PAULA BENETT;PSB;SUPLENTE;52
21;6;4000;PAULA BENETT;PSB;SUPLENTE;55
1;6;4017;JAPÃO VIELA;PSB;SUPLENTE;79
2;6;4017;JAPÃO VIELA;PSB;SUPLENTE;123
3;6;4017;JAPÃO VIELA;PSB;SUPLENTE;259
4;6;4017;JAPÃO VIELA;PSB;SUPLENTE;207
5;6;4017;JAPÃO VIELA;PSB;SUPLENTE;113
6;6;4017;JAPÃO VIELA;PSB;SUPLENTE;69
8;6;4017;JAPÃO VIELA;PSB;SUPLENTE;859
9;6;4017;JAPÃO VIELA;PSB;SUPLENTE;255
10;6;4017;JAPÃO VIELA;PSB;SUPLENTE;217
11;6;4017;JAPÃO VIELA;PSB;SUPLENTE;104
13;6;4017;JAPÃO VIELA;PSB;SUPLENTE;325
14;6;4017;JAPÃO VIELA;PSB;SUPLENTE;110
15;6;4017;JAPÃO VIELA;PSB;SUPLENTE;250
16;6;4017;JAPÃO VIELA;PSB;SUPLENTE;1238
17;6;4017;JAPÃO VIELA;PSB;SUPLENTE;166
18;6;4017;JAPÃO VIELA;PSB;SUPLENTE;95
19;6;4017;JAPÃO VIELA;PSB;SUPLENTE;208
20;6;4017;JAPÃO VIELA;PSB;SUPLENTE;314
21;6;4017;JAPÃO VIELA;PSB;SUPLENTE;248
1;6;4022;MARCOS WESLEY;PSB;SUPLENTE;375
2;6;4022;MARCOS WESLEY;PSB;SUPLENTE;957
3;6;4022;MARCOS WESLEY;PSB;SUPLENTE;1318
4;6;4022;MARCOS WESLEY;PSB;SUPLENTE;1501
5;6;4022;MARCOS WESLEY;PSB;SUPLENTE;1746
6;6;4022;MARCOS WESLEY;PSB;SUPLENTE;1971
8;6;4022;MARCOS WESLEY;PSB;SUPLENTE;2102
9;6;4022;MARCOS WESLEY;PSB;SUPLENTE;1561
10;6;4022;MARCOS WESLEY;PSB;SUPLENTE;1638
11;6;4022;MARCOS WESLEY;PSB;SUPLENTE;681
13;6;4022;MARCOS WESLEY;PSB;SUPLENTE;2334
14;6;4022;MARCOS WESLEY;PSB;SUPLENTE;699
15;6;4022;MARCOS WESLEY;PSB;SUPLENTE;2557
16;6;4022;MARCOS WESLEY;PSB;SUPLENTE;2315
17;6;4022;MARCOS WESLEY;PSB;SUPLENTE;2367
18;6;4022;MARCOS WESLEY;PSB;SUPLENTE;1067
19;6;4022;MARCOS WESLEY;PSB;SUPLENTE;1733
20;6;4022;MARCOS WESLEY;PSB;SUPLENTE;1333
21;6;4022;MARCOS WESLEY;PSB;SUPLENTE;1615
1;6;4040;RODRIGO ROLLEMBERG;PSB;ELEITO POR MÉDIA;4511
2;6;4040;RODRIGO ROLLEMBERG;PSB;ELEITO POR MÉDIA;3288
3;6;4040;RODRIGO ROLLEMBERG;PSB;ELEITO POR MÉDIA;1356
4;6;4040;RODRIGO ROLLEMBERG;PSB;ELEITO POR MÉDIA;1384
5;6;4040;RODRIGO ROLLEMBERG;PSB;ELEITO POR MÉDIA;3553
6;6;4040;RODRIGO ROLLEMBERG;PSB;ELEITO POR MÉDIA;2406
8;6;4040;RODRIGO ROLLEMBERG;PSB;ELEITO POR MÉDIA;2796
9;6;4040;RODRIGO ROLLEMBERG;PSB;ELEITO POR MÉDIA;3212
10;6;4040;RODRIGO ROLLEMBERG;PSB;ELEITO POR MÉDIA;2520
11;6;4040;RODRIGO ROLLEMBERG;PSB;ELEITO POR MÉDIA;3077
13;6;4040;RODRIGO ROLLEMBERG;PSB;ELEITO POR MÉDIA;1856
14;6;4040;RODRIGO ROLLEMBERG;PSB;ELEITO POR MÉDIA;5147
15;6;4040;RODRIGO ROLLEMBERG;PSB;ELEITO POR MÉDIA;3830
16;6;4040;RODRIGO ROLLEMBERG;PSB;ELEITO POR MÉDIA;2652
17;6;4040;RODRIGO ROLLEMBERG;PSB;ELEITO POR MÉDIA;1571
18;6;4040;RODRIGO ROLLEMBERG;PSB;ELEITO POR MÉDIA;3682
19;6;4040;RODRIGO ROLLEMBERG;PSB;ELEITO POR MÉDIA;1931
20;6;4040;RODRIGO ROLLEMBERG;PSB;ELEITO POR MÉDIA;2051
21;6;4040;RODRIGO ROLLEMBERG;PSB;ELEITO POR MÉDIA;1103
1;6;4044;ESTEVÃO LOPES;PSB;SUPLENTE;123
2;6;4044;ESTEVÃO LOPES;PSB;SUPLENTE;74
3;6;4044;ESTEVÃO LOPES;PSB;SUPLENTE;45
4;6;4044;ESTEVÃO LOPES;PSB;SUPLENTE;50
5;6;4044;ESTEVÃO LOPES;PSB;SUPLENTE;82
6;6;4044;ESTEVÃO LOPES;PSB;SUPLENTE;33
8;6;4044;ESTEVÃO LOPES;PSB;SUPLENTE;30
9;6;4044;ESTEVÃO LOPES;PSB;SUPLENTE;237
10;6;4044;ESTEVÃO LOPES;PSB;SUPLENTE;86
11;6;4044;ESTEVÃO LOPES;PSB;SUPLENTE;91
13;6;4044;ESTEVÃO LOPES;PSB;SUPLENTE;53
14;6;4044;ESTEVÃO LOPES;PSB;SUPLENTE;119
15;6;4044;ESTEVÃO LOPES;PSB;SUPLENTE;117
16;6;4044;ESTEVÃO LOPES;PSB;SUPLENTE;47
17;6;4044;ESTEVÃO LOPES;PSB;SUPLENTE;43
18;6;4044;ESTEVÃO LOPES;PSB;SUPLENTE;108
19;6;4044;ESTEVÃO LOPES;PSB;SUPLENTE;84
20;6;4044;ESTEVÃO LOPES;PSB;SUPLENTE;27
21;6;4044;ESTEVÃO LOPES;PSB;SUPLENTE;43
1;6;4050;LARISSA SCHMIDT;PSB;SUPLENTE;79
2;6;4050;LARISSA SCHMIDT;PSB;SUPLENTE;25
3;6;4050;LARISSA SCHMIDT;PSB;SUPLENTE;7
4;6;4050;LARISSA SCHMIDT;PSB;SUPLENTE;15
5;6;4050;LARISSA SCHMIDT;PSB;SUPLENTE;8
6;6;4050;LARISSA SCHMIDT;PSB;SUPLENTE;7
8;6;4050;LARISSA SCHMIDT;PSB;SUPLENTE;11
9;6;4050;LARISSA SCHMIDT;PSB;SUPLENTE;29
10;6;4050;LARISSA SCHMIDT;PSB;SUPLENTE;31
11;6;4050;LARISSA SCHMIDT;PSB;SUPLENTE;38
13;6;4050;LARISSA SCHMIDT;PSB;SUPLENTE;13
14;6;4050;LARISSA SCHMIDT;PSB;SUPLENTE;80
15;6;4050;LARISSA SCHMIDT;PSB;SUPLENTE;53
16;6;4050;LARISSA SCHMIDT;PSB;SUPLENTE;21
17;6;4050;LARISSA SCHMIDT;PSB;SUPLENTE;14
18;6;4050;LARISSA SCHMIDT;PSB;SUPLENTE;138
19;6;4050;LARISSA SCHMIDT;PSB;SUPLENTE;20
20;6;4050;LARISSA SCHMIDT;PSB;SUPLENTE;12
21;6;4050;LARISSA SCHMIDT;PSB;SUPLENTE;10
1;6;4055;MÃE BAIANA;PSB;SUPLENTE;142
2;6;4055;MÃE BAIANA;PSB;SUPLENTE;273
3;6;4055;MÃE BAIANA;PSB;SUPLENTE;108
4;6;4055;MÃE BAIANA;PSB;SUPLENTE;107
5;6;4055;MÃE BAIANA;PSB;SUPLENTE;203
6;6;4055;MÃE BAIANA;PSB;SUPLENTE;146
8;6;4055;MÃE BAIANA;PSB;SUPLENTE;274
9;6;4055;MÃE BAIANA;PSB;SUPLENTE;256
10;6;4055;MÃE BAIANA;PSB;SUPLENTE;135
11;6;4055;MÃE BAIANA;PSB;SUPLENTE;104
13;6;4055;MÃE BAIANA;PSB;SUPLENTE;123
14;6;4055;MÃE BAIANA;PSB;SUPLENTE;193
15;6;4055;MÃE BAIANA;PSB;SUPLENTE;202
16;6;4055;MÃE BAIANA;PSB;SUPLENTE;165
17;6;4055;MÃE BAIANA;PSB;SUPLENTE;154
18;6;4055;MÃE BAIANA;PSB;SUPLENTE;122
19;6;4055;MÃE BAIANA;PSB;SUPLENTE;125
20;6;4055;MÃE BAIANA;PSB;SUPLENTE;124
21;6;4055;MÃE BAIANA;PSB;SUPLENTE;94
1;6;4067;PROFESSOR CRISTIANO;PSB;SUPLENTE;25
2;6;4067;PROFESSOR CRISTIANO;PSB;SUPLENTE;34
3;6;4067;PROFESSOR CRISTIANO;PSB;SUPLENTE;16
4;6;4067;PROFESSOR CRISTIANO;PSB;SUPLENTE;16
5;6;4067;PROFESSOR CRISTIANO;PSB;SUPLENTE;25
6;6;4067;PROFESSOR CRISTIANO;PSB;SUPLENTE;29
8;6;4067;PROFESSOR CRISTIANO;PSB;SUPLENTE;31
9;6;4067;PROFESSOR CRISTIANO;PSB;SUPLENTE;51
10;6;4067;PROFESSOR CRISTIANO;PSB;SUPLENTE;28
11;6;4067;PROFESSOR CRISTIANO;PSB;SUPLENTE;27
13;6;4067;PROFESSOR CRISTIANO;PSB;SUPLENTE;26
14;6;4067;PROFESSOR CRISTIANO;PSB;SUPLENTE;48
15;6;4067;PROFESSOR CRISTIANO;PSB;SUPLENTE;83
16;6;4067;PROFESSOR CRISTIANO;PSB;SUPLENTE;23
17;6;4067;PROFESSOR CRISTIANO;PSB;SUPLENTE;23
18;6;4067;PROFESSOR CRISTIANO;PSB;SUPLENTE;34
19;6;4067;PROFESSOR CRISTIANO;PSB;SUPLENTE;40
20;6;4067;PROFESSOR CRISTIANO;PSB;SUPLENTE;16
21;6;4067;PROFESSOR CRISTIANO;PSB;SUPLENTE;20
1;6;4077;PROFESSOR ISRAEL;PSB;SUPLENTE;1713
2;6;4077;PROFESSOR ISRAEL;PSB;SUPLENTE;1655
3;6;4077;PROFESSOR ISRAEL;PSB;SUPLENTE;1303
4;6;4077;PROFESSOR ISRAEL;PSB;SUPLENTE;2325
5;6;4077;PROFESSOR ISRAEL;PSB;SUPLENTE;2433
6;6;4077;PROFESSOR ISRAEL;PSB;SUPLENTE;1862
8;6;4077;PROFESSOR ISRAEL;PSB;SUPLENTE;1775
9;6;4077;PROFESSOR ISRAEL;PSB;SUPLENTE;2871
10;6;4077;PROFESSOR ISRAEL;PSB;SUPLENTE;2255
11;6;4077;PROFESSOR ISRAEL;PSB;SUPLENTE;1896
13;6;4077;PROFESSOR ISRAEL;PSB;SUPLENTE;2559
14;6;4077;PROFESSOR ISRAEL;PSB;SUPLENTE;2671
15;6;4077;PROFESSOR ISRAEL;PSB;SUPLENTE;3527
16;6;4077;PROFESSOR ISRAEL;PSB;SUPLENTE;2274
17;6;4077;PROFESSOR ISRAEL;PSB;SUPLENTE;2456
18;6;4077;PROFESSOR ISRAEL;PSB;SUPLENTE;2245
19;6;4077;PROFESSOR ISRAEL;PSB;SUPLENTE;2118
20;6;4077;PROFESSOR ISRAEL;PSB;SUPLENTE;1227
21;6;4077;PROFESSOR ISRAEL;PSB;SUPLENTE;1720
1;6;4321;LOUISE VERDE;PV;SUPLENTE;71
2;6;4321;LOUISE VERDE;PV;SUPLENTE;85
3;6;4321;LOUISE VERDE;PV;SUPLENTE;19
4;6;4321;LOUISE VERDE;PV;SUPLENTE;13
5;6;4321;LOUISE VERDE;PV;SUPLENTE;68
6;6;4321;LOUISE VERDE;PV;SUPLENTE;36
8;6;4321;LOUISE VERDE;PV;SUPLENTE;11
9;6;4321;LOUISE VERDE;PV;SUPLENTE;40
10;6;4321;LOUISE VERDE;PV;SUPLENTE;34
11;6;4321;LOUISE VERDE;PV;SUPLENTE;58
13;6;4321;LOUISE VERDE;PV;SUPLENTE;8
14;6;4321;LOUISE VERDE;PV;SUPLENTE;106
15;6;4321;LOUISE VERDE;PV;SUPLENTE;78
16;6;4321;LOUISE VERDE;PV;SUPLENTE;11
17;6;4321;LOUISE VERDE;PV;SUPLENTE;15
18;6;4321;LOUISE VERDE;PV;SUPLENTE;106
19;6;4321;LOUISE VERDE;PV;SUPLENTE;31
20;6;4321;LOUISE VERDE;PV;SUPLENTE;5
21;6;4321;LOUISE VERDE;PV;SUPLENTE;7
1;6;4343;PROFESSOR REGINALDO VERAS;PV;ELEITO POR MÉDIA;1194
2;6;4343;PROFESSOR REGINALDO VERAS;PV;ELEITO POR MÉDIA;1005
3;6;4343;PROFESSOR REGINALDO VERAS;PV;ELEITO POR MÉDIA;3383
4;6;4343;PROFESSOR REGINALDO VERAS;PV;ELEITO POR MÉDIA;1501
5;6;4343;PROFESSOR REGINALDO VERAS;PV;ELEITO POR MÉDIA;1505
6;6;4343;PROFESSOR REGINALDO VERAS;PV;ELEITO POR MÉDIA;1526
8;6;4343;PROFESSOR REGINALDO VERAS;PV;ELEITO POR MÉDIA;6855
9;6;4343;PROFESSOR REGINALDO VERAS;PV;ELEITO POR MÉDIA;2524
10;6;4343;PROFESSOR REGINALDO VERAS;PV;ELEITO POR MÉDIA;2259
11;6;4343;PROFESSOR REGINALDO VERAS;PV;ELEITO POR MÉDIA;1355
13;6;4343;PROFESSOR REGINALDO VERAS;PV;ELEITO POR MÉDIA;3336
14;6;4343;PROFESSOR REGINALDO VERAS;PV;ELEITO POR MÉDIA;1492
15;6;4343;PROFESSOR REGINALDO VERAS;PV;ELEITO POR MÉDIA;6587
16;6;4343;PROFESSOR REGINALDO VERAS;PV;ELEITO POR MÉDIA;5014
17;6;4343;PROFESSOR REGINALDO VERAS;PV;ELEITO POR MÉDIA;3279
18;6;4343;PROFESSOR REGINALDO VERAS;PV;ELEITO POR MÉDIA;1675
19;6;4343;PROFESSOR REGINALDO VERAS;PV;ELEITO POR MÉDIA;5184
20;6;4343;PROFESSOR REGINALDO VERAS;PV;ELEITO POR MÉDIA;2967
21;6;4343;PROFESSOR REGINALDO VERAS;PV;ELEITO POR MÉDIA;1916
1;6;4400;ELIANA PEDROSA;UNIÃO;NÃO ELEITO;269
2;6;4400;ELIANA PEDROSA;UNIÃO;NÃO ELEITO;2362
3;6;4400;ELIANA PEDROSA;UNIÃO;NÃO ELEITO;703
4;6;4400;ELIANA PEDROSA;UNIÃO;NÃO ELEITO;1629
5;6;4400;ELIANA PEDROSA;UNIÃO;NÃO ELEITO;2010
6;6;4400;ELIANA PEDROSA;UNIÃO;NÃO ELEITO;2615
8;6;4400;ELIANA PEDROSA;UNIÃO;NÃO ELEITO;1005
9;6;4400;ELIANA PEDROSA;UNIÃO;NÃO ELEITO;717
10;6;4400;ELIANA PEDROSA;UNIÃO;NÃO ELEITO;1221
11;6;4400;ELIANA PEDROSA;UNIÃO;NÃO ELEITO;313
13;6;4400;ELIANA PEDROSA;UNIÃO;NÃO ELEITO;1320
14;6;4400;ELIANA PEDROSA;UNIÃO;NÃO ELEITO;348
15;6;4400;ELIANA PEDROSA;UNIÃO;NÃO ELEITO;735
16;6;4400;ELIANA PEDROSA;UNIÃO;NÃO ELEITO;2302
17;6;4400;ELIANA PEDROSA;UNIÃO;NÃO ELEITO;1430
18;6;4400;ELIANA PEDROSA;UNIÃO;NÃO ELEITO;1804
19;6;4400;ELIANA PEDROSA;UNIÃO;NÃO ELEITO;593
20;6;4400;ELIANA PEDROSA;UNIÃO;NÃO ELEITO;982
21;6;4400;ELIANA PEDROSA;UNIÃO;NÃO ELEITO;1095
1;6;4401;RENILSON ROMA;UNIÃO;NÃO ELEITO;99
2;6;4401;RENILSON ROMA;UNIÃO;NÃO ELEITO;106
3;6;4401;RENILSON ROMA;UNIÃO;NÃO ELEITO;404
4;6;4401;RENILSON ROMA;UNIÃO;NÃO ELEITO;498
5;6;4401;RENILSON ROMA;UNIÃO;NÃO ELEITO;472
6;6;4401;RENILSON ROMA;UNIÃO;NÃO ELEITO;209
8;6;4401;RENILSON ROMA;UNIÃO;NÃO ELEITO;403
9;6;4401;RENILSON ROMA;UNIÃO;NÃO ELEITO;455
10;6;4401;RENILSON ROMA;UNIÃO;NÃO ELEITO;313
11;6;4401;RENILSON ROMA;UNIÃO;NÃO ELEITO;165
13;6;4401;RENILSON ROMA;UNIÃO;NÃO ELEITO;455
14;6;4401;RENILSON ROMA;UNIÃO;NÃO ELEITO;81
15;6;4401;RENILSON ROMA;UNIÃO;NÃO ELEITO;632
16;6;4401;RENILSON ROMA;UNIÃO;NÃO ELEITO;415
17;6;4401;RENILSON ROMA;UNIÃO;NÃO ELEITO;1210
18;6;4401;RENILSON ROMA;UNIÃO;NÃO ELEITO;124
19;6;4401;RENILSON ROMA;UNIÃO;NÃO ELEITO;548
20;6;4401;RENILSON ROMA;UNIÃO;NÃO ELEITO;299
21;6;4401;RENILSON ROMA;UNIÃO;NÃO ELEITO;241
1;6;4411;FLÁVIO WERNECK;UNIÃO;NÃO ELEITO;238
2;6;4411;FLÁVIO WERNECK;UNIÃO;NÃO ELEITO;301
3;6;4411;FLÁVIO WERNECK;UNIÃO;NÃO ELEITO;94
4;6;4411;FLÁVIO WERNECK;UNIÃO;NÃO ELEITO;260
5;6;4411;FLÁVIO WERNECK;UNIÃO;NÃO ELEITO;342
6;6;4411;FLÁVIO WERNECK;UNIÃO;NÃO ELEITO;370
8;6;4411;FLÁVIO WERNECK;UNIÃO;NÃO ELEITO;208
9;6;4411;FLÁVIO WERNECK;UNIÃO;NÃO ELEITO;301
10;6;4411;FLÁVIO WERNECK;UNIÃO;NÃO ELEITO;197
11;6;4411;FLÁVIO WERNECK;UNIÃO;NÃO ELEITO;221
13;6;4411;FLÁVIO WERNECK;UNIÃO;NÃO ELEITO;193
14;6;4411;FLÁVIO WERNECK;UNIÃO;NÃO ELEITO;230
15;6;4411;FLÁVIO WERNECK;UNIÃO;NÃO ELEITO;376
16;6;4411;FLÁVIO WERNECK;UNIÃO;NÃO ELEITO;209
17;6;4411;FLÁVIO WERNECK;UNIÃO;NÃO ELEITO;152
18;6;4411;FLÁVIO WERNECK;UNIÃO;NÃO ELEITO;648
19;6;4411;FLÁVIO WERNECK;UNIÃO;NÃO ELEITO;157
20;6;4411;FLÁVIO WERNECK;UNIÃO;NÃO ELEITO;85
21;6;4411;FLÁVIO WERNECK;UNIÃO;NÃO ELEITO;134
1;6;4422;FADI FARAJ;UNIÃO;NÃO ELEITO;210
2;6;4422;FADI FARAJ;UNIÃO;NÃO ELEITO;544
3;6;4422;FADI FARAJ;UNIÃO;NÃO ELEITO;1140
4;6;4422;FADI FARAJ;UNIÃO;NÃO ELEITO;551
5;6;4422;FADI FARAJ;UNIÃO;NÃO ELEITO;432
6;6;4422;FADI FARAJ;UNIÃO;NÃO ELEITO;792
8;6;4422;FADI FARAJ;UNIÃO;NÃO ELEITO;1181
9;6;4422;FADI FARAJ;UNIÃO;NÃO ELEITO;613
10;6;4422;FADI FARAJ;UNIÃO;NÃO ELEITO;617
11;6;4422;FADI FARAJ;UNIÃO;NÃO ELEITO;259
13;6;4422;FADI FARAJ;UNIÃO;NÃO ELEITO;1208
14;6;4422;FADI FARAJ;UNIÃO;NÃO ELEITO;320
15;6;4422;FADI FARAJ;UNIÃO;NÃO ELEITO;1078
16;6;4422;FADI FARAJ;UNIÃO;NÃO ELEITO;1372
17;6;4422;FADI FARAJ;UNIÃO;NÃO ELEITO;685
18;6;4422;FADI FARAJ;UNIÃO;NÃO ELEITO;746
19;6;4422;FADI FARAJ;UNIÃO;NÃO ELEITO;1028
20;6;4422;FADI FARAJ;UNIÃO;NÃO ELEITO;827
21;6;4422;FADI FARAJ;UNIÃO;NÃO ELEITO;1067
1;6;4433;ELISEU KADESH;UNIÃO;NÃO ELEITO;101
2;6;4433;ELISEU KADESH;UNIÃO;NÃO ELEITO;105
3;6;4433;ELISEU KADESH;UNIÃO;NÃO ELEITO;132
4;6;4433;ELISEU KADESH;UNIÃO;NÃO ELEITO;102
5;6;4433;ELISEU KADESH;UNIÃO;NÃO ELEITO;127
6;6;4433;ELISEU KADESH;UNIÃO;NÃO ELEITO;70
8;6;4433;ELISEU KADESH;UNIÃO;NÃO ELEITO;168
9;6;4433;ELISEU KADESH;UNIÃO;NÃO ELEITO;174
10;6;4433;ELISEU KADESH;UNIÃO;NÃO ELEITO;172
11;6;4433;ELISEU KADESH;UNIÃO;NÃO ELEITO;142
13;6;4433;ELISEU KADESH;UNIÃO;NÃO ELEITO;441
14;6;4433;ELISEU KADESH;UNIÃO;NÃO ELEITO;133
15;6;4433;ELISEU KADESH;UNIÃO;NÃO ELEITO;372
16;6;4433;ELISEU KADESH;UNIÃO;NÃO ELEITO;149
17;6;4433;ELISEU KADESH;UNIÃO;NÃO ELEITO;164
18;6;4433;ELISEU KADESH;UNIÃO;NÃO ELEITO;101
19;6;4433;ELISEU KADESH;UNIÃO;NÃO ELEITO;345
20;6;4433;ELISEU KADESH;UNIÃO;NÃO ELEITO;87
21;6;4433;ELISEU KADESH;UNIÃO;NÃO ELEITO;168
1;6;4440;MARIA COSTA;UNIÃO;NÃO ELEITO;73
2;6;4440;MARIA COSTA;UNIÃO;NÃO ELEITO;92
3;6;4440;MARIA COSTA;UNIÃO;NÃO ELEITO;264
4;6;4440;MARIA COSTA;UNIÃO;NÃO ELEITO;232
5;6;4440;MARIA COSTA;UNIÃO;NÃO ELEITO;142
6;6;4440;MARIA COSTA;UNIÃO;NÃO ELEITO;119
8;6;4440;MARIA COSTA;UNIÃO;NÃO ELEITO;382
9;6;4440;MARIA COSTA;UNIÃO;NÃO ELEITO;266
10;6;4440;MARIA COSTA;UNIÃO;NÃO ELEITO;282
11;6;4440;MARIA COSTA;UNIÃO;NÃO ELEITO;109
13;6;4440;MARIA COSTA;UNIÃO;NÃO ELEITO;409
14;6;4440;MARIA COSTA;UNIÃO;NÃO ELEITO;77
15;6;4440;MARIA COSTA;UNIÃO;NÃO ELEITO;430
16;6;4440;MARIA COSTA;UNIÃO;NÃO ELEITO;983
17;6;4440;MARIA COSTA;UNIÃO;NÃO ELEITO;304
18;6;4440;MARIA COSTA;UNIÃO;NÃO ELEITO;180
19;6;4440;MARIA COSTA;UNIÃO;NÃO ELEITO;643
20;6;4440;MARIA COSTA;UNIÃO;NÃO ELEITO;258
21;6;4440;MARIA COSTA;UNIÃO;NÃO ELEITO;384
1;6;4444;RODRIGO TOTTI;UNIÃO;NÃO ELEITO;0
2;6;4444;RODRIGO TOTTI;UNIÃO;NÃO ELEITO;0
3;6;4444;RODRIGO TOTTI;UNIÃO;NÃO ELEITO;0
4;6;4444;RODRIGO TOTTI;UNIÃO;NÃO ELEITO;0
5;6;4444;RODRIGO TOTTI;UNIÃO;NÃO ELEITO;0
6;6;4444;RODRIGO TOTTI;UNIÃO;NÃO ELEITO;0
8;6;4444;RODRIGO TOTTI;UNIÃO;NÃO ELEITO;0
9;6;4444;RODRIGO TOTTI;UNIÃO;NÃO ELEITO;0
10;6;4444;RODRIGO TOTTI;UNIÃO;NÃO ELEITO;0
11;6;4444;RODRIGO TOTTI;UNIÃO;NÃO ELEITO;0
13;6;4444;RODRIGO TOTTI;UNIÃO;NÃO ELEITO;0
14;6;4444;RODRIGO TOTTI;UNIÃO;NÃO ELEITO;0
15;6;4444;RODRIGO TOTTI;UNIÃO;NÃO ELEITO;0
16;6;4444;RODRIGO TOTTI;UNIÃO;NÃO ELEITO;0
17;6;4444;RODRIGO TOTTI;UNIÃO;NÃO ELEITO;0
18;6;4444;RODRIGO TOTTI;UNIÃO;NÃO ELEITO;0
19;6;4444;RODRIGO TOTTI;UNIÃO;NÃO ELEITO;0
20;6;4444;RODRIGO TOTTI;UNIÃO;NÃO ELEITO;0
21;6;4444;RODRIGO TOTTI;UNIÃO;NÃO ELEITO;0
1;6;4445;DELEGADO SÉRGIO BAUTZER;UNIÃO;NÃO ELEITO;92
2;6;4445;DELEGADO SÉRGIO BAUTZER;UNIÃO;NÃO ELEITO;58
3;6;4445;DELEGADO SÉRGIO BAUTZER;UNIÃO;NÃO ELEITO;42
4;6;4445;DELEGADO SÉRGIO BAUTZER;UNIÃO;NÃO ELEITO;58
5;6;4445;DELEGADO SÉRGIO BAUTZER;UNIÃO;NÃO ELEITO;69
6;6;4445;DELEGADO SÉRGIO BAUTZER;UNIÃO;NÃO ELEITO;50
8;6;4445;DELEGADO SÉRGIO BAUTZER;UNIÃO;NÃO ELEITO;60
9;6;4445;DELEGADO SÉRGIO BAUTZER;UNIÃO;NÃO ELEITO;78
10;6;4445;DELEGADO SÉRGIO BAUTZER;UNIÃO;NÃO ELEITO;83
11;6;4445;DELEGADO SÉRGIO BAUTZER;UNIÃO;NÃO ELEITO;86
13;6;4445;DELEGADO SÉRGIO BAUTZER;UNIÃO;NÃO ELEITO;89
14;6;4445;DELEGADO SÉRGIO BAUTZER;UNIÃO;NÃO ELEITO;96
15;6;4445;DELEGADO SÉRGIO BAUTZER;UNIÃO;NÃO ELEITO;114
16;6;4445;DELEGADO SÉRGIO BAUTZER;UNIÃO;NÃO ELEITO;78
17;6;4445;DELEGADO SÉRGIO BAUTZER;UNIÃO;NÃO ELEITO;118
18;6;4445;DELEGADO SÉRGIO BAUTZER;UNIÃO;NÃO ELEITO;92
19;6;4445;DELEGADO SÉRGIO BAUTZER;UNIÃO;NÃO ELEITO;95
20;6;4445;DELEGADO SÉRGIO BAUTZER;UNIÃO;NÃO ELEITO;39
21;6;4445;DELEGADO SÉRGIO BAUTZER;UNIÃO;NÃO ELEITO;75
1;6;4455;JÚLIA LUCY;UNIÃO;NÃO ELEITO;1331
2;6;4455;JÚLIA LUCY;UNIÃO;NÃO ELEITO;942
3;6;4455;JÚLIA LUCY;UNIÃO;NÃO ELEITO;525
4;6;4455;JÚLIA LUCY;UNIÃO;NÃO ELEITO;546
5;6;4455;JÚLIA LUCY;UNIÃO;NÃO ELEITO;906
6;6;4455;JÚLIA LUCY;UNIÃO;NÃO ELEITO;669
8;6;4455;JÚLIA LUCY;UNIÃO;NÃO ELEITO;942
9;6;4455;JÚLIA LUCY;UNIÃO;NÃO ELEITO;1410
10;6;4455;JÚLIA LUCY;UNIÃO;NÃO ELEITO;1093
11;6;4455;JÚLIA LUCY;UNIÃO;NÃO ELEITO;1182
13;6;4455;JÚLIA LUCY;UNIÃO;NÃO ELEITO;824
14;6;4455;JÚLIA LUCY;UNIÃO;NÃO ELEITO;1662
15;6;4455;JÚLIA LUCY;UNIÃO;NÃO ELEITO;2469
16;6;4455;JÚLIA LUCY;UNIÃO;NÃO ELEITO;795
17;6;4455;JÚLIA LUCY;UNIÃO;NÃO ELEITO;912
18;6;4455;JÚLIA LUCY;UNIÃO;NÃO ELEITO;1655
19;6;4455;JÚLIA LUCY;UNIÃO;NÃO ELEITO;1102
20;6;4455;JÚLIA LUCY;UNIÃO;NÃO ELEITO;445
21;6;4455;JÚLIA LUCY;UNIÃO;NÃO ELEITO;611
1;6;4500;KARLA VINHAS;PSDB;NÃO ELEITO;19
2;6;4500;KARLA VINHAS;PSDB;NÃO ELEITO;36
3;6;4500;KARLA VINHAS;PSDB;NÃO ELEITO;36
4;6;4500;KARLA VINHAS;PSDB;NÃO ELEITO;258
5;6;4500;KARLA VINHAS;PSDB;NÃO ELEITO;36
6;6;4500;KARLA VINHAS;PSDB;NÃO ELEITO;23
8;6;4500;KARLA VINHAS;PSDB;NÃO ELEITO;51
9;6;4500;KARLA VINHAS;PSDB;NÃO ELEITO;48
10;6;4500;KARLA VINHAS;PSDB;NÃO ELEITO;77
11;6;4500;KARLA VINHAS;PSDB;NÃO ELEITO;15
13;6;4500;KARLA VINHAS;PSDB;NÃO ELEITO;100
14;6;4500;KARLA VINHAS;PSDB;NÃO ELEITO;29
15;6;4500;KARLA VINHAS;PSDB;NÃO ELEITO;59
16;6;4500;KARLA VINHAS;PSDB;NÃO ELEITO;89
17;6;4500;KARLA VINHAS;PSDB;NÃO ELEITO;267
18;6;4500;KARLA VINHAS;PSDB;NÃO ELEITO;42
19;6;4500;KARLA VINHAS;PSDB;NÃO ELEITO;51
20;6;4500;KARLA VINHAS;PSDB;NÃO ELEITO;66
21;6;4500;KARLA VINHAS;PSDB;NÃO ELEITO;134
1;6;4545;ANDRÉIA MOURA;PSDB;NÃO ELEITO;161
2;6;4545;ANDRÉIA MOURA;PSDB;NÃO ELEITO;80
3;6;4545;ANDRÉIA MOURA;PSDB;NÃO ELEITO;80
4;6;4545;ANDRÉIA MOURA;PSDB;NÃO ELEITO;59
5;6;4545;ANDRÉIA MOURA;PSDB;NÃO ELEITO;123
6;6;4545;ANDRÉIA MOURA;PSDB;NÃO ELEITO;181
8;6;4545;ANDRÉIA MOURA;PSDB;NÃO ELEITO;109
9;6;4545;ANDRÉIA MOURA;PSDB;NÃO ELEITO;188
10;6;4545;ANDRÉIA MOURA;PSDB;NÃO ELEITO;143
11;6;4545;ANDRÉIA MOURA;PSDB;NÃO ELEITO;85
13;6;4545;ANDRÉIA MOURA;PSDB;NÃO ELEITO;106
14;6;4545;ANDRÉIA MOURA;PSDB;NÃO ELEITO;106
15;6;4545;ANDRÉIA MOURA;PSDB;NÃO ELEITO;214
16;6;4545;ANDRÉIA MOURA;PSDB;NÃO ELEITO;186
17;6;4545;ANDRÉIA MOURA;PSDB;NÃO ELEITO;117
18;6;4545;ANDRÉIA MOURA;PSDB;NÃO ELEITO;131
19;6;4545;ANDRÉIA MOURA;PSDB;NÃO ELEITO;143
20;6;4545;ANDRÉIA MOURA;PSDB;NÃO ELEITO;77
21;6;4545;ANDRÉIA MOURA;PSDB;NÃO ELEITO;109
1;6;4555;LEANDRO NARDY;PSDB;NÃO ELEITO;15
2;6;4555;LEANDRO NARDY;PSDB;NÃO ELEITO;36
3;6;4555;LEANDRO NARDY;PSDB;NÃO ELEITO;12
4;6;4555;LEANDRO NARDY;PSDB;NÃO ELEITO;29
5;6;4555;LEANDRO NARDY;PSDB;NÃO ELEITO;23
6;6;4555;LEANDRO NARDY;PSDB;NÃO ELEITO;52
8;6;4555;LEANDRO NARDY;PSDB;NÃO ELEITO;23
9;6;4555;LEANDRO NARDY;PSDB;NÃO ELEITO;41
10;6;4555;LEANDRO NARDY;PSDB;NÃO ELEITO;38
11;6;4555;LEANDRO NARDY;PSDB;NÃO ELEITO;84
13;6;4555;LEANDRO NARDY;PSDB;NÃO ELEITO;41
14;6;4555;LEANDRO NARDY;PSDB;NÃO ELEITO;31
15;6;4555;LEANDRO NARDY;PSDB;NÃO ELEITO;46
16;6;4555;LEANDRO NARDY;PSDB;NÃO ELEITO;53
17;6;4555;LEANDRO NARDY;PSDB;NÃO ELEITO;33
18;6;4555;LEANDRO NARDY;PSDB;NÃO ELEITO;47
19;6;4555;LEANDRO NARDY;PSDB;NÃO ELEITO;14
20;6;4555;LEANDRO NARDY;PSDB;NÃO ELEITO;14
21;6;4555;LEANDRO NARDY;PSDB;NÃO ELEITO;39
1;6;5000;DANI SANCHEZ;PSOL;NÃO ELEITO;517
2;6;5000;DANI SANCHEZ;PSOL;NÃO ELEITO;500
3;6;5000;DANI SANCHEZ;PSOL;NÃO ELEITO;225
4;6;5000;DANI SANCHEZ;PSOL;NÃO ELEITO;212
5;6;5000;DANI SANCHEZ;PSOL;NÃO ELEITO;531
6;6;5000;DANI SANCHEZ;PSOL;NÃO ELEITO;345
8;6;5000;DANI SANCHEZ;PSOL;NÃO ELEITO;540
9;6;5000;DANI SANCHEZ;PSOL;NÃO ELEITO;687
10;6;5000;DANI SANCHEZ;PSOL;NÃO ELEITO;395
11;6;5000;DANI SANCHEZ;PSOL;NÃO ELEITO;464
13;6;5000;DANI SANCHEZ;PSOL;NÃO ELEITO;347
14;6;5000;DANI SANCHEZ;PSOL;NÃO ELEITO;919
15;6;5000;DANI SANCHEZ;PSOL;NÃO ELEITO;817
16;6;5000;DANI SANCHEZ;PSOL;NÃO ELEITO;401
17;6;5000;DANI SANCHEZ;PSOL;NÃO ELEITO;407
18;6;5000;DANI SANCHEZ;PSOL;NÃO ELEITO;536
19;6;5000;DANI SANCHEZ;PSOL;NÃO ELEITO;473
20;6;5000;DANI SANCHEZ;PSOL;NÃO ELEITO;323
21;6;5000;DANI SANCHEZ;PSOL;NÃO ELEITO;319
1;6;5010;ROSELI FARIA;PSOL;NÃO ELEITO;434
2;6;5010;ROSELI FARIA;PSOL;NÃO ELEITO;336
3;6;5010;ROSELI FARIA;PSOL;NÃO ELEITO;104
4;6;5010;ROSELI FARIA;PSOL;NÃO ELEITO;116
5;6;5010;ROSELI FARIA;PSOL;NÃO ELEITO;239
6;6;5010;ROSELI FARIA;PSOL;NÃO ELEITO;287
8;6;5010;ROSELI FARIA;PSOL;NÃO ELEITO;200
9;6;5010;ROSELI FARIA;PSOL;NÃO ELEITO;338
10;6;5010;ROSELI FARIA;PSOL;NÃO ELEITO;208
11;6;5010;ROSELI FARIA;PSOL;NÃO ELEITO;318
13;6;5010;ROSELI FARIA;PSOL;NÃO ELEITO;121
14;6;5010;ROSELI FARIA;PSOL;NÃO ELEITO;818
15;6;5010;ROSELI FARIA;PSOL;NÃO ELEITO;375
16;6;5010;ROSELI FARIA;PSOL;NÃO ELEITO;140
17;6;5010;ROSELI FARIA;PSOL;NÃO ELEITO;127
18;6;5010;ROSELI FARIA;PSOL;NÃO ELEITO;314
19;6;5010;ROSELI FARIA;PSOL;NÃO ELEITO;161
20;6;5010;ROSELI FARIA;PSOL;NÃO ELEITO;92
21;6;5010;ROSELI FARIA;PSOL;NÃO ELEITO;92
1;6;5013;RAPHAEL SEBBA;PSOL;NÃO ELEITO;1415
2;6;5013;RAPHAEL SEBBA;PSOL;NÃO ELEITO;834
3;6;5013;RAPHAEL SEBBA;PSOL;NÃO ELEITO;348
4;6;5013;RAPHAEL SEBBA;PSOL;NÃO ELEITO;327
5;6;5013;RAPHAEL SEBBA;PSOL;NÃO ELEITO;818
6;6;5013;RAPHAEL SEBBA;PSOL;NÃO ELEITO;302
8;6;5013;RAPHAEL SEBBA;PSOL;NÃO ELEITO;481
9;6;5013;RAPHAEL SEBBA;PSOL;NÃO ELEITO;1134
10;6;5013;RAPHAEL SEBBA;PSOL;NÃO ELEITO;722
11;6;5013;RAPHAEL SEBBA;PSOL;NÃO ELEITO;1020
13;6;5013;RAPHAEL SEBBA;PSOL;NÃO ELEITO;443
14;6;5013;RAPHAEL SEBBA;PSOL;NÃO ELEITO;2299
15;6;5013;RAPHAEL SEBBA;PSOL;NÃO ELEITO;1504
16;6;5013;RAPHAEL SEBBA;PSOL;NÃO ELEITO;330
17;6;5013;RAPHAEL SEBBA;PSOL;NÃO ELEITO;551
18;6;5013;RAPHAEL SEBBA;PSOL;NÃO ELEITO;1246
19;6;5013;RAPHAEL SEBBA;PSOL;NÃO ELEITO;706
20;6;5013;RAPHAEL SEBBA;PSOL;NÃO ELEITO;309
21;6;5013;RAPHAEL SEBBA;PSOL;NÃO ELEITO;261
1;6;5050;PROFA. FÁTIMA SOUSA;PSOL;NÃO ELEITO;464
2;6;5050;PROFA. FÁTIMA SOUSA;PSOL;NÃO ELEITO;422
3;6;5050;PROFA. FÁTIMA SOUSA;PSOL;NÃO ELEITO;250
4;6;5050;PROFA. FÁTIMA SOUSA;PSOL;NÃO ELEITO;228
5;6;5050;PROFA. FÁTIMA SOUSA;PSOL;NÃO ELEITO;614
6;6;5050;PROFA. FÁTIMA SOUSA;PSOL;NÃO ELEITO;333
8;6;5050;PROFA. FÁTIMA SOUSA;PSOL;NÃO ELEITO;294
9;6;5050;PROFA. FÁTIMA SOUSA;PSOL;NÃO ELEITO;539
10;6;5050;PROFA. FÁTIMA SOUSA;PSOL;NÃO ELEITO;410
11;6;5050;PROFA. FÁTIMA SOUSA;PSOL;NÃO ELEITO;423
13;6;5050;PROFA. FÁTIMA SOUSA;PSOL;NÃO ELEITO;297
14;6;5050;PROFA. FÁTIMA SOUSA;PSOL;NÃO ELEITO;988
15;6;5050;PROFA. FÁTIMA SOUSA;PSOL;NÃO ELEITO;736
16;6;5050;PROFA. FÁTIMA SOUSA;PSOL;NÃO ELEITO;314
17;6;5050;PROFA. FÁTIMA SOUSA;PSOL;NÃO ELEITO;370
18;6;5050;PROFA. FÁTIMA SOUSA;PSOL;NÃO ELEITO;534
19;6;5050;PROFA. FÁTIMA SOUSA;PSOL;NÃO ELEITO;345
20;6;5050;PROFA. FÁTIMA SOUSA;PSOL;NÃO ELEITO;205
21;6;5050;PROFA. FÁTIMA SOUSA;PSOL;NÃO ELEITO;223
1;6;5088;MADU MULHERES DE TODAS LUTAS;PSOL;NÃO ELEITO;146
2;6;5088;MADU MULHERES DE TODAS LUTAS;PSOL;NÃO ELEITO;113
3;6;5088;MADU MULHERES DE TODAS LUTAS;PSOL;NÃO ELEITO;134
4;6;5088;MADU MULHERES DE TODAS LUTAS;PSOL;NÃO ELEITO;57
5;6;5088;MADU MULHERES DE TODAS LUTAS;PSOL;NÃO ELEITO;121
6;6;5088;MADU MULHERES DE TODAS LUTAS;PSOL;NÃO ELEITO;104
8;6;5088;MADU MULHERES DE TODAS LUTAS;PSOL;NÃO ELEITO;114
9;6;5088;MADU MULHERES DE TODAS LUTAS;PSOL;NÃO ELEITO;167
10;6;5088;MADU MULHERES DE TODAS LUTAS;PSOL;NÃO ELEITO;107
11;6;5088;MADU MULHERES DE TODAS LUTAS;PSOL;NÃO ELEITO;100
13;6;5088;MADU MULHERES DE TODAS LUTAS;PSOL;NÃO ELEITO;65
14;6;5088;MADU MULHERES DE TODAS LUTAS;PSOL;NÃO ELEITO;245
15;6;5088;MADU MULHERES DE TODAS LUTAS;PSOL;NÃO ELEITO;196
16;6;5088;MADU MULHERES DE TODAS LUTAS;PSOL;NÃO ELEITO;79
17;6;5088;MADU MULHERES DE TODAS LUTAS;PSOL;NÃO ELEITO;97
18;6;5088;MADU MULHERES DE TODAS LUTAS;PSOL;NÃO ELEITO;109
19;6;5088;MADU MULHERES DE TODAS LUTAS;PSOL;NÃO ELEITO;114
20;6;5088;MADU MULHERES DE TODAS LUTAS;PSOL;NÃO ELEITO;54
21;6;5088;MADU MULHERES DE TODAS LUTAS;PSOL;NÃO ELEITO;80
1;6;5099;MANDATO COLETIVO BEM VIVER THI;PSOL;NÃO ELEITO;485
2;6;5099;MANDATO COLETIVO BEM VIVER THI;PSOL;NÃO ELEITO;396
3;6;5099;MANDATO COLETIVO BEM VIVER THI;PSOL;NÃO ELEITO;96
4;6;5099;MANDATO COLETIVO BEM VIVER THI;PSOL;NÃO ELEITO;83
5;6;5099;MANDATO COLETIVO BEM VIVER THI;PSOL;NÃO ELEITO;336
6;6;5099;MANDATO COLETIVO BEM VIVER THI;PSOL;NÃO ELEITO;117
8;6;5099;MANDATO COLETIVO BEM VIVER THI;PSOL;NÃO ELEITO;137
9;6;5099;MANDATO COLETIVO BEM VIVER THI;PSOL;NÃO ELEITO;374
10;6;5099;MANDATO COLETIVO BEM VIVER THI;PSOL;NÃO ELEITO;251
11;6;5099;MANDATO COLETIVO BEM VIVER THI;PSOL;NÃO ELEITO;381
13;6;5099;MANDATO COLETIVO BEM VIVER THI;PSOL;NÃO ELEITO;177
14;6;5099;MANDATO COLETIVO BEM VIVER THI;PSOL;NÃO ELEITO;967
15;6;5099;MANDATO COLETIVO BEM VIVER THI;PSOL;NÃO ELEITO;566
16;6;5099;MANDATO COLETIVO BEM VIVER THI;PSOL;NÃO ELEITO;132
17;6;5099;MANDATO COLETIVO BEM VIVER THI;PSOL;NÃO ELEITO;167
18;6;5099;MANDATO COLETIVO BEM VIVER THI;PSOL;NÃO ELEITO;417
19;6;5099;MANDATO COLETIVO BEM VIVER THI;PSOL;NÃO ELEITO;256
20;6;5099;MANDATO COLETIVO BEM VIVER THI;PSOL;NÃO ELEITO;80
21;6;5099;MANDATO COLETIVO BEM VIVER THI;PSOL;NÃO ELEITO;98
1;6;5107;DANIELA CINTRA;PATRIOTA;NÃO ELEITO;8
2;6;5107;DANIELA CINTRA;PATRIOTA;NÃO ELEITO;8
3;6;5107;DANIELA CINTRA;PATRIOTA;NÃO ELEITO;5
4;6;5107;DANIELA CINTRA;PATRIOTA;NÃO ELEITO;6
5;6;5107;DANIELA CINTRA;PATRIOTA;NÃO ELEITO;4
6;6;5107;DANIELA CINTRA;PATRIOTA;NÃO ELEITO;6
8;6;5107;DANIELA CINTRA;PATRIOTA;NÃO ELEITO;6
9;6;5107;DANIELA CINTRA;PATRIOTA;NÃO ELEITO;5
10;6;5107;DANIELA CINTRA;PATRIOTA;NÃO ELEITO;3
11;6;5107;DANIELA CINTRA;PATRIOTA;NÃO ELEITO;8
13;6;5107;DANIELA CINTRA;PATRIOTA;NÃO ELEITO;10
14;6;5107;DANIELA CINTRA;PATRIOTA;NÃO ELEITO;5
15;6;5107;DANIELA CINTRA;PATRIOTA;NÃO ELEITO;33
16;6;5107;DANIELA CINTRA;PATRIOTA;NÃO ELEITO;3
17;6;5107;DANIELA CINTRA;PATRIOTA;NÃO ELEITO;8
18;6;5107;DANIELA CINTRA;PATRIOTA;NÃO ELEITO;7
19;6;5107;DANIELA CINTRA;PATRIOTA;NÃO ELEITO;10
20;6;5107;DANIELA CINTRA;PATRIOTA;NÃO ELEITO;5
21;6;5107;DANIELA CINTRA;PATRIOTA;NÃO ELEITO;3
1;6;5111;PASTOR SIDRAQUE PINHEIRO;PATRIOTA;NÃO ELEITO;18
2;6;5111;PASTOR SIDRAQUE PINHEIRO;PATRIOTA;NÃO ELEITO;36
3;6;5111;PASTOR SIDRAQUE PINHEIRO;PATRIOTA;NÃO ELEITO;21
4;6;5111;PASTOR SIDRAQUE PINHEIRO;PATRIOTA;NÃO ELEITO;12
5;6;5111;PASTOR SIDRAQUE PINHEIRO;PATRIOTA;NÃO ELEITO;19
6;6;5111;PASTOR SIDRAQUE PINHEIRO;PATRIOTA;NÃO ELEITO;7
8;6;5111;PASTOR SIDRAQUE PINHEIRO;PATRIOTA;NÃO ELEITO;15
9;6;5111;PASTOR SIDRAQUE PINHEIRO;PATRIOTA;NÃO ELEITO;103
10;6;5111;PASTOR SIDRAQUE PINHEIRO;PATRIOTA;NÃO ELEITO;20
11;6;5111;PASTOR SIDRAQUE PINHEIRO;PATRIOTA;NÃO ELEITO;20
13;6;5111;PASTOR SIDRAQUE PINHEIRO;PATRIOTA;NÃO ELEITO;21
14;6;5111;PASTOR SIDRAQUE PINHEIRO;PATRIOTA;NÃO ELEITO;26
15;6;5111;PASTOR SIDRAQUE PINHEIRO;PATRIOTA;NÃO ELEITO;66
16;6;5111;PASTOR SIDRAQUE PINHEIRO;PATRIOTA;NÃO ELEITO;41
17;6;5111;PASTOR SIDRAQUE PINHEIRO;PATRIOTA;NÃO ELEITO;26
18;6;5111;PASTOR SIDRAQUE PINHEIRO;PATRIOTA;NÃO ELEITO;29
19;6;5111;PASTOR SIDRAQUE PINHEIRO;PATRIOTA;NÃO ELEITO;74
20;6;5111;PASTOR SIDRAQUE PINHEIRO;PATRIOTA;NÃO ELEITO;14
21;6;5111;PASTOR SIDRAQUE PINHEIRO;PATRIOTA;NÃO ELEITO;6
1;6;5118;ÍNDIA PATIRA;PATRIOTA;NÃO ELEITO;6
2;6;5118;ÍNDIA PATIRA;PATRIOTA;NÃO ELEITO;7
3;6;5118;ÍNDIA PATIRA;PATRIOTA;NÃO ELEITO;13
4;6;5118;ÍNDIA PATIRA;PATRIOTA;NÃO ELEITO;12
5;6;5118;ÍNDIA PATIRA;PATRIOTA;NÃO ELEITO;8
6;6;5118;ÍNDIA PATIRA;PATRIOTA;NÃO ELEITO;5
8;6;5118;ÍNDIA PATIRA;PATRIOTA;NÃO ELEITO;25
9;6;5118;ÍNDIA PATIRA;PATRIOTA;NÃO ELEITO;68
10;6;5118;ÍNDIA PATIRA;PATRIOTA;NÃO ELEITO;89
11;6;5118;ÍNDIA PATIRA;PATRIOTA;NÃO ELEITO;6
13;6;5118;ÍNDIA PATIRA;PATRIOTA;NÃO ELEITO;62
14;6;5118;ÍNDIA PATIRA;PATRIOTA;NÃO ELEITO;10
15;6;5118;ÍNDIA PATIRA;PATRIOTA;NÃO ELEITO;23
16;6;5118;ÍNDIA PATIRA;PATRIOTA;NÃO ELEITO;25
17;6;5118;ÍNDIA PATIRA;PATRIOTA;NÃO ELEITO;45
18;6;5118;ÍNDIA PATIRA;PATRIOTA;NÃO ELEITO;10
19;6;5118;ÍNDIA PATIRA;PATRIOTA;NÃO ELEITO;19
20;6;5118;ÍNDIA PATIRA;PATRIOTA;NÃO ELEITO;21
21;6;5118;ÍNDIA PATIRA;PATRIOTA;NÃO ELEITO;87
1;6;5123;ENOCK ESTEVES;PATRIOTA;NÃO ELEITO;13
2;6;5123;ENOCK ESTEVES;PATRIOTA;NÃO ELEITO;12
3;6;5123;ENOCK ESTEVES;PATRIOTA;NÃO ELEITO;6
4;6;5123;ENOCK ESTEVES;PATRIOTA;NÃO ELEITO;6
5;6;5123;ENOCK ESTEVES;PATRIOTA;NÃO ELEITO;7
6;6;5123;ENOCK ESTEVES;PATRIOTA;NÃO ELEITO;8
8;6;5123;ENOCK ESTEVES;PATRIOTA;NÃO ELEITO;6
9;6;5123;ENOCK ESTEVES;PATRIOTA;NÃO ELEITO;12
10;6;5123;ENOCK ESTEVES;PATRIOTA;NÃO ELEITO;7
11;6;5123;ENOCK ESTEVES;PATRIOTA;NÃO ELEITO;11
13;6;5123;ENOCK ESTEVES;PATRIOTA;NÃO ELEITO;7
14;6;5123;ENOCK ESTEVES;PATRIOTA;NÃO ELEITO;5
15;6;5123;ENOCK ESTEVES;PATRIOTA;NÃO ELEITO;12
16;6;5123;ENOCK ESTEVES;PATRIOTA;NÃO ELEITO;10
17;6;5123;ENOCK ESTEVES;PATRIOTA;NÃO ELEITO;10
18;6;5123;ENOCK ESTEVES;PATRIOTA;NÃO ELEITO;18
19;6;5123;ENOCK ESTEVES;PATRIOTA;NÃO ELEITO;5
20;6;5123;ENOCK ESTEVES;PATRIOTA;NÃO ELEITO;2
21;6;5123;ENOCK ESTEVES;PATRIOTA;NÃO ELEITO;7
1;6;5125;DANIELLE CRISTHIE;PATRIOTA;NÃO ELEITO;12
2;6;5125;DANIELLE CRISTHIE;PATRIOTA;NÃO ELEITO;0
3;6;5125;DANIELLE CRISTHIE;PATRIOTA;NÃO ELEITO;1
4;6;5125;DANIELLE CRISTHIE;PATRIOTA;NÃO ELEITO;2
5;6;5125;DANIELLE CRISTHIE;PATRIOTA;NÃO ELEITO;4
6;6;5125;DANIELLE CRISTHIE;PATRIOTA;NÃO ELEITO;2
8;6;5125;DANIELLE CRISTHIE;PATRIOTA;NÃO ELEITO;2
9;6;5125;DANIELLE CRISTHIE;PATRIOTA;NÃO ELEITO;2
10;6;5125;DANIELLE CRISTHIE;PATRIOTA;NÃO ELEITO;1
11;6;5125;DANIELLE CRISTHIE;PATRIOTA;NÃO ELEITO;16
13;6;5125;DANIELLE CRISTHIE;PATRIOTA;NÃO ELEITO;6
14;6;5125;DANIELLE CRISTHIE;PATRIOTA;NÃO ELEITO;16
15;6;5125;DANIELLE CRISTHIE;PATRIOTA;NÃO ELEITO;4
16;6;5125;DANIELLE CRISTHIE;PATRIOTA;NÃO ELEITO;3
17;6;5125;DANIELLE CRISTHIE;PATRIOTA;NÃO ELEITO;0
18;6;5125;DANIELLE CRISTHIE;PATRIOTA;NÃO ELEITO;0
19;6;5125;DANIELLE CRISTHIE;PATRIOTA;NÃO ELEITO;6
20;6;5125;DANIELLE CRISTHIE;PATRIOTA;NÃO ELEITO;0
21;6;5125;DANIELLE CRISTHIE;PATRIOTA;NÃO ELEITO;1
1;6;5150;PROFESSOR NÉSIO;PATRIOTA;NÃO ELEITO;7
2;6;5150;PROFESSOR NÉSIO;PATRIOTA;NÃO ELEITO;6
3;6;5150;PROFESSOR NÉSIO;PATRIOTA;NÃO ELEITO;5
4;6;5150;PROFESSOR NÉSIO;PATRIOTA;NÃO ELEITO;2
5;6;5150;PROFESSOR NÉSIO;PATRIOTA;NÃO ELEITO;4
6;6;5150;PROFESSOR NÉSIO;PATRIOTA;NÃO ELEITO;7
8;6;5150;PROFESSOR NÉSIO;PATRIOTA;NÃO ELEITO;8
9;6;5150;PROFESSOR NÉSIO;PATRIOTA;NÃO ELEITO;11
10;6;5150;PROFESSOR NÉSIO;PATRIOTA;NÃO ELEITO;32
11;6;5150;PROFESSOR NÉSIO;PATRIOTA;NÃO ELEITO;4
13;6;5150;PROFESSOR NÉSIO;PATRIOTA;NÃO ELEITO;9
14;6;5150;PROFESSOR NÉSIO;PATRIOTA;NÃO ELEITO;8
15;6;5150;PROFESSOR NÉSIO;PATRIOTA;NÃO ELEITO;14
16;6;5150;PROFESSOR NÉSIO;PATRIOTA;NÃO ELEITO;9
17;6;5150;PROFESSOR NÉSIO;PATRIOTA;NÃO ELEITO;5
18;6;5150;PROFESSOR NÉSIO;PATRIOTA;NÃO ELEITO;26
19;6;5150;PROFESSOR NÉSIO;PATRIOTA;NÃO ELEITO;11
20;6;5150;PROFESSOR NÉSIO;PATRIOTA;NÃO ELEITO;1
21;6;5150;PROFESSOR NÉSIO;PATRIOTA;NÃO ELEITO;7
1;6;5151;VICTOR OKUBO;PATRIOTA;NÃO ELEITO;6
2;6;5151;VICTOR OKUBO;PATRIOTA;NÃO ELEITO;12
3;6;5151;VICTOR OKUBO;PATRIOTA;NÃO ELEITO;30
4;6;5151;VICTOR OKUBO;PATRIOTA;NÃO ELEITO;61
5;6;5151;VICTOR OKUBO;PATRIOTA;NÃO ELEITO;20
6;6;5151;VICTOR OKUBO;PATRIOTA;NÃO ELEITO;17
8;6;5151;VICTOR OKUBO;PATRIOTA;NÃO ELEITO;19
9;6;5151;VICTOR OKUBO;PATRIOTA;NÃO ELEITO;31
10;6;5151;VICTOR OKUBO;PATRIOTA;NÃO ELEITO;41
11;6;5151;VICTOR OKUBO;PATRIOTA;NÃO ELEITO;15
13;6;5151;VICTOR OKUBO;PATRIOTA;NÃO ELEITO;44
14;6;5151;VICTOR OKUBO;PATRIOTA;NÃO ELEITO;18
15;6;5151;VICTOR OKUBO;PATRIOTA;NÃO ELEITO;42
16;6;5151;VICTOR OKUBO;PATRIOTA;NÃO ELEITO;31
17;6;5151;VICTOR OKUBO;PATRIOTA;NÃO ELEITO;866
18;6;5151;VICTOR OKUBO;PATRIOTA;NÃO ELEITO;28
19;6;5151;VICTOR OKUBO;PATRIOTA;NÃO ELEITO;24
20;6;5151;VICTOR OKUBO;PATRIOTA;NÃO ELEITO;6
21;6;5151;VICTOR OKUBO;PATRIOTA;NÃO ELEITO;21
1;6;5501;CORONEL SHEYLA;PSD;NÃO ELEITO;55
2;6;5501;CORONEL SHEYLA;PSD;NÃO ELEITO;48
3;6;5501;CORONEL SHEYLA;PSD;NÃO ELEITO;29
4;6;5501;CORONEL SHEYLA;PSD;NÃO ELEITO;45
5;6;5501;CORONEL SHEYLA;PSD;NÃO ELEITO;47
6;6;5501;CORONEL SHEYLA;PSD;NÃO ELEITO;42
8;6;5501;CORONEL SHEYLA;PSD;NÃO ELEITO;42
9;6;5501;CORONEL SHEYLA;PSD;NÃO ELEITO;83
10;6;5501;CORONEL SHEYLA;PSD;NÃO ELEITO;48
11;6;5501;CORONEL SHEYLA;PSD;NÃO ELEITO;102
13;6;5501;CORONEL SHEYLA;PSD;NÃO ELEITO;48
14;6;5501;CORONEL SHEYLA;PSD;NÃO ELEITO;47
15;6;5501;CORONEL SHEYLA;PSD;NÃO ELEITO;60
16;6;5501;CORONEL SHEYLA;PSD;NÃO ELEITO;49
17;6;5501;CORONEL SHEYLA;PSD;NÃO ELEITO;72
18;6;5501;CORONEL SHEYLA;PSD;NÃO ELEITO;58
19;6;5501;CORONEL SHEYLA;PSD;NÃO ELEITO;42
20;6;5501;CORONEL SHEYLA;PSD;NÃO ELEITO;45
21;6;5501;CORONEL SHEYLA;PSD;NÃO ELEITO;34
1;6;5511;ADRIANA MANGABEIRA;PSD;NÃO ELEITO;13
2;6;5511;ADRIANA MANGABEIRA;PSD;NÃO ELEITO;19
3;6;5511;ADRIANA MANGABEIRA;PSD;NÃO ELEITO;9
4;6;5511;ADRIANA MANGABEIRA;PSD;NÃO ELEITO;14
5;6;5511;ADRIANA MANGABEIRA;PSD;NÃO ELEITO;20
6;6;5511;ADRIANA MANGABEIRA;PSD;NÃO ELEITO;10
8;6;5511;ADRIANA MANGABEIRA;PSD;NÃO ELEITO;11
9;6;5511;ADRIANA MANGABEIRA;PSD;NÃO ELEITO;26
10;6;5511;ADRIANA MANGABEIRA;PSD;NÃO ELEITO;10
11;6;5511;ADRIANA MANGABEIRA;PSD;NÃO ELEITO;6
13;6;5511;ADRIANA MANGABEIRA;PSD;NÃO ELEITO;21
14;6;5511;ADRIANA MANGABEIRA;PSD;NÃO ELEITO;16
15;6;5511;ADRIANA MANGABEIRA;PSD;NÃO ELEITO;26
16;6;5511;ADRIANA MANGABEIRA;PSD;NÃO ELEITO;20
17;6;5511;ADRIANA MANGABEIRA;PSD;NÃO ELEITO;13
18;6;5511;ADRIANA MANGABEIRA;PSD;NÃO ELEITO;80
19;6;5511;ADRIANA MANGABEIRA;PSD;NÃO ELEITO;10
20;6;5511;ADRIANA MANGABEIRA;PSD;NÃO ELEITO;10
21;6;5511;ADRIANA MANGABEIRA;PSD;NÃO ELEITO;15
1;6;5522;CORONEL CHARLES MAGALHÃES;PSD;NÃO ELEITO;45
2;6;5522;CORONEL CHARLES MAGALHÃES;PSD;NÃO ELEITO;150
3;6;5522;CORONEL CHARLES MAGALHÃES;PSD;NÃO ELEITO;53
4;6;5522;CORONEL CHARLES MAGALHÃES;PSD;NÃO ELEITO;22
5;6;5522;CORONEL CHARLES MAGALHÃES;PSD;NÃO ELEITO;883
6;6;5522;CORONEL CHARLES MAGALHÃES;PSD;NÃO ELEITO;286
8;6;5522;CORONEL CHARLES MAGALHÃES;PSD;NÃO ELEITO;60
9;6;5522;CORONEL CHARLES MAGALHÃES;PSD;NÃO ELEITO;62
10;6;5522;CORONEL CHARLES MAGALHÃES;PSD;NÃO ELEITO;73
11;6;5522;CORONEL CHARLES MAGALHÃES;PSD;NÃO ELEITO;51
13;6;5522;CORONEL CHARLES MAGALHÃES;PSD;NÃO ELEITO;65
14;6;5522;CORONEL CHARLES MAGALHÃES;PSD;NÃO ELEITO;72
15;6;5522;CORONEL CHARLES MAGALHÃES;PSD;NÃO ELEITO;124
16;6;5522;CORONEL CHARLES MAGALHÃES;PSD;NÃO ELEITO;69
17;6;5522;CORONEL CHARLES MAGALHÃES;PSD;NÃO ELEITO;64
18;6;5522;CORONEL CHARLES MAGALHÃES;PSD;NÃO ELEITO;83
19;6;5522;CORONEL CHARLES MAGALHÃES;PSD;NÃO ELEITO;58
20;6;5522;CORONEL CHARLES MAGALHÃES;PSD;NÃO ELEITO;41
21;6;5522;CORONEL CHARLES MAGALHÃES;PSD;NÃO ELEITO;29
1;6;5544;IBI BATISTA;PSD;NÃO ELEITO;550
2;6;5544;IBI BATISTA;PSD;NÃO ELEITO;505
3;6;5544;IBI BATISTA;PSD;NÃO ELEITO;611
4;6;5544;IBI BATISTA;PSD;NÃO ELEITO;664
5;6;5544;IBI BATISTA;PSD;NÃO ELEITO;770
6;6;5544;IBI BATISTA;PSD;NÃO ELEITO;732
8;6;5544;IBI BATISTA;PSD;NÃO ELEITO;804
9;6;5544;IBI BATISTA;PSD;NÃO ELEITO;2132
10;6;5544;IBI BATISTA;PSD;NÃO ELEITO;5461
11;6;5544;IBI BATISTA;PSD;NÃO ELEITO;804
13;6;5544;IBI BATISTA;PSD;NÃO ELEITO;1203
14;6;5544;IBI BATISTA;PSD;NÃO ELEITO;632
15;6;5544;IBI BATISTA;PSD;NÃO ELEITO;3047
16;6;5544;IBI BATISTA;PSD;NÃO ELEITO;865
17;6;5544;IBI BATISTA;PSD;NÃO ELEITO;1393
18;6;5544;IBI BATISTA;PSD;NÃO ELEITO;803
19;6;5544;IBI BATISTA;PSD;NÃO ELEITO;1364
20;6;5544;IBI BATISTA;PSD;NÃO ELEITO;755
21;6;5544;IBI BATISTA;PSD;NÃO ELEITO;784
1;6;5551;DRA GIL;PSD;NÃO ELEITO;97
2;6;5551;DRA GIL;PSD;NÃO ELEITO;95
3;6;5551;DRA GIL;PSD;NÃO ELEITO;200
4;6;5551;DRA GIL;PSD;NÃO ELEITO;197
5;6;5551;DRA GIL;PSD;NÃO ELEITO;123
6;6;5551;DRA GIL;PSD;NÃO ELEITO;136
8;6;5551;DRA GIL;PSD;NÃO ELEITO;407
9;6;5551;DRA GIL;PSD;NÃO ELEITO;241
10;6;5551;DRA GIL;PSD;NÃO ELEITO;237
11;6;5551;DRA GIL;PSD;NÃO ELEITO;167
13;6;5551;DRA GIL;PSD;NÃO ELEITO;364
14;6;5551;DRA GIL;PSD;NÃO ELEITO;127
15;6;5551;DRA GIL;PSD;NÃO ELEITO;624
16;6;5551;DRA GIL;PSD;NÃO ELEITO;229
17;6;5551;DRA GIL;PSD;NÃO ELEITO;270
18;6;5551;DRA GIL;PSD;NÃO ELEITO;204
19;6;5551;DRA GIL;PSD;NÃO ELEITO;324
20;6;5551;DRA GIL;PSD;NÃO ELEITO;190
21;6;5551;DRA GIL;PSD;NÃO ELEITO;209
1;6;5555;ANDRÉ KUBITSCHEK;PSD;NÃO ELEITO;570
2;6;5555;ANDRÉ KUBITSCHEK;PSD;NÃO ELEITO;853
3;6;5555;ANDRÉ KUBITSCHEK;PSD;NÃO ELEITO;794
4;6;5555;ANDRÉ KUBITSCHEK;PSD;NÃO ELEITO;1063
5;6;5555;ANDRÉ KUBITSCHEK;PSD;NÃO ELEITO;929
6;6;5555;ANDRÉ KUBITSCHEK;PSD;NÃO ELEITO;882
8;6;5555;ANDRÉ KUBITSCHEK;PSD;NÃO ELEITO;1559
9;6;5555;ANDRÉ KUBITSCHEK;PSD;NÃO ELEITO;1349
10;6;5555;ANDRÉ KUBITSCHEK;PSD;NÃO ELEITO;1141
11;6;5555;ANDRÉ KUBITSCHEK;PSD;NÃO ELEITO;639
13;6;5555;ANDRÉ KUBITSCHEK;PSD;NÃO ELEITO;1445
14;6;5555;ANDRÉ KUBITSCHEK;PSD;NÃO ELEITO;678
15;6;5555;ANDRÉ KUBITSCHEK;PSD;NÃO ELEITO;1364
16;6;5555;ANDRÉ KUBITSCHEK;PSD;NÃO ELEITO;1346
17;6;5555;ANDRÉ KUBITSCHEK;PSD;NÃO ELEITO;1313
18;6;5555;ANDRÉ KUBITSCHEK;PSD;NÃO ELEITO;1488
19;6;5555;ANDRÉ KUBITSCHEK;PSD;NÃO ELEITO;1056
20;6;5555;ANDRÉ KUBITSCHEK;PSD;NÃO ELEITO;984
21;6;5555;ANDRÉ KUBITSCHEK;PSD;NÃO ELEITO;1249
1;6;5561;VIRGILIO NETO;PSD;NÃO ELEITO;106
2;6;5561;VIRGILIO NETO;PSD;NÃO ELEITO;739
3;6;5561;VIRGILIO NETO;PSD;NÃO ELEITO;251
4;6;5561;VIRGILIO NETO;PSD;NÃO ELEITO;209
5;6;5561;VIRGILIO NETO;PSD;NÃO ELEITO;292
6;6;5561;VIRGILIO NETO;PSD;NÃO ELEITO;952
8;6;5561;VIRGILIO NETO;PSD;NÃO ELEITO;537
9;6;5561;VIRGILIO NETO;PSD;NÃO ELEITO;330
10;6;5561;VIRGILIO NETO;PSD;NÃO ELEITO;627
11;6;5561;VIRGILIO NETO;PSD;NÃO ELEITO;121
13;6;5561;VIRGILIO NETO;PSD;NÃO ELEITO;399
14;6;5561;VIRGILIO NETO;PSD;NÃO ELEITO;124
15;6;5561;VIRGILIO NETO;PSD;NÃO ELEITO;328
16;6;5561;VIRGILIO NETO;PSD;NÃO ELEITO;1040
17;6;5561;VIRGILIO NETO;PSD;NÃO ELEITO;221
18;6;5561;VIRGILIO NETO;PSD;NÃO ELEITO;1366
19;6;5561;VIRGILIO NETO;PSD;NÃO ELEITO;314
20;6;5561;VIRGILIO NETO;PSD;NÃO ELEITO;634
21;6;5561;VIRGILIO NETO;PSD;NÃO ELEITO;481
1;6;5566;PEDRO OLIVEIRA;PSD;NÃO ELEITO;0
2;6;5566;PEDRO OLIVEIRA;PSD;NÃO ELEITO;40
3;6;5566;PEDRO OLIVEIRA;PSD;NÃO ELEITO;92
4;6;5566;PEDRO OLIVEIRA;PSD;NÃO ELEITO;66
5;6;5566;PEDRO OLIVEIRA;PSD;NÃO ELEITO;50
6;6;5566;PEDRO OLIVEIRA;PSD;NÃO ELEITO;61
8;6;5566;PEDRO OLIVEIRA;PSD;NÃO ELEITO;259
9;6;5566;PEDRO OLIVEIRA;PSD;NÃO ELEITO;64
10;6;5566;PEDRO OLIVEIRA;PSD;NÃO ELEITO;56
11;6;5566;PEDRO OLIVEIRA;PSD;NÃO ELEITO;3
13;6;5566;PEDRO OLIVEIRA;PSD;NÃO ELEITO;116
14;6;5566;PEDRO OLIVEIRA;PSD;NÃO ELEITO;17
15;6;5566;PEDRO OLIVEIRA;PSD;NÃO ELEITO;92
16;6;5566;PEDRO OLIVEIRA;PSD;NÃO ELEITO;4459
17;6;5566;PEDRO OLIVEIRA;PSD;NÃO ELEITO;170
18;6;5566;PEDRO OLIVEIRA;PSD;NÃO ELEITO;200
19;6;5566;PEDRO OLIVEIRA;PSD;NÃO ELEITO;179
20;6;5566;PEDRO OLIVEIRA;PSD;NÃO ELEITO;107
21;6;5566;PEDRO OLIVEIRA;PSD;NÃO ELEITO;81
1;6;5590;NEVITON SANGUE BOM;PSD;NÃO ELEITO;5
2;6;5590;NEVITON SANGUE BOM;PSD;NÃO ELEITO;6
3;6;5590;NEVITON SANGUE BOM;PSD;NÃO ELEITO;111
4;6;5590;NEVITON SANGUE BOM;PSD;NÃO ELEITO;213
5;6;5590;NEVITON SANGUE BOM;PSD;NÃO ELEITO;16
6;6;5590;NEVITON SANGUE BOM;PSD;NÃO ELEITO;11
8;6;5590;NEVITON SANGUE BOM;PSD;NÃO ELEITO;122
9;6;5590;NEVITON SANGUE BOM;PSD;NÃO ELEITO;43
10;6;5590;NEVITON SANGUE BOM;PSD;NÃO ELEITO;47
11;6;5590;NEVITON SANGUE BOM;PSD;NÃO ELEITO;12
13;6;5590;NEVITON SANGUE BOM;PSD;NÃO ELEITO;174
14;6;5590;NEVITON SANGUE BOM;PSD;NÃO ELEITO;10
15;6;5590;NEVITON SANGUE BOM;PSD;NÃO ELEITO;58
16;6;5590;NEVITON SANGUE BOM;PSD;NÃO ELEITO;150
17;6;5590;NEVITON SANGUE BOM;PSD;NÃO ELEITO;60
18;6;5590;NEVITON SANGUE BOM;PSD;NÃO ELEITO;11
19;6;5590;NEVITON SANGUE BOM;PSD;NÃO ELEITO;86
20;6;5590;NEVITON SANGUE BOM;PSD;NÃO ELEITO;160
21;6;5590;NEVITON SANGUE BOM;PSD;NÃO ELEITO;112
1;6;6565;ANA PRESTES;PC do B;SUPLENTE;363
2;6;6565;ANA PRESTES;PC do B;SUPLENTE;335
3;6;6565;ANA PRESTES;PC do B;SUPLENTE;82
4;6;6565;ANA PRESTES;PC do B;SUPLENTE;146
5;6;6565;ANA PRESTES;PC do B;SUPLENTE;271
6;6;6565;ANA PRESTES;PC do B;SUPLENTE;345
8;6;6565;ANA PRESTES;PC do B;SUPLENTE;132
9;6;6565;ANA PRESTES;PC do B;SUPLENTE;400
10;6;6565;ANA PRESTES;PC do B;SUPLENTE;191
11;6;6565;ANA PRESTES;PC do B;SUPLENTE;328
13;6;6565;ANA PRESTES;PC do B;SUPLENTE;132
14;6;6565;ANA PRESTES;PC do B;SUPLENTE;756
15;6;6565;ANA PRESTES;PC do B;SUPLENTE;478
16;6;6565;ANA PRESTES;PC do B;SUPLENTE;170
17;6;6565;ANA PRESTES;PC do B;SUPLENTE;378
18;6;6565;ANA PRESTES;PC do B;SUPLENTE;573
19;6;6565;ANA PRESTES;PC do B;SUPLENTE;187
20;6;6565;ANA PRESTES;PC do B;SUPLENTE;127
21;6;6565;ANA PRESTES;PC do B;SUPLENTE;137
1;6;6599;FLAUZINO ANTUNES;PC do B;SUPLENTE;38
2;6;6599;FLAUZINO ANTUNES;PC do B;SUPLENTE;30
3;6;6599;FLAUZINO ANTUNES;PC do B;SUPLENTE;17
4;6;6599;FLAUZINO ANTUNES;PC do B;SUPLENTE;43
5;6;6599;FLAUZINO ANTUNES;PC do B;SUPLENTE;62
6;6;6599;FLAUZINO ANTUNES;PC do B;SUPLENTE;29
8;6;6599;FLAUZINO ANTUNES;PC do B;SUPLENTE;37
9;6;6599;FLAUZINO ANTUNES;PC do B;SUPLENTE;65
10;6;6599;FLAUZINO ANTUNES;PC do B;SUPLENTE;55
11;6;6599;FLAUZINO ANTUNES;PC do B;SUPLENTE;24
13;6;6599;FLAUZINO ANTUNES;PC do B;SUPLENTE;33
14;6;6599;FLAUZINO ANTUNES;PC do B;SUPLENTE;56
15;6;6599;FLAUZINO ANTUNES;PC do B;SUPLENTE;69
16;6;6599;FLAUZINO ANTUNES;PC do B;SUPLENTE;27
17;6;6599;FLAUZINO ANTUNES;PC do B;SUPLENTE;115
18;6;6599;FLAUZINO ANTUNES;PC do B;SUPLENTE;29
19;6;6599;FLAUZINO ANTUNES;PC do B;SUPLENTE;23
20;6;6599;FLAUZINO ANTUNES;PC do B;SUPLENTE;10
21;6;6599;FLAUZINO ANTUNES;PC do B;SUPLENTE;35
1;6;7007;DR HEMERSON LUZ;AVANTE;NÃO ELEITO;155
2;6;7007;DR HEMERSON LUZ;AVANTE;NÃO ELEITO;46
3;6;7007;DR HEMERSON LUZ;AVANTE;NÃO ELEITO;33
4;6;7007;DR HEMERSON LUZ;AVANTE;NÃO ELEITO;41
5;6;7007;DR HEMERSON LUZ;AVANTE;NÃO ELEITO;74
6;6;7007;DR HEMERSON LUZ;AVANTE;NÃO ELEITO;19
8;6;7007;DR HEMERSON LUZ;AVANTE;NÃO ELEITO;37
9;6;7007;DR HEMERSON LUZ;AVANTE;NÃO ELEITO;64
10;6;7007;DR HEMERSON LUZ;AVANTE;NÃO ELEITO;47
11;6;7007;DR HEMERSON LUZ;AVANTE;NÃO ELEITO;117
13;6;7007;DR HEMERSON LUZ;AVANTE;NÃO ELEITO;30
14;6;7007;DR HEMERSON LUZ;AVANTE;NÃO ELEITO;193
15;6;7007;DR HEMERSON LUZ;AVANTE;NÃO ELEITO;103
16;6;7007;DR HEMERSON LUZ;AVANTE;NÃO ELEITO;122
17;6;7007;DR HEMERSON LUZ;AVANTE;NÃO ELEITO;26
18;6;7007;DR HEMERSON LUZ;AVANTE;NÃO ELEITO;72
19;6;7007;DR HEMERSON LUZ;AVANTE;NÃO ELEITO;42
20;6;7007;DR HEMERSON LUZ;AVANTE;NÃO ELEITO;14
21;6;7007;DR HEMERSON LUZ;AVANTE;NÃO ELEITO;21
1;6;7010;PAULINHO SÁ  CANTOR CATÓLICO;AVANTE;NÃO ELEITO;27
2;6;7010;PAULINHO SÁ  CANTOR CATÓLICO;AVANTE;NÃO ELEITO;55
3;6;7010;PAULINHO SÁ  CANTOR CATÓLICO;AVANTE;NÃO ELEITO;274
4;6;7010;PAULINHO SÁ  CANTOR CATÓLICO;AVANTE;NÃO ELEITO;73
5;6;7010;PAULINHO SÁ  CANTOR CATÓLICO;AVANTE;NÃO ELEITO;107
6;6;7010;PAULINHO SÁ  CANTOR CATÓLICO;AVANTE;NÃO ELEITO;43
8;6;7010;PAULINHO SÁ  CANTOR CATÓLICO;AVANTE;NÃO ELEITO;481
9;6;7010;PAULINHO SÁ  CANTOR CATÓLICO;AVANTE;NÃO ELEITO;106
10;6;7010;PAULINHO SÁ  CANTOR CATÓLICO;AVANTE;NÃO ELEITO;218
11;6;7010;PAULINHO SÁ  CANTOR CATÓLICO;AVANTE;NÃO ELEITO;30
13;6;7010;PAULINHO SÁ  CANTOR CATÓLICO;AVANTE;NÃO ELEITO;267
14;6;7010;PAULINHO SÁ  CANTOR CATÓLICO;AVANTE;NÃO ELEITO;68
15;6;7010;PAULINHO SÁ  CANTOR CATÓLICO;AVANTE;NÃO ELEITO;331
16;6;7010;PAULINHO SÁ  CANTOR CATÓLICO;AVANTE;NÃO ELEITO;336
17;6;7010;PAULINHO SÁ  CANTOR CATÓLICO;AVANTE;NÃO ELEITO;102
18;6;7010;PAULINHO SÁ  CANTOR CATÓLICO;AVANTE;NÃO ELEITO;50
19;6;7010;PAULINHO SÁ  CANTOR CATÓLICO;AVANTE;NÃO ELEITO;230
20;6;7010;PAULINHO SÁ  CANTOR CATÓLICO;AVANTE;NÃO ELEITO;145
21;6;7010;PAULINHO SÁ  CANTOR CATÓLICO;AVANTE;NÃO ELEITO;138
1;6;7011;ELIED DA CABS;AVANTE;NÃO ELEITO;10
2;6;7011;ELIED DA CABS;AVANTE;NÃO ELEITO;15
3;6;7011;ELIED DA CABS;AVANTE;NÃO ELEITO;38
4;6;7011;ELIED DA CABS;AVANTE;NÃO ELEITO;24
5;6;7011;ELIED DA CABS;AVANTE;NÃO ELEITO;24
6;6;7011;ELIED DA CABS;AVANTE;NÃO ELEITO;36
8;6;7011;ELIED DA CABS;AVANTE;NÃO ELEITO;31
9;6;7011;ELIED DA CABS;AVANTE;NÃO ELEITO;36
10;6;7011;ELIED DA CABS;AVANTE;NÃO ELEITO;36
11;6;7011;ELIED DA CABS;AVANTE;NÃO ELEITO;23
13;6;7011;ELIED DA CABS;AVANTE;NÃO ELEITO;35
14;6;7011;ELIED DA CABS;AVANTE;NÃO ELEITO;6
15;6;7011;ELIED DA CABS;AVANTE;NÃO ELEITO;51
16;6;7011;ELIED DA CABS;AVANTE;NÃO ELEITO;58
17;6;7011;ELIED DA CABS;AVANTE;NÃO ELEITO;61
18;6;7011;ELIED DA CABS;AVANTE;NÃO ELEITO;13
19;6;7011;ELIED DA CABS;AVANTE;NÃO ELEITO;26
20;6;7011;ELIED DA CABS;AVANTE;NÃO ELEITO;32
21;6;7011;ELIED DA CABS;AVANTE;NÃO ELEITO;36
1;6;7022;JAPONÊS É FEDERAL;AVANTE;NÃO ELEITO;36
2;6;7022;JAPONÊS É FEDERAL;AVANTE;NÃO ELEITO;28
3;6;7022;JAPONÊS É FEDERAL;AVANTE;NÃO ELEITO;12
4;6;7022;JAPONÊS É FEDERAL;AVANTE;NÃO ELEITO;5
5;6;7022;JAPONÊS É FEDERAL;AVANTE;NÃO ELEITO;25
6;6;7022;JAPONÊS É FEDERAL;AVANTE;NÃO ELEITO;11
8;6;7022;JAPONÊS É FEDERAL;AVANTE;NÃO ELEITO;11
9;6;7022;JAPONÊS É FEDERAL;AVANTE;NÃO ELEITO;57
10;6;7022;JAPONÊS É FEDERAL;AVANTE;NÃO ELEITO;56
11;6;7022;JAPONÊS É FEDERAL;AVANTE;NÃO ELEITO;34
13;6;7022;JAPONÊS É FEDERAL;AVANTE;NÃO ELEITO;10
14;6;7022;JAPONÊS É FEDERAL;AVANTE;NÃO ELEITO;33
15;6;7022;JAPONÊS É FEDERAL;AVANTE;NÃO ELEITO;46
16;6;7022;JAPONÊS É FEDERAL;AVANTE;NÃO ELEITO;18
17;6;7022;JAPONÊS É FEDERAL;AVANTE;NÃO ELEITO;18
18;6;7022;JAPONÊS É FEDERAL;AVANTE;NÃO ELEITO;32
19;6;7022;JAPONÊS É FEDERAL;AVANTE;NÃO ELEITO;38
20;6;7022;JAPONÊS É FEDERAL;AVANTE;NÃO ELEITO;10
21;6;7022;JAPONÊS É FEDERAL;AVANTE;NÃO ELEITO;13
1;6;7026;LUIZ VINTE SEIS DE SETEMBRO;AVANTE;NÃO ELEITO;9
2;6;7026;LUIZ VINTE SEIS DE SETEMBRO;AVANTE;NÃO ELEITO;8
3;6;7026;LUIZ VINTE SEIS DE SETEMBRO;AVANTE;NÃO ELEITO;138
4;6;7026;LUIZ VINTE SEIS DE SETEMBRO;AVANTE;NÃO ELEITO;164
5;6;7026;LUIZ VINTE SEIS DE SETEMBRO;AVANTE;NÃO ELEITO;25
6;6;7026;LUIZ VINTE SEIS DE SETEMBRO;AVANTE;NÃO ELEITO;4
8;6;7026;LUIZ VINTE SEIS DE SETEMBRO;AVANTE;NÃO ELEITO;232
9;6;7026;LUIZ VINTE SEIS DE SETEMBRO;AVANTE;NÃO ELEITO;85
10;6;7026;LUIZ VINTE SEIS DE SETEMBRO;AVANTE;NÃO ELEITO;66
11;6;7026;LUIZ VINTE SEIS DE SETEMBRO;AVANTE;NÃO ELEITO;18
13;6;7026;LUIZ VINTE SEIS DE SETEMBRO;AVANTE;NÃO ELEITO;144
14;6;7026;LUIZ VINTE SEIS DE SETEMBRO;AVANTE;NÃO ELEITO;12
15;6;7026;LUIZ VINTE SEIS DE SETEMBRO;AVANTE;NÃO ELEITO;137
16;6;7026;LUIZ VINTE SEIS DE SETEMBRO;AVANTE;NÃO ELEITO;236
17;6;7026;LUIZ VINTE SEIS DE SETEMBRO;AVANTE;NÃO ELEITO;53
18;6;7026;LUIZ VINTE SEIS DE SETEMBRO;AVANTE;NÃO ELEITO;16
19;6;7026;LUIZ VINTE SEIS DE SETEMBRO;AVANTE;NÃO ELEITO;866
20;6;7026;LUIZ VINTE SEIS DE SETEMBRO;AVANTE;NÃO ELEITO;63
21;6;7026;LUIZ VINTE SEIS DE SETEMBRO;AVANTE;NÃO ELEITO;76
1;6;7033;GISELLE RHAYLLA ESTRUTURAL;AVANTE;NÃO ELEITO;8
2;6;7033;GISELLE RHAYLLA ESTRUTURAL;AVANTE;NÃO ELEITO;22
3;6;7033;GISELLE RHAYLLA ESTRUTURAL;AVANTE;NÃO ELEITO;16
4;6;7033;GISELLE RHAYLLA ESTRUTURAL;AVANTE;NÃO ELEITO;56
5;6;7033;GISELLE RHAYLLA ESTRUTURAL;AVANTE;NÃO ELEITO;13
6;6;7033;GISELLE RHAYLLA ESTRUTURAL;AVANTE;NÃO ELEITO;18
8;6;7033;GISELLE RHAYLLA ESTRUTURAL;AVANTE;NÃO ELEITO;30
9;6;7033;GISELLE RHAYLLA ESTRUTURAL;AVANTE;NÃO ELEITO;99
10;6;7033;GISELLE RHAYLLA ESTRUTURAL;AVANTE;NÃO ELEITO;25
11;6;7033;GISELLE RHAYLLA ESTRUTURAL;AVANTE;NÃO ELEITO;15
13;6;7033;GISELLE RHAYLLA ESTRUTURAL;AVANTE;NÃO ELEITO;26
14;6;7033;GISELLE RHAYLLA ESTRUTURAL;AVANTE;NÃO ELEITO;18
15;6;7033;GISELLE RHAYLLA ESTRUTURAL;AVANTE;NÃO ELEITO;54
16;6;7033;GISELLE RHAYLLA ESTRUTURAL;AVANTE;NÃO ELEITO;35
17;6;7033;GISELLE RHAYLLA ESTRUTURAL;AVANTE;NÃO ELEITO;100
18;6;7033;GISELLE RHAYLLA ESTRUTURAL;AVANTE;NÃO ELEITO;15
19;6;7033;GISELLE RHAYLLA ESTRUTURAL;AVANTE;NÃO ELEITO;69
20;6;7033;GISELLE RHAYLLA ESTRUTURAL;AVANTE;NÃO ELEITO;25
21;6;7033;GISELLE RHAYLLA ESTRUTURAL;AVANTE;NÃO ELEITO;23
1;6;7040;AMANDA CHRISTINA;AVANTE;NÃO ELEITO;0
2;6;7040;AMANDA CHRISTINA;AVANTE;NÃO ELEITO;0
3;6;7040;AMANDA CHRISTINA;AVANTE;NÃO ELEITO;0
4;6;7040;AMANDA CHRISTINA;AVANTE;NÃO ELEITO;0
5;6;7040;AMANDA CHRISTINA;AVANTE;NÃO ELEITO;0
6;6;7040;AMANDA CHRISTINA;AVANTE;NÃO ELEITO;0
8;6;7040;AMANDA CHRISTINA;AVANTE;NÃO ELEITO;0
9;6;7040;AMANDA CHRISTINA;AVANTE;NÃO ELEITO;0
10;6;7040;AMANDA CHRISTINA;AVANTE;NÃO ELEITO;0
11;6;7040;AMANDA CHRISTINA;AVANTE;NÃO ELEITO;0
13;6;7040;AMANDA CHRISTINA;AVANTE;NÃO ELEITO;0
14;6;7040;AMANDA CHRISTINA;AVANTE;NÃO ELEITO;0
15;6;7040;AMANDA CHRISTINA;AVANTE;NÃO ELEITO;0
16;6;7040;AMANDA CHRISTINA;AVANTE;NÃO ELEITO;0
17;6;7040;AMANDA CHRISTINA;AVANTE;NÃO ELEITO;0
18;6;7040;AMANDA CHRISTINA;AVANTE;NÃO ELEITO;0
19;6;7040;AMANDA CHRISTINA;AVANTE;NÃO ELEITO;0
20;6;7040;AMANDA CHRISTINA;AVANTE;NÃO ELEITO;0
21;6;7040;AMANDA CHRISTINA;AVANTE;NÃO ELEITO;0
1;6;7070;ELIZEU SOUZA;AVANTE;NÃO ELEITO;73
2;6;7070;ELIZEU SOUZA;AVANTE;NÃO ELEITO;1039
3;6;7070;ELIZEU SOUZA;AVANTE;NÃO ELEITO;28
4;6;7070;ELIZEU SOUZA;AVANTE;NÃO ELEITO;11
5;6;7070;ELIZEU SOUZA;AVANTE;NÃO ELEITO;106
6;6;7070;ELIZEU SOUZA;AVANTE;NÃO ELEITO;141
8;6;7070;ELIZEU SOUZA;AVANTE;NÃO ELEITO;73
9;6;7070;ELIZEU SOUZA;AVANTE;NÃO ELEITO;36
10;6;7070;ELIZEU SOUZA;AVANTE;NÃO ELEITO;62
11;6;7070;ELIZEU SOUZA;AVANTE;NÃO ELEITO;36
13;6;7070;ELIZEU SOUZA;AVANTE;NÃO ELEITO;43
14;6;7070;ELIZEU SOUZA;AVANTE;NÃO ELEITO;61
15;6;7070;ELIZEU SOUZA;AVANTE;NÃO ELEITO;53
16;6;7070;ELIZEU SOUZA;AVANTE;NÃO ELEITO;38
17;6;7070;ELIZEU SOUZA;AVANTE;NÃO ELEITO;27
18;6;7070;ELIZEU SOUZA;AVANTE;NÃO ELEITO;193
19;6;7070;ELIZEU SOUZA;AVANTE;NÃO ELEITO;40
20;6;7070;ELIZEU SOUZA;AVANTE;NÃO ELEITO;28
21;6;7070;ELIZEU SOUZA;AVANTE;NÃO ELEITO;23
1;6;7090;PROFESSORA CLARETE;AVANTE;NÃO ELEITO;3
2;6;7090;PROFESSORA CLARETE;AVANTE;NÃO ELEITO;28
3;6;7090;PROFESSORA CLARETE;AVANTE;NÃO ELEITO;7
4;6;7090;PROFESSORA CLARETE;AVANTE;NÃO ELEITO;9
5;6;7090;PROFESSORA CLARETE;AVANTE;NÃO ELEITO;12
6;6;7090;PROFESSORA CLARETE;AVANTE;NÃO ELEITO;30
8;6;7090;PROFESSORA CLARETE;AVANTE;NÃO ELEITO;13
9;6;7090;PROFESSORA CLARETE;AVANTE;NÃO ELEITO;16
10;6;7090;PROFESSORA CLARETE;AVANTE;NÃO ELEITO;11
11;6;7090;PROFESSORA CLARETE;AVANTE;NÃO ELEITO;1
13;6;7090;PROFESSORA CLARETE;AVANTE;NÃO ELEITO;16
14;6;7090;PROFESSORA CLARETE;AVANTE;NÃO ELEITO;10
15;6;7090;PROFESSORA CLARETE;AVANTE;NÃO ELEITO;16
16;6;7090;PROFESSORA CLARETE;AVANTE;NÃO ELEITO;9
17;6;7090;PROFESSORA CLARETE;AVANTE;NÃO ELEITO;8
18;6;7090;PROFESSORA CLARETE;AVANTE;NÃO ELEITO;232
19;6;7090;PROFESSORA CLARETE;AVANTE;NÃO ELEITO;3
20;6;7090;PROFESSORA CLARETE;AVANTE;NÃO ELEITO;8
21;6;7090;PROFESSORA CLARETE;AVANTE;NÃO ELEITO;7
1;6;7710;RODRIGUINHO;SOLIDARIEDADE;NÃO ELEITO;23
2;6;7710;RODRIGUINHO;SOLIDARIEDADE;NÃO ELEITO;68
3;6;7710;RODRIGUINHO;SOLIDARIEDADE;NÃO ELEITO;36
4;6;7710;RODRIGUINHO;SOLIDARIEDADE;NÃO ELEITO;400
5;6;7710;RODRIGUINHO;SOLIDARIEDADE;NÃO ELEITO;31
6;6;7710;RODRIGUINHO;SOLIDARIEDADE;NÃO ELEITO;59
8;6;7710;RODRIGUINHO;SOLIDARIEDADE;NÃO ELEITO;49
9;6;7710;RODRIGUINHO;SOLIDARIEDADE;NÃO ELEITO;48
10;6;7710;RODRIGUINHO;SOLIDARIEDADE;NÃO ELEITO;67
11;6;7710;RODRIGUINHO;SOLIDARIEDADE;NÃO ELEITO;19
13;6;7710;RODRIGUINHO;SOLIDARIEDADE;NÃO ELEITO;47
14;6;7710;RODRIGUINHO;SOLIDARIEDADE;NÃO ELEITO;13
15;6;7710;RODRIGUINHO;SOLIDARIEDADE;NÃO ELEITO;47
16;6;7710;RODRIGUINHO;SOLIDARIEDADE;NÃO ELEITO;43
17;6;7710;RODRIGUINHO;SOLIDARIEDADE;NÃO ELEITO;1541
18;6;7710;RODRIGUINHO;SOLIDARIEDADE;NÃO ELEITO;78
19;6;7710;RODRIGUINHO;SOLIDARIEDADE;NÃO ELEITO;43
20;6;7710;RODRIGUINHO;SOLIDARIEDADE;NÃO ELEITO;48
21;6;7710;RODRIGUINHO;SOLIDARIEDADE;NÃO ELEITO;76
1;6;7733;FERNANDO SOUZA;SOLIDARIEDADE;NÃO ELEITO;2
2;6;7733;FERNANDO SOUZA;SOLIDARIEDADE;NÃO ELEITO;4
3;6;7733;FERNANDO SOUZA;SOLIDARIEDADE;NÃO ELEITO;5
4;6;7733;FERNANDO SOUZA;SOLIDARIEDADE;NÃO ELEITO;7
5;6;7733;FERNANDO SOUZA;SOLIDARIEDADE;NÃO ELEITO;7
6;6;7733;FERNANDO SOUZA;SOLIDARIEDADE;NÃO ELEITO;1
8;6;7733;FERNANDO SOUZA;SOLIDARIEDADE;NÃO ELEITO;8
9;6;7733;FERNANDO SOUZA;SOLIDARIEDADE;NÃO ELEITO;10
10;6;7733;FERNANDO SOUZA;SOLIDARIEDADE;NÃO ELEITO;71
11;6;7733;FERNANDO SOUZA;SOLIDARIEDADE;NÃO ELEITO;1
13;6;7733;FERNANDO SOUZA;SOLIDARIEDADE;NÃO ELEITO;9
14;6;7733;FERNANDO SOUZA;SOLIDARIEDADE;NÃO ELEITO;2
15;6;7733;FERNANDO SOUZA;SOLIDARIEDADE;NÃO ELEITO;7
16;6;7733;FERNANDO SOUZA;SOLIDARIEDADE;NÃO ELEITO;5
17;6;7733;FERNANDO SOUZA;SOLIDARIEDADE;NÃO ELEITO;7
18;6;7733;FERNANDO SOUZA;SOLIDARIEDADE;NÃO ELEITO;4
19;6;7733;FERNANDO SOUZA;SOLIDARIEDADE;NÃO ELEITO;9
20;6;7733;FERNANDO SOUZA;SOLIDARIEDADE;NÃO ELEITO;4
21;6;7733;FERNANDO SOUZA;SOLIDARIEDADE;NÃO ELEITO;9
1;6;7757;VIVI ALVES;SOLIDARIEDADE;NÃO ELEITO;5
2;6;7757;VIVI ALVES;SOLIDARIEDADE;NÃO ELEITO;9
3;6;7757;VIVI ALVES;SOLIDARIEDADE;NÃO ELEITO;28
4;6;7757;VIVI ALVES;SOLIDARIEDADE;NÃO ELEITO;10
5;6;7757;VIVI ALVES;SOLIDARIEDADE;NÃO ELEITO;22
6;6;7757;VIVI ALVES;SOLIDARIEDADE;NÃO ELEITO;9
8;6;7757;VIVI ALVES;SOLIDARIEDADE;NÃO ELEITO;38
9;6;7757;VIVI ALVES;SOLIDARIEDADE;NÃO ELEITO;9
10;6;7757;VIVI ALVES;SOLIDARIEDADE;NÃO ELEITO;22
11;6;7757;VIVI ALVES;SOLIDARIEDADE;NÃO ELEITO;3
13;6;7757;VIVI ALVES;SOLIDARIEDADE;NÃO ELEITO;25
14;6;7757;VIVI ALVES;SOLIDARIEDADE;NÃO ELEITO;3
15;6;7757;VIVI ALVES;SOLIDARIEDADE;NÃO ELEITO;48
16;6;7757;VIVI ALVES;SOLIDARIEDADE;NÃO ELEITO;32
17;6;7757;VIVI ALVES;SOLIDARIEDADE;NÃO ELEITO;6
18;6;7757;VIVI ALVES;SOLIDARIEDADE;NÃO ELEITO;9
19;6;7757;VIVI ALVES;SOLIDARIEDADE;NÃO ELEITO;19
20;6;7757;VIVI ALVES;SOLIDARIEDADE;NÃO ELEITO;13
21;6;7757;VIVI ALVES;SOLIDARIEDADE;NÃO ELEITO;21
1;6;7761;WILMA MENEZES;SOLIDARIEDADE;NÃO ELEITO;15
2;6;7761;WILMA MENEZES;SOLIDARIEDADE;NÃO ELEITO;8
3;6;7761;WILMA MENEZES;SOLIDARIEDADE;NÃO ELEITO;12
4;6;7761;WILMA MENEZES;SOLIDARIEDADE;NÃO ELEITO;4
5;6;7761;WILMA MENEZES;SOLIDARIEDADE;NÃO ELEITO;14
6;6;7761;WILMA MENEZES;SOLIDARIEDADE;NÃO ELEITO;5
8;6;7761;WILMA MENEZES;SOLIDARIEDADE;NÃO ELEITO;13
9;6;7761;WILMA MENEZES;SOLIDARIEDADE;NÃO ELEITO;42
10;6;7761;WILMA MENEZES;SOLIDARIEDADE;NÃO ELEITO;30
11;6;7761;WILMA MENEZES;SOLIDARIEDADE;NÃO ELEITO;364
13;6;7761;WILMA MENEZES;SOLIDARIEDADE;NÃO ELEITO;11
14;6;7761;WILMA MENEZES;SOLIDARIEDADE;NÃO ELEITO;25
15;6;7761;WILMA MENEZES;SOLIDARIEDADE;NÃO ELEITO;29
16;6;7761;WILMA MENEZES;SOLIDARIEDADE;NÃO ELEITO;8
17;6;7761;WILMA MENEZES;SOLIDARIEDADE;NÃO ELEITO;8
18;6;7761;WILMA MENEZES;SOLIDARIEDADE;NÃO ELEITO;14
19;6;7761;WILMA MENEZES;SOLIDARIEDADE;NÃO ELEITO;13
20;6;7761;WILMA MENEZES;SOLIDARIEDADE;NÃO ELEITO;9
21;6;7761;WILMA MENEZES;SOLIDARIEDADE;NÃO ELEITO;9
1;6;7770;NERY JUNIOR;SOLIDARIEDADE;NÃO ELEITO;10
2;6;7770;NERY JUNIOR;SOLIDARIEDADE;NÃO ELEITO;10
3;6;7770;NERY JUNIOR;SOLIDARIEDADE;NÃO ELEITO;3
4;6;7770;NERY JUNIOR;SOLIDARIEDADE;NÃO ELEITO;8
5;6;7770;NERY JUNIOR;SOLIDARIEDADE;NÃO ELEITO;4
6;6;7770;NERY JUNIOR;SOLIDARIEDADE;NÃO ELEITO;1
8;6;7770;NERY JUNIOR;SOLIDARIEDADE;NÃO ELEITO;4
9;6;7770;NERY JUNIOR;SOLIDARIEDADE;NÃO ELEITO;4
10;6;7770;NERY JUNIOR;SOLIDARIEDADE;NÃO ELEITO;21
11;6;7770;NERY JUNIOR;SOLIDARIEDADE;NÃO ELEITO;8
13;6;7770;NERY JUNIOR;SOLIDARIEDADE;NÃO ELEITO;8
14;6;7770;NERY JUNIOR;SOLIDARIEDADE;NÃO ELEITO;7
15;6;7770;NERY JUNIOR;SOLIDARIEDADE;NÃO ELEITO;8
16;6;7770;NERY JUNIOR;SOLIDARIEDADE;NÃO ELEITO;0
17;6;7770;NERY JUNIOR;SOLIDARIEDADE;NÃO ELEITO;0
18;6;7770;NERY JUNIOR;SOLIDARIEDADE;NÃO ELEITO;4
19;6;7770;NERY JUNIOR;SOLIDARIEDADE;NÃO ELEITO;8
20;6;7770;NERY JUNIOR;SOLIDARIEDADE;NÃO ELEITO;2
21;6;7770;NERY JUNIOR;SOLIDARIEDADE;NÃO ELEITO;6
1;6;7777;RODOLPHO HOTH HOTH;SOLIDARIEDADE;NÃO ELEITO;11
2;6;7777;RODOLPHO HOTH HOTH;SOLIDARIEDADE;NÃO ELEITO;20
3;6;7777;RODOLPHO HOTH HOTH;SOLIDARIEDADE;NÃO ELEITO;53
4;6;7777;RODOLPHO HOTH HOTH;SOLIDARIEDADE;NÃO ELEITO;25
5;6;7777;RODOLPHO HOTH HOTH;SOLIDARIEDADE;NÃO ELEITO;11
6;6;7777;RODOLPHO HOTH HOTH;SOLIDARIEDADE;NÃO ELEITO;12
8;6;7777;RODOLPHO HOTH HOTH;SOLIDARIEDADE;NÃO ELEITO;32
9;6;7777;RODOLPHO HOTH HOTH;SOLIDARIEDADE;NÃO ELEITO;19
10;6;7777;RODOLPHO HOTH HOTH;SOLIDARIEDADE;NÃO ELEITO;35
11;6;7777;RODOLPHO HOTH HOTH;SOLIDARIEDADE;NÃO ELEITO;5
13;6;7777;RODOLPHO HOTH HOTH;SOLIDARIEDADE;NÃO ELEITO;25
14;6;7777;RODOLPHO HOTH HOTH;SOLIDARIEDADE;NÃO ELEITO;9
15;6;7777;RODOLPHO HOTH HOTH;SOLIDARIEDADE;NÃO ELEITO;58
16;6;7777;RODOLPHO HOTH HOTH;SOLIDARIEDADE;NÃO ELEITO;19
17;6;7777;RODOLPHO HOTH HOTH;SOLIDARIEDADE;NÃO ELEITO;64
18;6;7777;RODOLPHO HOTH HOTH;SOLIDARIEDADE;NÃO ELEITO;11
19;6;7777;RODOLPHO HOTH HOTH;SOLIDARIEDADE;NÃO ELEITO;26
20;6;7777;RODOLPHO HOTH HOTH;SOLIDARIEDADE;NÃO ELEITO;18
21;6;7777;RODOLPHO HOTH HOTH;SOLIDARIEDADE;NÃO ELEITO;25
1;6;7788;LIGIA AMORIM;SOLIDARIEDADE;NÃO ELEITO;32
2;6;7788;LIGIA AMORIM;SOLIDARIEDADE;NÃO ELEITO;3
3;6;7788;LIGIA AMORIM;SOLIDARIEDADE;NÃO ELEITO;9
4;6;7788;LIGIA AMORIM;SOLIDARIEDADE;NÃO ELEITO;11
5;6;7788;LIGIA AMORIM;SOLIDARIEDADE;NÃO ELEITO;8
6;6;7788;LIGIA AMORIM;SOLIDARIEDADE;NÃO ELEITO;3
8;6;7788;LIGIA AMORIM;SOLIDARIEDADE;NÃO ELEITO;21
9;6;7788;LIGIA AMORIM;SOLIDARIEDADE;NÃO ELEITO;29
10;6;7788;LIGIA AMORIM;SOLIDARIEDADE;NÃO ELEITO;19
11;6;7788;LIGIA AMORIM;SOLIDARIEDADE;NÃO ELEITO;10
13;6;7788;LIGIA AMORIM;SOLIDARIEDADE;NÃO ELEITO;13
14;6;7788;LIGIA AMORIM;SOLIDARIEDADE;NÃO ELEITO;5
15;6;7788;LIGIA AMORIM;SOLIDARIEDADE;NÃO ELEITO;16
16;6;7788;LIGIA AMORIM;SOLIDARIEDADE;NÃO ELEITO;13
17;6;7788;LIGIA AMORIM;SOLIDARIEDADE;NÃO ELEITO;9
18;6;7788;LIGIA AMORIM;SOLIDARIEDADE;NÃO ELEITO;7
19;6;7788;LIGIA AMORIM;SOLIDARIEDADE;NÃO ELEITO;7
20;6;7788;LIGIA AMORIM;SOLIDARIEDADE;NÃO ELEITO;8
21;6;7788;LIGIA AMORIM;SOLIDARIEDADE;NÃO ELEITO;11
1;6;8080;CAIO SAD;UP;NÃO ELEITO;67
2;6;8080;CAIO SAD;UP;NÃO ELEITO;75
3;6;8080;CAIO SAD;UP;NÃO ELEITO;56
4;6;8080;CAIO SAD;UP;NÃO ELEITO;47
5;6;8080;CAIO SAD;UP;NÃO ELEITO;110
6;6;8080;CAIO SAD;UP;NÃO ELEITO;74
8;6;8080;CAIO SAD;UP;NÃO ELEITO;65
9;6;8080;CAIO SAD;UP;NÃO ELEITO;86
10;6;8080;CAIO SAD;UP;NÃO ELEITO;107
11;6;8080;CAIO SAD;UP;NÃO ELEITO;52
13;6;8080;CAIO SAD;UP;NÃO ELEITO;91
14;6;8080;CAIO SAD;UP;NÃO ELEITO;100
15;6;8080;CAIO SAD;UP;NÃO ELEITO;148
16;6;8080;CAIO SAD;UP;NÃO ELEITO;68
17;6;8080;CAIO SAD;UP;NÃO ELEITO;67
18;6;8080;CAIO SAD;UP;NÃO ELEITO;70
19;6;8080;CAIO SAD;UP;NÃO ELEITO;80
20;6;8080;CAIO SAD;UP;NÃO ELEITO;44
21;6;8080;CAIO SAD;UP;NÃO ELEITO;65
1;6;9000;MÁRCIA HOLANDA;PROS;NÃO ELEITO;8
2;6;9000;MÁRCIA HOLANDA;PROS;NÃO ELEITO;21
3;6;9000;MÁRCIA HOLANDA;PROS;NÃO ELEITO;31
4;6;9000;MÁRCIA HOLANDA;PROS;NÃO ELEITO;22
5;6;9000;MÁRCIA HOLANDA;PROS;NÃO ELEITO;23
6;6;9000;MÁRCIA HOLANDA;PROS;NÃO ELEITO;25
8;6;9000;MÁRCIA HOLANDA;PROS;NÃO ELEITO;48
9;6;9000;MÁRCIA HOLANDA;PROS;NÃO ELEITO;36
10;6;9000;MÁRCIA HOLANDA;PROS;NÃO ELEITO;37
11;6;9000;MÁRCIA HOLANDA;PROS;NÃO ELEITO;21
13;6;9000;MÁRCIA HOLANDA;PROS;NÃO ELEITO;73
14;6;9000;MÁRCIA HOLANDA;PROS;NÃO ELEITO;10
15;6;9000;MÁRCIA HOLANDA;PROS;NÃO ELEITO;56
16;6;9000;MÁRCIA HOLANDA;PROS;NÃO ELEITO;33
17;6;9000;MÁRCIA HOLANDA;PROS;NÃO ELEITO;26
18;6;9000;MÁRCIA HOLANDA;PROS;NÃO ELEITO;25
19;6;9000;MÁRCIA HOLANDA;PROS;NÃO ELEITO;70
20;6;9000;MÁRCIA HOLANDA;PROS;NÃO ELEITO;29
21;6;9000;MÁRCIA HOLANDA;PROS;NÃO ELEITO;21
1;6;9009;HENRIQUE RESENDE;PROS;NÃO ELEITO;13
2;6;9009;HENRIQUE RESENDE;PROS;NÃO ELEITO;8
3;6;9009;HENRIQUE RESENDE;PROS;NÃO ELEITO;5
4;6;9009;HENRIQUE RESENDE;PROS;NÃO ELEITO;10
5;6;9009;HENRIQUE RESENDE;PROS;NÃO ELEITO;21
6;6;9009;HENRIQUE RESENDE;PROS;NÃO ELEITO;15
8;6;9009;HENRIQUE RESENDE;PROS;NÃO ELEITO;6
9;6;9009;HENRIQUE RESENDE;PROS;NÃO ELEITO;30
10;6;9009;HENRIQUE RESENDE;PROS;NÃO ELEITO;17
11;6;9009;HENRIQUE RESENDE;PROS;NÃO ELEITO;21
13;6;9009;HENRIQUE RESENDE;PROS;NÃO ELEITO;9
14;6;9009;HENRIQUE RESENDE;PROS;NÃO ELEITO;30
15;6;9009;HENRIQUE RESENDE;PROS;NÃO ELEITO;58
16;6;9009;HENRIQUE RESENDE;PROS;NÃO ELEITO;39
17;6;9009;HENRIQUE RESENDE;PROS;NÃO ELEITO;15
18;6;9009;HENRIQUE RESENDE;PROS;NÃO ELEITO;34
19;6;9009;HENRIQUE RESENDE;PROS;NÃO ELEITO;21
20;6;9009;HENRIQUE RESENDE;PROS;NÃO ELEITO;10
21;6;9009;HENRIQUE RESENDE;PROS;NÃO ELEITO;4
1;6;9010;DRA. MAJU MONTEIRO;PROS;NÃO ELEITO;4
2;6;9010;DRA. MAJU MONTEIRO;PROS;NÃO ELEITO;7
3;6;9010;DRA. MAJU MONTEIRO;PROS;NÃO ELEITO;21
4;6;9010;DRA. MAJU MONTEIRO;PROS;NÃO ELEITO;9
5;6;9010;DRA. MAJU MONTEIRO;PROS;NÃO ELEITO;23
6;6;9010;DRA. MAJU MONTEIRO;PROS;NÃO ELEITO;10
8;6;9010;DRA. MAJU MONTEIRO;PROS;NÃO ELEITO;24
9;6;9010;DRA. MAJU MONTEIRO;PROS;NÃO ELEITO;32
10;6;9010;DRA. MAJU MONTEIRO;PROS;NÃO ELEITO;13
11;6;9010;DRA. MAJU MONTEIRO;PROS;NÃO ELEITO;7
13;6;9010;DRA. MAJU MONTEIRO;PROS;NÃO ELEITO;23
14;6;9010;DRA. MAJU MONTEIRO;PROS;NÃO ELEITO;18
15;6;9010;DRA. MAJU MONTEIRO;PROS;NÃO ELEITO;42
16;6;9010;DRA. MAJU MONTEIRO;PROS;NÃO ELEITO;19
17;6;9010;DRA. MAJU MONTEIRO;PROS;NÃO ELEITO;12
18;6;9010;DRA. MAJU MONTEIRO;PROS;NÃO ELEITO;4
19;6;9010;DRA. MAJU MONTEIRO;PROS;NÃO ELEITO;54
20;6;9010;DRA. MAJU MONTEIRO;PROS;NÃO ELEITO;29
21;6;9010;DRA. MAJU MONTEIRO;PROS;NÃO ELEITO;11
1;6;9015;PROF. SEVERINO CAJAZEIRAS;PROS;NÃO ELEITO;186
2;6;9015;PROF. SEVERINO CAJAZEIRAS;PROS;NÃO ELEITO;155
3;6;9015;PROF. SEVERINO CAJAZEIRAS;PROS;NÃO ELEITO;66
4;6;9015;PROF. SEVERINO CAJAZEIRAS;PROS;NÃO ELEITO;86
5;6;9015;PROF. SEVERINO CAJAZEIRAS;PROS;NÃO ELEITO;155
6;6;9015;PROF. SEVERINO CAJAZEIRAS;PROS;NÃO ELEITO;104
8;6;9015;PROF. SEVERINO CAJAZEIRAS;PROS;NÃO ELEITO;113
9;6;9015;PROF. SEVERINO CAJAZEIRAS;PROS;NÃO ELEITO;182
10;6;9015;PROF. SEVERINO CAJAZEIRAS;PROS;NÃO ELEITO;186
11;6;9015;PROF. SEVERINO CAJAZEIRAS;PROS;NÃO ELEITO;152
13;6;9015;PROF. SEVERINO CAJAZEIRAS;PROS;NÃO ELEITO;85
14;6;9015;PROF. SEVERINO CAJAZEIRAS;PROS;NÃO ELEITO;247
15;6;9015;PROF. SEVERINO CAJAZEIRAS;PROS;NÃO ELEITO;238
16;6;9015;PROF. SEVERINO CAJAZEIRAS;PROS;NÃO ELEITO;196
17;6;9015;PROF. SEVERINO CAJAZEIRAS;PROS;NÃO ELEITO;163
18;6;9015;PROF. SEVERINO CAJAZEIRAS;PROS;NÃO ELEITO;191
19;6;9015;PROF. SEVERINO CAJAZEIRAS;PROS;NÃO ELEITO;177
20;6;9015;PROF. SEVERINO CAJAZEIRAS;PROS;NÃO ELEITO;54
21;6;9015;PROF. SEVERINO CAJAZEIRAS;PROS;NÃO ELEITO;59
1;6;9023;BETHANIA KELLY;PROS;NÃO ELEITO;2
2;6;9023;BETHANIA KELLY;PROS;NÃO ELEITO;5
3;6;9023;BETHANIA KELLY;PROS;NÃO ELEITO;6
4;6;9023;BETHANIA KELLY;PROS;NÃO ELEITO;11
5;6;9023;BETHANIA KELLY;PROS;NÃO ELEITO;8
6;6;9023;BETHANIA KELLY;PROS;NÃO ELEITO;3
8;6;9023;BETHANIA KELLY;PROS;NÃO ELEITO;16
9;6;9023;BETHANIA KELLY;PROS;NÃO ELEITO;2
10;6;9023;BETHANIA KELLY;PROS;NÃO ELEITO;10
11;6;9023;BETHANIA KELLY;PROS;NÃO ELEITO;1
13;6;9023;BETHANIA KELLY;PROS;NÃO ELEITO;5
14;6;9023;BETHANIA KELLY;PROS;NÃO ELEITO;2
15;6;9023;BETHANIA KELLY;PROS;NÃO ELEITO;3
16;6;9023;BETHANIA KELLY;PROS;NÃO ELEITO;9
17;6;9023;BETHANIA KELLY;PROS;NÃO ELEITO;60
18;6;9023;BETHANIA KELLY;PROS;NÃO ELEITO;2
19;6;9023;BETHANIA KELLY;PROS;NÃO ELEITO;2
20;6;9023;BETHANIA KELLY;PROS;NÃO ELEITO;3
21;6;9023;BETHANIA KELLY;PROS;NÃO ELEITO;3
1;6;9033;LUIZÃO;PROS;NÃO ELEITO;0
2;6;9033;LUIZÃO;PROS;NÃO ELEITO;1
3;6;9033;LUIZÃO;PROS;NÃO ELEITO;0
4;6;9033;LUIZÃO;PROS;NÃO ELEITO;1
5;6;9033;LUIZÃO;PROS;NÃO ELEITO;1
6;6;9033;LUIZÃO;PROS;NÃO ELEITO;0
8;6;9033;LUIZÃO;PROS;NÃO ELEITO;8
9;6;9033;LUIZÃO;PROS;NÃO ELEITO;1
10;6;9033;LUIZÃO;PROS;NÃO ELEITO;1
11;6;9033;LUIZÃO;PROS;NÃO ELEITO;0
13;6;9033;LUIZÃO;PROS;NÃO ELEITO;14
14;6;9033;LUIZÃO;PROS;NÃO ELEITO;2
15;6;9033;LUIZÃO;PROS;NÃO ELEITO;3
16;6;9033;LUIZÃO;PROS;NÃO ELEITO;2
17;6;9033;LUIZÃO;PROS;NÃO ELEITO;2
18;6;9033;LUIZÃO;PROS;NÃO ELEITO;1
19;6;9033;LUIZÃO;PROS;NÃO ELEITO;6
20;6;9033;LUIZÃO;PROS;NÃO ELEITO;0
21;6;9033;LUIZÃO;PROS;NÃO ELEITO;9
1;6;9061;FERNANDO FÉ;PROS;NÃO ELEITO;3
2;6;9061;FERNANDO FÉ;PROS;NÃO ELEITO;22
3;6;9061;FERNANDO FÉ;PROS;NÃO ELEITO;7
4;6;9061;FERNANDO FÉ;PROS;NÃO ELEITO;28
5;6;9061;FERNANDO FÉ;PROS;NÃO ELEITO;5
6;6;9061;FERNANDO FÉ;PROS;NÃO ELEITO;8
8;6;9061;FERNANDO FÉ;PROS;NÃO ELEITO;34
9;6;9061;FERNANDO FÉ;PROS;NÃO ELEITO;46
10;6;9061;FERNANDO FÉ;PROS;NÃO ELEITO;14
11;6;9061;FERNANDO FÉ;PROS;NÃO ELEITO;4
13;6;9061;FERNANDO FÉ;PROS;NÃO ELEITO;32
14;6;9061;FERNANDO FÉ;PROS;NÃO ELEITO;14
15;6;9061;FERNANDO FÉ;PROS;NÃO ELEITO;24
16;6;9061;FERNANDO FÉ;PROS;NÃO ELEITO;43
17;6;9061;FERNANDO FÉ;PROS;NÃO ELEITO;9
18;6;9061;FERNANDO FÉ;PROS;NÃO ELEITO;20
19;6;9061;FERNANDO FÉ;PROS;NÃO ELEITO;15
20;6;9061;FERNANDO FÉ;PROS;NÃO ELEITO;15
21;6;9061;FERNANDO FÉ;PROS;NÃO ELEITO;21
1;6;9090;AMAURI PINHO;PROS;NÃO ELEITO;25
2;6;9090;AMAURI PINHO;PROS;NÃO ELEITO;20
3;6;9090;AMAURI PINHO;PROS;NÃO ELEITO;25
4;6;9090;AMAURI PINHO;PROS;NÃO ELEITO;1
5;6;9090;AMAURI PINHO;PROS;NÃO ELEITO;19
6;6;9090;AMAURI PINHO;PROS;NÃO ELEITO;20
8;6;9090;AMAURI PINHO;PROS;NÃO ELEITO;33
9;6;9090;AMAURI PINHO;PROS;NÃO ELEITO;41
10;6;9090;AMAURI PINHO;PROS;NÃO ELEITO;20
11;6;9090;AMAURI PINHO;PROS;NÃO ELEITO;12
13;6;9090;AMAURI PINHO;PROS;NÃO ELEITO;68
14;6;9090;AMAURI PINHO;PROS;NÃO ELEITO;22
15;6;9090;AMAURI PINHO;PROS;NÃO ELEITO;54
16;6;9090;AMAURI PINHO;PROS;NÃO ELEITO;55
17;6;9090;AMAURI PINHO;PROS;NÃO ELEITO;26
18;6;9090;AMAURI PINHO;PROS;NÃO ELEITO;14
19;6;9090;AMAURI PINHO;PROS;NÃO ELEITO;33
20;6;9090;AMAURI PINHO;PROS;NÃO ELEITO;41
21;6;9090;AMAURI PINHO;PROS;NÃO ELEITO;42
1;8;10000;MARCELO TRATOR;REPUBLICANOS;SUPLENTE;127
2;8;10000;MARCELO TRATOR;REPUBLICANOS;SUPLENTE;2233
3;8;10000;MARCELO TRATOR;REPUBLICANOS;SUPLENTE;27
4;8;10000;MARCELO TRATOR;REPUBLICANOS;SUPLENTE;55
5;8;10000;MARCELO TRATOR;REPUBLICANOS;SUPLENTE;291
6;8;10000;MARCELO TRATOR;REPUBLICANOS;SUPLENTE;157
8;8;10000;MARCELO TRATOR;REPUBLICANOS;SUPLENTE;74
9;8;10000;MARCELO TRATOR;REPUBLICANOS;SUPLENTE;111
10;8;10000;MARCELO TRATOR;REPUBLICANOS;SUPLENTE;90
11;8;10000;MARCELO TRATOR;REPUBLICANOS;SUPLENTE;111
13;8;10000;MARCELO TRATOR;REPUBLICANOS;SUPLENTE;75
14;8;10000;MARCELO TRATOR;REPUBLICANOS;SUPLENTE;437
15;8;10000;MARCELO TRATOR;REPUBLICANOS;SUPLENTE;123
16;8;10000;MARCELO TRATOR;REPUBLICANOS;SUPLENTE;58
17;8;10000;MARCELO TRATOR;REPUBLICANOS;SUPLENTE;79
18;8;10000;MARCELO TRATOR;REPUBLICANOS;SUPLENTE;124
19;8;10000;MARCELO TRATOR;REPUBLICANOS;SUPLENTE;69
20;8;10000;MARCELO TRATOR;REPUBLICANOS;SUPLENTE;40
21;8;10000;MARCELO TRATOR;REPUBLICANOS;SUPLENTE;46
1;8;10001;PROF. LEONARDO MIRANDA;REPUBLICANOS;SUPLENTE;7
2;8;10001;PROF. LEONARDO MIRANDA;REPUBLICANOS;SUPLENTE;4
3;8;10001;PROF. LEONARDO MIRANDA;REPUBLICANOS;SUPLENTE;20
4;8;10001;PROF. LEONARDO MIRANDA;REPUBLICANOS;SUPLENTE;121
5;8;10001;PROF. LEONARDO MIRANDA;REPUBLICANOS;SUPLENTE;9
6;8;10001;PROF. LEONARDO MIRANDA;REPUBLICANOS;SUPLENTE;11
8;8;10001;PROF. LEONARDO MIRANDA;REPUBLICANOS;SUPLENTE;14
9;8;10001;PROF. LEONARDO MIRANDA;REPUBLICANOS;SUPLENTE;53
10;8;10001;PROF. LEONARDO MIRANDA;REPUBLICANOS;SUPLENTE;29
11;8;10001;PROF. LEONARDO MIRANDA;REPUBLICANOS;SUPLENTE;21
13;8;10001;PROF. LEONARDO MIRANDA;REPUBLICANOS;SUPLENTE;31
14;8;10001;PROF. LEONARDO MIRANDA;REPUBLICANOS;SUPLENTE;23
15;8;10001;PROF. LEONARDO MIRANDA;REPUBLICANOS;SUPLENTE;34
16;8;10001;PROF. LEONARDO MIRANDA;REPUBLICANOS;SUPLENTE;17
17;8;10001;PROF. LEONARDO MIRANDA;REPUBLICANOS;SUPLENTE;898
18;8;10001;PROF. LEONARDO MIRANDA;REPUBLICANOS;SUPLENTE;34
19;8;10001;PROF. LEONARDO MIRANDA;REPUBLICANOS;SUPLENTE;13
20;8;10001;PROF. LEONARDO MIRANDA;REPUBLICANOS;SUPLENTE;5
21;8;10001;PROF. LEONARDO MIRANDA;REPUBLICANOS;SUPLENTE;31
1;8;10007;CLAUDINHA DA SAÚDE;REPUBLICANOS;SUPLENTE;4
2;8;10007;CLAUDINHA DA SAÚDE;REPUBLICANOS;SUPLENTE;15
3;8;10007;CLAUDINHA DA SAÚDE;REPUBLICANOS;SUPLENTE;3
4;8;10007;CLAUDINHA DA SAÚDE;REPUBLICANOS;SUPLENTE;2
5;8;10007;CLAUDINHA DA SAÚDE;REPUBLICANOS;SUPLENTE;41
6;8;10007;CLAUDINHA DA SAÚDE;REPUBLICANOS;SUPLENTE;105
8;8;10007;CLAUDINHA DA SAÚDE;REPUBLICANOS;SUPLENTE;10
9;8;10007;CLAUDINHA DA SAÚDE;REPUBLICANOS;SUPLENTE;8
10;8;10007;CLAUDINHA DA SAÚDE;REPUBLICANOS;SUPLENTE;8
11;8;10007;CLAUDINHA DA SAÚDE;REPUBLICANOS;SUPLENTE;7
13;8;10007;CLAUDINHA DA SAÚDE;REPUBLICANOS;SUPLENTE;6
14;8;10007;CLAUDINHA DA SAÚDE;REPUBLICANOS;SUPLENTE;12
15;8;10007;CLAUDINHA DA SAÚDE;REPUBLICANOS;SUPLENTE;9
16;8;10007;CLAUDINHA DA SAÚDE;REPUBLICANOS;SUPLENTE;23
17;8;10007;CLAUDINHA DA SAÚDE;REPUBLICANOS;SUPLENTE;4
18;8;10007;CLAUDINHA DA SAÚDE;REPUBLICANOS;SUPLENTE;17
19;8;10007;CLAUDINHA DA SAÚDE;REPUBLICANOS;SUPLENTE;3
20;8;10007;CLAUDINHA DA SAÚDE;REPUBLICANOS;SUPLENTE;14
21;8;10007;CLAUDINHA DA SAÚDE;REPUBLICANOS;SUPLENTE;9
1;8;10010;ROGÉRIO PADILHA;REPUBLICANOS;SUPLENTE;3
2;8;10010;ROGÉRIO PADILHA;REPUBLICANOS;SUPLENTE;2
3;8;10010;ROGÉRIO PADILHA;REPUBLICANOS;SUPLENTE;101
4;8;10010;ROGÉRIO PADILHA;REPUBLICANOS;SUPLENTE;13
5;8;10010;ROGÉRIO PADILHA;REPUBLICANOS;SUPLENTE;26
6;8;10010;ROGÉRIO PADILHA;REPUBLICANOS;SUPLENTE;3
8;8;10010;ROGÉRIO PADILHA;REPUBLICANOS;SUPLENTE;23
9;8;10010;ROGÉRIO PADILHA;REPUBLICANOS;SUPLENTE;7
10;8;10010;ROGÉRIO PADILHA;REPUBLICANOS;SUPLENTE;6
11;8;10010;ROGÉRIO PADILHA;REPUBLICANOS;SUPLENTE;1
13;8;10010;ROGÉRIO PADILHA;REPUBLICANOS;SUPLENTE;8
14;8;10010;ROGÉRIO PADILHA;REPUBLICANOS;SUPLENTE;9
15;8;10010;ROGÉRIO PADILHA;REPUBLICANOS;SUPLENTE;10
16;8;10010;ROGÉRIO PADILHA;REPUBLICANOS;SUPLENTE;10
17;8;10010;ROGÉRIO PADILHA;REPUBLICANOS;SUPLENTE;7
18;8;10010;ROGÉRIO PADILHA;REPUBLICANOS;SUPLENTE;22
19;8;10010;ROGÉRIO PADILHA;REPUBLICANOS;SUPLENTE;10
20;8;10010;ROGÉRIO PADILHA;REPUBLICANOS;SUPLENTE;15
21;8;10010;ROGÉRIO PADILHA;REPUBLICANOS;SUPLENTE;24
1;8;10011;ÁLVARO CASTRO;REPUBLICANOS;SUPLENTE;10
2;8;10011;ÁLVARO CASTRO;REPUBLICANOS;SUPLENTE;26
3;8;10011;ÁLVARO CASTRO;REPUBLICANOS;SUPLENTE;4
4;8;10011;ÁLVARO CASTRO;REPUBLICANOS;SUPLENTE;6
5;8;10011;ÁLVARO CASTRO;REPUBLICANOS;SUPLENTE;246
6;8;10011;ÁLVARO CASTRO;REPUBLICANOS;SUPLENTE;34
8;8;10011;ÁLVARO CASTRO;REPUBLICANOS;SUPLENTE;5
9;8;10011;ÁLVARO CASTRO;REPUBLICANOS;SUPLENTE;17
10;8;10011;ÁLVARO CASTRO;REPUBLICANOS;SUPLENTE;9
11;8;10011;ÁLVARO CASTRO;REPUBLICANOS;SUPLENTE;11
13;8;10011;ÁLVARO CASTRO;REPUBLICANOS;SUPLENTE;2
14;8;10011;ÁLVARO CASTRO;REPUBLICANOS;SUPLENTE;14
15;8;10011;ÁLVARO CASTRO;REPUBLICANOS;SUPLENTE;18
16;8;10011;ÁLVARO CASTRO;REPUBLICANOS;SUPLENTE;15
17;8;10011;ÁLVARO CASTRO;REPUBLICANOS;SUPLENTE;1
18;8;10011;ÁLVARO CASTRO;REPUBLICANOS;SUPLENTE;7
19;8;10011;ÁLVARO CASTRO;REPUBLICANOS;SUPLENTE;8
20;8;10011;ÁLVARO CASTRO;REPUBLICANOS;SUPLENTE;8
21;8;10011;ÁLVARO CASTRO;REPUBLICANOS;SUPLENTE;3
1;8;10022;KELLY BOLSONARO;REPUBLICANOS;SUPLENTE;67
2;8;10022;KELLY BOLSONARO;REPUBLICANOS;SUPLENTE;32
3;8;10022;KELLY BOLSONARO;REPUBLICANOS;SUPLENTE;41
4;8;10022;KELLY BOLSONARO;REPUBLICANOS;SUPLENTE;214
5;8;10022;KELLY BOLSONARO;REPUBLICANOS;SUPLENTE;65
6;8;10022;KELLY BOLSONARO;REPUBLICANOS;SUPLENTE;22
8;8;10022;KELLY BOLSONARO;REPUBLICANOS;SUPLENTE;43
9;8;10022;KELLY BOLSONARO;REPUBLICANOS;SUPLENTE;68
10;8;10022;KELLY BOLSONARO;REPUBLICANOS;SUPLENTE;71
11;8;10022;KELLY BOLSONARO;REPUBLICANOS;SUPLENTE;65
13;8;10022;KELLY BOLSONARO;REPUBLICANOS;SUPLENTE;41
14;8;10022;KELLY BOLSONARO;REPUBLICANOS;SUPLENTE;118
15;8;10022;KELLY BOLSONARO;REPUBLICANOS;SUPLENTE;124
16;8;10022;KELLY BOLSONARO;REPUBLICANOS;SUPLENTE;47
17;8;10022;KELLY BOLSONARO;REPUBLICANOS;SUPLENTE;52
18;8;10022;KELLY BOLSONARO;REPUBLICANOS;SUPLENTE;61
19;8;10022;KELLY BOLSONARO;REPUBLICANOS;SUPLENTE;41
20;8;10022;KELLY BOLSONARO;REPUBLICANOS;SUPLENTE;22
21;8;10022;KELLY BOLSONARO;REPUBLICANOS;SUPLENTE;30
1;8;10099;ELIANE CASTRO;REPUBLICANOS;SUPLENTE;19
2;8;10099;ELIANE CASTRO;REPUBLICANOS;SUPLENTE;15
3;8;10099;ELIANE CASTRO;REPUBLICANOS;SUPLENTE;18
4;8;10099;ELIANE CASTRO;REPUBLICANOS;SUPLENTE;11
5;8;10099;ELIANE CASTRO;REPUBLICANOS;SUPLENTE;10
6;8;10099;ELIANE CASTRO;REPUBLICANOS;SUPLENTE;10
8;8;10099;ELIANE CASTRO;REPUBLICANOS;SUPLENTE;33
9;8;10099;ELIANE CASTRO;REPUBLICANOS;SUPLENTE;31
10;8;10099;ELIANE CASTRO;REPUBLICANOS;SUPLENTE;35
11;8;10099;ELIANE CASTRO;REPUBLICANOS;SUPLENTE;20
13;8;10099;ELIANE CASTRO;REPUBLICANOS;SUPLENTE;129
14;8;10099;ELIANE CASTRO;REPUBLICANOS;SUPLENTE;27
15;8;10099;ELIANE CASTRO;REPUBLICANOS;SUPLENTE;45
16;8;10099;ELIANE CASTRO;REPUBLICANOS;SUPLENTE;11
17;8;10099;ELIANE CASTRO;REPUBLICANOS;SUPLENTE;38
18;8;10099;ELIANE CASTRO;REPUBLICANOS;SUPLENTE;9
19;8;10099;ELIANE CASTRO;REPUBLICANOS;SUPLENTE;21
20;8;10099;ELIANE CASTRO;REPUBLICANOS;SUPLENTE;21
21;8;10099;ELIANE CASTRO;REPUBLICANOS;SUPLENTE;27
1;8;10122;PR ANDRE MAURO;REPUBLICANOS;SUPLENTE;9
2;8;10122;PR ANDRE MAURO;REPUBLICANOS;SUPLENTE;16
3;8;10122;PR ANDRE MAURO;REPUBLICANOS;SUPLENTE;29
4;8;10122;PR ANDRE MAURO;REPUBLICANOS;SUPLENTE;87
5;8;10122;PR ANDRE MAURO;REPUBLICANOS;SUPLENTE;26
6;8;10122;PR ANDRE MAURO;REPUBLICANOS;SUPLENTE;24
8;8;10122;PR ANDRE MAURO;REPUBLICANOS;SUPLENTE;27
9;8;10122;PR ANDRE MAURO;REPUBLICANOS;SUPLENTE;15
10;8;10122;PR ANDRE MAURO;REPUBLICANOS;SUPLENTE;24
11;8;10122;PR ANDRE MAURO;REPUBLICANOS;SUPLENTE;6
13;8;10122;PR ANDRE MAURO;REPUBLICANOS;SUPLENTE;49
14;8;10122;PR ANDRE MAURO;REPUBLICANOS;SUPLENTE;7
15;8;10122;PR ANDRE MAURO;REPUBLICANOS;SUPLENTE;50
16;8;10122;PR ANDRE MAURO;REPUBLICANOS;SUPLENTE;41
17;8;10122;PR ANDRE MAURO;REPUBLICANOS;SUPLENTE;42
18;8;10122;PR ANDRE MAURO;REPUBLICANOS;SUPLENTE;15
19;8;10122;PR ANDRE MAURO;REPUBLICANOS;SUPLENTE;27
20;8;10122;PR ANDRE MAURO;REPUBLICANOS;SUPLENTE;13
21;8;10122;PR ANDRE MAURO;REPUBLICANOS;SUPLENTE;23
1;8;10123;MARTINS MACHADO;REPUBLICANOS;ELEITO POR QP;508
2;8;10123;MARTINS MACHADO;REPUBLICANOS;ELEITO POR QP;2414
3;8;10123;MARTINS MACHADO;REPUBLICANOS;ELEITO POR QP;962
4;8;10123;MARTINS MACHADO;REPUBLICANOS;ELEITO POR QP;2012
5;8;10123;MARTINS MACHADO;REPUBLICANOS;ELEITO POR QP;1746
6;8;10123;MARTINS MACHADO;REPUBLICANOS;ELEITO POR QP;1940
8;8;10123;MARTINS MACHADO;REPUBLICANOS;ELEITO POR QP;2622
9;8;10123;MARTINS MACHADO;REPUBLICANOS;ELEITO POR QP;1670
10;8;10123;MARTINS MACHADO;REPUBLICANOS;ELEITO POR QP;2129
11;8;10123;MARTINS MACHADO;REPUBLICANOS;ELEITO POR QP;432
13;8;10123;MARTINS MACHADO;REPUBLICANOS;ELEITO POR QP;2779
14;8;10123;MARTINS MACHADO;REPUBLICANOS;ELEITO POR QP;489
15;8;10123;MARTINS MACHADO;REPUBLICANOS;ELEITO POR QP;1745
16;8;10123;MARTINS MACHADO;REPUBLICANOS;ELEITO POR QP;1980
17;8;10123;MARTINS MACHADO;REPUBLICANOS;ELEITO POR QP;2019
18;8;10123;MARTINS MACHADO;REPUBLICANOS;ELEITO POR QP;1715
19;8;10123;MARTINS MACHADO;REPUBLICANOS;ELEITO POR QP;1164
20;8;10123;MARTINS MACHADO;REPUBLICANOS;ELEITO POR QP;1471
21;8;10123;MARTINS MACHADO;REPUBLICANOS;ELEITO POR QP;2196
1;8;10147;VANDERLI DIAS;REPUBLICANOS;SUPLENTE;7
2;8;10147;VANDERLI DIAS;REPUBLICANOS;SUPLENTE;26
3;8;10147;VANDERLI DIAS;REPUBLICANOS;SUPLENTE;3
4;8;10147;VANDERLI DIAS;REPUBLICANOS;SUPLENTE;17
5;8;10147;VANDERLI DIAS;REPUBLICANOS;SUPLENTE;9
6;8;10147;VANDERLI DIAS;REPUBLICANOS;SUPLENTE;0
8;8;10147;VANDERLI DIAS;REPUBLICANOS;SUPLENTE;15
9;8;10147;VANDERLI DIAS;REPUBLICANOS;SUPLENTE;21
10;8;10147;VANDERLI DIAS;REPUBLICANOS;SUPLENTE;152
11;8;10147;VANDERLI DIAS;REPUBLICANOS;SUPLENTE;6
13;8;10147;VANDERLI DIAS;REPUBLICANOS;SUPLENTE;46
14;8;10147;VANDERLI DIAS;REPUBLICANOS;SUPLENTE;9
15;8;10147;VANDERLI DIAS;REPUBLICANOS;SUPLENTE;20
16;8;10147;VANDERLI DIAS;REPUBLICANOS;SUPLENTE;25
17;8;10147;VANDERLI DIAS;REPUBLICANOS;SUPLENTE;12
18;8;10147;VANDERLI DIAS;REPUBLICANOS;SUPLENTE;46
19;8;10147;VANDERLI DIAS;REPUBLICANOS;SUPLENTE;13
20;8;10147;VANDERLI DIAS;REPUBLICANOS;SUPLENTE;8
21;8;10147;VANDERLI DIAS;REPUBLICANOS;SUPLENTE;47
1;8;10177;TOCCOLINI;REPUBLICANOS;SUPLENTE;55
2;8;10177;TOCCOLINI;REPUBLICANOS;SUPLENTE;12
3;8;10177;TOCCOLINI;REPUBLICANOS;SUPLENTE;12
4;8;10177;TOCCOLINI;REPUBLICANOS;SUPLENTE;26
5;8;10177;TOCCOLINI;REPUBLICANOS;SUPLENTE;7
6;8;10177;TOCCOLINI;REPUBLICANOS;SUPLENTE;8
8;8;10177;TOCCOLINI;REPUBLICANOS;SUPLENTE;10
9;8;10177;TOCCOLINI;REPUBLICANOS;SUPLENTE;288
10;8;10177;TOCCOLINI;REPUBLICANOS;SUPLENTE;24
11;8;10177;TOCCOLINI;REPUBLICANOS;SUPLENTE;26
13;8;10177;TOCCOLINI;REPUBLICANOS;SUPLENTE;27
14;8;10177;TOCCOLINI;REPUBLICANOS;SUPLENTE;34
15;8;10177;TOCCOLINI;REPUBLICANOS;SUPLENTE;197
16;8;10177;TOCCOLINI;REPUBLICANOS;SUPLENTE;3
17;8;10177;TOCCOLINI;REPUBLICANOS;SUPLENTE;21
18;8;10177;TOCCOLINI;REPUBLICANOS;SUPLENTE;20
19;8;10177;TOCCOLINI;REPUBLICANOS;SUPLENTE;24
20;8;10177;TOCCOLINI;REPUBLICANOS;SUPLENTE;7
21;8;10177;TOCCOLINI;REPUBLICANOS;SUPLENTE;10
1;8;10190;MAJOR MICHELLO;REPUBLICANOS;SUPLENTE;262
2;8;10190;MAJOR MICHELLO;REPUBLICANOS;SUPLENTE;189
3;8;10190;MAJOR MICHELLO;REPUBLICANOS;SUPLENTE;342
4;8;10190;MAJOR MICHELLO;REPUBLICANOS;SUPLENTE;143
5;8;10190;MAJOR MICHELLO;REPUBLICANOS;SUPLENTE;223
6;8;10190;MAJOR MICHELLO;REPUBLICANOS;SUPLENTE;181
8;8;10190;MAJOR MICHELLO;REPUBLICANOS;SUPLENTE;434
9;8;10190;MAJOR MICHELLO;REPUBLICANOS;SUPLENTE;429
10;8;10190;MAJOR MICHELLO;REPUBLICANOS;SUPLENTE;372
11;8;10190;MAJOR MICHELLO;REPUBLICANOS;SUPLENTE;251
13;8;10190;MAJOR MICHELLO;REPUBLICANOS;SUPLENTE;397
14;8;10190;MAJOR MICHELLO;REPUBLICANOS;SUPLENTE;440
15;8;10190;MAJOR MICHELLO;REPUBLICANOS;SUPLENTE;491
16;8;10190;MAJOR MICHELLO;REPUBLICANOS;SUPLENTE;406
17;8;10190;MAJOR MICHELLO;REPUBLICANOS;SUPLENTE;290
18;8;10190;MAJOR MICHELLO;REPUBLICANOS;SUPLENTE;215
19;8;10190;MAJOR MICHELLO;REPUBLICANOS;SUPLENTE;331
20;8;10190;MAJOR MICHELLO;REPUBLICANOS;SUPLENTE;311
21;8;10190;MAJOR MICHELLO;REPUBLICANOS;SUPLENTE;237
1;8;10193;CORONEL SOLANGE;REPUBLICANOS;SUPLENTE;35
2;8;10193;CORONEL SOLANGE;REPUBLICANOS;SUPLENTE;6
3;8;10193;CORONEL SOLANGE;REPUBLICANOS;SUPLENTE;40
4;8;10193;CORONEL SOLANGE;REPUBLICANOS;SUPLENTE;25
5;8;10193;CORONEL SOLANGE;REPUBLICANOS;SUPLENTE;33
6;8;10193;CORONEL SOLANGE;REPUBLICANOS;SUPLENTE;3
8;8;10193;CORONEL SOLANGE;REPUBLICANOS;SUPLENTE;70
9;8;10193;CORONEL SOLANGE;REPUBLICANOS;SUPLENTE;65
10;8;10193;CORONEL SOLANGE;REPUBLICANOS;SUPLENTE;50
11;8;10193;CORONEL SOLANGE;REPUBLICANOS;SUPLENTE;27
13;8;10193;CORONEL SOLANGE;REPUBLICANOS;SUPLENTE;26
14;8;10193;CORONEL SOLANGE;REPUBLICANOS;SUPLENTE;28
15;8;10193;CORONEL SOLANGE;REPUBLICANOS;SUPLENTE;131
16;8;10193;CORONEL SOLANGE;REPUBLICANOS;SUPLENTE;55
17;8;10193;CORONEL SOLANGE;REPUBLICANOS;SUPLENTE;18
18;8;10193;CORONEL SOLANGE;REPUBLICANOS;SUPLENTE;22
19;8;10193;CORONEL SOLANGE;REPUBLICANOS;SUPLENTE;54
20;8;10193;CORONEL SOLANGE;REPUBLICANOS;SUPLENTE;70
21;8;10193;CORONEL SOLANGE;REPUBLICANOS;SUPLENTE;21
1;8;10200;CARLOS CALHEIROS;REPUBLICANOS;SUPLENTE;13
2;8;10200;CARLOS CALHEIROS;REPUBLICANOS;SUPLENTE;11
3;8;10200;CARLOS CALHEIROS;REPUBLICANOS;SUPLENTE;23
4;8;10200;CARLOS CALHEIROS;REPUBLICANOS;SUPLENTE;102
5;8;10200;CARLOS CALHEIROS;REPUBLICANOS;SUPLENTE;29
6;8;10200;CARLOS CALHEIROS;REPUBLICANOS;SUPLENTE;23
8;8;10200;CARLOS CALHEIROS;REPUBLICANOS;SUPLENTE;49
9;8;10200;CARLOS CALHEIROS;REPUBLICANOS;SUPLENTE;92
10;8;10200;CARLOS CALHEIROS;REPUBLICANOS;SUPLENTE;38
11;8;10200;CARLOS CALHEIROS;REPUBLICANOS;SUPLENTE;12
13;8;10200;CARLOS CALHEIROS;REPUBLICANOS;SUPLENTE;58
14;8;10200;CARLOS CALHEIROS;REPUBLICANOS;SUPLENTE;23
15;8;10200;CARLOS CALHEIROS;REPUBLICANOS;SUPLENTE;85
16;8;10200;CARLOS CALHEIROS;REPUBLICANOS;SUPLENTE;39
17;8;10200;CARLOS CALHEIROS;REPUBLICANOS;SUPLENTE;276
18;8;10200;CARLOS CALHEIROS;REPUBLICANOS;SUPLENTE;19
19;8;10200;CARLOS CALHEIROS;REPUBLICANOS;SUPLENTE;42
20;8;10200;CARLOS CALHEIROS;REPUBLICANOS;SUPLENTE;68
21;8;10200;CARLOS CALHEIROS;REPUBLICANOS;SUPLENTE;42
1;8;10221;RACHEL HERINGER;REPUBLICANOS;SUPLENTE;131
2;8;10221;RACHEL HERINGER;REPUBLICANOS;SUPLENTE;19
3;8;10221;RACHEL HERINGER;REPUBLICANOS;SUPLENTE;1
4;8;10221;RACHEL HERINGER;REPUBLICANOS;SUPLENTE;1
5;8;10221;RACHEL HERINGER;REPUBLICANOS;SUPLENTE;12
6;8;10221;RACHEL HERINGER;REPUBLICANOS;SUPLENTE;0
8;8;10221;RACHEL HERINGER;REPUBLICANOS;SUPLENTE;4
9;8;10221;RACHEL HERINGER;REPUBLICANOS;SUPLENTE;25
10;8;10221;RACHEL HERINGER;REPUBLICANOS;SUPLENTE;34
11;8;10221;RACHEL HERINGER;REPUBLICANOS;SUPLENTE;33
13;8;10221;RACHEL HERINGER;REPUBLICANOS;SUPLENTE;5
14;8;10221;RACHEL HERINGER;REPUBLICANOS;SUPLENTE;42
15;8;10221;RACHEL HERINGER;REPUBLICANOS;SUPLENTE;42
16;8;10221;RACHEL HERINGER;REPUBLICANOS;SUPLENTE;8
17;8;10221;RACHEL HERINGER;REPUBLICANOS;SUPLENTE;6
18;8;10221;RACHEL HERINGER;REPUBLICANOS;SUPLENTE;60
19;8;10221;RACHEL HERINGER;REPUBLICANOS;SUPLENTE;16
20;8;10221;RACHEL HERINGER;REPUBLICANOS;SUPLENTE;3
21;8;10221;RACHEL HERINGER;REPUBLICANOS;SUPLENTE;4
1;8;10222;TODI MORENO;REPUBLICANOS;SUPLENTE;60
2;8;10222;TODI MORENO;REPUBLICANOS;SUPLENTE;39
3;8;10222;TODI MORENO;REPUBLICANOS;SUPLENTE;99
4;8;10222;TODI MORENO;REPUBLICANOS;SUPLENTE;47
5;8;10222;TODI MORENO;REPUBLICANOS;SUPLENTE;56
6;8;10222;TODI MORENO;REPUBLICANOS;SUPLENTE;42
8;8;10222;TODI MORENO;REPUBLICANOS;SUPLENTE;117
9;8;10222;TODI MORENO;REPUBLICANOS;SUPLENTE;191
10;8;10222;TODI MORENO;REPUBLICANOS;SUPLENTE;115
11;8;10222;TODI MORENO;REPUBLICANOS;SUPLENTE;70
13;8;10222;TODI MORENO;REPUBLICANOS;SUPLENTE;98
14;8;10222;TODI MORENO;REPUBLICANOS;SUPLENTE;62
15;8;10222;TODI MORENO;REPUBLICANOS;SUPLENTE;365
16;8;10222;TODI MORENO;REPUBLICANOS;SUPLENTE;123
17;8;10222;TODI MORENO;REPUBLICANOS;SUPLENTE;63
18;8;10222;TODI MORENO;REPUBLICANOS;SUPLENTE;44
19;8;10222;TODI MORENO;REPUBLICANOS;SUPLENTE;217
20;8;10222;TODI MORENO;REPUBLICANOS;SUPLENTE;46
21;8;10222;TODI MORENO;REPUBLICANOS;SUPLENTE;78
1;8;10223;SARGENTO PAULO;REPUBLICANOS;SUPLENTE;22
2;8;10223;SARGENTO PAULO;REPUBLICANOS;SUPLENTE;8
3;8;10223;SARGENTO PAULO;REPUBLICANOS;SUPLENTE;14
4;8;10223;SARGENTO PAULO;REPUBLICANOS;SUPLENTE;4
5;8;10223;SARGENTO PAULO;REPUBLICANOS;SUPLENTE;16
6;8;10223;SARGENTO PAULO;REPUBLICANOS;SUPLENTE;2
8;8;10223;SARGENTO PAULO;REPUBLICANOS;SUPLENTE;19
9;8;10223;SARGENTO PAULO;REPUBLICANOS;SUPLENTE;38
10;8;10223;SARGENTO PAULO;REPUBLICANOS;SUPLENTE;23
11;8;10223;SARGENTO PAULO;REPUBLICANOS;SUPLENTE;30
13;8;10223;SARGENTO PAULO;REPUBLICANOS;SUPLENTE;28
14;8;10223;SARGENTO PAULO;REPUBLICANOS;SUPLENTE;47
15;8;10223;SARGENTO PAULO;REPUBLICANOS;SUPLENTE;86
16;8;10223;SARGENTO PAULO;REPUBLICANOS;SUPLENTE;24
17;8;10223;SARGENTO PAULO;REPUBLICANOS;SUPLENTE;8
18;8;10223;SARGENTO PAULO;REPUBLICANOS;SUPLENTE;14
19;8;10223;SARGENTO PAULO;REPUBLICANOS;SUPLENTE;7
20;8;10223;SARGENTO PAULO;REPUBLICANOS;SUPLENTE;14
21;8;10223;SARGENTO PAULO;REPUBLICANOS;SUPLENTE;11
1;8;10300;REINALDO ARAÚJO;REPUBLICANOS;SUPLENTE;17
2;8;10300;REINALDO ARAÚJO;REPUBLICANOS;SUPLENTE;118
3;8;10300;REINALDO ARAÚJO;REPUBLICANOS;SUPLENTE;24
4;8;10300;REINALDO ARAÚJO;REPUBLICANOS;SUPLENTE;96
5;8;10300;REINALDO ARAÚJO;REPUBLICANOS;SUPLENTE;362
6;8;10300;REINALDO ARAÚJO;REPUBLICANOS;SUPLENTE;1308
8;8;10300;REINALDO ARAÚJO;REPUBLICANOS;SUPLENTE;103
9;8;10300;REINALDO ARAÚJO;REPUBLICANOS;SUPLENTE;284
10;8;10300;REINALDO ARAÚJO;REPUBLICANOS;SUPLENTE;41
11;8;10300;REINALDO ARAÚJO;REPUBLICANOS;SUPLENTE;20
13;8;10300;REINALDO ARAÚJO;REPUBLICANOS;SUPLENTE;127
14;8;10300;REINALDO ARAÚJO;REPUBLICANOS;SUPLENTE;16
15;8;10300;REINALDO ARAÚJO;REPUBLICANOS;SUPLENTE;30
16;8;10300;REINALDO ARAÚJO;REPUBLICANOS;SUPLENTE;48
17;8;10300;REINALDO ARAÚJO;REPUBLICANOS;SUPLENTE;38
18;8;10300;REINALDO ARAÚJO;REPUBLICANOS;SUPLENTE;52
19;8;10300;REINALDO ARAÚJO;REPUBLICANOS;SUPLENTE;39
20;8;10300;REINALDO ARAÚJO;REPUBLICANOS;SUPLENTE;35
21;8;10300;REINALDO ARAÚJO;REPUBLICANOS;SUPLENTE;42
1;8;10333;ALZIRA FOLHA;REPUBLICANOS;SUPLENTE;9
2;8;10333;ALZIRA FOLHA;REPUBLICANOS;SUPLENTE;96
3;8;10333;ALZIRA FOLHA;REPUBLICANOS;SUPLENTE;14
4;8;10333;ALZIRA FOLHA;REPUBLICANOS;SUPLENTE;625
5;8;10333;ALZIRA FOLHA;REPUBLICANOS;SUPLENTE;26
6;8;10333;ALZIRA FOLHA;REPUBLICANOS;SUPLENTE;25
8;8;10333;ALZIRA FOLHA;REPUBLICANOS;SUPLENTE;37
9;8;10333;ALZIRA FOLHA;REPUBLICANOS;SUPLENTE;25
10;8;10333;ALZIRA FOLHA;REPUBLICANOS;SUPLENTE;81
11;8;10333;ALZIRA FOLHA;REPUBLICANOS;SUPLENTE;6
13;8;10333;ALZIRA FOLHA;REPUBLICANOS;SUPLENTE;49
14;8;10333;ALZIRA FOLHA;REPUBLICANOS;SUPLENTE;17
15;8;10333;ALZIRA FOLHA;REPUBLICANOS;SUPLENTE;37
16;8;10333;ALZIRA FOLHA;REPUBLICANOS;SUPLENTE;27
17;8;10333;ALZIRA FOLHA;REPUBLICANOS;SUPLENTE;190
18;8;10333;ALZIRA FOLHA;REPUBLICANOS;SUPLENTE;32
19;8;10333;ALZIRA FOLHA;REPUBLICANOS;SUPLENTE;24
20;8;10333;ALZIRA FOLHA;REPUBLICANOS;SUPLENTE;17
21;8;10333;ALZIRA FOLHA;REPUBLICANOS;SUPLENTE;39
1;8;10444;ALEX RIBEIRO;REPUBLICANOS;SUPLENTE;13
2;8;10444;ALEX RIBEIRO;REPUBLICANOS;SUPLENTE;12
3;8;10444;ALEX RIBEIRO;REPUBLICANOS;SUPLENTE;3
4;8;10444;ALEX RIBEIRO;REPUBLICANOS;SUPLENTE;6
5;8;10444;ALEX RIBEIRO;REPUBLICANOS;SUPLENTE;18
6;8;10444;ALEX RIBEIRO;REPUBLICANOS;SUPLENTE;5
8;8;10444;ALEX RIBEIRO;REPUBLICANOS;SUPLENTE;4
9;8;10444;ALEX RIBEIRO;REPUBLICANOS;SUPLENTE;561
10;8;10444;ALEX RIBEIRO;REPUBLICANOS;SUPLENTE;36
11;8;10444;ALEX RIBEIRO;REPUBLICANOS;SUPLENTE;11
13;8;10444;ALEX RIBEIRO;REPUBLICANOS;SUPLENTE;11
14;8;10444;ALEX RIBEIRO;REPUBLICANOS;SUPLENTE;10
15;8;10444;ALEX RIBEIRO;REPUBLICANOS;SUPLENTE;32
16;8;10444;ALEX RIBEIRO;REPUBLICANOS;SUPLENTE;17
17;8;10444;ALEX RIBEIRO;REPUBLICANOS;SUPLENTE;7
18;8;10444;ALEX RIBEIRO;REPUBLICANOS;SUPLENTE;12
19;8;10444;ALEX RIBEIRO;REPUBLICANOS;SUPLENTE;18
20;8;10444;ALEX RIBEIRO;REPUBLICANOS;SUPLENTE;7
21;8;10444;ALEX RIBEIRO;REPUBLICANOS;SUPLENTE;1
1;8;10456;DELMASSO;REPUBLICANOS;SUPLENTE;814
2;8;10456;DELMASSO;REPUBLICANOS;SUPLENTE;1419
3;8;10456;DELMASSO;REPUBLICANOS;SUPLENTE;711
4;8;10456;DELMASSO;REPUBLICANOS;SUPLENTE;528
5;8;10456;DELMASSO;REPUBLICANOS;SUPLENTE;1248
6;8;10456;DELMASSO;REPUBLICANOS;SUPLENTE;533
8;8;10456;DELMASSO;REPUBLICANOS;SUPLENTE;1593
9;8;10456;DELMASSO;REPUBLICANOS;SUPLENTE;3745
10;8;10456;DELMASSO;REPUBLICANOS;SUPLENTE;1417
11;8;10456;DELMASSO;REPUBLICANOS;SUPLENTE;1447
13;8;10456;DELMASSO;REPUBLICANOS;SUPLENTE;980
14;8;10456;DELMASSO;REPUBLICANOS;SUPLENTE;1361
15;8;10456;DELMASSO;REPUBLICANOS;SUPLENTE;2003
16;8;10456;DELMASSO;REPUBLICANOS;SUPLENTE;1058
17;8;10456;DELMASSO;REPUBLICANOS;SUPLENTE;681
18;8;10456;DELMASSO;REPUBLICANOS;SUPLENTE;1072
19;8;10456;DELMASSO;REPUBLICANOS;SUPLENTE;1254
20;8;10456;DELMASSO;REPUBLICANOS;SUPLENTE;754
21;8;10456;DELMASSO;REPUBLICANOS;SUPLENTE;625
1;8;10555;PROF MITER;REPUBLICANOS;SUPLENTE;17
2;8;10555;PROF MITER;REPUBLICANOS;SUPLENTE;12
3;8;10555;PROF MITER;REPUBLICANOS;SUPLENTE;60
4;8;10555;PROF MITER;REPUBLICANOS;SUPLENTE;61
5;8;10555;PROF MITER;REPUBLICANOS;SUPLENTE;18
6;8;10555;PROF MITER;REPUBLICANOS;SUPLENTE;6
8;8;10555;PROF MITER;REPUBLICANOS;SUPLENTE;22
9;8;10555;PROF MITER;REPUBLICANOS;SUPLENTE;59
10;8;10555;PROF MITER;REPUBLICANOS;SUPLENTE;24
11;8;10555;PROF MITER;REPUBLICANOS;SUPLENTE;54
13;8;10555;PROF MITER;REPUBLICANOS;SUPLENTE;29
14;8;10555;PROF MITER;REPUBLICANOS;SUPLENTE;51
15;8;10555;PROF MITER;REPUBLICANOS;SUPLENTE;84
16;8;10555;PROF MITER;REPUBLICANOS;SUPLENTE;13
17;8;10555;PROF MITER;REPUBLICANOS;SUPLENTE;18
18;8;10555;PROF MITER;REPUBLICANOS;SUPLENTE;22
19;8;10555;PROF MITER;REPUBLICANOS;SUPLENTE;139
20;8;10555;PROF MITER;REPUBLICANOS;SUPLENTE;10
21;8;10555;PROF MITER;REPUBLICANOS;SUPLENTE;15
1;8;10762;CORONEL REGINA;REPUBLICANOS;SUPLENTE;577
2;8;10762;CORONEL REGINA;REPUBLICANOS;SUPLENTE;149
3;8;10762;CORONEL REGINA;REPUBLICANOS;SUPLENTE;19
4;8;10762;CORONEL REGINA;REPUBLICANOS;SUPLENTE;31
5;8;10762;CORONEL REGINA;REPUBLICANOS;SUPLENTE;76
6;8;10762;CORONEL REGINA;REPUBLICANOS;SUPLENTE;16
8;8;10762;CORONEL REGINA;REPUBLICANOS;SUPLENTE;37
9;8;10762;CORONEL REGINA;REPUBLICANOS;SUPLENTE;144
10;8;10762;CORONEL REGINA;REPUBLICANOS;SUPLENTE;96
11;8;10762;CORONEL REGINA;REPUBLICANOS;SUPLENTE;499
13;8;10762;CORONEL REGINA;REPUBLICANOS;SUPLENTE;33
14;8;10762;CORONEL REGINA;REPUBLICANOS;SUPLENTE;1277
15;8;10762;CORONEL REGINA;REPUBLICANOS;SUPLENTE;312
16;8;10762;CORONEL REGINA;REPUBLICANOS;SUPLENTE;19
17;8;10762;CORONEL REGINA;REPUBLICANOS;SUPLENTE;24
18;8;10762;CORONEL REGINA;REPUBLICANOS;SUPLENTE;242
19;8;10762;CORONEL REGINA;REPUBLICANOS;SUPLENTE;61
20;8;10762;CORONEL REGINA;REPUBLICANOS;SUPLENTE;10
21;8;10762;CORONEL REGINA;REPUBLICANOS;SUPLENTE;28
1;8;10800;DR. EDUARDO MOREIRA;REPUBLICANOS;SUPLENTE;15
2;8;10800;DR. EDUARDO MOREIRA;REPUBLICANOS;SUPLENTE;6
3;8;10800;DR. EDUARDO MOREIRA;REPUBLICANOS;SUPLENTE;79
4;8;10800;DR. EDUARDO MOREIRA;REPUBLICANOS;SUPLENTE;32
5;8;10800;DR. EDUARDO MOREIRA;REPUBLICANOS;SUPLENTE;9
6;8;10800;DR. EDUARDO MOREIRA;REPUBLICANOS;SUPLENTE;4
8;8;10800;DR. EDUARDO MOREIRA;REPUBLICANOS;SUPLENTE;53
9;8;10800;DR. EDUARDO MOREIRA;REPUBLICANOS;SUPLENTE;57
10;8;10800;DR. EDUARDO MOREIRA;REPUBLICANOS;SUPLENTE;41
11;8;10800;DR. EDUARDO MOREIRA;REPUBLICANOS;SUPLENTE;36
13;8;10800;DR. EDUARDO MOREIRA;REPUBLICANOS;SUPLENTE;105
14;8;10800;DR. EDUARDO MOREIRA;REPUBLICANOS;SUPLENTE;20
15;8;10800;DR. EDUARDO MOREIRA;REPUBLICANOS;SUPLENTE;249
16;8;10800;DR. EDUARDO MOREIRA;REPUBLICANOS;SUPLENTE;47
17;8;10800;DR. EDUARDO MOREIRA;REPUBLICANOS;SUPLENTE;19
18;8;10800;DR. EDUARDO MOREIRA;REPUBLICANOS;SUPLENTE;10
19;8;10800;DR. EDUARDO MOREIRA;REPUBLICANOS;SUPLENTE;135
20;8;10800;DR. EDUARDO MOREIRA;REPUBLICANOS;SUPLENTE;24
21;8;10800;DR. EDUARDO MOREIRA;REPUBLICANOS;SUPLENTE;111
1;8;10987;DÉBORA GLAMUROSA;REPUBLICANOS;SUPLENTE;5
2;8;10987;DÉBORA GLAMUROSA;REPUBLICANOS;SUPLENTE;2
3;8;10987;DÉBORA GLAMUROSA;REPUBLICANOS;SUPLENTE;5
4;8;10987;DÉBORA GLAMUROSA;REPUBLICANOS;SUPLENTE;7
5;8;10987;DÉBORA GLAMUROSA;REPUBLICANOS;SUPLENTE;7
6;8;10987;DÉBORA GLAMUROSA;REPUBLICANOS;SUPLENTE;3
8;8;10987;DÉBORA GLAMUROSA;REPUBLICANOS;SUPLENTE;60
9;8;10987;DÉBORA GLAMUROSA;REPUBLICANOS;SUPLENTE;7
10;8;10987;DÉBORA GLAMUROSA;REPUBLICANOS;SUPLENTE;15
11;8;10987;DÉBORA GLAMUROSA;REPUBLICANOS;SUPLENTE;2
13;8;10987;DÉBORA GLAMUROSA;REPUBLICANOS;SUPLENTE;11
14;8;10987;DÉBORA GLAMUROSA;REPUBLICANOS;SUPLENTE;2
15;8;10987;DÉBORA GLAMUROSA;REPUBLICANOS;SUPLENTE;4
16;8;10987;DÉBORA GLAMUROSA;REPUBLICANOS;SUPLENTE;157
17;8;10987;DÉBORA GLAMUROSA;REPUBLICANOS;SUPLENTE;3
18;8;10987;DÉBORA GLAMUROSA;REPUBLICANOS;SUPLENTE;1
19;8;10987;DÉBORA GLAMUROSA;REPUBLICANOS;SUPLENTE;7
20;8;10987;DÉBORA GLAMUROSA;REPUBLICANOS;SUPLENTE;13
21;8;10987;DÉBORA GLAMUROSA;REPUBLICANOS;SUPLENTE;16
1;8;11000;PROFESSORA DAYANE MESQUITA;PP;SUPLENTE;3
2;8;11000;PROFESSORA DAYANE MESQUITA;PP;SUPLENTE;6
3;8;11000;PROFESSORA DAYANE MESQUITA;PP;SUPLENTE;11
4;8;11000;PROFESSORA DAYANE MESQUITA;PP;SUPLENTE;4
5;8;11000;PROFESSORA DAYANE MESQUITA;PP;SUPLENTE;5
6;8;11000;PROFESSORA DAYANE MESQUITA;PP;SUPLENTE;4
8;8;11000;PROFESSORA DAYANE MESQUITA;PP;SUPLENTE;20
9;8;11000;PROFESSORA DAYANE MESQUITA;PP;SUPLENTE;14
10;8;11000;PROFESSORA DAYANE MESQUITA;PP;SUPLENTE;92
11;8;11000;PROFESSORA DAYANE MESQUITA;PP;SUPLENTE;6
13;8;11000;PROFESSORA DAYANE MESQUITA;PP;SUPLENTE;37
14;8;11000;PROFESSORA DAYANE MESQUITA;PP;SUPLENTE;3
15;8;11000;PROFESSORA DAYANE MESQUITA;PP;SUPLENTE;22
16;8;11000;PROFESSORA DAYANE MESQUITA;PP;SUPLENTE;23
17;8;11000;PROFESSORA DAYANE MESQUITA;PP;SUPLENTE;17
18;8;11000;PROFESSORA DAYANE MESQUITA;PP;SUPLENTE;5
19;8;11000;PROFESSORA DAYANE MESQUITA;PP;SUPLENTE;21
20;8;11000;PROFESSORA DAYANE MESQUITA;PP;SUPLENTE;90
21;8;11000;PROFESSORA DAYANE MESQUITA;PP;SUPLENTE;50
1;8;11001;GISELE MONTENEGRO;PP;SUPLENTE;79
2;8;11001;GISELE MONTENEGRO;PP;SUPLENTE;46
3;8;11001;GISELE MONTENEGRO;PP;SUPLENTE;56
4;8;11001;GISELE MONTENEGRO;PP;SUPLENTE;19
5;8;11001;GISELE MONTENEGRO;PP;SUPLENTE;63
6;8;11001;GISELE MONTENEGRO;PP;SUPLENTE;23
8;8;11001;GISELE MONTENEGRO;PP;SUPLENTE;76
9;8;11001;GISELE MONTENEGRO;PP;SUPLENTE;80
10;8;11001;GISELE MONTENEGRO;PP;SUPLENTE;56
11;8;11001;GISELE MONTENEGRO;PP;SUPLENTE;69
13;8;11001;GISELE MONTENEGRO;PP;SUPLENTE;47
14;8;11001;GISELE MONTENEGRO;PP;SUPLENTE;92
15;8;11001;GISELE MONTENEGRO;PP;SUPLENTE;125
16;8;11001;GISELE MONTENEGRO;PP;SUPLENTE;30
17;8;11001;GISELE MONTENEGRO;PP;SUPLENTE;39
18;8;11001;GISELE MONTENEGRO;PP;SUPLENTE;121
19;8;11001;GISELE MONTENEGRO;PP;SUPLENTE;56
20;8;11001;GISELE MONTENEGRO;PP;SUPLENTE;31
21;8;11001;GISELE MONTENEGRO;PP;SUPLENTE;36
1;8;11011;PEPA;PP;ELEITO POR MÉDIA;74
2;8;11011;PEPA;PP;ELEITO POR MÉDIA;235
3;8;11011;PEPA;PP;ELEITO POR MÉDIA;94
4;8;11011;PEPA;PP;ELEITO POR MÉDIA;57
5;8;11011;PEPA;PP;ELEITO POR MÉDIA;1042
6;8;11011;PEPA;PP;ELEITO POR MÉDIA;11970
8;8;11011;PEPA;PP;ELEITO POR MÉDIA;292
9;8;11011;PEPA;PP;ELEITO POR MÉDIA;267
10;8;11011;PEPA;PP;ELEITO POR MÉDIA;119
11;8;11011;PEPA;PP;ELEITO POR MÉDIA;79
13;8;11011;PEPA;PP;ELEITO POR MÉDIA;91
14;8;11011;PEPA;PP;ELEITO POR MÉDIA;123
15;8;11011;PEPA;PP;ELEITO POR MÉDIA;209
16;8;11011;PEPA;PP;ELEITO POR MÉDIA;97
17;8;11011;PEPA;PP;ELEITO POR MÉDIA;145
18;8;11011;PEPA;PP;ELEITO POR MÉDIA;132
19;8;11011;PEPA;PP;ELEITO POR MÉDIA;169
20;8;11011;PEPA;PP;ELEITO POR MÉDIA;118
21;8;11011;PEPA;PP;ELEITO POR MÉDIA;80
1;8;11022;ANA MARIA;PP;SUPLENTE;16
2;8;11022;ANA MARIA;PP;SUPLENTE;23
3;8;11022;ANA MARIA;PP;SUPLENTE;77
4;8;11022;ANA MARIA;PP;SUPLENTE;64
5;8;11022;ANA MARIA;PP;SUPLENTE;14
6;8;11022;ANA MARIA;PP;SUPLENTE;24
8;8;11022;ANA MARIA;PP;SUPLENTE;175
9;8;11022;ANA MARIA;PP;SUPLENTE;125
10;8;11022;ANA MARIA;PP;SUPLENTE;2568
11;8;11022;ANA MARIA;PP;SUPLENTE;41
13;8;11022;ANA MARIA;PP;SUPLENTE;235
14;8;11022;ANA MARIA;PP;SUPLENTE;32
15;8;11022;ANA MARIA;PP;SUPLENTE;164
16;8;11022;ANA MARIA;PP;SUPLENTE;176
17;8;11022;ANA MARIA;PP;SUPLENTE;122
18;8;11022;ANA MARIA;PP;SUPLENTE;29
19;8;11022;ANA MARIA;PP;SUPLENTE;95
20;8;11022;ANA MARIA;PP;SUPLENTE;128
21;8;11022;ANA MARIA;PP;SUPLENTE;336
1;8;11033;JULIO CEZAR;PP;SUPLENTE;35
2;8;11033;JULIO CEZAR;PP;SUPLENTE;117
3;8;11033;JULIO CEZAR;PP;SUPLENTE;41
4;8;11033;JULIO CEZAR;PP;SUPLENTE;42
5;8;11033;JULIO CEZAR;PP;SUPLENTE;16
6;8;11033;JULIO CEZAR;PP;SUPLENTE;61
8;8;11033;JULIO CEZAR;PP;SUPLENTE;25
9;8;11033;JULIO CEZAR;PP;SUPLENTE;39
10;8;11033;JULIO CEZAR;PP;SUPLENTE;169
11;8;11033;JULIO CEZAR;PP;SUPLENTE;26
13;8;11033;JULIO CEZAR;PP;SUPLENTE;50
14;8;11033;JULIO CEZAR;PP;SUPLENTE;31
15;8;11033;JULIO CEZAR;PP;SUPLENTE;52
16;8;11033;JULIO CEZAR;PP;SUPLENTE;25
17;8;11033;JULIO CEZAR;PP;SUPLENTE;43
18;8;11033;JULIO CEZAR;PP;SUPLENTE;33
19;8;11033;JULIO CEZAR;PP;SUPLENTE;48
20;8;11033;JULIO CEZAR;PP;SUPLENTE;51
21;8;11033;JULIO CEZAR;PP;SUPLENTE;54
1;8;11077;JACKSON SANTANA;PP;SUPLENTE;29
2;8;11077;JACKSON SANTANA;PP;SUPLENTE;58
3;8;11077;JACKSON SANTANA;PP;SUPLENTE;12
4;8;11077;JACKSON SANTANA;PP;SUPLENTE;10
5;8;11077;JACKSON SANTANA;PP;SUPLENTE;24
6;8;11077;JACKSON SANTANA;PP;SUPLENTE;10
8;8;11077;JACKSON SANTANA;PP;SUPLENTE;44
9;8;11077;JACKSON SANTANA;PP;SUPLENTE;65
10;8;11077;JACKSON SANTANA;PP;SUPLENTE;60
11;8;11077;JACKSON SANTANA;PP;SUPLENTE;22
13;8;11077;JACKSON SANTANA;PP;SUPLENTE;23
14;8;11077;JACKSON SANTANA;PP;SUPLENTE;11
15;8;11077;JACKSON SANTANA;PP;SUPLENTE;32
16;8;11077;JACKSON SANTANA;PP;SUPLENTE;37
17;8;11077;JACKSON SANTANA;PP;SUPLENTE;8
18;8;11077;JACKSON SANTANA;PP;SUPLENTE;14
19;8;11077;JACKSON SANTANA;PP;SUPLENTE;14
20;8;11077;JACKSON SANTANA;PP;SUPLENTE;7
21;8;11077;JACKSON SANTANA;PP;SUPLENTE;23
1;8;11111;MÔNIA ANDRADE;PP;SUPLENTE;53
2;8;11111;MÔNIA ANDRADE;PP;SUPLENTE;161
3;8;11111;MÔNIA ANDRADE;PP;SUPLENTE;352
4;8;11111;MÔNIA ANDRADE;PP;SUPLENTE;144
5;8;11111;MÔNIA ANDRADE;PP;SUPLENTE;124
6;8;11111;MÔNIA ANDRADE;PP;SUPLENTE;239
8;8;11111;MÔNIA ANDRADE;PP;SUPLENTE;757
9;8;11111;MÔNIA ANDRADE;PP;SUPLENTE;371
10;8;11111;MÔNIA ANDRADE;PP;SUPLENTE;373
11;8;11111;MÔNIA ANDRADE;PP;SUPLENTE;93
13;8;11111;MÔNIA ANDRADE;PP;SUPLENTE;848
14;8;11111;MÔNIA ANDRADE;PP;SUPLENTE;71
15;8;11111;MÔNIA ANDRADE;PP;SUPLENTE;871
16;8;11111;MÔNIA ANDRADE;PP;SUPLENTE;540
17;8;11111;MÔNIA ANDRADE;PP;SUPLENTE;118
18;8;11111;MÔNIA ANDRADE;PP;SUPLENTE;104
19;8;11111;MÔNIA ANDRADE;PP;SUPLENTE;618
20;8;11111;MÔNIA ANDRADE;PP;SUPLENTE;343
21;8;11111;MÔNIA ANDRADE;PP;SUPLENTE;433
1;8;11120;CRISTINA BOLSONARO;PP;SUPLENTE;78
2;8;11120;CRISTINA BOLSONARO;PP;SUPLENTE;56
3;8;11120;CRISTINA BOLSONARO;PP;SUPLENTE;30
4;8;11120;CRISTINA BOLSONARO;PP;SUPLENTE;42
5;8;11120;CRISTINA BOLSONARO;PP;SUPLENTE;115
6;8;11120;CRISTINA BOLSONARO;PP;SUPLENTE;83
8;8;11120;CRISTINA BOLSONARO;PP;SUPLENTE;67
9;8;11120;CRISTINA BOLSONARO;PP;SUPLENTE;103
10;8;11120;CRISTINA BOLSONARO;PP;SUPLENTE;61
11;8;11120;CRISTINA BOLSONARO;PP;SUPLENTE;99
13;8;11120;CRISTINA BOLSONARO;PP;SUPLENTE;46
14;8;11120;CRISTINA BOLSONARO;PP;SUPLENTE;124
15;8;11120;CRISTINA BOLSONARO;PP;SUPLENTE;168
16;8;11120;CRISTINA BOLSONARO;PP;SUPLENTE;81
17;8;11120;CRISTINA BOLSONARO;PP;SUPLENTE;53
18;8;11120;CRISTINA BOLSONARO;PP;SUPLENTE;93
19;8;11120;CRISTINA BOLSONARO;PP;SUPLENTE;120
20;8;11120;CRISTINA BOLSONARO;PP;SUPLENTE;28
21;8;11120;CRISTINA BOLSONARO;PP;SUPLENTE;38
1;8;11123;ANDERSON MEDINA;PP;SUPLENTE;50
2;8;11123;ANDERSON MEDINA;PP;SUPLENTE;252
3;8;11123;ANDERSON MEDINA;PP;SUPLENTE;256
4;8;11123;ANDERSON MEDINA;PP;SUPLENTE;379
5;8;11123;ANDERSON MEDINA;PP;SUPLENTE;261
6;8;11123;ANDERSON MEDINA;PP;SUPLENTE;610
8;8;11123;ANDERSON MEDINA;PP;SUPLENTE;1062
9;8;11123;ANDERSON MEDINA;PP;SUPLENTE;1501
10;8;11123;ANDERSON MEDINA;PP;SUPLENTE;590
11;8;11123;ANDERSON MEDINA;PP;SUPLENTE;202
13;8;11123;ANDERSON MEDINA;PP;SUPLENTE;940
14;8;11123;ANDERSON MEDINA;PP;SUPLENTE;86
15;8;11123;ANDERSON MEDINA;PP;SUPLENTE;261
16;8;11123;ANDERSON MEDINA;PP;SUPLENTE;1513
17;8;11123;ANDERSON MEDINA;PP;SUPLENTE;900
18;8;11123;ANDERSON MEDINA;PP;SUPLENTE;613
19;8;11123;ANDERSON MEDINA;PP;SUPLENTE;274
20;8;11123;ANDERSON MEDINA;PP;SUPLENTE;651
21;8;11123;ANDERSON MEDINA;PP;SUPLENTE;704
1;8;11124;LUIZA MARIA ;PP;SUPLENTE;1
2;8;11124;LUIZA MARIA ;PP;SUPLENTE;1
3;8;11124;LUIZA MARIA ;PP;SUPLENTE;4
4;8;11124;LUIZA MARIA ;PP;SUPLENTE;534
5;8;11124;LUIZA MARIA ;PP;SUPLENTE;3
6;8;11124;LUIZA MARIA ;PP;SUPLENTE;2
8;8;11124;LUIZA MARIA ;PP;SUPLENTE;6
9;8;11124;LUIZA MARIA ;PP;SUPLENTE;3
10;8;11124;LUIZA MARIA ;PP;SUPLENTE;7
11;8;11124;LUIZA MARIA ;PP;SUPLENTE;3
13;8;11124;LUIZA MARIA ;PP;SUPLENTE;4
14;8;11124;LUIZA MARIA ;PP;SUPLENTE;3
15;8;11124;LUIZA MARIA ;PP;SUPLENTE;5
16;8;11124;LUIZA MARIA ;PP;SUPLENTE;9
17;8;11124;LUIZA MARIA ;PP;SUPLENTE;53
18;8;11124;LUIZA MARIA ;PP;SUPLENTE;2
19;8;11124;LUIZA MARIA ;PP;SUPLENTE;5
20;8;11124;LUIZA MARIA ;PP;SUPLENTE;3
21;8;11124;LUIZA MARIA ;PP;SUPLENTE;12
1;8;11133;PASTOR DANIEL DE CASTRO;PP;ELEITO POR QP;200
2;8;11133;PASTOR DANIEL DE CASTRO;PP;ELEITO POR QP;513
3;8;11133;PASTOR DANIEL DE CASTRO;PP;ELEITO POR QP;927
4;8;11133;PASTOR DANIEL DE CASTRO;PP;ELEITO POR QP;2300
5;8;11133;PASTOR DANIEL DE CASTRO;PP;ELEITO POR QP;973
6;8;11133;PASTOR DANIEL DE CASTRO;PP;ELEITO POR QP;1240
8;8;11133;PASTOR DANIEL DE CASTRO;PP;ELEITO POR QP;1168
9;8;11133;PASTOR DANIEL DE CASTRO;PP;ELEITO POR QP;982
10;8;11133;PASTOR DANIEL DE CASTRO;PP;ELEITO POR QP;474
11;8;11133;PASTOR DANIEL DE CASTRO;PP;ELEITO POR QP;302
13;8;11133;PASTOR DANIEL DE CASTRO;PP;ELEITO POR QP;1070
14;8;11133;PASTOR DANIEL DE CASTRO;PP;ELEITO POR QP;268
15;8;11133;PASTOR DANIEL DE CASTRO;PP;ELEITO POR QP;1504
16;8;11133;PASTOR DANIEL DE CASTRO;PP;ELEITO POR QP;1729
17;8;11133;PASTOR DANIEL DE CASTRO;PP;ELEITO POR QP;766
18;8;11133;PASTOR DANIEL DE CASTRO;PP;ELEITO POR QP;707
19;8;11133;PASTOR DANIEL DE CASTRO;PP;ELEITO POR QP;3657
20;8;11133;PASTOR DANIEL DE CASTRO;PP;ELEITO POR QP;728
21;8;11133;PASTOR DANIEL DE CASTRO;PP;ELEITO POR QP;894
1;8;11144;VALÉRIO BANDA MARANATHA;PP;NÃO ELEITO;0
2;8;11144;VALÉRIO BANDA MARANATHA;PP;NÃO ELEITO;0
3;8;11144;VALÉRIO BANDA MARANATHA;PP;NÃO ELEITO;0
4;8;11144;VALÉRIO BANDA MARANATHA;PP;NÃO ELEITO;0
5;8;11144;VALÉRIO BANDA MARANATHA;PP;NÃO ELEITO;0
6;8;11144;VALÉRIO BANDA MARANATHA;PP;NÃO ELEITO;0
8;8;11144;VALÉRIO BANDA MARANATHA;PP;NÃO ELEITO;0
9;8;11144;VALÉRIO BANDA MARANATHA;PP;NÃO ELEITO;0
10;8;11144;VALÉRIO BANDA MARANATHA;PP;NÃO ELEITO;0
11;8;11144;VALÉRIO BANDA MARANATHA;PP;NÃO ELEITO;0
13;8;11144;VALÉRIO BANDA MARANATHA;PP;NÃO ELEITO;0
14;8;11144;VALÉRIO BANDA MARANATHA;PP;NÃO ELEITO;0
15;8;11144;VALÉRIO BANDA MARANATHA;PP;NÃO ELEITO;0
16;8;11144;VALÉRIO BANDA MARANATHA;PP;NÃO ELEITO;0
17;8;11144;VALÉRIO BANDA MARANATHA;PP;NÃO ELEITO;0
18;8;11144;VALÉRIO BANDA MARANATHA;PP;NÃO ELEITO;0
19;8;11144;VALÉRIO BANDA MARANATHA;PP;NÃO ELEITO;0
20;8;11144;VALÉRIO BANDA MARANATHA;PP;NÃO ELEITO;0
21;8;11144;VALÉRIO BANDA MARANATHA;PP;NÃO ELEITO;0
1;8;11190;ESTEVÃO REIS;PP;SUPLENTE;35
2;8;11190;ESTEVÃO REIS;PP;SUPLENTE;236
3;8;11190;ESTEVÃO REIS;PP;SUPLENTE;35
4;8;11190;ESTEVÃO REIS;PP;SUPLENTE;30
5;8;11190;ESTEVÃO REIS;PP;SUPLENTE;1607
6;8;11190;ESTEVÃO REIS;PP;SUPLENTE;265
8;8;11190;ESTEVÃO REIS;PP;SUPLENTE;36
9;8;11190;ESTEVÃO REIS;PP;SUPLENTE;92
10;8;11190;ESTEVÃO REIS;PP;SUPLENTE;107
11;8;11190;ESTEVÃO REIS;PP;SUPLENTE;30
13;8;11190;ESTEVÃO REIS;PP;SUPLENTE;35
14;8;11190;ESTEVÃO REIS;PP;SUPLENTE;58
15;8;11190;ESTEVÃO REIS;PP;SUPLENTE;60
16;8;11190;ESTEVÃO REIS;PP;SUPLENTE;50
17;8;11190;ESTEVÃO REIS;PP;SUPLENTE;37
18;8;11190;ESTEVÃO REIS;PP;SUPLENTE;79
19;8;11190;ESTEVÃO REIS;PP;SUPLENTE;52
20;8;11190;ESTEVÃO REIS;PP;SUPLENTE;38
21;8;11190;ESTEVÃO REIS;PP;SUPLENTE;32
1;8;11192;ERALDO DA SAÚDE;PP;SUPLENTE;13
2;8;11192;ERALDO DA SAÚDE;PP;SUPLENTE;41
3;8;11192;ERALDO DA SAÚDE;PP;SUPLENTE;37
4;8;11192;ERALDO DA SAÚDE;PP;SUPLENTE;40
5;8;11192;ERALDO DA SAÚDE;PP;SUPLENTE;40
6;8;11192;ERALDO DA SAÚDE;PP;SUPLENTE;29
8;8;11192;ERALDO DA SAÚDE;PP;SUPLENTE;52
9;8;11192;ERALDO DA SAÚDE;PP;SUPLENTE;94
10;8;11192;ERALDO DA SAÚDE;PP;SUPLENTE;71
11;8;11192;ERALDO DA SAÚDE;PP;SUPLENTE;14
13;8;11192;ERALDO DA SAÚDE;PP;SUPLENTE;45
14;8;11192;ERALDO DA SAÚDE;PP;SUPLENTE;20
15;8;11192;ERALDO DA SAÚDE;PP;SUPLENTE;60
16;8;11192;ERALDO DA SAÚDE;PP;SUPLENTE;74
17;8;11192;ERALDO DA SAÚDE;PP;SUPLENTE;67
18;8;11192;ERALDO DA SAÚDE;PP;SUPLENTE;37
19;8;11192;ERALDO DA SAÚDE;PP;SUPLENTE;55
20;8;11192;ERALDO DA SAÚDE;PP;SUPLENTE;43
21;8;11192;ERALDO DA SAÚDE;PP;SUPLENTE;64
1;8;11220;PASTOR ROLIM;PP;SUPLENTE;22
2;8;11220;PASTOR ROLIM;PP;SUPLENTE;4
3;8;11220;PASTOR ROLIM;PP;SUPLENTE;11
4;8;11220;PASTOR ROLIM;PP;SUPLENTE;49
5;8;11220;PASTOR ROLIM;PP;SUPLENTE;6
6;8;11220;PASTOR ROLIM;PP;SUPLENTE;5
8;8;11220;PASTOR ROLIM;PP;SUPLENTE;9
9;8;11220;PASTOR ROLIM;PP;SUPLENTE;28
10;8;11220;PASTOR ROLIM;PP;SUPLENTE;6
11;8;11220;PASTOR ROLIM;PP;SUPLENTE;10
13;8;11220;PASTOR ROLIM;PP;SUPLENTE;3
14;8;11220;PASTOR ROLIM;PP;SUPLENTE;24
15;8;11220;PASTOR ROLIM;PP;SUPLENTE;12
16;8;11220;PASTOR ROLIM;PP;SUPLENTE;37
17;8;11220;PASTOR ROLIM;PP;SUPLENTE;17
18;8;11220;PASTOR ROLIM;PP;SUPLENTE;21
19;8;11220;PASTOR ROLIM;PP;SUPLENTE;9
20;8;11220;PASTOR ROLIM;PP;SUPLENTE;9
21;8;11220;PASTOR ROLIM;PP;SUPLENTE;8
1;8;11222;MILENA CÂMARA;PP;SUPLENTE;133
2;8;11222;MILENA CÂMARA;PP;SUPLENTE;254
3;8;11222;MILENA CÂMARA;PP;SUPLENTE;282
4;8;11222;MILENA CÂMARA;PP;SUPLENTE;201
5;8;11222;MILENA CÂMARA;PP;SUPLENTE;186
6;8;11222;MILENA CÂMARA;PP;SUPLENTE;282
8;8;11222;MILENA CÂMARA;PP;SUPLENTE;506
9;8;11222;MILENA CÂMARA;PP;SUPLENTE;507
10;8;11222;MILENA CÂMARA;PP;SUPLENTE;571
11;8;11222;MILENA CÂMARA;PP;SUPLENTE;179
13;8;11222;MILENA CÂMARA;PP;SUPLENTE;592
14;8;11222;MILENA CÂMARA;PP;SUPLENTE;153
15;8;11222;MILENA CÂMARA;PP;SUPLENTE;470
16;8;11222;MILENA CÂMARA;PP;SUPLENTE;360
17;8;11222;MILENA CÂMARA;PP;SUPLENTE;330
18;8;11222;MILENA CÂMARA;PP;SUPLENTE;391
19;8;11222;MILENA CÂMARA;PP;SUPLENTE;476
20;8;11222;MILENA CÂMARA;PP;SUPLENTE;270
21;8;11222;MILENA CÂMARA;PP;SUPLENTE;375
1;8;11223;ANDREA VIEIRA;PP;SUPLENTE;9
2;8;11223;ANDREA VIEIRA;PP;SUPLENTE;5
3;8;11223;ANDREA VIEIRA;PP;SUPLENTE;12
4;8;11223;ANDREA VIEIRA;PP;SUPLENTE;3
5;8;11223;ANDREA VIEIRA;PP;SUPLENTE;10
6;8;11223;ANDREA VIEIRA;PP;SUPLENTE;4
8;8;11223;ANDREA VIEIRA;PP;SUPLENTE;31
9;8;11223;ANDREA VIEIRA;PP;SUPLENTE;14
10;8;11223;ANDREA VIEIRA;PP;SUPLENTE;8
11;8;11223;ANDREA VIEIRA;PP;SUPLENTE;3
13;8;11223;ANDREA VIEIRA;PP;SUPLENTE;17
14;8;11223;ANDREA VIEIRA;PP;SUPLENTE;10
15;8;11223;ANDREA VIEIRA;PP;SUPLENTE;96
16;8;11223;ANDREA VIEIRA;PP;SUPLENTE;12
17;8;11223;ANDREA VIEIRA;PP;SUPLENTE;10
18;8;11223;ANDREA VIEIRA;PP;SUPLENTE;22
19;8;11223;ANDREA VIEIRA;PP;SUPLENTE;29
20;8;11223;ANDREA VIEIRA;PP;SUPLENTE;12
21;8;11223;ANDREA VIEIRA;PP;SUPLENTE;19
1;8;11234;VALDELINO BARCELOS;PP;SUPLENTE;184
2;8;11234;VALDELINO BARCELOS;PP;SUPLENTE;267
3;8;11234;VALDELINO BARCELOS;PP;SUPLENTE;344
4;8;11234;VALDELINO BARCELOS;PP;SUPLENTE;630
5;8;11234;VALDELINO BARCELOS;PP;SUPLENTE;755
6;8;11234;VALDELINO BARCELOS;PP;SUPLENTE;1548
8;8;11234;VALDELINO BARCELOS;PP;SUPLENTE;655
9;8;11234;VALDELINO BARCELOS;PP;SUPLENTE;1181
10;8;11234;VALDELINO BARCELOS;PP;SUPLENTE;1378
11;8;11234;VALDELINO BARCELOS;PP;SUPLENTE;222
13;8;11234;VALDELINO BARCELOS;PP;SUPLENTE;681
14;8;11234;VALDELINO BARCELOS;PP;SUPLENTE;174
15;8;11234;VALDELINO BARCELOS;PP;SUPLENTE;817
16;8;11234;VALDELINO BARCELOS;PP;SUPLENTE;1017
17;8;11234;VALDELINO BARCELOS;PP;SUPLENTE;927
18;8;11234;VALDELINO BARCELOS;PP;SUPLENTE;614
19;8;11234;VALDELINO BARCELOS;PP;SUPLENTE;682
20;8;11234;VALDELINO BARCELOS;PP;SUPLENTE;416
21;8;11234;VALDELINO BARCELOS;PP;SUPLENTE;548
1;8;11311;RICARDO GROSSI;PP;SUPLENTE;28
2;8;11311;RICARDO GROSSI;PP;SUPLENTE;20
3;8;11311;RICARDO GROSSI;PP;SUPLENTE;9
4;8;11311;RICARDO GROSSI;PP;SUPLENTE;21
5;8;11311;RICARDO GROSSI;PP;SUPLENTE;124
6;8;11311;RICARDO GROSSI;PP;SUPLENTE;36
8;8;11311;RICARDO GROSSI;PP;SUPLENTE;52
9;8;11311;RICARDO GROSSI;PP;SUPLENTE;27
10;8;11311;RICARDO GROSSI;PP;SUPLENTE;44
11;8;11311;RICARDO GROSSI;PP;SUPLENTE;18
13;8;11311;RICARDO GROSSI;PP;SUPLENTE;21
14;8;11311;RICARDO GROSSI;PP;SUPLENTE;26
15;8;11311;RICARDO GROSSI;PP;SUPLENTE;45
16;8;11311;RICARDO GROSSI;PP;SUPLENTE;153
17;8;11311;RICARDO GROSSI;PP;SUPLENTE;33
18;8;11311;RICARDO GROSSI;PP;SUPLENTE;29
19;8;11311;RICARDO GROSSI;PP;SUPLENTE;39
20;8;11311;RICARDO GROSSI;PP;SUPLENTE;9
21;8;11311;RICARDO GROSSI;PP;SUPLENTE;61
1;8;11444;IRIS;PP;SUPLENTE;7
2;8;11444;IRIS;PP;SUPLENTE;2
3;8;11444;IRIS;PP;SUPLENTE;14
4;8;11444;IRIS;PP;SUPLENTE;69
5;8;11444;IRIS;PP;SUPLENTE;6
6;8;11444;IRIS;PP;SUPLENTE;2
8;8;11444;IRIS;PP;SUPLENTE;57
9;8;11444;IRIS;PP;SUPLENTE;23
10;8;11444;IRIS;PP;SUPLENTE;31
11;8;11444;IRIS;PP;SUPLENTE;2
13;8;11444;IRIS;PP;SUPLENTE;29
14;8;11444;IRIS;PP;SUPLENTE;3
15;8;11444;IRIS;PP;SUPLENTE;11
16;8;11444;IRIS;PP;SUPLENTE;26
17;8;11444;IRIS;PP;SUPLENTE;262
18;8;11444;IRIS;PP;SUPLENTE;7
19;8;11444;IRIS;PP;SUPLENTE;6
20;8;11444;IRIS;PP;SUPLENTE;7
21;8;11444;IRIS;PP;SUPLENTE;27
1;8;11456;JUAREZ JUNIOR;PP;SUPLENTE;9
2;8;11456;JUAREZ JUNIOR;PP;SUPLENTE;10
3;8;11456;JUAREZ JUNIOR;PP;SUPLENTE;34
4;8;11456;JUAREZ JUNIOR;PP;SUPLENTE;5
5;8;11456;JUAREZ JUNIOR;PP;SUPLENTE;6
6;8;11456;JUAREZ JUNIOR;PP;SUPLENTE;0
8;8;11456;JUAREZ JUNIOR;PP;SUPLENTE;26
9;8;11456;JUAREZ JUNIOR;PP;SUPLENTE;17
10;8;11456;JUAREZ JUNIOR;PP;SUPLENTE;18
11;8;11456;JUAREZ JUNIOR;PP;SUPLENTE;34
13;8;11456;JUAREZ JUNIOR;PP;SUPLENTE;12
14;8;11456;JUAREZ JUNIOR;PP;SUPLENTE;5
15;8;11456;JUAREZ JUNIOR;PP;SUPLENTE;22
16;8;11456;JUAREZ JUNIOR;PP;SUPLENTE;917
17;8;11456;JUAREZ JUNIOR;PP;SUPLENTE;3
18;8;11456;JUAREZ JUNIOR;PP;SUPLENTE;8
19;8;11456;JUAREZ JUNIOR;PP;SUPLENTE;31
20;8;11456;JUAREZ JUNIOR;PP;SUPLENTE;14
21;8;11456;JUAREZ JUNIOR;PP;SUPLENTE;8
1;8;11555;RENATO SANTANA;PP;SUPLENTE;73
2;8;11555;RENATO SANTANA;PP;SUPLENTE;70
3;8;11555;RENATO SANTANA;PP;SUPLENTE;405
4;8;11555;RENATO SANTANA;PP;SUPLENTE;76
5;8;11555;RENATO SANTANA;PP;SUPLENTE;94
6;8;11555;RENATO SANTANA;PP;SUPLENTE;37
8;8;11555;RENATO SANTANA;PP;SUPLENTE;1488
9;8;11555;RENATO SANTANA;PP;SUPLENTE;216
10;8;11555;RENATO SANTANA;PP;SUPLENTE;176
11;8;11555;RENATO SANTANA;PP;SUPLENTE;80
13;8;11555;RENATO SANTANA;PP;SUPLENTE;285
14;8;11555;RENATO SANTANA;PP;SUPLENTE;83
15;8;11555;RENATO SANTANA;PP;SUPLENTE;484
16;8;11555;RENATO SANTANA;PP;SUPLENTE;740
17;8;11555;RENATO SANTANA;PP;SUPLENTE;71
18;8;11555;RENATO SANTANA;PP;SUPLENTE;83
19;8;11555;RENATO SANTANA;PP;SUPLENTE;470
20;8;11555;RENATO SANTANA;PP;SUPLENTE;484
21;8;11555;RENATO SANTANA;PP;SUPLENTE;171
1;8;11777;MARCELO AGUIAR;PP;SUPLENTE;82
2;8;11777;MARCELO AGUIAR;PP;SUPLENTE;224
3;8;11777;MARCELO AGUIAR;PP;SUPLENTE;201
4;8;11777;MARCELO AGUIAR;PP;SUPLENTE;315
5;8;11777;MARCELO AGUIAR;PP;SUPLENTE;252
6;8;11777;MARCELO AGUIAR;PP;SUPLENTE;451
8;8;11777;MARCELO AGUIAR;PP;SUPLENTE;567
9;8;11777;MARCELO AGUIAR;PP;SUPLENTE;658
10;8;11777;MARCELO AGUIAR;PP;SUPLENTE;650
11;8;11777;MARCELO AGUIAR;PP;SUPLENTE;70
13;8;11777;MARCELO AGUIAR;PP;SUPLENTE;639
14;8;11777;MARCELO AGUIAR;PP;SUPLENTE;65
15;8;11777;MARCELO AGUIAR;PP;SUPLENTE;174
16;8;11777;MARCELO AGUIAR;PP;SUPLENTE;1096
17;8;11777;MARCELO AGUIAR;PP;SUPLENTE;311
18;8;11777;MARCELO AGUIAR;PP;SUPLENTE;324
19;8;11777;MARCELO AGUIAR;PP;SUPLENTE;202
20;8;11777;MARCELO AGUIAR;PP;SUPLENTE;241
21;8;11777;MARCELO AGUIAR;PP;SUPLENTE;800
1;8;11911;PROFESSOR DARLEY;PP;NÃO ELEITO;0
2;8;11911;PROFESSOR DARLEY;PP;NÃO ELEITO;0
3;8;11911;PROFESSOR DARLEY;PP;NÃO ELEITO;0
4;8;11911;PROFESSOR DARLEY;PP;NÃO ELEITO;0
5;8;11911;PROFESSOR DARLEY;PP;NÃO ELEITO;0
6;8;11911;PROFESSOR DARLEY;PP;NÃO ELEITO;0
8;8;11911;PROFESSOR DARLEY;PP;NÃO ELEITO;0
9;8;11911;PROFESSOR DARLEY;PP;NÃO ELEITO;0
10;8;11911;PROFESSOR DARLEY;PP;NÃO ELEITO;0
11;8;11911;PROFESSOR DARLEY;PP;NÃO ELEITO;0
13;8;11911;PROFESSOR DARLEY;PP;NÃO ELEITO;0
14;8;11911;PROFESSOR DARLEY;PP;NÃO ELEITO;0
15;8;11911;PROFESSOR DARLEY;PP;NÃO ELEITO;0
16;8;11911;PROFESSOR DARLEY;PP;NÃO ELEITO;0
17;8;11911;PROFESSOR DARLEY;PP;NÃO ELEITO;0
18;8;11911;PROFESSOR DARLEY;PP;NÃO ELEITO;0
19;8;11911;PROFESSOR DARLEY;PP;NÃO ELEITO;0
20;8;11911;PROFESSOR DARLEY;PP;NÃO ELEITO;0
21;8;11911;PROFESSOR DARLEY;PP;NÃO ELEITO;0
1;8;12000;JOVITA ROSA;PDT;NÃO ELEITO;87
2;8;12000;JOVITA ROSA;PDT;NÃO ELEITO;47
3;8;12000;JOVITA ROSA;PDT;NÃO ELEITO;26
4;8;12000;JOVITA ROSA;PDT;NÃO ELEITO;17
5;8;12000;JOVITA ROSA;PDT;NÃO ELEITO;32
6;8;12000;JOVITA ROSA;PDT;NÃO ELEITO;9
8;8;12000;JOVITA ROSA;PDT;NÃO ELEITO;36
9;8;12000;JOVITA ROSA;PDT;NÃO ELEITO;158
10;8;12000;JOVITA ROSA;PDT;NÃO ELEITO;42
11;8;12000;JOVITA ROSA;PDT;NÃO ELEITO;81
13;8;12000;JOVITA ROSA;PDT;NÃO ELEITO;40
14;8;12000;JOVITA ROSA;PDT;NÃO ELEITO;106
15;8;12000;JOVITA ROSA;PDT;NÃO ELEITO;96
16;8;12000;JOVITA ROSA;PDT;NÃO ELEITO;14
17;8;12000;JOVITA ROSA;PDT;NÃO ELEITO;29
18;8;12000;JOVITA ROSA;PDT;NÃO ELEITO;120
19;8;12000;JOVITA ROSA;PDT;NÃO ELEITO;64
20;8;12000;JOVITA ROSA;PDT;NÃO ELEITO;12
21;8;12000;JOVITA ROSA;PDT;NÃO ELEITO;16
1;8;12012;CRISTIANO LUZ;PDT;NÃO ELEITO;7
2;8;12012;CRISTIANO LUZ;PDT;NÃO ELEITO;5
3;8;12012;CRISTIANO LUZ;PDT;NÃO ELEITO;5
4;8;12012;CRISTIANO LUZ;PDT;NÃO ELEITO;32
5;8;12012;CRISTIANO LUZ;PDT;NÃO ELEITO;10
6;8;12012;CRISTIANO LUZ;PDT;NÃO ELEITO;5
8;8;12012;CRISTIANO LUZ;PDT;NÃO ELEITO;12
9;8;12012;CRISTIANO LUZ;PDT;NÃO ELEITO;9
10;8;12012;CRISTIANO LUZ;PDT;NÃO ELEITO;14
11;8;12012;CRISTIANO LUZ;PDT;NÃO ELEITO;2
13;8;12012;CRISTIANO LUZ;PDT;NÃO ELEITO;8
14;8;12012;CRISTIANO LUZ;PDT;NÃO ELEITO;12
15;8;12012;CRISTIANO LUZ;PDT;NÃO ELEITO;22
16;8;12012;CRISTIANO LUZ;PDT;NÃO ELEITO;4
17;8;12012;CRISTIANO LUZ;PDT;NÃO ELEITO;513
18;8;12012;CRISTIANO LUZ;PDT;NÃO ELEITO;10
19;8;12012;CRISTIANO LUZ;PDT;NÃO ELEITO;7
20;8;12012;CRISTIANO LUZ;PDT;NÃO ELEITO;3
21;8;12012;CRISTIANO LUZ;PDT;NÃO ELEITO;6
1;8;12020;LUCIA LUCIMAR;PDT;NÃO ELEITO;3
2;8;12020;LUCIA LUCIMAR;PDT;NÃO ELEITO;10
3;8;12020;LUCIA LUCIMAR;PDT;NÃO ELEITO;3
4;8;12020;LUCIA LUCIMAR;PDT;NÃO ELEITO;17
5;8;12020;LUCIA LUCIMAR;PDT;NÃO ELEITO;5
6;8;12020;LUCIA LUCIMAR;PDT;NÃO ELEITO;5
8;8;12020;LUCIA LUCIMAR;PDT;NÃO ELEITO;1
9;8;12020;LUCIA LUCIMAR;PDT;NÃO ELEITO;16
10;8;12020;LUCIA LUCIMAR;PDT;NÃO ELEITO;16
11;8;12020;LUCIA LUCIMAR;PDT;NÃO ELEITO;4
13;8;12020;LUCIA LUCIMAR;PDT;NÃO ELEITO;7
14;8;12020;LUCIA LUCIMAR;PDT;NÃO ELEITO;11
15;8;12020;LUCIA LUCIMAR;PDT;NÃO ELEITO;17
16;8;12020;LUCIA LUCIMAR;PDT;NÃO ELEITO;5
17;8;12020;LUCIA LUCIMAR;PDT;NÃO ELEITO;35
18;8;12020;LUCIA LUCIMAR;PDT;NÃO ELEITO;2
19;8;12020;LUCIA LUCIMAR;PDT;NÃO ELEITO;3
20;8;12020;LUCIA LUCIMAR;PDT;NÃO ELEITO;5
21;8;12020;LUCIA LUCIMAR;PDT;NÃO ELEITO;96
1;8;12022;WILLIAN MEGA BOX;PDT;NÃO ELEITO;3
2;8;12022;WILLIAN MEGA BOX;PDT;NÃO ELEITO;13
3;8;12022;WILLIAN MEGA BOX;PDT;NÃO ELEITO;3
4;8;12022;WILLIAN MEGA BOX;PDT;NÃO ELEITO;2
5;8;12022;WILLIAN MEGA BOX;PDT;NÃO ELEITO;5
6;8;12022;WILLIAN MEGA BOX;PDT;NÃO ELEITO;18
8;8;12022;WILLIAN MEGA BOX;PDT;NÃO ELEITO;5
9;8;12022;WILLIAN MEGA BOX;PDT;NÃO ELEITO;8
10;8;12022;WILLIAN MEGA BOX;PDT;NÃO ELEITO;3
11;8;12022;WILLIAN MEGA BOX;PDT;NÃO ELEITO;6
13;8;12022;WILLIAN MEGA BOX;PDT;NÃO ELEITO;6
14;8;12022;WILLIAN MEGA BOX;PDT;NÃO ELEITO;12
15;8;12022;WILLIAN MEGA BOX;PDT;NÃO ELEITO;5
16;8;12022;WILLIAN MEGA BOX;PDT;NÃO ELEITO;16
17;8;12022;WILLIAN MEGA BOX;PDT;NÃO ELEITO;8
18;8;12022;WILLIAN MEGA BOX;PDT;NÃO ELEITO;655
19;8;12022;WILLIAN MEGA BOX;PDT;NÃO ELEITO;2
20;8;12022;WILLIAN MEGA BOX;PDT;NÃO ELEITO;1
21;8;12022;WILLIAN MEGA BOX;PDT;NÃO ELEITO;11
1;8;12111;FRANCISCA CÔRTE;PDT;NÃO ELEITO;4
2;8;12111;FRANCISCA CÔRTE;PDT;NÃO ELEITO;3
3;8;12111;FRANCISCA CÔRTE;PDT;NÃO ELEITO;9
4;8;12111;FRANCISCA CÔRTE;PDT;NÃO ELEITO;3
5;8;12111;FRANCISCA CÔRTE;PDT;NÃO ELEITO;4
6;8;12111;FRANCISCA CÔRTE;PDT;NÃO ELEITO;0
8;8;12111;FRANCISCA CÔRTE;PDT;NÃO ELEITO;23
9;8;12111;FRANCISCA CÔRTE;PDT;NÃO ELEITO;10
10;8;12111;FRANCISCA CÔRTE;PDT;NÃO ELEITO;11
11;8;12111;FRANCISCA CÔRTE;PDT;NÃO ELEITO;2
13;8;12111;FRANCISCA CÔRTE;PDT;NÃO ELEITO;14
14;8;12111;FRANCISCA CÔRTE;PDT;NÃO ELEITO;7
15;8;12111;FRANCISCA CÔRTE;PDT;NÃO ELEITO;9
16;8;12111;FRANCISCA CÔRTE;PDT;NÃO ELEITO;40
17;8;12111;FRANCISCA CÔRTE;PDT;NÃO ELEITO;10
18;8;12111;FRANCISCA CÔRTE;PDT;NÃO ELEITO;2
19;8;12111;FRANCISCA CÔRTE;PDT;NÃO ELEITO;4
20;8;12111;FRANCISCA CÔRTE;PDT;NÃO ELEITO;3
21;8;12111;FRANCISCA CÔRTE;PDT;NÃO ELEITO;19
1;8;12116;ZULMIRA INÊS;PDT;NÃO ELEITO;6
2;8;12116;ZULMIRA INÊS;PDT;NÃO ELEITO;4
3;8;12116;ZULMIRA INÊS;PDT;NÃO ELEITO;2
4;8;12116;ZULMIRA INÊS;PDT;NÃO ELEITO;0
5;8;12116;ZULMIRA INÊS;PDT;NÃO ELEITO;0
6;8;12116;ZULMIRA INÊS;PDT;NÃO ELEITO;5
8;8;12116;ZULMIRA INÊS;PDT;NÃO ELEITO;3
9;8;12116;ZULMIRA INÊS;PDT;NÃO ELEITO;14
10;8;12116;ZULMIRA INÊS;PDT;NÃO ELEITO;11
11;8;12116;ZULMIRA INÊS;PDT;NÃO ELEITO;7
13;8;12116;ZULMIRA INÊS;PDT;NÃO ELEITO;5
14;8;12116;ZULMIRA INÊS;PDT;NÃO ELEITO;10
15;8;12116;ZULMIRA INÊS;PDT;NÃO ELEITO;87
16;8;12116;ZULMIRA INÊS;PDT;NÃO ELEITO;3
17;8;12116;ZULMIRA INÊS;PDT;NÃO ELEITO;1
18;8;12116;ZULMIRA INÊS;PDT;NÃO ELEITO;0
19;8;12116;ZULMIRA INÊS;PDT;NÃO ELEITO;10
20;8;12116;ZULMIRA INÊS;PDT;NÃO ELEITO;2
21;8;12116;ZULMIRA INÊS;PDT;NÃO ELEITO;1
1;8;12120;BARBY;PDT;NÃO ELEITO;14
2;8;12120;BARBY;PDT;NÃO ELEITO;11
3;8;12120;BARBY;PDT;NÃO ELEITO;7
4;8;12120;BARBY;PDT;NÃO ELEITO;11
5;8;12120;BARBY;PDT;NÃO ELEITO;8
6;8;12120;BARBY;PDT;NÃO ELEITO;12
8;8;12120;BARBY;PDT;NÃO ELEITO;2
9;8;12120;BARBY;PDT;NÃO ELEITO;20
10;8;12120;BARBY;PDT;NÃO ELEITO;19
11;8;12120;BARBY;PDT;NÃO ELEITO;8
13;8;12120;BARBY;PDT;NÃO ELEITO;12
14;8;12120;BARBY;PDT;NÃO ELEITO;22
15;8;12120;BARBY;PDT;NÃO ELEITO;21
16;8;12120;BARBY;PDT;NÃO ELEITO;5
17;8;12120;BARBY;PDT;NÃO ELEITO;27
18;8;12120;BARBY;PDT;NÃO ELEITO;12
19;8;12120;BARBY;PDT;NÃO ELEITO;10
20;8;12120;BARBY;PDT;NÃO ELEITO;7
21;8;12120;BARBY;PDT;NÃO ELEITO;11
1;8;12121;CLEO SAÚDE;PDT;NÃO ELEITO;10
2;8;12121;CLEO SAÚDE;PDT;NÃO ELEITO;5
3;8;12121;CLEO SAÚDE;PDT;NÃO ELEITO;5
4;8;12121;CLEO SAÚDE;PDT;NÃO ELEITO;7
5;8;12121;CLEO SAÚDE;PDT;NÃO ELEITO;6
6;8;12121;CLEO SAÚDE;PDT;NÃO ELEITO;1
8;8;12121;CLEO SAÚDE;PDT;NÃO ELEITO;12
9;8;12121;CLEO SAÚDE;PDT;NÃO ELEITO;12
10;8;12121;CLEO SAÚDE;PDT;NÃO ELEITO;20
11;8;12121;CLEO SAÚDE;PDT;NÃO ELEITO;14
13;8;12121;CLEO SAÚDE;PDT;NÃO ELEITO;100
14;8;12121;CLEO SAÚDE;PDT;NÃO ELEITO;36
15;8;12121;CLEO SAÚDE;PDT;NÃO ELEITO;44
16;8;12121;CLEO SAÚDE;PDT;NÃO ELEITO;8
17;8;12121;CLEO SAÚDE;PDT;NÃO ELEITO;3
18;8;12121;CLEO SAÚDE;PDT;NÃO ELEITO;6
19;8;12121;CLEO SAÚDE;PDT;NÃO ELEITO;18
20;8;12121;CLEO SAÚDE;PDT;NÃO ELEITO;11
21;8;12121;CLEO SAÚDE;PDT;NÃO ELEITO;17
1;8;12123;SANDRA TOMÉ;PDT;NÃO ELEITO;19
2;8;12123;SANDRA TOMÉ;PDT;NÃO ELEITO;13
3;8;12123;SANDRA TOMÉ;PDT;NÃO ELEITO;19
4;8;12123;SANDRA TOMÉ;PDT;NÃO ELEITO;38
5;8;12123;SANDRA TOMÉ;PDT;NÃO ELEITO;7
6;8;12123;SANDRA TOMÉ;PDT;NÃO ELEITO;14
8;8;12123;SANDRA TOMÉ;PDT;NÃO ELEITO;24
9;8;12123;SANDRA TOMÉ;PDT;NÃO ELEITO;30
10;8;12123;SANDRA TOMÉ;PDT;NÃO ELEITO;26
11;8;12123;SANDRA TOMÉ;PDT;NÃO ELEITO;11
13;8;12123;SANDRA TOMÉ;PDT;NÃO ELEITO;51
14;8;12123;SANDRA TOMÉ;PDT;NÃO ELEITO;10
15;8;12123;SANDRA TOMÉ;PDT;NÃO ELEITO;54
16;8;12123;SANDRA TOMÉ;PDT;NÃO ELEITO;20
17;8;12123;SANDRA TOMÉ;PDT;NÃO ELEITO;105
18;8;12123;SANDRA TOMÉ;PDT;NÃO ELEITO;12
19;8;12123;SANDRA TOMÉ;PDT;NÃO ELEITO;19
20;8;12123;SANDRA TOMÉ;PDT;NÃO ELEITO;18
21;8;12123;SANDRA TOMÉ;PDT;NÃO ELEITO;15
1;8;12127;DIL EMANUEL;PDT;NÃO ELEITO;5
2;8;12127;DIL EMANUEL;PDT;NÃO ELEITO;5
3;8;12127;DIL EMANUEL;PDT;NÃO ELEITO;1
4;8;12127;DIL EMANUEL;PDT;NÃO ELEITO;2
5;8;12127;DIL EMANUEL;PDT;NÃO ELEITO;0
6;8;12127;DIL EMANUEL;PDT;NÃO ELEITO;1
8;8;12127;DIL EMANUEL;PDT;NÃO ELEITO;4
9;8;12127;DIL EMANUEL;PDT;NÃO ELEITO;6
10;8;12127;DIL EMANUEL;PDT;NÃO ELEITO;7
11;8;12127;DIL EMANUEL;PDT;NÃO ELEITO;6
13;8;12127;DIL EMANUEL;PDT;NÃO ELEITO;9
14;8;12127;DIL EMANUEL;PDT;NÃO ELEITO;5
15;8;12127;DIL EMANUEL;PDT;NÃO ELEITO;8
16;8;12127;DIL EMANUEL;PDT;NÃO ELEITO;1
17;8;12127;DIL EMANUEL;PDT;NÃO ELEITO;3
18;8;12127;DIL EMANUEL;PDT;NÃO ELEITO;0
19;8;12127;DIL EMANUEL;PDT;NÃO ELEITO;5
20;8;12127;DIL EMANUEL;PDT;NÃO ELEITO;11
21;8;12127;DIL EMANUEL;PDT;NÃO ELEITO;23
1;8;12148;KIM;PDT;NÃO ELEITO;5
2;8;12148;KIM;PDT;NÃO ELEITO;3
3;8;12148;KIM;PDT;NÃO ELEITO;2
4;8;12148;KIM;PDT;NÃO ELEITO;4
5;8;12148;KIM;PDT;NÃO ELEITO;4
6;8;12148;KIM;PDT;NÃO ELEITO;3
8;8;12148;KIM;PDT;NÃO ELEITO;1
9;8;12148;KIM;PDT;NÃO ELEITO;261
10;8;12148;KIM;PDT;NÃO ELEITO;15
11;8;12148;KIM;PDT;NÃO ELEITO;3
13;8;12148;KIM;PDT;NÃO ELEITO;27
14;8;12148;KIM;PDT;NÃO ELEITO;2
15;8;12148;KIM;PDT;NÃO ELEITO;24
16;8;12148;KIM;PDT;NÃO ELEITO;8
17;8;12148;KIM;PDT;NÃO ELEITO;4
18;8;12148;KIM;PDT;NÃO ELEITO;0
19;8;12148;KIM;PDT;NÃO ELEITO;15
20;8;12148;KIM;PDT;NÃO ELEITO;8
21;8;12148;KIM;PDT;NÃO ELEITO;6
1;8;12180;MAYK MONTALVÃO;PDT;NÃO ELEITO;4
2;8;12180;MAYK MONTALVÃO;PDT;NÃO ELEITO;14
3;8;12180;MAYK MONTALVÃO;PDT;NÃO ELEITO;4
4;8;12180;MAYK MONTALVÃO;PDT;NÃO ELEITO;14
5;8;12180;MAYK MONTALVÃO;PDT;NÃO ELEITO;4
6;8;12180;MAYK MONTALVÃO;PDT;NÃO ELEITO;4
8;8;12180;MAYK MONTALVÃO;PDT;NÃO ELEITO;4
9;8;12180;MAYK MONTALVÃO;PDT;NÃO ELEITO;5
10;8;12180;MAYK MONTALVÃO;PDT;NÃO ELEITO;5
11;8;12180;MAYK MONTALVÃO;PDT;NÃO ELEITO;1
13;8;12180;MAYK MONTALVÃO;PDT;NÃO ELEITO;6
14;8;12180;MAYK MONTALVÃO;PDT;NÃO ELEITO;16
15;8;12180;MAYK MONTALVÃO;PDT;NÃO ELEITO;7
16;8;12180;MAYK MONTALVÃO;PDT;NÃO ELEITO;1
17;8;12180;MAYK MONTALVÃO;PDT;NÃO ELEITO;12
18;8;12180;MAYK MONTALVÃO;PDT;NÃO ELEITO;481
19;8;12180;MAYK MONTALVÃO;PDT;NÃO ELEITO;1
20;8;12180;MAYK MONTALVÃO;PDT;NÃO ELEITO;3
21;8;12180;MAYK MONTALVÃO;PDT;NÃO ELEITO;3
1;8;12244;SONIC MOTOBOY;PDT;NÃO ELEITO;5
2;8;12244;SONIC MOTOBOY;PDT;NÃO ELEITO;6
3;8;12244;SONIC MOTOBOY;PDT;NÃO ELEITO;13
4;8;12244;SONIC MOTOBOY;PDT;NÃO ELEITO;10
5;8;12244;SONIC MOTOBOY;PDT;NÃO ELEITO;42
6;8;12244;SONIC MOTOBOY;PDT;NÃO ELEITO;32
8;8;12244;SONIC MOTOBOY;PDT;NÃO ELEITO;20
9;8;12244;SONIC MOTOBOY;PDT;NÃO ELEITO;14
10;8;12244;SONIC MOTOBOY;PDT;NÃO ELEITO;12
11;8;12244;SONIC MOTOBOY;PDT;NÃO ELEITO;7
13;8;12244;SONIC MOTOBOY;PDT;NÃO ELEITO;19
14;8;12244;SONIC MOTOBOY;PDT;NÃO ELEITO;6
15;8;12244;SONIC MOTOBOY;PDT;NÃO ELEITO;12
16;8;12244;SONIC MOTOBOY;PDT;NÃO ELEITO;8
17;8;12244;SONIC MOTOBOY;PDT;NÃO ELEITO;9
18;8;12244;SONIC MOTOBOY;PDT;NÃO ELEITO;5
19;8;12244;SONIC MOTOBOY;PDT;NÃO ELEITO;22
20;8;12244;SONIC MOTOBOY;PDT;NÃO ELEITO;17
21;8;12244;SONIC MOTOBOY;PDT;NÃO ELEITO;7
1;8;12290;DANDAN;PDT;NÃO ELEITO;7
2;8;12290;DANDAN;PDT;NÃO ELEITO;2
3;8;12290;DANDAN;PDT;NÃO ELEITO;5
4;8;12290;DANDAN;PDT;NÃO ELEITO;2
5;8;12290;DANDAN;PDT;NÃO ELEITO;0
6;8;12290;DANDAN;PDT;NÃO ELEITO;0
8;8;12290;DANDAN;PDT;NÃO ELEITO;7
9;8;12290;DANDAN;PDT;NÃO ELEITO;7
10;8;12290;DANDAN;PDT;NÃO ELEITO;2
11;8;12290;DANDAN;PDT;NÃO ELEITO;2
13;8;12290;DANDAN;PDT;NÃO ELEITO;8
14;8;12290;DANDAN;PDT;NÃO ELEITO;1
15;8;12290;DANDAN;PDT;NÃO ELEITO;2
16;8;12290;DANDAN;PDT;NÃO ELEITO;88
17;8;12290;DANDAN;PDT;NÃO ELEITO;1
18;8;12290;DANDAN;PDT;NÃO ELEITO;2
19;8;12290;DANDAN;PDT;NÃO ELEITO;3
20;8;12290;DANDAN;PDT;NÃO ELEITO;1
21;8;12290;DANDAN;PDT;NÃO ELEITO;5
1;8;12300;ZAQUEU BRAGA;PDT;NÃO ELEITO;50
2;8;12300;ZAQUEU BRAGA;PDT;NÃO ELEITO;23
3;8;12300;ZAQUEU BRAGA;PDT;NÃO ELEITO;7
4;8;12300;ZAQUEU BRAGA;PDT;NÃO ELEITO;12
5;8;12300;ZAQUEU BRAGA;PDT;NÃO ELEITO;29
6;8;12300;ZAQUEU BRAGA;PDT;NÃO ELEITO;1
8;8;12300;ZAQUEU BRAGA;PDT;NÃO ELEITO;26
9;8;12300;ZAQUEU BRAGA;PDT;NÃO ELEITO;55
10;8;12300;ZAQUEU BRAGA;PDT;NÃO ELEITO;14
11;8;12300;ZAQUEU BRAGA;PDT;NÃO ELEITO;42
13;8;12300;ZAQUEU BRAGA;PDT;NÃO ELEITO;42
14;8;12300;ZAQUEU BRAGA;PDT;NÃO ELEITO;82
15;8;12300;ZAQUEU BRAGA;PDT;NÃO ELEITO;126
16;8;12300;ZAQUEU BRAGA;PDT;NÃO ELEITO;27
17;8;12300;ZAQUEU BRAGA;PDT;NÃO ELEITO;13
18;8;12300;ZAQUEU BRAGA;PDT;NÃO ELEITO;37
19;8;12300;ZAQUEU BRAGA;PDT;NÃO ELEITO;13
20;8;12300;ZAQUEU BRAGA;PDT;NÃO ELEITO;8
21;8;12300;ZAQUEU BRAGA;PDT;NÃO ELEITO;57
1;8;12321;GABY SANTOS;PDT;NÃO ELEITO;37
2;8;12321;GABY SANTOS;PDT;NÃO ELEITO;18
3;8;12321;GABY SANTOS;PDT;NÃO ELEITO;10
4;8;12321;GABY SANTOS;PDT;NÃO ELEITO;3
5;8;12321;GABY SANTOS;PDT;NÃO ELEITO;18
6;8;12321;GABY SANTOS;PDT;NÃO ELEITO;16
8;8;12321;GABY SANTOS;PDT;NÃO ELEITO;24
9;8;12321;GABY SANTOS;PDT;NÃO ELEITO;62
10;8;12321;GABY SANTOS;PDT;NÃO ELEITO;39
11;8;12321;GABY SANTOS;PDT;NÃO ELEITO;39
13;8;12321;GABY SANTOS;PDT;NÃO ELEITO;17
14;8;12321;GABY SANTOS;PDT;NÃO ELEITO;66
15;8;12321;GABY SANTOS;PDT;NÃO ELEITO;54
16;8;12321;GABY SANTOS;PDT;NÃO ELEITO;38
17;8;12321;GABY SANTOS;PDT;NÃO ELEITO;26
18;8;12321;GABY SANTOS;PDT;NÃO ELEITO;23
19;8;12321;GABY SANTOS;PDT;NÃO ELEITO;17
20;8;12321;GABY SANTOS;PDT;NÃO ELEITO;9
21;8;12321;GABY SANTOS;PDT;NÃO ELEITO;12
1;8;12333;DIEGO TELES;PDT;NÃO ELEITO;15
2;8;12333;DIEGO TELES;PDT;NÃO ELEITO;11
3;8;12333;DIEGO TELES;PDT;NÃO ELEITO;38
4;8;12333;DIEGO TELES;PDT;NÃO ELEITO;18
5;8;12333;DIEGO TELES;PDT;NÃO ELEITO;25
6;8;12333;DIEGO TELES;PDT;NÃO ELEITO;19
8;8;12333;DIEGO TELES;PDT;NÃO ELEITO;87
9;8;12333;DIEGO TELES;PDT;NÃO ELEITO;59
10;8;12333;DIEGO TELES;PDT;NÃO ELEITO;282
11;8;12333;DIEGO TELES;PDT;NÃO ELEITO;17
13;8;12333;DIEGO TELES;PDT;NÃO ELEITO;77
14;8;12333;DIEGO TELES;PDT;NÃO ELEITO;9
15;8;12333;DIEGO TELES;PDT;NÃO ELEITO;74
16;8;12333;DIEGO TELES;PDT;NÃO ELEITO;61
17;8;12333;DIEGO TELES;PDT;NÃO ELEITO;27
18;8;12333;DIEGO TELES;PDT;NÃO ELEITO;12
19;8;12333;DIEGO TELES;PDT;NÃO ELEITO;56
20;8;12333;DIEGO TELES;PDT;NÃO ELEITO;52
21;8;12333;DIEGO TELES;PDT;NÃO ELEITO;157
1;8;12344;LÉO RANGEL;PDT;NÃO ELEITO;1
2;8;12344;LÉO RANGEL;PDT;NÃO ELEITO;1
3;8;12344;LÉO RANGEL;PDT;NÃO ELEITO;4
4;8;12344;LÉO RANGEL;PDT;NÃO ELEITO;10
5;8;12344;LÉO RANGEL;PDT;NÃO ELEITO;0
6;8;12344;LÉO RANGEL;PDT;NÃO ELEITO;2
8;8;12344;LÉO RANGEL;PDT;NÃO ELEITO;11
9;8;12344;LÉO RANGEL;PDT;NÃO ELEITO;206
10;8;12344;LÉO RANGEL;PDT;NÃO ELEITO;24
11;8;12344;LÉO RANGEL;PDT;NÃO ELEITO;16
13;8;12344;LÉO RANGEL;PDT;NÃO ELEITO;14
14;8;12344;LÉO RANGEL;PDT;NÃO ELEITO;8
15;8;12344;LÉO RANGEL;PDT;NÃO ELEITO;16
16;8;12344;LÉO RANGEL;PDT;NÃO ELEITO;4
17;8;12344;LÉO RANGEL;PDT;NÃO ELEITO;58
18;8;12344;LÉO RANGEL;PDT;NÃO ELEITO;3
19;8;12344;LÉO RANGEL;PDT;NÃO ELEITO;9
20;8;12344;LÉO RANGEL;PDT;NÃO ELEITO;7
21;8;12344;LÉO RANGEL;PDT;NÃO ELEITO;11
1;8;12345;LEANDRO PEDROSO;PDT;NÃO ELEITO;56
2;8;12345;LEANDRO PEDROSO;PDT;NÃO ELEITO;44
3;8;12345;LEANDRO PEDROSO;PDT;NÃO ELEITO;13
4;8;12345;LEANDRO PEDROSO;PDT;NÃO ELEITO;35
5;8;12345;LEANDRO PEDROSO;PDT;NÃO ELEITO;23
6;8;12345;LEANDRO PEDROSO;PDT;NÃO ELEITO;29
8;8;12345;LEANDRO PEDROSO;PDT;NÃO ELEITO;46
9;8;12345;LEANDRO PEDROSO;PDT;NÃO ELEITO;60
10;8;12345;LEANDRO PEDROSO;PDT;NÃO ELEITO;25
11;8;12345;LEANDRO PEDROSO;PDT;NÃO ELEITO;32
13;8;12345;LEANDRO PEDROSO;PDT;NÃO ELEITO;32
14;8;12345;LEANDRO PEDROSO;PDT;NÃO ELEITO;62
15;8;12345;LEANDRO PEDROSO;PDT;NÃO ELEITO;62
16;8;12345;LEANDRO PEDROSO;PDT;NÃO ELEITO;48
17;8;12345;LEANDRO PEDROSO;PDT;NÃO ELEITO;36
18;8;12345;LEANDRO PEDROSO;PDT;NÃO ELEITO;94
19;8;12345;LEANDRO PEDROSO;PDT;NÃO ELEITO;27
20;8;12345;LEANDRO PEDROSO;PDT;NÃO ELEITO;20
21;8;12345;LEANDRO PEDROSO;PDT;NÃO ELEITO;40
1;8;12369;PROFESSOR GADÊLHA;PDT;NÃO ELEITO;28
2;8;12369;PROFESSOR GADÊLHA;PDT;NÃO ELEITO;19
3;8;12369;PROFESSOR GADÊLHA;PDT;NÃO ELEITO;90
4;8;12369;PROFESSOR GADÊLHA;PDT;NÃO ELEITO;25
5;8;12369;PROFESSOR GADÊLHA;PDT;NÃO ELEITO;74
6;8;12369;PROFESSOR GADÊLHA;PDT;NÃO ELEITO;37
8;8;12369;PROFESSOR GADÊLHA;PDT;NÃO ELEITO;260
9;8;12369;PROFESSOR GADÊLHA;PDT;NÃO ELEITO;64
10;8;12369;PROFESSOR GADÊLHA;PDT;NÃO ELEITO;109
11;8;12369;PROFESSOR GADÊLHA;PDT;NÃO ELEITO;28
13;8;12369;PROFESSOR GADÊLHA;PDT;NÃO ELEITO;77
14;8;12369;PROFESSOR GADÊLHA;PDT;NÃO ELEITO;49
15;8;12369;PROFESSOR GADÊLHA;PDT;NÃO ELEITO;140
16;8;12369;PROFESSOR GADÊLHA;PDT;NÃO ELEITO;2024
17;8;12369;PROFESSOR GADÊLHA;PDT;NÃO ELEITO;25
18;8;12369;PROFESSOR GADÊLHA;PDT;NÃO ELEITO;22
19;8;12369;PROFESSOR GADÊLHA;PDT;NÃO ELEITO;125
20;8;12369;PROFESSOR GADÊLHA;PDT;NÃO ELEITO;85
21;8;12369;PROFESSOR GADÊLHA;PDT;NÃO ELEITO;51
1;8;12444;NETO CADEIRANTE;PDT;NÃO ELEITO;2
2;8;12444;NETO CADEIRANTE;PDT;NÃO ELEITO;5
3;8;12444;NETO CADEIRANTE;PDT;NÃO ELEITO;2
4;8;12444;NETO CADEIRANTE;PDT;NÃO ELEITO;3
5;8;12444;NETO CADEIRANTE;PDT;NÃO ELEITO;13
6;8;12444;NETO CADEIRANTE;PDT;NÃO ELEITO;0
8;8;12444;NETO CADEIRANTE;PDT;NÃO ELEITO;69
9;8;12444;NETO CADEIRANTE;PDT;NÃO ELEITO;4
10;8;12444;NETO CADEIRANTE;PDT;NÃO ELEITO;5
11;8;12444;NETO CADEIRANTE;PDT;NÃO ELEITO;5
13;8;12444;NETO CADEIRANTE;PDT;NÃO ELEITO;6
14;8;12444;NETO CADEIRANTE;PDT;NÃO ELEITO;12
15;8;12444;NETO CADEIRANTE;PDT;NÃO ELEITO;12
16;8;12444;NETO CADEIRANTE;PDT;NÃO ELEITO;12
17;8;12444;NETO CADEIRANTE;PDT;NÃO ELEITO;4
18;8;12444;NETO CADEIRANTE;PDT;NÃO ELEITO;4
19;8;12444;NETO CADEIRANTE;PDT;NÃO ELEITO;7
20;8;12444;NETO CADEIRANTE;PDT;NÃO ELEITO;4
21;8;12444;NETO CADEIRANTE;PDT;NÃO ELEITO;10
1;8;12456;PROFESSOR JEAN MOURÃO;PDT;NÃO ELEITO;7
2;8;12456;PROFESSOR JEAN MOURÃO;PDT;NÃO ELEITO;4
3;8;12456;PROFESSOR JEAN MOURÃO;PDT;NÃO ELEITO;6
4;8;12456;PROFESSOR JEAN MOURÃO;PDT;NÃO ELEITO;114
5;8;12456;PROFESSOR JEAN MOURÃO;PDT;NÃO ELEITO;3
6;8;12456;PROFESSOR JEAN MOURÃO;PDT;NÃO ELEITO;8
8;8;12456;PROFESSOR JEAN MOURÃO;PDT;NÃO ELEITO;18
9;8;12456;PROFESSOR JEAN MOURÃO;PDT;NÃO ELEITO;23
10;8;12456;PROFESSOR JEAN MOURÃO;PDT;NÃO ELEITO;15
11;8;12456;PROFESSOR JEAN MOURÃO;PDT;NÃO ELEITO;11
13;8;12456;PROFESSOR JEAN MOURÃO;PDT;NÃO ELEITO;5
14;8;12456;PROFESSOR JEAN MOURÃO;PDT;NÃO ELEITO;15
15;8;12456;PROFESSOR JEAN MOURÃO;PDT;NÃO ELEITO;19
16;8;12456;PROFESSOR JEAN MOURÃO;PDT;NÃO ELEITO;15
17;8;12456;PROFESSOR JEAN MOURÃO;PDT;NÃO ELEITO;121
18;8;12456;PROFESSOR JEAN MOURÃO;PDT;NÃO ELEITO;6
19;8;12456;PROFESSOR JEAN MOURÃO;PDT;NÃO ELEITO;4
20;8;12456;PROFESSOR JEAN MOURÃO;PDT;NÃO ELEITO;4
21;8;12456;PROFESSOR JEAN MOURÃO;PDT;NÃO ELEITO;11
1;8;12666;SAMUEL DO ALUGUEL;PDT;NÃO ELEITO;5
2;8;12666;SAMUEL DO ALUGUEL;PDT;NÃO ELEITO;7
3;8;12666;SAMUEL DO ALUGUEL;PDT;NÃO ELEITO;15
4;8;12666;SAMUEL DO ALUGUEL;PDT;NÃO ELEITO;3
5;8;12666;SAMUEL DO ALUGUEL;PDT;NÃO ELEITO;3
6;8;12666;SAMUEL DO ALUGUEL;PDT;NÃO ELEITO;4
8;8;12666;SAMUEL DO ALUGUEL;PDT;NÃO ELEITO;23
9;8;12666;SAMUEL DO ALUGUEL;PDT;NÃO ELEITO;23
10;8;12666;SAMUEL DO ALUGUEL;PDT;NÃO ELEITO;29
11;8;12666;SAMUEL DO ALUGUEL;PDT;NÃO ELEITO;19
13;8;12666;SAMUEL DO ALUGUEL;PDT;NÃO ELEITO;52
14;8;12666;SAMUEL DO ALUGUEL;PDT;NÃO ELEITO;13
15;8;12666;SAMUEL DO ALUGUEL;PDT;NÃO ELEITO;158
16;8;12666;SAMUEL DO ALUGUEL;PDT;NÃO ELEITO;10
17;8;12666;SAMUEL DO ALUGUEL;PDT;NÃO ELEITO;6
18;8;12666;SAMUEL DO ALUGUEL;PDT;NÃO ELEITO;8
19;8;12666;SAMUEL DO ALUGUEL;PDT;NÃO ELEITO;46
20;8;12666;SAMUEL DO ALUGUEL;PDT;NÃO ELEITO;12
21;8;12666;SAMUEL DO ALUGUEL;PDT;NÃO ELEITO;27
1;8;12777;PIPOKA DO BASQUETE;PDT;NÃO ELEITO;204
2;8;12777;PIPOKA DO BASQUETE;PDT;NÃO ELEITO;66
3;8;12777;PIPOKA DO BASQUETE;PDT;NÃO ELEITO;34
4;8;12777;PIPOKA DO BASQUETE;PDT;NÃO ELEITO;17
5;8;12777;PIPOKA DO BASQUETE;PDT;NÃO ELEITO;59
6;8;12777;PIPOKA DO BASQUETE;PDT;NÃO ELEITO;19
8;8;12777;PIPOKA DO BASQUETE;PDT;NÃO ELEITO;46
9;8;12777;PIPOKA DO BASQUETE;PDT;NÃO ELEITO;100
10;8;12777;PIPOKA DO BASQUETE;PDT;NÃO ELEITO;54
11;8;12777;PIPOKA DO BASQUETE;PDT;NÃO ELEITO;186
13;8;12777;PIPOKA DO BASQUETE;PDT;NÃO ELEITO;56
14;8;12777;PIPOKA DO BASQUETE;PDT;NÃO ELEITO;189
15;8;12777;PIPOKA DO BASQUETE;PDT;NÃO ELEITO;190
16;8;12777;PIPOKA DO BASQUETE;PDT;NÃO ELEITO;32
17;8;12777;PIPOKA DO BASQUETE;PDT;NÃO ELEITO;29
18;8;12777;PIPOKA DO BASQUETE;PDT;NÃO ELEITO;119
19;8;12777;PIPOKA DO BASQUETE;PDT;NÃO ELEITO;80
20;8;12777;PIPOKA DO BASQUETE;PDT;NÃO ELEITO;26
21;8;12777;PIPOKA DO BASQUETE;PDT;NÃO ELEITO;30
1;8;13000;PROF LÊDA COLETIVE CHÃO;PT;SUPLENTE;249
2;8;13000;PROF LÊDA COLETIVE CHÃO;PT;SUPLENTE;138
3;8;13000;PROF LÊDA COLETIVE CHÃO;PT;SUPLENTE;307
4;8;13000;PROF LÊDA COLETIVE CHÃO;PT;SUPLENTE;72
5;8;13000;PROF LÊDA COLETIVE CHÃO;PT;SUPLENTE;179
6;8;13000;PROF LÊDA COLETIVE CHÃO;PT;SUPLENTE;71
8;8;13000;PROF LÊDA COLETIVE CHÃO;PT;SUPLENTE;221
9;8;13000;PROF LÊDA COLETIVE CHÃO;PT;SUPLENTE;311
10;8;13000;PROF LÊDA COLETIVE CHÃO;PT;SUPLENTE;205
11;8;13000;PROF LÊDA COLETIVE CHÃO;PT;SUPLENTE;218
13;8;13000;PROF LÊDA COLETIVE CHÃO;PT;SUPLENTE;255
14;8;13000;PROF LÊDA COLETIVE CHÃO;PT;SUPLENTE;435
15;8;13000;PROF LÊDA COLETIVE CHÃO;PT;SUPLENTE;803
16;8;13000;PROF LÊDA COLETIVE CHÃO;PT;SUPLENTE;188
17;8;13000;PROF LÊDA COLETIVE CHÃO;PT;SUPLENTE;146
18;8;13000;PROF LÊDA COLETIVE CHÃO;PT;SUPLENTE;191
19;8;13000;PROF LÊDA COLETIVE CHÃO;PT;SUPLENTE;632
20;8;13000;PROF LÊDA COLETIVE CHÃO;PT;SUPLENTE;152
21;8;13000;PROF LÊDA COLETIVE CHÃO;PT;SUPLENTE;121
1;8;13007;FABIANO TROMPETISTA;PT;SUPLENTE;434
2;8;13007;FABIANO TROMPETISTA;PT;SUPLENTE;272
3;8;13007;FABIANO TROMPETISTA;PT;SUPLENTE;101
4;8;13007;FABIANO TROMPETISTA;PT;SUPLENTE;83
5;8;13007;FABIANO TROMPETISTA;PT;SUPLENTE;208
6;8;13007;FABIANO TROMPETISTA;PT;SUPLENTE;90
8;8;13007;FABIANO TROMPETISTA;PT;SUPLENTE;148
9;8;13007;FABIANO TROMPETISTA;PT;SUPLENTE;448
10;8;13007;FABIANO TROMPETISTA;PT;SUPLENTE;213
11;8;13007;FABIANO TROMPETISTA;PT;SUPLENTE;273
13;8;13007;FABIANO TROMPETISTA;PT;SUPLENTE;172
14;8;13007;FABIANO TROMPETISTA;PT;SUPLENTE;721
15;8;13007;FABIANO TROMPETISTA;PT;SUPLENTE;443
16;8;13007;FABIANO TROMPETISTA;PT;SUPLENTE;113
17;8;13007;FABIANO TROMPETISTA;PT;SUPLENTE;167
18;8;13007;FABIANO TROMPETISTA;PT;SUPLENTE;248
19;8;13007;FABIANO TROMPETISTA;PT;SUPLENTE;191
20;8;13007;FABIANO TROMPETISTA;PT;SUPLENTE;52
21;8;13007;FABIANO TROMPETISTA;PT;SUPLENTE;83
1;8;13013;RICARDO VALE;PT;ELEITO POR MÉDIA;369
2;8;13013;RICARDO VALE;PT;ELEITO POR MÉDIA;761
3;8;13013;RICARDO VALE;PT;ELEITO POR MÉDIA;305
4;8;13013;RICARDO VALE;PT;ELEITO POR MÉDIA;382
5;8;13013;RICARDO VALE;PT;ELEITO POR MÉDIA;5611
6;8;13013;RICARDO VALE;PT;ELEITO POR MÉDIA;1658
8;8;13013;RICARDO VALE;PT;ELEITO POR MÉDIA;537
9;8;13013;RICARDO VALE;PT;ELEITO POR MÉDIA;1012
10;8;13013;RICARDO VALE;PT;ELEITO POR MÉDIA;885
11;8;13013;RICARDO VALE;PT;ELEITO POR MÉDIA;364
13;8;13013;RICARDO VALE;PT;ELEITO POR MÉDIA;417
14;8;13013;RICARDO VALE;PT;ELEITO POR MÉDIA;678
15;8;13013;RICARDO VALE;PT;ELEITO POR MÉDIA;653
16;8;13013;RICARDO VALE;PT;ELEITO POR MÉDIA;555
17;8;13013;RICARDO VALE;PT;ELEITO POR MÉDIA;848
18;8;13013;RICARDO VALE;PT;ELEITO POR MÉDIA;804
19;8;13013;RICARDO VALE;PT;ELEITO POR MÉDIA;594
20;8;13013;RICARDO VALE;PT;ELEITO POR MÉDIA;311
21;8;13013;RICARDO VALE;PT;ELEITO POR MÉDIA;333
1;8;13023;TUQUINHA BESSA;PT;SUPLENTE;13
2;8;13023;TUQUINHA BESSA;PT;SUPLENTE;8
3;8;13023;TUQUINHA BESSA;PT;SUPLENTE;52
4;8;13023;TUQUINHA BESSA;PT;SUPLENTE;39
5;8;13023;TUQUINHA BESSA;PT;SUPLENTE;25
6;8;13023;TUQUINHA BESSA;PT;SUPLENTE;46
8;8;13023;TUQUINHA BESSA;PT;SUPLENTE;658
9;8;13023;TUQUINHA BESSA;PT;SUPLENTE;58
10;8;13023;TUQUINHA BESSA;PT;SUPLENTE;53
11;8;13023;TUQUINHA BESSA;PT;SUPLENTE;25
13;8;13023;TUQUINHA BESSA;PT;SUPLENTE;160
14;8;13023;TUQUINHA BESSA;PT;SUPLENTE;27
15;8;13023;TUQUINHA BESSA;PT;SUPLENTE;50
16;8;13023;TUQUINHA BESSA;PT;SUPLENTE;157
17;8;13023;TUQUINHA BESSA;PT;SUPLENTE;55
18;8;13023;TUQUINHA BESSA;PT;SUPLENTE;11
19;8;13023;TUQUINHA BESSA;PT;SUPLENTE;66
20;8;13023;TUQUINHA BESSA;PT;SUPLENTE;106
21;8;13023;TUQUINHA BESSA;PT;SUPLENTE;153
1;8;13061;THELMA MELLO;PT;SUPLENTE;205
2;8;13061;THELMA MELLO;PT;SUPLENTE;132
3;8;13061;THELMA MELLO;PT;SUPLENTE;50
4;8;13061;THELMA MELLO;PT;SUPLENTE;32
5;8;13061;THELMA MELLO;PT;SUPLENTE;81
6;8;13061;THELMA MELLO;PT;SUPLENTE;41
8;8;13061;THELMA MELLO;PT;SUPLENTE;56
9;8;13061;THELMA MELLO;PT;SUPLENTE;192
10;8;13061;THELMA MELLO;PT;SUPLENTE;158
11;8;13061;THELMA MELLO;PT;SUPLENTE;189
13;8;13061;THELMA MELLO;PT;SUPLENTE;51
14;8;13061;THELMA MELLO;PT;SUPLENTE;373
15;8;13061;THELMA MELLO;PT;SUPLENTE;218
16;8;13061;THELMA MELLO;PT;SUPLENTE;48
17;8;13061;THELMA MELLO;PT;SUPLENTE;74
18;8;13061;THELMA MELLO;PT;SUPLENTE;188
19;8;13061;THELMA MELLO;PT;SUPLENTE;58
20;8;13061;THELMA MELLO;PT;SUPLENTE;46
21;8;13061;THELMA MELLO;PT;SUPLENTE;37
1;8;13100;CHICO VIGILANTE;PT;ELEITO POR QP;1875
2;8;13100;CHICO VIGILANTE;PT;ELEITO POR QP;1543
3;8;13100;CHICO VIGILANTE;PT;ELEITO POR QP;1545
4;8;13100;CHICO VIGILANTE;PT;ELEITO POR QP;1641
5;8;13100;CHICO VIGILANTE;PT;ELEITO POR QP;1654
6;8;13100;CHICO VIGILANTE;PT;ELEITO POR QP;2936
8;8;13100;CHICO VIGILANTE;PT;ELEITO POR QP;3394
9;8;13100;CHICO VIGILANTE;PT;ELEITO POR QP;2677
10;8;13100;CHICO VIGILANTE;PT;ELEITO POR QP;2158
11;8;13100;CHICO VIGILANTE;PT;ELEITO POR QP;1787
13;8;13100;CHICO VIGILANTE;PT;ELEITO POR QP;2382
14;8;13100;CHICO VIGILANTE;PT;ELEITO POR QP;2525
15;8;13100;CHICO VIGILANTE;PT;ELEITO POR QP;3364
16;8;13100;CHICO VIGILANTE;PT;ELEITO POR QP;3077
17;8;13100;CHICO VIGILANTE;PT;ELEITO POR QP;3048
18;8;13100;CHICO VIGILANTE;PT;ELEITO POR QP;2021
19;8;13100;CHICO VIGILANTE;PT;ELEITO POR QP;1970
20;8;13100;CHICO VIGILANTE;PT;ELEITO POR QP;2290
21;8;13100;CHICO VIGILANTE;PT;ELEITO POR QP;1967
1;8;13123;PROFESSOR GARIBEL;PT;SUPLENTE;62
2;8;13123;PROFESSOR GARIBEL;PT;SUPLENTE;1237
3;8;13123;PROFESSOR GARIBEL;PT;SUPLENTE;37
4;8;13123;PROFESSOR GARIBEL;PT;SUPLENTE;53
5;8;13123;PROFESSOR GARIBEL;PT;SUPLENTE;85
6;8;13123;PROFESSOR GARIBEL;PT;SUPLENTE;69
8;8;13123;PROFESSOR GARIBEL;PT;SUPLENTE;58
9;8;13123;PROFESSOR GARIBEL;PT;SUPLENTE;90
10;8;13123;PROFESSOR GARIBEL;PT;SUPLENTE;45
11;8;13123;PROFESSOR GARIBEL;PT;SUPLENTE;51
13;8;13123;PROFESSOR GARIBEL;PT;SUPLENTE;75
14;8;13123;PROFESSOR GARIBEL;PT;SUPLENTE;95
15;8;13123;PROFESSOR GARIBEL;PT;SUPLENTE;110
16;8;13123;PROFESSOR GARIBEL;PT;SUPLENTE;64
17;8;13123;PROFESSOR GARIBEL;PT;SUPLENTE;68
18;8;13123;PROFESSOR GARIBEL;PT;SUPLENTE;123
19;8;13123;PROFESSOR GARIBEL;PT;SUPLENTE;46
20;8;13123;PROFESSOR GARIBEL;PT;SUPLENTE;30
21;8;13123;PROFESSOR GARIBEL;PT;SUPLENTE;56
1;8;13130;MEG GUIMARAES;PT;SUPLENTE;147
2;8;13130;MEG GUIMARAES;PT;SUPLENTE;93
3;8;13130;MEG GUIMARAES;PT;SUPLENTE;199
4;8;13130;MEG GUIMARAES;PT;SUPLENTE;77
5;8;13130;MEG GUIMARAES;PT;SUPLENTE;147
6;8;13130;MEG GUIMARAES;PT;SUPLENTE;136
8;8;13130;MEG GUIMARAES;PT;SUPLENTE;185
9;8;13130;MEG GUIMARAES;PT;SUPLENTE;153
10;8;13130;MEG GUIMARAES;PT;SUPLENTE;139
11;8;13130;MEG GUIMARAES;PT;SUPLENTE;138
13;8;13130;MEG GUIMARAES;PT;SUPLENTE;128
14;8;13130;MEG GUIMARAES;PT;SUPLENTE;140
15;8;13130;MEG GUIMARAES;PT;SUPLENTE;419
16;8;13130;MEG GUIMARAES;PT;SUPLENTE;195
17;8;13130;MEG GUIMARAES;PT;SUPLENTE;408
18;8;13130;MEG GUIMARAES;PT;SUPLENTE;101
19;8;13130;MEG GUIMARAES;PT;SUPLENTE;273
20;8;13130;MEG GUIMARAES;PT;SUPLENTE;89
21;8;13130;MEG GUIMARAES;PT;SUPLENTE;81
1;8;13131;GABRIEL MAGNO;PT;ELEITO POR QP;1014
2;8;13131;GABRIEL MAGNO;PT;ELEITO POR QP;633
3;8;13131;GABRIEL MAGNO;PT;ELEITO POR QP;832
4;8;13131;GABRIEL MAGNO;PT;ELEITO POR QP;267
5;8;13131;GABRIEL MAGNO;PT;ELEITO POR QP;953
6;8;13131;GABRIEL MAGNO;PT;ELEITO POR QP;951
8;8;13131;GABRIEL MAGNO;PT;ELEITO POR QP;827
9;8;13131;GABRIEL MAGNO;PT;ELEITO POR QP;1297
10;8;13131;GABRIEL MAGNO;PT;ELEITO POR QP;844
11;8;13131;GABRIEL MAGNO;PT;ELEITO POR QP;893
13;8;13131;GABRIEL MAGNO;PT;ELEITO POR QP;848
14;8;13131;GABRIEL MAGNO;PT;ELEITO POR QP;1695
15;8;13131;GABRIEL MAGNO;PT;ELEITO POR QP;1735
16;8;13131;GABRIEL MAGNO;PT;ELEITO POR QP;1034
17;8;13131;GABRIEL MAGNO;PT;ELEITO POR QP;982
18;8;13131;GABRIEL MAGNO;PT;ELEITO POR QP;1012
19;8;13131;GABRIEL MAGNO;PT;ELEITO POR QP;1005
20;8;13131;GABRIEL MAGNO;PT;ELEITO POR QP;630
21;8;13131;GABRIEL MAGNO;PT;ELEITO POR QP;611
1;8;13180;COLETIVA SOMOS HELLEN FRIDA;PT;SUPLENTE;557
2;8;13180;COLETIVA SOMOS HELLEN FRIDA;PT;SUPLENTE;417
3;8;13180;COLETIVA SOMOS HELLEN FRIDA;PT;SUPLENTE;176
4;8;13180;COLETIVA SOMOS HELLEN FRIDA;PT;SUPLENTE;191
5;8;13180;COLETIVA SOMOS HELLEN FRIDA;PT;SUPLENTE;321
6;8;13180;COLETIVA SOMOS HELLEN FRIDA;PT;SUPLENTE;187
8;8;13180;COLETIVA SOMOS HELLEN FRIDA;PT;SUPLENTE;195
9;8;13180;COLETIVA SOMOS HELLEN FRIDA;PT;SUPLENTE;667
10;8;13180;COLETIVA SOMOS HELLEN FRIDA;PT;SUPLENTE;318
11;8;13180;COLETIVA SOMOS HELLEN FRIDA;PT;SUPLENTE;509
13;8;13180;COLETIVA SOMOS HELLEN FRIDA;PT;SUPLENTE;235
14;8;13180;COLETIVA SOMOS HELLEN FRIDA;PT;SUPLENTE;1053
15;8;13180;COLETIVA SOMOS HELLEN FRIDA;PT;SUPLENTE;776
16;8;13180;COLETIVA SOMOS HELLEN FRIDA;PT;SUPLENTE;156
17;8;13180;COLETIVA SOMOS HELLEN FRIDA;PT;SUPLENTE;495
18;8;13180;COLETIVA SOMOS HELLEN FRIDA;PT;SUPLENTE;809
19;8;13180;COLETIVA SOMOS HELLEN FRIDA;PT;SUPLENTE;237
20;8;13180;COLETIVA SOMOS HELLEN FRIDA;PT;SUPLENTE;114
21;8;13180;COLETIVA SOMOS HELLEN FRIDA;PT;SUPLENTE;213
1;8;13190;PATRÍCIO;PT;NÃO ELEITO;0
2;8;13190;PATRÍCIO;PT;NÃO ELEITO;0
3;8;13190;PATRÍCIO;PT;NÃO ELEITO;0
4;8;13190;PATRÍCIO;PT;NÃO ELEITO;0
5;8;13190;PATRÍCIO;PT;NÃO ELEITO;0
6;8;13190;PATRÍCIO;PT;NÃO ELEITO;0
8;8;13190;PATRÍCIO;PT;NÃO ELEITO;0
9;8;13190;PATRÍCIO;PT;NÃO ELEITO;0
10;8;13190;PATRÍCIO;PT;NÃO ELEITO;0
11;8;13190;PATRÍCIO;PT;NÃO ELEITO;0
13;8;13190;PATRÍCIO;PT;NÃO ELEITO;0
14;8;13190;PATRÍCIO;PT;NÃO ELEITO;0
15;8;13190;PATRÍCIO;PT;NÃO ELEITO;0
16;8;13190;PATRÍCIO;PT;NÃO ELEITO;0
17;8;13190;PATRÍCIO;PT;NÃO ELEITO;0
18;8;13190;PATRÍCIO;PT;NÃO ELEITO;0
19;8;13190;PATRÍCIO;PT;NÃO ELEITO;0
20;8;13190;PATRÍCIO;PT;NÃO ELEITO;0
21;8;13190;PATRÍCIO;PT;NÃO ELEITO;0
1;8;13222;JOÃO DÃO RODOVIÁRIO;PT;SUPLENTE;24
2;8;13222;JOÃO DÃO RODOVIÁRIO;PT;SUPLENTE;298
3;8;13222;JOÃO DÃO RODOVIÁRIO;PT;SUPLENTE;336
4;8;13222;JOÃO DÃO RODOVIÁRIO;PT;SUPLENTE;559
5;8;13222;JOÃO DÃO RODOVIÁRIO;PT;SUPLENTE;239
6;8;13222;JOÃO DÃO RODOVIÁRIO;PT;SUPLENTE;299
8;8;13222;JOÃO DÃO RODOVIÁRIO;PT;SUPLENTE;997
9;8;13222;JOÃO DÃO RODOVIÁRIO;PT;SUPLENTE;160
10;8;13222;JOÃO DÃO RODOVIÁRIO;PT;SUPLENTE;415
11;8;13222;JOÃO DÃO RODOVIÁRIO;PT;SUPLENTE;45
13;8;13222;JOÃO DÃO RODOVIÁRIO;PT;SUPLENTE;990
14;8;13222;JOÃO DÃO RODOVIÁRIO;PT;SUPLENTE;18
15;8;13222;JOÃO DÃO RODOVIÁRIO;PT;SUPLENTE;233
16;8;13222;JOÃO DÃO RODOVIÁRIO;PT;SUPLENTE;1500
17;8;13222;JOÃO DÃO RODOVIÁRIO;PT;SUPLENTE;446
18;8;13222;JOÃO DÃO RODOVIÁRIO;PT;SUPLENTE;201
19;8;13222;JOÃO DÃO RODOVIÁRIO;PT;SUPLENTE;157
20;8;13222;JOÃO DÃO RODOVIÁRIO;PT;SUPLENTE;723
21;8;13222;JOÃO DÃO RODOVIÁRIO;PT;SUPLENTE;1162
1;8;13321;FATIMA ROLA;PT;SUPLENTE;78
2;8;13321;FATIMA ROLA;PT;SUPLENTE;39
3;8;13321;FATIMA ROLA;PT;SUPLENTE;62
4;8;13321;FATIMA ROLA;PT;SUPLENTE;40
5;8;13321;FATIMA ROLA;PT;SUPLENTE;67
6;8;13321;FATIMA ROLA;PT;SUPLENTE;72
8;8;13321;FATIMA ROLA;PT;SUPLENTE;72
9;8;13321;FATIMA ROLA;PT;SUPLENTE;584
10;8;13321;FATIMA ROLA;PT;SUPLENTE;91
11;8;13321;FATIMA ROLA;PT;SUPLENTE;76
13;8;13321;FATIMA ROLA;PT;SUPLENTE;92
14;8;13321;FATIMA ROLA;PT;SUPLENTE;90
15;8;13321;FATIMA ROLA;PT;SUPLENTE;204
16;8;13321;FATIMA ROLA;PT;SUPLENTE;59
17;8;13321;FATIMA ROLA;PT;SUPLENTE;59
18;8;13321;FATIMA ROLA;PT;SUPLENTE;79
19;8;13321;FATIMA ROLA;PT;SUPLENTE;236
20;8;13321;FATIMA ROLA;PT;SUPLENTE;106
21;8;13321;FATIMA ROLA;PT;SUPLENTE;74
1;8;13456;LIMA;PT;SUPLENTE;51
2;8;13456;LIMA;PT;SUPLENTE;40
3;8;13456;LIMA;PT;SUPLENTE;32
4;8;13456;LIMA;PT;SUPLENTE;49
5;8;13456;LIMA;PT;SUPLENTE;133
6;8;13456;LIMA;PT;SUPLENTE;140
8;8;13456;LIMA;PT;SUPLENTE;90
9;8;13456;LIMA;PT;SUPLENTE;101
10;8;13456;LIMA;PT;SUPLENTE;102
11;8;13456;LIMA;PT;SUPLENTE;45
13;8;13456;LIMA;PT;SUPLENTE;89
14;8;13456;LIMA;PT;SUPLENTE;233
15;8;13456;LIMA;PT;SUPLENTE;70
16;8;13456;LIMA;PT;SUPLENTE;63
17;8;13456;LIMA;PT;SUPLENTE;84
18;8;13456;LIMA;PT;SUPLENTE;71
19;8;13456;LIMA;PT;SUPLENTE;41
20;8;13456;LIMA;PT;SUPLENTE;27
21;8;13456;LIMA;PT;SUPLENTE;75
1;8;13613;CRIS DO COLETIVAÇÃO;PT;SUPLENTE;156
2;8;13613;CRIS DO COLETIVAÇÃO;PT;SUPLENTE;194
3;8;13613;CRIS DO COLETIVAÇÃO;PT;SUPLENTE;16
4;8;13613;CRIS DO COLETIVAÇÃO;PT;SUPLENTE;74
5;8;13613;CRIS DO COLETIVAÇÃO;PT;SUPLENTE;70
6;8;13613;CRIS DO COLETIVAÇÃO;PT;SUPLENTE;31
8;8;13613;CRIS DO COLETIVAÇÃO;PT;SUPLENTE;48
9;8;13613;CRIS DO COLETIVAÇÃO;PT;SUPLENTE;292
10;8;13613;CRIS DO COLETIVAÇÃO;PT;SUPLENTE;179
11;8;13613;CRIS DO COLETIVAÇÃO;PT;SUPLENTE;77
13;8;13613;CRIS DO COLETIVAÇÃO;PT;SUPLENTE;59
14;8;13613;CRIS DO COLETIVAÇÃO;PT;SUPLENTE;231
15;8;13613;CRIS DO COLETIVAÇÃO;PT;SUPLENTE;148
16;8;13613;CRIS DO COLETIVAÇÃO;PT;SUPLENTE;56
17;8;13613;CRIS DO COLETIVAÇÃO;PT;SUPLENTE;168
18;8;13613;CRIS DO COLETIVAÇÃO;PT;SUPLENTE;145
19;8;13613;CRIS DO COLETIVAÇÃO;PT;SUPLENTE;68
20;8;13613;CRIS DO COLETIVAÇÃO;PT;SUPLENTE;23
21;8;13613;CRIS DO COLETIVAÇÃO;PT;SUPLENTE;48
1;8;14000;ROBSON O PERNAMBUCO;PTB;NÃO ELEITO;4
2;8;14000;ROBSON O PERNAMBUCO;PTB;NÃO ELEITO;7
3;8;14000;ROBSON O PERNAMBUCO;PTB;NÃO ELEITO;36
4;8;14000;ROBSON O PERNAMBUCO;PTB;NÃO ELEITO;17
5;8;14000;ROBSON O PERNAMBUCO;PTB;NÃO ELEITO;6
6;8;14000;ROBSON O PERNAMBUCO;PTB;NÃO ELEITO;3
8;8;14000;ROBSON O PERNAMBUCO;PTB;NÃO ELEITO;48
9;8;14000;ROBSON O PERNAMBUCO;PTB;NÃO ELEITO;22
10;8;14000;ROBSON O PERNAMBUCO;PTB;NÃO ELEITO;42
11;8;14000;ROBSON O PERNAMBUCO;PTB;NÃO ELEITO;5
13;8;14000;ROBSON O PERNAMBUCO;PTB;NÃO ELEITO;92
14;8;14000;ROBSON O PERNAMBUCO;PTB;NÃO ELEITO;11
15;8;14000;ROBSON O PERNAMBUCO;PTB;NÃO ELEITO;39
16;8;14000;ROBSON O PERNAMBUCO;PTB;NÃO ELEITO;35
17;8;14000;ROBSON O PERNAMBUCO;PTB;NÃO ELEITO;34
18;8;14000;ROBSON O PERNAMBUCO;PTB;NÃO ELEITO;4
19;8;14000;ROBSON O PERNAMBUCO;PTB;NÃO ELEITO;30
20;8;14000;ROBSON O PERNAMBUCO;PTB;NÃO ELEITO;54
21;8;14000;ROBSON O PERNAMBUCO;PTB;NÃO ELEITO;151
1;8;14007;ILSON WALTER;PTB;NÃO ELEITO;2
2;8;14007;ILSON WALTER;PTB;NÃO ELEITO;7
3;8;14007;ILSON WALTER;PTB;NÃO ELEITO;1
4;8;14007;ILSON WALTER;PTB;NÃO ELEITO;2
5;8;14007;ILSON WALTER;PTB;NÃO ELEITO;15
6;8;14007;ILSON WALTER;PTB;NÃO ELEITO;362
8;8;14007;ILSON WALTER;PTB;NÃO ELEITO;10
9;8;14007;ILSON WALTER;PTB;NÃO ELEITO;5
10;8;14007;ILSON WALTER;PTB;NÃO ELEITO;6
11;8;14007;ILSON WALTER;PTB;NÃO ELEITO;2
13;8;14007;ILSON WALTER;PTB;NÃO ELEITO;22
14;8;14007;ILSON WALTER;PTB;NÃO ELEITO;8
15;8;14007;ILSON WALTER;PTB;NÃO ELEITO;3
16;8;14007;ILSON WALTER;PTB;NÃO ELEITO;17
17;8;14007;ILSON WALTER;PTB;NÃO ELEITO;4
18;8;14007;ILSON WALTER;PTB;NÃO ELEITO;6
19;8;14007;ILSON WALTER;PTB;NÃO ELEITO;24
20;8;14007;ILSON WALTER;PTB;NÃO ELEITO;0
21;8;14007;ILSON WALTER;PTB;NÃO ELEITO;13
1;8;14022;JOAO SALAS;PTB;NÃO ELEITO;9
2;8;14022;JOAO SALAS;PTB;NÃO ELEITO;5
3;8;14022;JOAO SALAS;PTB;NÃO ELEITO;6
4;8;14022;JOAO SALAS;PTB;NÃO ELEITO;9
5;8;14022;JOAO SALAS;PTB;NÃO ELEITO;2
6;8;14022;JOAO SALAS;PTB;NÃO ELEITO;3
8;8;14022;JOAO SALAS;PTB;NÃO ELEITO;16
9;8;14022;JOAO SALAS;PTB;NÃO ELEITO;16
10;8;14022;JOAO SALAS;PTB;NÃO ELEITO;27
11;8;14022;JOAO SALAS;PTB;NÃO ELEITO;13
13;8;14022;JOAO SALAS;PTB;NÃO ELEITO;38
14;8;14022;JOAO SALAS;PTB;NÃO ELEITO;21
15;8;14022;JOAO SALAS;PTB;NÃO ELEITO;35
16;8;14022;JOAO SALAS;PTB;NÃO ELEITO;6
17;8;14022;JOAO SALAS;PTB;NÃO ELEITO;4
18;8;14022;JOAO SALAS;PTB;NÃO ELEITO;12
19;8;14022;JOAO SALAS;PTB;NÃO ELEITO;13
20;8;14022;JOAO SALAS;PTB;NÃO ELEITO;4
21;8;14022;JOAO SALAS;PTB;NÃO ELEITO;3
1;8;14023;KALANGO CORREDOR;PTB;NÃO ELEITO;6
2;8;14023;KALANGO CORREDOR;PTB;NÃO ELEITO;5
3;8;14023;KALANGO CORREDOR;PTB;NÃO ELEITO;4
4;8;14023;KALANGO CORREDOR;PTB;NÃO ELEITO;1
5;8;14023;KALANGO CORREDOR;PTB;NÃO ELEITO;9
6;8;14023;KALANGO CORREDOR;PTB;NÃO ELEITO;7
8;8;14023;KALANGO CORREDOR;PTB;NÃO ELEITO;5
9;8;14023;KALANGO CORREDOR;PTB;NÃO ELEITO;8
10;8;14023;KALANGO CORREDOR;PTB;NÃO ELEITO;6
11;8;14023;KALANGO CORREDOR;PTB;NÃO ELEITO;7
13;8;14023;KALANGO CORREDOR;PTB;NÃO ELEITO;7
14;8;14023;KALANGO CORREDOR;PTB;NÃO ELEITO;5
15;8;14023;KALANGO CORREDOR;PTB;NÃO ELEITO;5
16;8;14023;KALANGO CORREDOR;PTB;NÃO ELEITO;5
17;8;14023;KALANGO CORREDOR;PTB;NÃO ELEITO;6
18;8;14023;KALANGO CORREDOR;PTB;NÃO ELEITO;8
19;8;14023;KALANGO CORREDOR;PTB;NÃO ELEITO;3
20;8;14023;KALANGO CORREDOR;PTB;NÃO ELEITO;1
21;8;14023;KALANGO CORREDOR;PTB;NÃO ELEITO;6
1;8;14100;ERICKA FILIPPELLI;PTB;NÃO ELEITO;159
2;8;14100;ERICKA FILIPPELLI;PTB;NÃO ELEITO;114
3;8;14100;ERICKA FILIPPELLI;PTB;NÃO ELEITO;119
4;8;14100;ERICKA FILIPPELLI;PTB;NÃO ELEITO;211
5;8;14100;ERICKA FILIPPELLI;PTB;NÃO ELEITO;516
6;8;14100;ERICKA FILIPPELLI;PTB;NÃO ELEITO;515
8;8;14100;ERICKA FILIPPELLI;PTB;NÃO ELEITO;314
9;8;14100;ERICKA FILIPPELLI;PTB;NÃO ELEITO;272
10;8;14100;ERICKA FILIPPELLI;PTB;NÃO ELEITO;167
11;8;14100;ERICKA FILIPPELLI;PTB;NÃO ELEITO;94
13;8;14100;ERICKA FILIPPELLI;PTB;NÃO ELEITO;320
14;8;14100;ERICKA FILIPPELLI;PTB;NÃO ELEITO;169
15;8;14100;ERICKA FILIPPELLI;PTB;NÃO ELEITO;474
16;8;14100;ERICKA FILIPPELLI;PTB;NÃO ELEITO;347
17;8;14100;ERICKA FILIPPELLI;PTB;NÃO ELEITO;325
18;8;14100;ERICKA FILIPPELLI;PTB;NÃO ELEITO;183
19;8;14100;ERICKA FILIPPELLI;PTB;NÃO ELEITO;175
20;8;14100;ERICKA FILIPPELLI;PTB;NÃO ELEITO;144
21;8;14100;ERICKA FILIPPELLI;PTB;NÃO ELEITO;116
1;8;14111;ADELANE MACIEL;PTB;NÃO ELEITO;29
2;8;14111;ADELANE MACIEL;PTB;NÃO ELEITO;16
3;8;14111;ADELANE MACIEL;PTB;NÃO ELEITO;17
4;8;14111;ADELANE MACIEL;PTB;NÃO ELEITO;12
5;8;14111;ADELANE MACIEL;PTB;NÃO ELEITO;17
6;8;14111;ADELANE MACIEL;PTB;NÃO ELEITO;6
8;8;14111;ADELANE MACIEL;PTB;NÃO ELEITO;28
9;8;14111;ADELANE MACIEL;PTB;NÃO ELEITO;42
10;8;14111;ADELANE MACIEL;PTB;NÃO ELEITO;14
11;8;14111;ADELANE MACIEL;PTB;NÃO ELEITO;20
13;8;14111;ADELANE MACIEL;PTB;NÃO ELEITO;29
14;8;14111;ADELANE MACIEL;PTB;NÃO ELEITO;32
15;8;14111;ADELANE MACIEL;PTB;NÃO ELEITO;40
16;8;14111;ADELANE MACIEL;PTB;NÃO ELEITO;18
17;8;14111;ADELANE MACIEL;PTB;NÃO ELEITO;13
18;8;14111;ADELANE MACIEL;PTB;NÃO ELEITO;82
19;8;14111;ADELANE MACIEL;PTB;NÃO ELEITO;22
20;8;14111;ADELANE MACIEL;PTB;NÃO ELEITO;13
21;8;14111;ADELANE MACIEL;PTB;NÃO ELEITO;9
1;8;14120;TENENTE BARROS MOREIRA;PTB;NÃO ELEITO;36
2;8;14120;TENENTE BARROS MOREIRA;PTB;NÃO ELEITO;14
3;8;14120;TENENTE BARROS MOREIRA;PTB;NÃO ELEITO;4
4;8;14120;TENENTE BARROS MOREIRA;PTB;NÃO ELEITO;5
5;8;14120;TENENTE BARROS MOREIRA;PTB;NÃO ELEITO;22
6;8;14120;TENENTE BARROS MOREIRA;PTB;NÃO ELEITO;3
8;8;14120;TENENTE BARROS MOREIRA;PTB;NÃO ELEITO;14
9;8;14120;TENENTE BARROS MOREIRA;PTB;NÃO ELEITO;41
10;8;14120;TENENTE BARROS MOREIRA;PTB;NÃO ELEITO;11
11;8;14120;TENENTE BARROS MOREIRA;PTB;NÃO ELEITO;11
13;8;14120;TENENTE BARROS MOREIRA;PTB;NÃO ELEITO;4
14;8;14120;TENENTE BARROS MOREIRA;PTB;NÃO ELEITO;34
15;8;14120;TENENTE BARROS MOREIRA;PTB;NÃO ELEITO;18
16;8;14120;TENENTE BARROS MOREIRA;PTB;NÃO ELEITO;6
17;8;14120;TENENTE BARROS MOREIRA;PTB;NÃO ELEITO;5
18;8;14120;TENENTE BARROS MOREIRA;PTB;NÃO ELEITO;14
19;8;14120;TENENTE BARROS MOREIRA;PTB;NÃO ELEITO;13
20;8;14120;TENENTE BARROS MOREIRA;PTB;NÃO ELEITO;6
21;8;14120;TENENTE BARROS MOREIRA;PTB;NÃO ELEITO;0
1;8;14123;PAULO RORIZ;PTB;NÃO ELEITO;81
2;8;14123;PAULO RORIZ;PTB;NÃO ELEITO;223
3;8;14123;PAULO RORIZ;PTB;NÃO ELEITO;131
4;8;14123;PAULO RORIZ;PTB;NÃO ELEITO;426
5;8;14123;PAULO RORIZ;PTB;NÃO ELEITO;136
6;8;14123;PAULO RORIZ;PTB;NÃO ELEITO;91
8;8;14123;PAULO RORIZ;PTB;NÃO ELEITO;149
9;8;14123;PAULO RORIZ;PTB;NÃO ELEITO;146
10;8;14123;PAULO RORIZ;PTB;NÃO ELEITO;166
11;8;14123;PAULO RORIZ;PTB;NÃO ELEITO;77
13;8;14123;PAULO RORIZ;PTB;NÃO ELEITO;292
14;8;14123;PAULO RORIZ;PTB;NÃO ELEITO;84
15;8;14123;PAULO RORIZ;PTB;NÃO ELEITO;121
16;8;14123;PAULO RORIZ;PTB;NÃO ELEITO;265
17;8;14123;PAULO RORIZ;PTB;NÃO ELEITO;357
18;8;14123;PAULO RORIZ;PTB;NÃO ELEITO;223
19;8;14123;PAULO RORIZ;PTB;NÃO ELEITO;95
20;8;14123;PAULO RORIZ;PTB;NÃO ELEITO;113
21;8;14123;PAULO RORIZ;PTB;NÃO ELEITO;159
1;8;14144;EVA FERNANDES;PTB;NÃO ELEITO;1
2;8;14144;EVA FERNANDES;PTB;NÃO ELEITO;0
3;8;14144;EVA FERNANDES;PTB;NÃO ELEITO;7
4;8;14144;EVA FERNANDES;PTB;NÃO ELEITO;5
5;8;14144;EVA FERNANDES;PTB;NÃO ELEITO;15
6;8;14144;EVA FERNANDES;PTB;NÃO ELEITO;3
8;8;14144;EVA FERNANDES;PTB;NÃO ELEITO;23
9;8;14144;EVA FERNANDES;PTB;NÃO ELEITO;11
10;8;14144;EVA FERNANDES;PTB;NÃO ELEITO;91
11;8;14144;EVA FERNANDES;PTB;NÃO ELEITO;7
13;8;14144;EVA FERNANDES;PTB;NÃO ELEITO;25
14;8;14144;EVA FERNANDES;PTB;NÃO ELEITO;4
15;8;14144;EVA FERNANDES;PTB;NÃO ELEITO;19
16;8;14144;EVA FERNANDES;PTB;NÃO ELEITO;3
17;8;14144;EVA FERNANDES;PTB;NÃO ELEITO;17
18;8;14144;EVA FERNANDES;PTB;NÃO ELEITO;11
19;8;14144;EVA FERNANDES;PTB;NÃO ELEITO;12
20;8;14144;EVA FERNANDES;PTB;NÃO ELEITO;6
21;8;14144;EVA FERNANDES;PTB;NÃO ELEITO;286
1;8;14147;CLEBER MOITINHO;PTB;NÃO ELEITO;1
2;8;14147;CLEBER MOITINHO;PTB;NÃO ELEITO;0
3;8;14147;CLEBER MOITINHO;PTB;NÃO ELEITO;6
4;8;14147;CLEBER MOITINHO;PTB;NÃO ELEITO;0
5;8;14147;CLEBER MOITINHO;PTB;NÃO ELEITO;0
6;8;14147;CLEBER MOITINHO;PTB;NÃO ELEITO;0
8;8;14147;CLEBER MOITINHO;PTB;NÃO ELEITO;7
9;8;14147;CLEBER MOITINHO;PTB;NÃO ELEITO;7
10;8;14147;CLEBER MOITINHO;PTB;NÃO ELEITO;4
11;8;14147;CLEBER MOITINHO;PTB;NÃO ELEITO;0
13;8;14147;CLEBER MOITINHO;PTB;NÃO ELEITO;14
14;8;14147;CLEBER MOITINHO;PTB;NÃO ELEITO;0
15;8;14147;CLEBER MOITINHO;PTB;NÃO ELEITO;24
16;8;14147;CLEBER MOITINHO;PTB;NÃO ELEITO;2
17;8;14147;CLEBER MOITINHO;PTB;NÃO ELEITO;1
18;8;14147;CLEBER MOITINHO;PTB;NÃO ELEITO;3
19;8;14147;CLEBER MOITINHO;PTB;NÃO ELEITO;1
20;8;14147;CLEBER MOITINHO;PTB;NÃO ELEITO;4
21;8;14147;CLEBER MOITINHO;PTB;NÃO ELEITO;3
1;8;14189;RUBÃO;PTB;NÃO ELEITO;9
2;8;14189;RUBÃO;PTB;NÃO ELEITO;11
3;8;14189;RUBÃO;PTB;NÃO ELEITO;5
4;8;14189;RUBÃO;PTB;NÃO ELEITO;12
5;8;14189;RUBÃO;PTB;NÃO ELEITO;8
6;8;14189;RUBÃO;PTB;NÃO ELEITO;1
8;8;14189;RUBÃO;PTB;NÃO ELEITO;9
9;8;14189;RUBÃO;PTB;NÃO ELEITO;15
10;8;14189;RUBÃO;PTB;NÃO ELEITO;12
11;8;14189;RUBÃO;PTB;NÃO ELEITO;19
13;8;14189;RUBÃO;PTB;NÃO ELEITO;15
14;8;14189;RUBÃO;PTB;NÃO ELEITO;24
15;8;14189;RUBÃO;PTB;NÃO ELEITO;15
16;8;14189;RUBÃO;PTB;NÃO ELEITO;1
17;8;14189;RUBÃO;PTB;NÃO ELEITO;22
18;8;14189;RUBÃO;PTB;NÃO ELEITO;8
19;8;14189;RUBÃO;PTB;NÃO ELEITO;11
20;8;14189;RUBÃO;PTB;NÃO ELEITO;8
21;8;14189;RUBÃO;PTB;NÃO ELEITO;5
1;8;14190;AILTON MIRANDA;PTB;NÃO ELEITO;19
2;8;14190;AILTON MIRANDA;PTB;NÃO ELEITO;26
3;8;14190;AILTON MIRANDA;PTB;NÃO ELEITO;23
4;8;14190;AILTON MIRANDA;PTB;NÃO ELEITO;326
5;8;14190;AILTON MIRANDA;PTB;NÃO ELEITO;31
6;8;14190;AILTON MIRANDA;PTB;NÃO ELEITO;30
8;8;14190;AILTON MIRANDA;PTB;NÃO ELEITO;54
9;8;14190;AILTON MIRANDA;PTB;NÃO ELEITO;49
10;8;14190;AILTON MIRANDA;PTB;NÃO ELEITO;69
11;8;14190;AILTON MIRANDA;PTB;NÃO ELEITO;12
13;8;14190;AILTON MIRANDA;PTB;NÃO ELEITO;49
14;8;14190;AILTON MIRANDA;PTB;NÃO ELEITO;21
15;8;14190;AILTON MIRANDA;PTB;NÃO ELEITO;48
16;8;14190;AILTON MIRANDA;PTB;NÃO ELEITO;49
17;8;14190;AILTON MIRANDA;PTB;NÃO ELEITO;2080
18;8;14190;AILTON MIRANDA;PTB;NÃO ELEITO;19
19;8;14190;AILTON MIRANDA;PTB;NÃO ELEITO;51
20;8;14190;AILTON MIRANDA;PTB;NÃO ELEITO;22
21;8;14190;AILTON MIRANDA;PTB;NÃO ELEITO;123
1;8;14193;SARGENTO PATROCINIO;PTB;NÃO ELEITO;26
2;8;14193;SARGENTO PATROCINIO;PTB;NÃO ELEITO;7
3;8;14193;SARGENTO PATROCINIO;PTB;NÃO ELEITO;27
4;8;14193;SARGENTO PATROCINIO;PTB;NÃO ELEITO;10
5;8;14193;SARGENTO PATROCINIO;PTB;NÃO ELEITO;24
6;8;14193;SARGENTO PATROCINIO;PTB;NÃO ELEITO;10
8;8;14193;SARGENTO PATROCINIO;PTB;NÃO ELEITO;45
9;8;14193;SARGENTO PATROCINIO;PTB;NÃO ELEITO;301
10;8;14193;SARGENTO PATROCINIO;PTB;NÃO ELEITO;70
11;8;14193;SARGENTO PATROCINIO;PTB;NÃO ELEITO;17
13;8;14193;SARGENTO PATROCINIO;PTB;NÃO ELEITO;38
14;8;14193;SARGENTO PATROCINIO;PTB;NÃO ELEITO;12
15;8;14193;SARGENTO PATROCINIO;PTB;NÃO ELEITO;114
16;8;14193;SARGENTO PATROCINIO;PTB;NÃO ELEITO;51
17;8;14193;SARGENTO PATROCINIO;PTB;NÃO ELEITO;23
18;8;14193;SARGENTO PATROCINIO;PTB;NÃO ELEITO;14
19;8;14193;SARGENTO PATROCINIO;PTB;NÃO ELEITO;75
20;8;14193;SARGENTO PATROCINIO;PTB;NÃO ELEITO;14
21;8;14193;SARGENTO PATROCINIO;PTB;NÃO ELEITO;15
1;8;14222;SIMONE PIMENTEL;PTB;NÃO ELEITO;29
2;8;14222;SIMONE PIMENTEL;PTB;NÃO ELEITO;21
3;8;14222;SIMONE PIMENTEL;PTB;NÃO ELEITO;6
4;8;14222;SIMONE PIMENTEL;PTB;NÃO ELEITO;3
5;8;14222;SIMONE PIMENTEL;PTB;NÃO ELEITO;23
6;8;14222;SIMONE PIMENTEL;PTB;NÃO ELEITO;4
8;8;14222;SIMONE PIMENTEL;PTB;NÃO ELEITO;15
9;8;14222;SIMONE PIMENTEL;PTB;NÃO ELEITO;62
10;8;14222;SIMONE PIMENTEL;PTB;NÃO ELEITO;24
11;8;14222;SIMONE PIMENTEL;PTB;NÃO ELEITO;13
13;8;14222;SIMONE PIMENTEL;PTB;NÃO ELEITO;17
14;8;14222;SIMONE PIMENTEL;PTB;NÃO ELEITO;41
15;8;14222;SIMONE PIMENTEL;PTB;NÃO ELEITO;41
16;8;14222;SIMONE PIMENTEL;PTB;NÃO ELEITO;15
17;8;14222;SIMONE PIMENTEL;PTB;NÃO ELEITO;14
18;8;14222;SIMONE PIMENTEL;PTB;NÃO ELEITO;24
19;8;14222;SIMONE PIMENTEL;PTB;NÃO ELEITO;22
20;8;14222;SIMONE PIMENTEL;PTB;NÃO ELEITO;4
21;8;14222;SIMONE PIMENTEL;PTB;NÃO ELEITO;4
1;8;14321;NAYARA SOARES;PTB;NÃO ELEITO;6
2;8;14321;NAYARA SOARES;PTB;NÃO ELEITO;7
3;8;14321;NAYARA SOARES;PTB;NÃO ELEITO;11
4;8;14321;NAYARA SOARES;PTB;NÃO ELEITO;12
5;8;14321;NAYARA SOARES;PTB;NÃO ELEITO;10
6;8;14321;NAYARA SOARES;PTB;NÃO ELEITO;2
8;8;14321;NAYARA SOARES;PTB;NÃO ELEITO;123
9;8;14321;NAYARA SOARES;PTB;NÃO ELEITO;29
10;8;14321;NAYARA SOARES;PTB;NÃO ELEITO;14
11;8;14321;NAYARA SOARES;PTB;NÃO ELEITO;6
13;8;14321;NAYARA SOARES;PTB;NÃO ELEITO;56
14;8;14321;NAYARA SOARES;PTB;NÃO ELEITO;8
15;8;14321;NAYARA SOARES;PTB;NÃO ELEITO;31
16;8;14321;NAYARA SOARES;PTB;NÃO ELEITO;80
17;8;14321;NAYARA SOARES;PTB;NÃO ELEITO;13
18;8;14321;NAYARA SOARES;PTB;NÃO ELEITO;17
19;8;14321;NAYARA SOARES;PTB;NÃO ELEITO;33
20;8;14321;NAYARA SOARES;PTB;NÃO ELEITO;60
21;8;14321;NAYARA SOARES;PTB;NÃO ELEITO;36
1;8;14322;CIDA BOTELHO;PTB;NÃO ELEITO;3
2;8;14322;CIDA BOTELHO;PTB;NÃO ELEITO;2
3;8;14322;CIDA BOTELHO;PTB;NÃO ELEITO;25
4;8;14322;CIDA BOTELHO;PTB;NÃO ELEITO;2
5;8;14322;CIDA BOTELHO;PTB;NÃO ELEITO;0
6;8;14322;CIDA BOTELHO;PTB;NÃO ELEITO;1
8;8;14322;CIDA BOTELHO;PTB;NÃO ELEITO;8
9;8;14322;CIDA BOTELHO;PTB;NÃO ELEITO;4
10;8;14322;CIDA BOTELHO;PTB;NÃO ELEITO;13
11;8;14322;CIDA BOTELHO;PTB;NÃO ELEITO;6
13;8;14322;CIDA BOTELHO;PTB;NÃO ELEITO;192
14;8;14322;CIDA BOTELHO;PTB;NÃO ELEITO;2
15;8;14322;CIDA BOTELHO;PTB;NÃO ELEITO;98
16;8;14322;CIDA BOTELHO;PTB;NÃO ELEITO;11
17;8;14322;CIDA BOTELHO;PTB;NÃO ELEITO;1
18;8;14322;CIDA BOTELHO;PTB;NÃO ELEITO;6
19;8;14322;CIDA BOTELHO;PTB;NÃO ELEITO;48
20;8;14322;CIDA BOTELHO;PTB;NÃO ELEITO;19
21;8;14322;CIDA BOTELHO;PTB;NÃO ELEITO;39
1;8;14333;SGT SUERLANDIO  O SR DAS ARMAS;PTB;NÃO ELEITO;3
2;8;14333;SGT SUERLANDIO  O SR DAS ARMAS;PTB;NÃO ELEITO;2
3;8;14333;SGT SUERLANDIO  O SR DAS ARMAS;PTB;NÃO ELEITO;2
4;8;14333;SGT SUERLANDIO  O SR DAS ARMAS;PTB;NÃO ELEITO;1
5;8;14333;SGT SUERLANDIO  O SR DAS ARMAS;PTB;NÃO ELEITO;1
6;8;14333;SGT SUERLANDIO  O SR DAS ARMAS;PTB;NÃO ELEITO;0
8;8;14333;SGT SUERLANDIO  O SR DAS ARMAS;PTB;NÃO ELEITO;4
9;8;14333;SGT SUERLANDIO  O SR DAS ARMAS;PTB;NÃO ELEITO;5
10;8;14333;SGT SUERLANDIO  O SR DAS ARMAS;PTB;NÃO ELEITO;3
11;8;14333;SGT SUERLANDIO  O SR DAS ARMAS;PTB;NÃO ELEITO;18
13;8;14333;SGT SUERLANDIO  O SR DAS ARMAS;PTB;NÃO ELEITO;3
14;8;14333;SGT SUERLANDIO  O SR DAS ARMAS;PTB;NÃO ELEITO;11
15;8;14333;SGT SUERLANDIO  O SR DAS ARMAS;PTB;NÃO ELEITO;3
16;8;14333;SGT SUERLANDIO  O SR DAS ARMAS;PTB;NÃO ELEITO;3
17;8;14333;SGT SUERLANDIO  O SR DAS ARMAS;PTB;NÃO ELEITO;5
18;8;14333;SGT SUERLANDIO  O SR DAS ARMAS;PTB;NÃO ELEITO;2
19;8;14333;SGT SUERLANDIO  O SR DAS ARMAS;PTB;NÃO ELEITO;0
20;8;14333;SGT SUERLANDIO  O SR DAS ARMAS;PTB;NÃO ELEITO;0
21;8;14333;SGT SUERLANDIO  O SR DAS ARMAS;PTB;NÃO ELEITO;1
1;8;14407;MARCOS PATRIOTA;PTB;NÃO ELEITO;3
2;8;14407;MARCOS PATRIOTA;PTB;NÃO ELEITO;0
3;8;14407;MARCOS PATRIOTA;PTB;NÃO ELEITO;4
4;8;14407;MARCOS PATRIOTA;PTB;NÃO ELEITO;1
5;8;14407;MARCOS PATRIOTA;PTB;NÃO ELEITO;8
6;8;14407;MARCOS PATRIOTA;PTB;NÃO ELEITO;0
8;8;14407;MARCOS PATRIOTA;PTB;NÃO ELEITO;2
9;8;14407;MARCOS PATRIOTA;PTB;NÃO ELEITO;9
10;8;14407;MARCOS PATRIOTA;PTB;NÃO ELEITO;2
11;8;14407;MARCOS PATRIOTA;PTB;NÃO ELEITO;4
13;8;14407;MARCOS PATRIOTA;PTB;NÃO ELEITO;2
14;8;14407;MARCOS PATRIOTA;PTB;NÃO ELEITO;5
15;8;14407;MARCOS PATRIOTA;PTB;NÃO ELEITO;6
16;8;14407;MARCOS PATRIOTA;PTB;NÃO ELEITO;7
17;8;14407;MARCOS PATRIOTA;PTB;NÃO ELEITO;0
18;8;14407;MARCOS PATRIOTA;PTB;NÃO ELEITO;4
19;8;14407;MARCOS PATRIOTA;PTB;NÃO ELEITO;1
20;8;14407;MARCOS PATRIOTA;PTB;NÃO ELEITO;6
21;8;14407;MARCOS PATRIOTA;PTB;NÃO ELEITO;6
1;8;14444;BRUNELLI;PTB;NÃO ELEITO;0
2;8;14444;BRUNELLI;PTB;NÃO ELEITO;0
3;8;14444;BRUNELLI;PTB;NÃO ELEITO;0
4;8;14444;BRUNELLI;PTB;NÃO ELEITO;0
5;8;14444;BRUNELLI;PTB;NÃO ELEITO;0
6;8;14444;BRUNELLI;PTB;NÃO ELEITO;0
8;8;14444;BRUNELLI;PTB;NÃO ELEITO;0
9;8;14444;BRUNELLI;PTB;NÃO ELEITO;0
10;8;14444;BRUNELLI;PTB;NÃO ELEITO;0
11;8;14444;BRUNELLI;PTB;NÃO ELEITO;0
13;8;14444;BRUNELLI;PTB;NÃO ELEITO;0
14;8;14444;BRUNELLI;PTB;NÃO ELEITO;0
15;8;14444;BRUNELLI;PTB;NÃO ELEITO;0
16;8;14444;BRUNELLI;PTB;NÃO ELEITO;0
17;8;14444;BRUNELLI;PTB;NÃO ELEITO;0
18;8;14444;BRUNELLI;PTB;NÃO ELEITO;0
19;8;14444;BRUNELLI;PTB;NÃO ELEITO;0
20;8;14444;BRUNELLI;PTB;NÃO ELEITO;0
21;8;14444;BRUNELLI;PTB;NÃO ELEITO;0
1;8;14563;ARAUJO FILHO;PTB;NÃO ELEITO;1
2;8;14563;ARAUJO FILHO;PTB;NÃO ELEITO;0
3;8;14563;ARAUJO FILHO;PTB;NÃO ELEITO;6
4;8;14563;ARAUJO FILHO;PTB;NÃO ELEITO;3
5;8;14563;ARAUJO FILHO;PTB;NÃO ELEITO;1
6;8;14563;ARAUJO FILHO;PTB;NÃO ELEITO;2
8;8;14563;ARAUJO FILHO;PTB;NÃO ELEITO;4
9;8;14563;ARAUJO FILHO;PTB;NÃO ELEITO;15
10;8;14563;ARAUJO FILHO;PTB;NÃO ELEITO;266
11;8;14563;ARAUJO FILHO;PTB;NÃO ELEITO;2
13;8;14563;ARAUJO FILHO;PTB;NÃO ELEITO;13
14;8;14563;ARAUJO FILHO;PTB;NÃO ELEITO;3
15;8;14563;ARAUJO FILHO;PTB;NÃO ELEITO;10
16;8;14563;ARAUJO FILHO;PTB;NÃO ELEITO;2
17;8;14563;ARAUJO FILHO;PTB;NÃO ELEITO;2
18;8;14563;ARAUJO FILHO;PTB;NÃO ELEITO;5
19;8;14563;ARAUJO FILHO;PTB;NÃO ELEITO;9
20;8;14563;ARAUJO FILHO;PTB;NÃO ELEITO;4
21;8;14563;ARAUJO FILHO;PTB;NÃO ELEITO;10
1;8;14567;CRISTIANO CAIADO;PTB;NÃO ELEITO;53
2;8;14567;CRISTIANO CAIADO;PTB;NÃO ELEITO;38
3;8;14567;CRISTIANO CAIADO;PTB;NÃO ELEITO;16
4;8;14567;CRISTIANO CAIADO;PTB;NÃO ELEITO;3
5;8;14567;CRISTIANO CAIADO;PTB;NÃO ELEITO;13
6;8;14567;CRISTIANO CAIADO;PTB;NÃO ELEITO;5
8;8;14567;CRISTIANO CAIADO;PTB;NÃO ELEITO;14
9;8;14567;CRISTIANO CAIADO;PTB;NÃO ELEITO;34
10;8;14567;CRISTIANO CAIADO;PTB;NÃO ELEITO;23
11;8;14567;CRISTIANO CAIADO;PTB;NÃO ELEITO;34
13;8;14567;CRISTIANO CAIADO;PTB;NÃO ELEITO;10
14;8;14567;CRISTIANO CAIADO;PTB;NÃO ELEITO;48
15;8;14567;CRISTIANO CAIADO;PTB;NÃO ELEITO;38
16;8;14567;CRISTIANO CAIADO;PTB;NÃO ELEITO;4
17;8;14567;CRISTIANO CAIADO;PTB;NÃO ELEITO;13
18;8;14567;CRISTIANO CAIADO;PTB;NÃO ELEITO;113
19;8;14567;CRISTIANO CAIADO;PTB;NÃO ELEITO;11
20;8;14567;CRISTIANO CAIADO;PTB;NÃO ELEITO;7
21;8;14567;CRISTIANO CAIADO;PTB;NÃO ELEITO;8
1;8;14700;RAY VIEIRA;PTB;NÃO ELEITO;2
2;8;14700;RAY VIEIRA;PTB;NÃO ELEITO;0
3;8;14700;RAY VIEIRA;PTB;NÃO ELEITO;0
4;8;14700;RAY VIEIRA;PTB;NÃO ELEITO;0
5;8;14700;RAY VIEIRA;PTB;NÃO ELEITO;2
6;8;14700;RAY VIEIRA;PTB;NÃO ELEITO;1
8;8;14700;RAY VIEIRA;PTB;NÃO ELEITO;0
9;8;14700;RAY VIEIRA;PTB;NÃO ELEITO;2
10;8;14700;RAY VIEIRA;PTB;NÃO ELEITO;1
11;8;14700;RAY VIEIRA;PTB;NÃO ELEITO;0
13;8;14700;RAY VIEIRA;PTB;NÃO ELEITO;2
14;8;14700;RAY VIEIRA;PTB;NÃO ELEITO;3
15;8;14700;RAY VIEIRA;PTB;NÃO ELEITO;0
16;8;14700;RAY VIEIRA;PTB;NÃO ELEITO;1
17;8;14700;RAY VIEIRA;PTB;NÃO ELEITO;0
18;8;14700;RAY VIEIRA;PTB;NÃO ELEITO;28
19;8;14700;RAY VIEIRA;PTB;NÃO ELEITO;0
20;8;14700;RAY VIEIRA;PTB;NÃO ELEITO;0
21;8;14700;RAY VIEIRA;PTB;NÃO ELEITO;0
1;8;14777;CATARINA LIMA;PTB;NÃO ELEITO;11
2;8;14777;CATARINA LIMA;PTB;NÃO ELEITO;4
3;8;14777;CATARINA LIMA;PTB;NÃO ELEITO;3
4;8;14777;CATARINA LIMA;PTB;NÃO ELEITO;29
5;8;14777;CATARINA LIMA;PTB;NÃO ELEITO;5
6;8;14777;CATARINA LIMA;PTB;NÃO ELEITO;8
8;8;14777;CATARINA LIMA;PTB;NÃO ELEITO;5
9;8;14777;CATARINA LIMA;PTB;NÃO ELEITO;20
10;8;14777;CATARINA LIMA;PTB;NÃO ELEITO;6
11;8;14777;CATARINA LIMA;PTB;NÃO ELEITO;4
13;8;14777;CATARINA LIMA;PTB;NÃO ELEITO;4
14;8;14777;CATARINA LIMA;PTB;NÃO ELEITO;10
15;8;14777;CATARINA LIMA;PTB;NÃO ELEITO;16
16;8;14777;CATARINA LIMA;PTB;NÃO ELEITO;11
17;8;14777;CATARINA LIMA;PTB;NÃO ELEITO;29
18;8;14777;CATARINA LIMA;PTB;NÃO ELEITO;11
19;8;14777;CATARINA LIMA;PTB;NÃO ELEITO;8
20;8;14777;CATARINA LIMA;PTB;NÃO ELEITO;2
21;8;14777;CATARINA LIMA;PTB;NÃO ELEITO;8
1;8;14999;KLERYSSON CERRADO IN FOCO;PTB;NÃO ELEITO;2
2;8;14999;KLERYSSON CERRADO IN FOCO;PTB;NÃO ELEITO;369
3;8;14999;KLERYSSON CERRADO IN FOCO;PTB;NÃO ELEITO;0
4;8;14999;KLERYSSON CERRADO IN FOCO;PTB;NÃO ELEITO;0
5;8;14999;KLERYSSON CERRADO IN FOCO;PTB;NÃO ELEITO;15
6;8;14999;KLERYSSON CERRADO IN FOCO;PTB;NÃO ELEITO;8
8;8;14999;KLERYSSON CERRADO IN FOCO;PTB;NÃO ELEITO;0
9;8;14999;KLERYSSON CERRADO IN FOCO;PTB;NÃO ELEITO;0
10;8;14999;KLERYSSON CERRADO IN FOCO;PTB;NÃO ELEITO;5
11;8;14999;KLERYSSON CERRADO IN FOCO;PTB;NÃO ELEITO;3
13;8;14999;KLERYSSON CERRADO IN FOCO;PTB;NÃO ELEITO;1
14;8;14999;KLERYSSON CERRADO IN FOCO;PTB;NÃO ELEITO;3
15;8;14999;KLERYSSON CERRADO IN FOCO;PTB;NÃO ELEITO;0
16;8;14999;KLERYSSON CERRADO IN FOCO;PTB;NÃO ELEITO;0
17;8;14999;KLERYSSON CERRADO IN FOCO;PTB;NÃO ELEITO;2
18;8;14999;KLERYSSON CERRADO IN FOCO;PTB;NÃO ELEITO;12
19;8;14999;KLERYSSON CERRADO IN FOCO;PTB;NÃO ELEITO;0
20;8;14999;KLERYSSON CERRADO IN FOCO;PTB;NÃO ELEITO;1
21;8;14999;KLERYSSON CERRADO IN FOCO;PTB;NÃO ELEITO;2
1;8;15000;IOLANDO;MDB;ELEITO POR QP;231
2;8;15000;IOLANDO;MDB;ELEITO POR QP;484
3;8;15000;IOLANDO;MDB;ELEITO POR QP;512
4;8;15000;IOLANDO;MDB;ELEITO POR QP;651
5;8;15000;IOLANDO;MDB;ELEITO POR QP;574
6;8;15000;IOLANDO;MDB;ELEITO POR QP;815
8;8;15000;IOLANDO;MDB;ELEITO POR QP;986
9;8;15000;IOLANDO;MDB;ELEITO POR QP;1282
10;8;15000;IOLANDO;MDB;ELEITO POR QP;890
11;8;15000;IOLANDO;MDB;ELEITO POR QP;343
13;8;15000;IOLANDO;MDB;ELEITO POR QP;1499
14;8;15000;IOLANDO;MDB;ELEITO POR QP;1079
15;8;15000;IOLANDO;MDB;ELEITO POR QP;1021
16;8;15000;IOLANDO;MDB;ELEITO POR QP;6742
17;8;15000;IOLANDO;MDB;ELEITO POR QP;638
18;8;15000;IOLANDO;MDB;ELEITO POR QP;318
19;8;15000;IOLANDO;MDB;ELEITO POR QP;779
20;8;15000;IOLANDO;MDB;ELEITO POR QP;475
21;8;15000;IOLANDO;MDB;ELEITO POR QP;1438
1;8;15001;GEORGE SOUZA;MDB;SUPLENTE;189
2;8;15001;GEORGE SOUZA;MDB;SUPLENTE;77
3;8;15001;GEORGE SOUZA;MDB;SUPLENTE;16
4;8;15001;GEORGE SOUZA;MDB;SUPLENTE;12
5;8;15001;GEORGE SOUZA;MDB;SUPLENTE;35
6;8;15001;GEORGE SOUZA;MDB;SUPLENTE;16
8;8;15001;GEORGE SOUZA;MDB;SUPLENTE;17
9;8;15001;GEORGE SOUZA;MDB;SUPLENTE;95
10;8;15001;GEORGE SOUZA;MDB;SUPLENTE;79
11;8;15001;GEORGE SOUZA;MDB;SUPLENTE;163
13;8;15001;GEORGE SOUZA;MDB;SUPLENTE;38
14;8;15001;GEORGE SOUZA;MDB;SUPLENTE;248
15;8;15001;GEORGE SOUZA;MDB;SUPLENTE;109
16;8;15001;GEORGE SOUZA;MDB;SUPLENTE;8
17;8;15001;GEORGE SOUZA;MDB;SUPLENTE;17
18;8;15001;GEORGE SOUZA;MDB;SUPLENTE;114
19;8;15001;GEORGE SOUZA;MDB;SUPLENTE;35
20;8;15001;GEORGE SOUZA;MDB;SUPLENTE;12
21;8;15001;GEORGE SOUZA;MDB;SUPLENTE;21
1;8;15007;LUDMILA;MDB;SUPLENTE;3
2;8;15007;LUDMILA;MDB;SUPLENTE;10
3;8;15007;LUDMILA;MDB;SUPLENTE;4
4;8;15007;LUDMILA;MDB;SUPLENTE;4
5;8;15007;LUDMILA;MDB;SUPLENTE;5
6;8;15007;LUDMILA;MDB;SUPLENTE;0
8;8;15007;LUDMILA;MDB;SUPLENTE;10
9;8;15007;LUDMILA;MDB;SUPLENTE;19
10;8;15007;LUDMILA;MDB;SUPLENTE;10
11;8;15007;LUDMILA;MDB;SUPLENTE;73
13;8;15007;LUDMILA;MDB;SUPLENTE;3
14;8;15007;LUDMILA;MDB;SUPLENTE;4
15;8;15007;LUDMILA;MDB;SUPLENTE;8
16;8;15007;LUDMILA;MDB;SUPLENTE;1
17;8;15007;LUDMILA;MDB;SUPLENTE;6
18;8;15007;LUDMILA;MDB;SUPLENTE;20
19;8;15007;LUDMILA;MDB;SUPLENTE;10
20;8;15007;LUDMILA;MDB;SUPLENTE;7
21;8;15007;LUDMILA;MDB;SUPLENTE;1
1;8;15012;VÉI DA DOZE SARGENTO BONINA;MDB;SUPLENTE;29
2;8;15012;VÉI DA DOZE SARGENTO BONINA;MDB;SUPLENTE;32
3;8;15012;VÉI DA DOZE SARGENTO BONINA;MDB;SUPLENTE;238
4;8;15012;VÉI DA DOZE SARGENTO BONINA;MDB;SUPLENTE;71
5;8;15012;VÉI DA DOZE SARGENTO BONINA;MDB;SUPLENTE;46
6;8;15012;VÉI DA DOZE SARGENTO BONINA;MDB;SUPLENTE;25
8;8;15012;VÉI DA DOZE SARGENTO BONINA;MDB;SUPLENTE;1340
9;8;15012;VÉI DA DOZE SARGENTO BONINA;MDB;SUPLENTE;139
10;8;15012;VÉI DA DOZE SARGENTO BONINA;MDB;SUPLENTE;152
11;8;15012;VÉI DA DOZE SARGENTO BONINA;MDB;SUPLENTE;31
13;8;15012;VÉI DA DOZE SARGENTO BONINA;MDB;SUPLENTE;270
14;8;15012;VÉI DA DOZE SARGENTO BONINA;MDB;SUPLENTE;40
15;8;15012;VÉI DA DOZE SARGENTO BONINA;MDB;SUPLENTE;155
16;8;15012;VÉI DA DOZE SARGENTO BONINA;MDB;SUPLENTE;1167
17;8;15012;VÉI DA DOZE SARGENTO BONINA;MDB;SUPLENTE;65
18;8;15012;VÉI DA DOZE SARGENTO BONINA;MDB;SUPLENTE;34
19;8;15012;VÉI DA DOZE SARGENTO BONINA;MDB;SUPLENTE;205
20;8;15012;VÉI DA DOZE SARGENTO BONINA;MDB;SUPLENTE;533
21;8;15012;VÉI DA DOZE SARGENTO BONINA;MDB;SUPLENTE;158
1;8;15015;CRISTIANO ARAÚJO;MDB;SUPLENTE;215
2;8;15015;CRISTIANO ARAÚJO;MDB;SUPLENTE;866
3;8;15015;CRISTIANO ARAÚJO;MDB;SUPLENTE;515
4;8;15015;CRISTIANO ARAÚJO;MDB;SUPLENTE;622
5;8;15015;CRISTIANO ARAÚJO;MDB;SUPLENTE;802
6;8;15015;CRISTIANO ARAÚJO;MDB;SUPLENTE;1963
8;8;15015;CRISTIANO ARAÚJO;MDB;SUPLENTE;1286
9;8;15015;CRISTIANO ARAÚJO;MDB;SUPLENTE;978
10;8;15015;CRISTIANO ARAÚJO;MDB;SUPLENTE;810
11;8;15015;CRISTIANO ARAÚJO;MDB;SUPLENTE;235
13;8;15015;CRISTIANO ARAÚJO;MDB;SUPLENTE;911
14;8;15015;CRISTIANO ARAÚJO;MDB;SUPLENTE;336
15;8;15015;CRISTIANO ARAÚJO;MDB;SUPLENTE;652
16;8;15015;CRISTIANO ARAÚJO;MDB;SUPLENTE;1932
17;8;15015;CRISTIANO ARAÚJO;MDB;SUPLENTE;665
18;8;15015;CRISTIANO ARAÚJO;MDB;SUPLENTE;1047
19;8;15015;CRISTIANO ARAÚJO;MDB;SUPLENTE;555
20;8;15015;CRISTIANO ARAÚJO;MDB;SUPLENTE;559
21;8;15015;CRISTIANO ARAÚJO;MDB;SUPLENTE;948
1;8;15022;LESLIE SOUZA;MDB;SUPLENTE;5
2;8;15022;LESLIE SOUZA;MDB;SUPLENTE;15
3;8;15022;LESLIE SOUZA;MDB;SUPLENTE;3
4;8;15022;LESLIE SOUZA;MDB;SUPLENTE;3
5;8;15022;LESLIE SOUZA;MDB;SUPLENTE;5
6;8;15022;LESLIE SOUZA;MDB;SUPLENTE;2
8;8;15022;LESLIE SOUZA;MDB;SUPLENTE;11
9;8;15022;LESLIE SOUZA;MDB;SUPLENTE;32
10;8;15022;LESLIE SOUZA;MDB;SUPLENTE;10
11;8;15022;LESLIE SOUZA;MDB;SUPLENTE;21
13;8;15022;LESLIE SOUZA;MDB;SUPLENTE;8
14;8;15022;LESLIE SOUZA;MDB;SUPLENTE;14
15;8;15022;LESLIE SOUZA;MDB;SUPLENTE;9
16;8;15022;LESLIE SOUZA;MDB;SUPLENTE;3
17;8;15022;LESLIE SOUZA;MDB;SUPLENTE;2
18;8;15022;LESLIE SOUZA;MDB;SUPLENTE;12
19;8;15022;LESLIE SOUZA;MDB;SUPLENTE;7
20;8;15022;LESLIE SOUZA;MDB;SUPLENTE;1
21;8;15022;LESLIE SOUZA;MDB;SUPLENTE;7
1;8;15030;GIAN CHELOTTI;MDB;SUPLENTE;137
2;8;15030;GIAN CHELOTTI;MDB;SUPLENTE;281
3;8;15030;GIAN CHELOTTI;MDB;SUPLENTE;45
4;8;15030;GIAN CHELOTTI;MDB;SUPLENTE;97
5;8;15030;GIAN CHELOTTI;MDB;SUPLENTE;109
6;8;15030;GIAN CHELOTTI;MDB;SUPLENTE;258
8;8;15030;GIAN CHELOTTI;MDB;SUPLENTE;239
9;8;15030;GIAN CHELOTTI;MDB;SUPLENTE;126
10;8;15030;GIAN CHELOTTI;MDB;SUPLENTE;176
11;8;15030;GIAN CHELOTTI;MDB;SUPLENTE;110
13;8;15030;GIAN CHELOTTI;MDB;SUPLENTE;103
14;8;15030;GIAN CHELOTTI;MDB;SUPLENTE;156
15;8;15030;GIAN CHELOTTI;MDB;SUPLENTE;160
16;8;15030;GIAN CHELOTTI;MDB;SUPLENTE;319
17;8;15030;GIAN CHELOTTI;MDB;SUPLENTE;166
18;8;15030;GIAN CHELOTTI;MDB;SUPLENTE;165
19;8;15030;GIAN CHELOTTI;MDB;SUPLENTE;103
20;8;15030;GIAN CHELOTTI;MDB;SUPLENTE;131
21;8;15030;GIAN CHELOTTI;MDB;SUPLENTE;92
1;8;15061;LÍVIA SARAIVA;MDB;SUPLENTE;22
2;8;15061;LÍVIA SARAIVA;MDB;SUPLENTE;3
3;8;15061;LÍVIA SARAIVA;MDB;SUPLENTE;2
4;8;15061;LÍVIA SARAIVA;MDB;SUPLENTE;1
5;8;15061;LÍVIA SARAIVA;MDB;SUPLENTE;2
6;8;15061;LÍVIA SARAIVA;MDB;SUPLENTE;0
8;8;15061;LÍVIA SARAIVA;MDB;SUPLENTE;3
9;8;15061;LÍVIA SARAIVA;MDB;SUPLENTE;16
10;8;15061;LÍVIA SARAIVA;MDB;SUPLENTE;3
11;8;15061;LÍVIA SARAIVA;MDB;SUPLENTE;12
13;8;15061;LÍVIA SARAIVA;MDB;SUPLENTE;5
14;8;15061;LÍVIA SARAIVA;MDB;SUPLENTE;19
15;8;15061;LÍVIA SARAIVA;MDB;SUPLENTE;13
16;8;15061;LÍVIA SARAIVA;MDB;SUPLENTE;6
17;8;15061;LÍVIA SARAIVA;MDB;SUPLENTE;2
18;8;15061;LÍVIA SARAIVA;MDB;SUPLENTE;8
19;8;15061;LÍVIA SARAIVA;MDB;SUPLENTE;8
20;8;15061;LÍVIA SARAIVA;MDB;SUPLENTE;7
21;8;15061;LÍVIA SARAIVA;MDB;SUPLENTE;2
1;8;15069;LÉLIO SAUNDERS;MDB;SUPLENTE;13
2;8;15069;LÉLIO SAUNDERS;MDB;SUPLENTE;11
3;8;15069;LÉLIO SAUNDERS;MDB;SUPLENTE;14
4;8;15069;LÉLIO SAUNDERS;MDB;SUPLENTE;1
5;8;15069;LÉLIO SAUNDERS;MDB;SUPLENTE;9
6;8;15069;LÉLIO SAUNDERS;MDB;SUPLENTE;9
8;8;15069;LÉLIO SAUNDERS;MDB;SUPLENTE;10
9;8;15069;LÉLIO SAUNDERS;MDB;SUPLENTE;23
10;8;15069;LÉLIO SAUNDERS;MDB;SUPLENTE;11
11;8;15069;LÉLIO SAUNDERS;MDB;SUPLENTE;20
13;8;15069;LÉLIO SAUNDERS;MDB;SUPLENTE;6
14;8;15069;LÉLIO SAUNDERS;MDB;SUPLENTE;26
15;8;15069;LÉLIO SAUNDERS;MDB;SUPLENTE;11
16;8;15069;LÉLIO SAUNDERS;MDB;SUPLENTE;17
17;8;15069;LÉLIO SAUNDERS;MDB;SUPLENTE;6
18;8;15069;LÉLIO SAUNDERS;MDB;SUPLENTE;20
19;8;15069;LÉLIO SAUNDERS;MDB;SUPLENTE;13
20;8;15069;LÉLIO SAUNDERS;MDB;SUPLENTE;12
21;8;15069;LÉLIO SAUNDERS;MDB;SUPLENTE;19
1;8;15070;DIRSOMAR;MDB;SUPLENTE;47
2;8;15070;DIRSOMAR;MDB;SUPLENTE;256
3;8;15070;DIRSOMAR;MDB;SUPLENTE;123
4;8;15070;DIRSOMAR;MDB;SUPLENTE;92
5;8;15070;DIRSOMAR;MDB;SUPLENTE;159
6;8;15070;DIRSOMAR;MDB;SUPLENTE;181
8;8;15070;DIRSOMAR;MDB;SUPLENTE;311
9;8;15070;DIRSOMAR;MDB;SUPLENTE;287
10;8;15070;DIRSOMAR;MDB;SUPLENTE;204
11;8;15070;DIRSOMAR;MDB;SUPLENTE;59
13;8;15070;DIRSOMAR;MDB;SUPLENTE;133
14;8;15070;DIRSOMAR;MDB;SUPLENTE;73
15;8;15070;DIRSOMAR;MDB;SUPLENTE;219
16;8;15070;DIRSOMAR;MDB;SUPLENTE;330
17;8;15070;DIRSOMAR;MDB;SUPLENTE;95
18;8;15070;DIRSOMAR;MDB;SUPLENTE;95
19;8;15070;DIRSOMAR;MDB;SUPLENTE;1093
20;8;15070;DIRSOMAR;MDB;SUPLENTE;302
21;8;15070;DIRSOMAR;MDB;SUPLENTE;300
1;8;15100;PROFESSOR DENILSON;MDB;SUPLENTE;83
2;8;15100;PROFESSOR DENILSON;MDB;SUPLENTE;35
3;8;15100;PROFESSOR DENILSON;MDB;SUPLENTE;82
4;8;15100;PROFESSOR DENILSON;MDB;SUPLENTE;13
5;8;15100;PROFESSOR DENILSON;MDB;SUPLENTE;39
6;8;15100;PROFESSOR DENILSON;MDB;SUPLENTE;35
8;8;15100;PROFESSOR DENILSON;MDB;SUPLENTE;130
9;8;15100;PROFESSOR DENILSON;MDB;SUPLENTE;76
10;8;15100;PROFESSOR DENILSON;MDB;SUPLENTE;69
11;8;15100;PROFESSOR DENILSON;MDB;SUPLENTE;33
13;8;15100;PROFESSOR DENILSON;MDB;SUPLENTE;122
14;8;15100;PROFESSOR DENILSON;MDB;SUPLENTE;37
15;8;15100;PROFESSOR DENILSON;MDB;SUPLENTE;148
16;8;15100;PROFESSOR DENILSON;MDB;SUPLENTE;92
17;8;15100;PROFESSOR DENILSON;MDB;SUPLENTE;66
18;8;15100;PROFESSOR DENILSON;MDB;SUPLENTE;57
19;8;15100;PROFESSOR DENILSON;MDB;SUPLENTE;74
20;8;15100;PROFESSOR DENILSON;MDB;SUPLENTE;63
21;8;15100;PROFESSOR DENILSON;MDB;SUPLENTE;47
1;8;15111;RISOMAR;MDB;SUPLENTE;80
2;8;15111;RISOMAR;MDB;SUPLENTE;39
3;8;15111;RISOMAR;MDB;SUPLENTE;132
4;8;15111;RISOMAR;MDB;SUPLENTE;51
5;8;15111;RISOMAR;MDB;SUPLENTE;38
6;8;15111;RISOMAR;MDB;SUPLENTE;26
8;8;15111;RISOMAR;MDB;SUPLENTE;178
9;8;15111;RISOMAR;MDB;SUPLENTE;100
10;8;15111;RISOMAR;MDB;SUPLENTE;169
11;8;15111;RISOMAR;MDB;SUPLENTE;39
13;8;15111;RISOMAR;MDB;SUPLENTE;2264
14;8;15111;RISOMAR;MDB;SUPLENTE;27
15;8;15111;RISOMAR;MDB;SUPLENTE;190
16;8;15111;RISOMAR;MDB;SUPLENTE;168
17;8;15111;RISOMAR;MDB;SUPLENTE;49
18;8;15111;RISOMAR;MDB;SUPLENTE;34
19;8;15111;RISOMAR;MDB;SUPLENTE;109
20;8;15111;RISOMAR;MDB;SUPLENTE;108
21;8;15111;RISOMAR;MDB;SUPLENTE;852
1;8;15123;WELLINGTON LUIZ ;MDB;ELEITO POR MÉDIA;453
2;8;15123;WELLINGTON LUIZ ;MDB;ELEITO POR MÉDIA;544
3;8;15123;WELLINGTON LUIZ ;MDB;ELEITO POR MÉDIA;555
4;8;15123;WELLINGTON LUIZ ;MDB;ELEITO POR MÉDIA;484
5;8;15123;WELLINGTON LUIZ ;MDB;ELEITO POR MÉDIA;998
6;8;15123;WELLINGTON LUIZ ;MDB;ELEITO POR MÉDIA;1009
8;8;15123;WELLINGTON LUIZ ;MDB;ELEITO POR MÉDIA;1037
9;8;15123;WELLINGTON LUIZ ;MDB;ELEITO POR MÉDIA;1269
10;8;15123;WELLINGTON LUIZ ;MDB;ELEITO POR MÉDIA;1129
11;8;15123;WELLINGTON LUIZ ;MDB;ELEITO POR MÉDIA;583
13;8;15123;WELLINGTON LUIZ ;MDB;ELEITO POR MÉDIA;1562
14;8;15123;WELLINGTON LUIZ ;MDB;ELEITO POR MÉDIA;634
15;8;15123;WELLINGTON LUIZ ;MDB;ELEITO POR MÉDIA;1384
16;8;15123;WELLINGTON LUIZ ;MDB;ELEITO POR MÉDIA;1130
17;8;15123;WELLINGTON LUIZ ;MDB;ELEITO POR MÉDIA;992
18;8;15123;WELLINGTON LUIZ ;MDB;ELEITO POR MÉDIA;809
19;8;15123;WELLINGTON LUIZ ;MDB;ELEITO POR MÉDIA;866
20;8;15123;WELLINGTON LUIZ ;MDB;ELEITO POR MÉDIA;641
21;8;15123;WELLINGTON LUIZ ;MDB;ELEITO POR MÉDIA;854
1;8;15133;GUSTAVO AIRES;MDB;SUPLENTE;104
2;8;15133;GUSTAVO AIRES;MDB;SUPLENTE;80
3;8;15133;GUSTAVO AIRES;MDB;SUPLENTE;189
4;8;15133;GUSTAVO AIRES;MDB;SUPLENTE;52
5;8;15133;GUSTAVO AIRES;MDB;SUPLENTE;69
6;8;15133;GUSTAVO AIRES;MDB;SUPLENTE;27
8;8;15133;GUSTAVO AIRES;MDB;SUPLENTE;293
9;8;15133;GUSTAVO AIRES;MDB;SUPLENTE;161
10;8;15133;GUSTAVO AIRES;MDB;SUPLENTE;266
11;8;15133;GUSTAVO AIRES;MDB;SUPLENTE;374
13;8;15133;GUSTAVO AIRES;MDB;SUPLENTE;1835
14;8;15133;GUSTAVO AIRES;MDB;SUPLENTE;118
15;8;15133;GUSTAVO AIRES;MDB;SUPLENTE;282
16;8;15133;GUSTAVO AIRES;MDB;SUPLENTE;179
17;8;15133;GUSTAVO AIRES;MDB;SUPLENTE;126
18;8;15133;GUSTAVO AIRES;MDB;SUPLENTE;96
19;8;15133;GUSTAVO AIRES;MDB;SUPLENTE;214
20;8;15133;GUSTAVO AIRES;MDB;SUPLENTE;188
21;8;15133;GUSTAVO AIRES;MDB;SUPLENTE;554
1;8;15151;FILIPPELLI;MDB;SUPLENTE;310
2;8;15151;FILIPPELLI;MDB;SUPLENTE;229
3;8;15151;FILIPPELLI;MDB;SUPLENTE;167
4;8;15151;FILIPPELLI;MDB;SUPLENTE;185
5;8;15151;FILIPPELLI;MDB;SUPLENTE;401
6;8;15151;FILIPPELLI;MDB;SUPLENTE;378
8;8;15151;FILIPPELLI;MDB;SUPLENTE;216
9;8;15151;FILIPPELLI;MDB;SUPLENTE;614
10;8;15151;FILIPPELLI;MDB;SUPLENTE;1054
11;8;15151;FILIPPELLI;MDB;SUPLENTE;248
13;8;15151;FILIPPELLI;MDB;SUPLENTE;466
14;8;15151;FILIPPELLI;MDB;SUPLENTE;373
15;8;15151;FILIPPELLI;MDB;SUPLENTE;430
16;8;15151;FILIPPELLI;MDB;SUPLENTE;313
17;8;15151;FILIPPELLI;MDB;SUPLENTE;396
18;8;15151;FILIPPELLI;MDB;SUPLENTE;746
19;8;15151;FILIPPELLI;MDB;SUPLENTE;250
20;8;15151;FILIPPELLI;MDB;SUPLENTE;174
21;8;15151;FILIPPELLI;MDB;SUPLENTE;202
1;8;15180;SUZI BITENCOURT;MDB;SUPLENTE;18
2;8;15180;SUZI BITENCOURT;MDB;SUPLENTE;26
3;8;15180;SUZI BITENCOURT;MDB;SUPLENTE;68
4;8;15180;SUZI BITENCOURT;MDB;SUPLENTE;13
5;8;15180;SUZI BITENCOURT;MDB;SUPLENTE;20
6;8;15180;SUZI BITENCOURT;MDB;SUPLENTE;9
8;8;15180;SUZI BITENCOURT;MDB;SUPLENTE;54
9;8;15180;SUZI BITENCOURT;MDB;SUPLENTE;22
10;8;15180;SUZI BITENCOURT;MDB;SUPLENTE;18
11;8;15180;SUZI BITENCOURT;MDB;SUPLENTE;13
13;8;15180;SUZI BITENCOURT;MDB;SUPLENTE;26
14;8;15180;SUZI BITENCOURT;MDB;SUPLENTE;9
15;8;15180;SUZI BITENCOURT;MDB;SUPLENTE;51
16;8;15180;SUZI BITENCOURT;MDB;SUPLENTE;53
17;8;15180;SUZI BITENCOURT;MDB;SUPLENTE;11
18;8;15180;SUZI BITENCOURT;MDB;SUPLENTE;13
19;8;15180;SUZI BITENCOURT;MDB;SUPLENTE;22
20;8;15180;SUZI BITENCOURT;MDB;SUPLENTE;26
21;8;15180;SUZI BITENCOURT;MDB;SUPLENTE;46
1;8;15190;HERMETO;MDB;ELEITO POR QP;342
2;8;15190;HERMETO;MDB;ELEITO POR QP;194
3;8;15190;HERMETO;MDB;ELEITO POR QP;377
4;8;15190;HERMETO;MDB;ELEITO POR QP;439
5;8;15190;HERMETO;MDB;ELEITO POR QP;325
6;8;15190;HERMETO;MDB;ELEITO POR QP;528
8;8;15190;HERMETO;MDB;ELEITO POR QP;922
9;8;15190;HERMETO;MDB;ELEITO POR QP;1786
10;8;15190;HERMETO;MDB;ELEITO POR QP;8386
11;8;15190;HERMETO;MDB;ELEITO POR QP;335
13;8;15190;HERMETO;MDB;ELEITO POR QP;895
14;8;15190;HERMETO;MDB;ELEITO POR QP;353
15;8;15190;HERMETO;MDB;ELEITO POR QP;1127
16;8;15190;HERMETO;MDB;ELEITO POR QP;1551
17;8;15190;HERMETO;MDB;ELEITO POR QP;741
18;8;15190;HERMETO;MDB;ELEITO POR QP;301
19;8;15190;HERMETO;MDB;ELEITO POR QP;742
20;8;15190;HERMETO;MDB;ELEITO POR QP;466
21;8;15190;HERMETO;MDB;ELEITO POR QP;522
1;8;15215;CORONEL SANTANA;MDB;SUPLENTE;40
2;8;15215;CORONEL SANTANA;MDB;SUPLENTE;27
3;8;15215;CORONEL SANTANA;MDB;SUPLENTE;17
4;8;15215;CORONEL SANTANA;MDB;SUPLENTE;13
5;8;15215;CORONEL SANTANA;MDB;SUPLENTE;50
6;8;15215;CORONEL SANTANA;MDB;SUPLENTE;12
8;8;15215;CORONEL SANTANA;MDB;SUPLENTE;23
9;8;15215;CORONEL SANTANA;MDB;SUPLENTE;43
10;8;15215;CORONEL SANTANA;MDB;SUPLENTE;31
11;8;15215;CORONEL SANTANA;MDB;SUPLENTE;38
13;8;15215;CORONEL SANTANA;MDB;SUPLENTE;21
14;8;15215;CORONEL SANTANA;MDB;SUPLENTE;50
15;8;15215;CORONEL SANTANA;MDB;SUPLENTE;69
16;8;15215;CORONEL SANTANA;MDB;SUPLENTE;17
17;8;15215;CORONEL SANTANA;MDB;SUPLENTE;22
18;8;15215;CORONEL SANTANA;MDB;SUPLENTE;65
19;8;15215;CORONEL SANTANA;MDB;SUPLENTE;41
20;8;15215;CORONEL SANTANA;MDB;SUPLENTE;9
21;8;15215;CORONEL SANTANA;MDB;SUPLENTE;5
1;8;15222;TABANEZ;MDB;SUPLENTE;190
2;8;15222;TABANEZ;MDB;SUPLENTE;528
3;8;15222;TABANEZ;MDB;SUPLENTE;415
4;8;15222;TABANEZ;MDB;SUPLENTE;704
5;8;15222;TABANEZ;MDB;SUPLENTE;546
6;8;15222;TABANEZ;MDB;SUPLENTE;967
8;8;15222;TABANEZ;MDB;SUPLENTE;969
9;8;15222;TABANEZ;MDB;SUPLENTE;1670
10;8;15222;TABANEZ;MDB;SUPLENTE;975
11;8;15222;TABANEZ;MDB;SUPLENTE;268
13;8;15222;TABANEZ;MDB;SUPLENTE;1253
14;8;15222;TABANEZ;MDB;SUPLENTE;242
15;8;15222;TABANEZ;MDB;SUPLENTE;767
16;8;15222;TABANEZ;MDB;SUPLENTE;1088
17;8;15222;TABANEZ;MDB;SUPLENTE;767
18;8;15222;TABANEZ;MDB;SUPLENTE;336
19;8;15222;TABANEZ;MDB;SUPLENTE;661
20;8;15222;TABANEZ;MDB;SUPLENTE;1371
21;8;15222;TABANEZ;MDB;SUPLENTE;806
1;8;15333;CIRENE INÁCIO;MDB;SUPLENTE;38
2;8;15333;CIRENE INÁCIO;MDB;SUPLENTE;64
3;8;15333;CIRENE INÁCIO;MDB;SUPLENTE;185
4;8;15333;CIRENE INÁCIO;MDB;SUPLENTE;241
5;8;15333;CIRENE INÁCIO;MDB;SUPLENTE;196
6;8;15333;CIRENE INÁCIO;MDB;SUPLENTE;32
8;8;15333;CIRENE INÁCIO;MDB;SUPLENTE;304
9;8;15333;CIRENE INÁCIO;MDB;SUPLENTE;530
10;8;15333;CIRENE INÁCIO;MDB;SUPLENTE;485
11;8;15333;CIRENE INÁCIO;MDB;SUPLENTE;40
13;8;15333;CIRENE INÁCIO;MDB;SUPLENTE;531
14;8;15333;CIRENE INÁCIO;MDB;SUPLENTE;35
15;8;15333;CIRENE INÁCIO;MDB;SUPLENTE;204
16;8;15333;CIRENE INÁCIO;MDB;SUPLENTE;361
17;8;15333;CIRENE INÁCIO;MDB;SUPLENTE;45
18;8;15333;CIRENE INÁCIO;MDB;SUPLENTE;57
19;8;15333;CIRENE INÁCIO;MDB;SUPLENTE;121
20;8;15333;CIRENE INÁCIO;MDB;SUPLENTE;451
21;8;15333;CIRENE INÁCIO;MDB;SUPLENTE;424
1;8;15504;NEIDE MESSIAS;MDB;SUPLENTE;1
2;8;15504;NEIDE MESSIAS;MDB;SUPLENTE;1
3;8;15504;NEIDE MESSIAS;MDB;SUPLENTE;13
4;8;15504;NEIDE MESSIAS;MDB;SUPLENTE;0
5;8;15504;NEIDE MESSIAS;MDB;SUPLENTE;0
6;8;15504;NEIDE MESSIAS;MDB;SUPLENTE;0
8;8;15504;NEIDE MESSIAS;MDB;SUPLENTE;0
9;8;15504;NEIDE MESSIAS;MDB;SUPLENTE;1
10;8;15504;NEIDE MESSIAS;MDB;SUPLENTE;3
11;8;15504;NEIDE MESSIAS;MDB;SUPLENTE;0
13;8;15504;NEIDE MESSIAS;MDB;SUPLENTE;0
14;8;15504;NEIDE MESSIAS;MDB;SUPLENTE;0
15;8;15504;NEIDE MESSIAS;MDB;SUPLENTE;0
16;8;15504;NEIDE MESSIAS;MDB;SUPLENTE;1
17;8;15504;NEIDE MESSIAS;MDB;SUPLENTE;0
18;8;15504;NEIDE MESSIAS;MDB;SUPLENTE;2
19;8;15504;NEIDE MESSIAS;MDB;SUPLENTE;10
20;8;15504;NEIDE MESSIAS;MDB;SUPLENTE;6
21;8;15504;NEIDE MESSIAS;MDB;SUPLENTE;0
1;8;15555;VANESSA MENDONÇA;MDB;SUPLENTE;141
2;8;15555;VANESSA MENDONÇA;MDB;SUPLENTE;86
3;8;15555;VANESSA MENDONÇA;MDB;SUPLENTE;76
4;8;15555;VANESSA MENDONÇA;MDB;SUPLENTE;54
5;8;15555;VANESSA MENDONÇA;MDB;SUPLENTE;119
6;8;15555;VANESSA MENDONÇA;MDB;SUPLENTE;105
8;8;15555;VANESSA MENDONÇA;MDB;SUPLENTE;145
9;8;15555;VANESSA MENDONÇA;MDB;SUPLENTE;135
10;8;15555;VANESSA MENDONÇA;MDB;SUPLENTE;100
11;8;15555;VANESSA MENDONÇA;MDB;SUPLENTE;122
13;8;15555;VANESSA MENDONÇA;MDB;SUPLENTE;107
14;8;15555;VANESSA MENDONÇA;MDB;SUPLENTE;148
15;8;15555;VANESSA MENDONÇA;MDB;SUPLENTE;198
16;8;15555;VANESSA MENDONÇA;MDB;SUPLENTE;99
17;8;15555;VANESSA MENDONÇA;MDB;SUPLENTE;52
18;8;15555;VANESSA MENDONÇA;MDB;SUPLENTE;145
19;8;15555;VANESSA MENDONÇA;MDB;SUPLENTE;115
20;8;15555;VANESSA MENDONÇA;MDB;SUPLENTE;72
21;8;15555;VANESSA MENDONÇA;MDB;SUPLENTE;60
1;8;15615;PROFESSOR JORDENES;MDB;SUPLENTE;50
2;8;15615;PROFESSOR JORDENES;MDB;SUPLENTE;318
3;8;15615;PROFESSOR JORDENES;MDB;SUPLENTE;70
4;8;15615;PROFESSOR JORDENES;MDB;SUPLENTE;115
5;8;15615;PROFESSOR JORDENES;MDB;SUPLENTE;1214
6;8;15615;PROFESSOR JORDENES;MDB;SUPLENTE;6243
8;8;15615;PROFESSOR JORDENES;MDB;SUPLENTE;88
9;8;15615;PROFESSOR JORDENES;MDB;SUPLENTE;127
10;8;15615;PROFESSOR JORDENES;MDB;SUPLENTE;102
11;8;15615;PROFESSOR JORDENES;MDB;SUPLENTE;53
13;8;15615;PROFESSOR JORDENES;MDB;SUPLENTE;98
14;8;15615;PROFESSOR JORDENES;MDB;SUPLENTE;87
15;8;15615;PROFESSOR JORDENES;MDB;SUPLENTE;81
16;8;15615;PROFESSOR JORDENES;MDB;SUPLENTE;144
17;8;15615;PROFESSOR JORDENES;MDB;SUPLENTE;117
18;8;15615;PROFESSOR JORDENES;MDB;SUPLENTE;88
19;8;15615;PROFESSOR JORDENES;MDB;SUPLENTE;41
20;8;15615;PROFESSOR JORDENES;MDB;SUPLENTE;49
21;8;15615;PROFESSOR JORDENES;MDB;SUPLENTE;266
1;8;15678;WASHINGTON MESQUITA;MDB;SUPLENTE;32
2;8;15678;WASHINGTON MESQUITA;MDB;SUPLENTE;55
3;8;15678;WASHINGTON MESQUITA;MDB;SUPLENTE;178
4;8;15678;WASHINGTON MESQUITA;MDB;SUPLENTE;79
5;8;15678;WASHINGTON MESQUITA;MDB;SUPLENTE;60
6;8;15678;WASHINGTON MESQUITA;MDB;SUPLENTE;50
8;8;15678;WASHINGTON MESQUITA;MDB;SUPLENTE;290
9;8;15678;WASHINGTON MESQUITA;MDB;SUPLENTE;130
10;8;15678;WASHINGTON MESQUITA;MDB;SUPLENTE;132
11;8;15678;WASHINGTON MESQUITA;MDB;SUPLENTE;58
13;8;15678;WASHINGTON MESQUITA;MDB;SUPLENTE;206
14;8;15678;WASHINGTON MESQUITA;MDB;SUPLENTE;55
15;8;15678;WASHINGTON MESQUITA;MDB;SUPLENTE;417
16;8;15678;WASHINGTON MESQUITA;MDB;SUPLENTE;213
17;8;15678;WASHINGTON MESQUITA;MDB;SUPLENTE;49
18;8;15678;WASHINGTON MESQUITA;MDB;SUPLENTE;67
19;8;15678;WASHINGTON MESQUITA;MDB;SUPLENTE;365
20;8;15678;WASHINGTON MESQUITA;MDB;SUPLENTE;152
21;8;15678;WASHINGTON MESQUITA;MDB;SUPLENTE;216
1;8;15777;TELMA RUFINO;MDB;SUPLENTE;145
2;8;15777;TELMA RUFINO;MDB;SUPLENTE;88
3;8;15777;TELMA RUFINO;MDB;SUPLENTE;210
4;8;15777;TELMA RUFINO;MDB;SUPLENTE;100
5;8;15777;TELMA RUFINO;MDB;SUPLENTE;73
6;8;15777;TELMA RUFINO;MDB;SUPLENTE;83
8;8;15777;TELMA RUFINO;MDB;SUPLENTE;290
9;8;15777;TELMA RUFINO;MDB;SUPLENTE;425
10;8;15777;TELMA RUFINO;MDB;SUPLENTE;747
11;8;15777;TELMA RUFINO;MDB;SUPLENTE;114
13;8;15777;TELMA RUFINO;MDB;SUPLENTE;1089
14;8;15777;TELMA RUFINO;MDB;SUPLENTE;118
15;8;15777;TELMA RUFINO;MDB;SUPLENTE;3876
16;8;15777;TELMA RUFINO;MDB;SUPLENTE;428
17;8;15777;TELMA RUFINO;MDB;SUPLENTE;163
18;8;15777;TELMA RUFINO;MDB;SUPLENTE;151
19;8;15777;TELMA RUFINO;MDB;SUPLENTE;353
20;8;15777;TELMA RUFINO;MDB;SUPLENTE;176
21;8;15777;TELMA RUFINO;MDB;SUPLENTE;464
1;8;16016;FRANCISCO TARGINO;PSTU;NÃO ELEITO;4
2;8;16016;FRANCISCO TARGINO;PSTU;NÃO ELEITO;15
3;8;16016;FRANCISCO TARGINO;PSTU;NÃO ELEITO;4
4;8;16016;FRANCISCO TARGINO;PSTU;NÃO ELEITO;5
5;8;16016;FRANCISCO TARGINO;PSTU;NÃO ELEITO;9
6;8;16016;FRANCISCO TARGINO;PSTU;NÃO ELEITO;6
8;8;16016;FRANCISCO TARGINO;PSTU;NÃO ELEITO;7
9;8;16016;FRANCISCO TARGINO;PSTU;NÃO ELEITO;16
10;8;16016;FRANCISCO TARGINO;PSTU;NÃO ELEITO;8
11;8;16016;FRANCISCO TARGINO;PSTU;NÃO ELEITO;10
13;8;16016;FRANCISCO TARGINO;PSTU;NÃO ELEITO;8
14;8;16016;FRANCISCO TARGINO;PSTU;NÃO ELEITO;16
15;8;16016;FRANCISCO TARGINO;PSTU;NÃO ELEITO;10
16;8;16016;FRANCISCO TARGINO;PSTU;NÃO ELEITO;4
17;8;16016;FRANCISCO TARGINO;PSTU;NÃO ELEITO;7
18;8;16016;FRANCISCO TARGINO;PSTU;NÃO ELEITO;0
19;8;16016;FRANCISCO TARGINO;PSTU;NÃO ELEITO;5
20;8;16016;FRANCISCO TARGINO;PSTU;NÃO ELEITO;1
21;8;16016;FRANCISCO TARGINO;PSTU;NÃO ELEITO;17
1;8;18000;PROFESSOR GUI SOUSA;REDE;SUPLENTE;49
2;8;18000;PROFESSOR GUI SOUSA;REDE;SUPLENTE;29
3;8;18000;PROFESSOR GUI SOUSA;REDE;SUPLENTE;34
4;8;18000;PROFESSOR GUI SOUSA;REDE;SUPLENTE;37
5;8;18000;PROFESSOR GUI SOUSA;REDE;SUPLENTE;26
6;8;18000;PROFESSOR GUI SOUSA;REDE;SUPLENTE;10
8;8;18000;PROFESSOR GUI SOUSA;REDE;SUPLENTE;50
9;8;18000;PROFESSOR GUI SOUSA;REDE;SUPLENTE;46
10;8;18000;PROFESSOR GUI SOUSA;REDE;SUPLENTE;49
11;8;18000;PROFESSOR GUI SOUSA;REDE;SUPLENTE;22
13;8;18000;PROFESSOR GUI SOUSA;REDE;SUPLENTE;131
14;8;18000;PROFESSOR GUI SOUSA;REDE;SUPLENTE;89
15;8;18000;PROFESSOR GUI SOUSA;REDE;SUPLENTE;124
16;8;18000;PROFESSOR GUI SOUSA;REDE;SUPLENTE;21
17;8;18000;PROFESSOR GUI SOUSA;REDE;SUPLENTE;117
18;8;18000;PROFESSOR GUI SOUSA;REDE;SUPLENTE;37
19;8;18000;PROFESSOR GUI SOUSA;REDE;SUPLENTE;47
20;8;18000;PROFESSOR GUI SOUSA;REDE;SUPLENTE;23
21;8;18000;PROFESSOR GUI SOUSA;REDE;SUPLENTE;46
1;8;18061;MORELLI;REDE;SUPLENTE;36
2;8;18061;MORELLI;REDE;SUPLENTE;24
3;8;18061;MORELLI;REDE;SUPLENTE;1
4;8;18061;MORELLI;REDE;SUPLENTE;10
5;8;18061;MORELLI;REDE;SUPLENTE;12
6;8;18061;MORELLI;REDE;SUPLENTE;6
8;8;18061;MORELLI;REDE;SUPLENTE;9
9;8;18061;MORELLI;REDE;SUPLENTE;37
10;8;18061;MORELLI;REDE;SUPLENTE;14
11;8;18061;MORELLI;REDE;SUPLENTE;47
13;8;18061;MORELLI;REDE;SUPLENTE;9
14;8;18061;MORELLI;REDE;SUPLENTE;76
15;8;18061;MORELLI;REDE;SUPLENTE;39
16;8;18061;MORELLI;REDE;SUPLENTE;3
17;8;18061;MORELLI;REDE;SUPLENTE;15
18;8;18061;MORELLI;REDE;SUPLENTE;61
19;8;18061;MORELLI;REDE;SUPLENTE;22
20;8;18061;MORELLI;REDE;SUPLENTE;1
21;8;18061;MORELLI;REDE;SUPLENTE;3
1;8;18088;VANESSA DE SALLES E RAÍZES;REDE;SUPLENTE;1
2;8;18088;VANESSA DE SALLES E RAÍZES;REDE;SUPLENTE;9
3;8;18088;VANESSA DE SALLES E RAÍZES;REDE;SUPLENTE;1
4;8;18088;VANESSA DE SALLES E RAÍZES;REDE;SUPLENTE;0
5;8;18088;VANESSA DE SALLES E RAÍZES;REDE;SUPLENTE;5
6;8;18088;VANESSA DE SALLES E RAÍZES;REDE;SUPLENTE;11
8;8;18088;VANESSA DE SALLES E RAÍZES;REDE;SUPLENTE;2
9;8;18088;VANESSA DE SALLES E RAÍZES;REDE;SUPLENTE;7
10;8;18088;VANESSA DE SALLES E RAÍZES;REDE;SUPLENTE;4
11;8;18088;VANESSA DE SALLES E RAÍZES;REDE;SUPLENTE;8
13;8;18088;VANESSA DE SALLES E RAÍZES;REDE;SUPLENTE;1
14;8;18088;VANESSA DE SALLES E RAÍZES;REDE;SUPLENTE;4
15;8;18088;VANESSA DE SALLES E RAÍZES;REDE;SUPLENTE;6
16;8;18088;VANESSA DE SALLES E RAÍZES;REDE;SUPLENTE;0
17;8;18088;VANESSA DE SALLES E RAÍZES;REDE;SUPLENTE;1
18;8;18088;VANESSA DE SALLES E RAÍZES;REDE;SUPLENTE;5
19;8;18088;VANESSA DE SALLES E RAÍZES;REDE;SUPLENTE;4
20;8;18088;VANESSA DE SALLES E RAÍZES;REDE;SUPLENTE;0
21;8;18088;VANESSA DE SALLES E RAÍZES;REDE;SUPLENTE;2
1;8;18123;MÁRCIO PRADO;REDE;SUPLENTE;43
2;8;18123;MÁRCIO PRADO;REDE;SUPLENTE;76
3;8;18123;MÁRCIO PRADO;REDE;SUPLENTE;4
4;8;18123;MÁRCIO PRADO;REDE;SUPLENTE;7
5;8;18123;MÁRCIO PRADO;REDE;SUPLENTE;93
6;8;18123;MÁRCIO PRADO;REDE;SUPLENTE;12
8;8;18123;MÁRCIO PRADO;REDE;SUPLENTE;5
9;8;18123;MÁRCIO PRADO;REDE;SUPLENTE;18
10;8;18123;MÁRCIO PRADO;REDE;SUPLENTE;28
11;8;18123;MÁRCIO PRADO;REDE;SUPLENTE;31
13;8;18123;MÁRCIO PRADO;REDE;SUPLENTE;15
14;8;18123;MÁRCIO PRADO;REDE;SUPLENTE;77
15;8;18123;MÁRCIO PRADO;REDE;SUPLENTE;38
16;8;18123;MÁRCIO PRADO;REDE;SUPLENTE;25
17;8;18123;MÁRCIO PRADO;REDE;SUPLENTE;22
18;8;18123;MÁRCIO PRADO;REDE;SUPLENTE;32
19;8;18123;MÁRCIO PRADO;REDE;SUPLENTE;7
20;8;18123;MÁRCIO PRADO;REDE;SUPLENTE;10
21;8;18123;MÁRCIO PRADO;REDE;SUPLENTE;7
1;8;18180;CALINA LÍGIA;REDE;SUPLENTE;26
2;8;18180;CALINA LÍGIA;REDE;SUPLENTE;6
3;8;18180;CALINA LÍGIA;REDE;SUPLENTE;17
4;8;18180;CALINA LÍGIA;REDE;SUPLENTE;8
5;8;18180;CALINA LÍGIA;REDE;SUPLENTE;11
6;8;18180;CALINA LÍGIA;REDE;SUPLENTE;3
8;8;18180;CALINA LÍGIA;REDE;SUPLENTE;7
9;8;18180;CALINA LÍGIA;REDE;SUPLENTE;43
10;8;18180;CALINA LÍGIA;REDE;SUPLENTE;13
11;8;18180;CALINA LÍGIA;REDE;SUPLENTE;15
13;8;18180;CALINA LÍGIA;REDE;SUPLENTE;32
14;8;18180;CALINA LÍGIA;REDE;SUPLENTE;37
15;8;18180;CALINA LÍGIA;REDE;SUPLENTE;110
16;8;18180;CALINA LÍGIA;REDE;SUPLENTE;16
17;8;18180;CALINA LÍGIA;REDE;SUPLENTE;15
18;8;18180;CALINA LÍGIA;REDE;SUPLENTE;14
19;8;18180;CALINA LÍGIA;REDE;SUPLENTE;44
20;8;18180;CALINA LÍGIA;REDE;SUPLENTE;9
21;8;18180;CALINA LÍGIA;REDE;SUPLENTE;11
1;8;18181;DRA ENILDE NERES;REDE;SUPLENTE;20
2;8;18181;DRA ENILDE NERES;REDE;SUPLENTE;17
3;8;18181;DRA ENILDE NERES;REDE;SUPLENTE;9
4;8;18181;DRA ENILDE NERES;REDE;SUPLENTE;7
5;8;18181;DRA ENILDE NERES;REDE;SUPLENTE;8
6;8;18181;DRA ENILDE NERES;REDE;SUPLENTE;2
8;8;18181;DRA ENILDE NERES;REDE;SUPLENTE;84
9;8;18181;DRA ENILDE NERES;REDE;SUPLENTE;21
10;8;18181;DRA ENILDE NERES;REDE;SUPLENTE;23
11;8;18181;DRA ENILDE NERES;REDE;SUPLENTE;13
13;8;18181;DRA ENILDE NERES;REDE;SUPLENTE;35
14;8;18181;DRA ENILDE NERES;REDE;SUPLENTE;33
15;8;18181;DRA ENILDE NERES;REDE;SUPLENTE;32
16;8;18181;DRA ENILDE NERES;REDE;SUPLENTE;20
17;8;18181;DRA ENILDE NERES;REDE;SUPLENTE;14
18;8;18181;DRA ENILDE NERES;REDE;SUPLENTE;13
19;8;18181;DRA ENILDE NERES;REDE;SUPLENTE;19
20;8;18181;DRA ENILDE NERES;REDE;SUPLENTE;51
21;8;18181;DRA ENILDE NERES;REDE;SUPLENTE;11
1;8;18777;DJ AFRIKA;REDE;SUPLENTE;14
2;8;18777;DJ AFRIKA;REDE;SUPLENTE;13
3;8;18777;DJ AFRIKA;REDE;SUPLENTE;2
4;8;18777;DJ AFRIKA;REDE;SUPLENTE;11
5;8;18777;DJ AFRIKA;REDE;SUPLENTE;7
6;8;18777;DJ AFRIKA;REDE;SUPLENTE;7
8;8;18777;DJ AFRIKA;REDE;SUPLENTE;2
9;8;18777;DJ AFRIKA;REDE;SUPLENTE;21
10;8;18777;DJ AFRIKA;REDE;SUPLENTE;17
11;8;18777;DJ AFRIKA;REDE;SUPLENTE;9
13;8;18777;DJ AFRIKA;REDE;SUPLENTE;7
14;8;18777;DJ AFRIKA;REDE;SUPLENTE;37
15;8;18777;DJ AFRIKA;REDE;SUPLENTE;15
16;8;18777;DJ AFRIKA;REDE;SUPLENTE;1
17;8;18777;DJ AFRIKA;REDE;SUPLENTE;2
18;8;18777;DJ AFRIKA;REDE;SUPLENTE;19
19;8;18777;DJ AFRIKA;REDE;SUPLENTE;1
20;8;18777;DJ AFRIKA;REDE;SUPLENTE;5
21;8;18777;DJ AFRIKA;REDE;SUPLENTE;1
1;8;18888;RAUL NETO;REDE;SUPLENTE;14
2;8;18888;RAUL NETO;REDE;SUPLENTE;76
3;8;18888;RAUL NETO;REDE;SUPLENTE;8
4;8;18888;RAUL NETO;REDE;SUPLENTE;11
5;8;18888;RAUL NETO;REDE;SUPLENTE;26
6;8;18888;RAUL NETO;REDE;SUPLENTE;20
8;8;18888;RAUL NETO;REDE;SUPLENTE;15
9;8;18888;RAUL NETO;REDE;SUPLENTE;41
10;8;18888;RAUL NETO;REDE;SUPLENTE;20
11;8;18888;RAUL NETO;REDE;SUPLENTE;63
13;8;18888;RAUL NETO;REDE;SUPLENTE;11
14;8;18888;RAUL NETO;REDE;SUPLENTE;31
15;8;18888;RAUL NETO;REDE;SUPLENTE;23
16;8;18888;RAUL NETO;REDE;SUPLENTE;8
17;8;18888;RAUL NETO;REDE;SUPLENTE;14
18;8;18888;RAUL NETO;REDE;SUPLENTE;3
19;8;18888;RAUL NETO;REDE;SUPLENTE;11
20;8;18888;RAUL NETO;REDE;SUPLENTE;11
21;8;18888;RAUL NETO;REDE;SUPLENTE;2
1;8;19000;PEDRO VAZ;PODE;NÃO ELEITO;7
2;8;19000;PEDRO VAZ;PODE;NÃO ELEITO;4
3;8;19000;PEDRO VAZ;PODE;NÃO ELEITO;30
4;8;19000;PEDRO VAZ;PODE;NÃO ELEITO;9
5;8;19000;PEDRO VAZ;PODE;NÃO ELEITO;11
6;8;19000;PEDRO VAZ;PODE;NÃO ELEITO;4
8;8;19000;PEDRO VAZ;PODE;NÃO ELEITO;62
9;8;19000;PEDRO VAZ;PODE;NÃO ELEITO;29
10;8;19000;PEDRO VAZ;PODE;NÃO ELEITO;16
11;8;19000;PEDRO VAZ;PODE;NÃO ELEITO;7
13;8;19000;PEDRO VAZ;PODE;NÃO ELEITO;17
14;8;19000;PEDRO VAZ;PODE;NÃO ELEITO;13
15;8;19000;PEDRO VAZ;PODE;NÃO ELEITO;42
16;8;19000;PEDRO VAZ;PODE;NÃO ELEITO;25
17;8;19000;PEDRO VAZ;PODE;NÃO ELEITO;26
18;8;19000;PEDRO VAZ;PODE;NÃO ELEITO;19
19;8;19000;PEDRO VAZ;PODE;NÃO ELEITO;124
20;8;19000;PEDRO VAZ;PODE;NÃO ELEITO;24
21;8;19000;PEDRO VAZ;PODE;NÃO ELEITO;14
1;8;19001;PETRUS SANCHEZ;PODE;NÃO ELEITO;231
2;8;19001;PETRUS SANCHEZ;PODE;NÃO ELEITO;128
3;8;19001;PETRUS SANCHEZ;PODE;NÃO ELEITO;30
4;8;19001;PETRUS SANCHEZ;PODE;NÃO ELEITO;15
5;8;19001;PETRUS SANCHEZ;PODE;NÃO ELEITO;112
6;8;19001;PETRUS SANCHEZ;PODE;NÃO ELEITO;13
8;8;19001;PETRUS SANCHEZ;PODE;NÃO ELEITO;27
9;8;19001;PETRUS SANCHEZ;PODE;NÃO ELEITO;222
10;8;19001;PETRUS SANCHEZ;PODE;NÃO ELEITO;84
11;8;19001;PETRUS SANCHEZ;PODE;NÃO ELEITO;229
13;8;19001;PETRUS SANCHEZ;PODE;NÃO ELEITO;41
14;8;19001;PETRUS SANCHEZ;PODE;NÃO ELEITO;393
15;8;19001;PETRUS SANCHEZ;PODE;NÃO ELEITO;274
16;8;19001;PETRUS SANCHEZ;PODE;NÃO ELEITO;33
17;8;19001;PETRUS SANCHEZ;PODE;NÃO ELEITO;38
18;8;19001;PETRUS SANCHEZ;PODE;NÃO ELEITO;282
19;8;19001;PETRUS SANCHEZ;PODE;NÃO ELEITO;102
20;8;19001;PETRUS SANCHEZ;PODE;NÃO ELEITO;23
21;8;19001;PETRUS SANCHEZ;PODE;NÃO ELEITO;28
1;8;19007;FÁBIO MULLER;PODE;NÃO ELEITO;79
2;8;19007;FÁBIO MULLER;PODE;NÃO ELEITO;28
3;8;19007;FÁBIO MULLER;PODE;NÃO ELEITO;10
4;8;19007;FÁBIO MULLER;PODE;NÃO ELEITO;13
5;8;19007;FÁBIO MULLER;PODE;NÃO ELEITO;29
6;8;19007;FÁBIO MULLER;PODE;NÃO ELEITO;21
8;8;19007;FÁBIO MULLER;PODE;NÃO ELEITO;12
9;8;19007;FÁBIO MULLER;PODE;NÃO ELEITO;89
10;8;19007;FÁBIO MULLER;PODE;NÃO ELEITO;24
11;8;19007;FÁBIO MULLER;PODE;NÃO ELEITO;115
13;8;19007;FÁBIO MULLER;PODE;NÃO ELEITO;18
14;8;19007;FÁBIO MULLER;PODE;NÃO ELEITO;48
15;8;19007;FÁBIO MULLER;PODE;NÃO ELEITO;97
16;8;19007;FÁBIO MULLER;PODE;NÃO ELEITO;4
17;8;19007;FÁBIO MULLER;PODE;NÃO ELEITO;13
18;8;19007;FÁBIO MULLER;PODE;NÃO ELEITO;29
19;8;19007;FÁBIO MULLER;PODE;NÃO ELEITO;22
20;8;19007;FÁBIO MULLER;PODE;NÃO ELEITO;1
21;8;19007;FÁBIO MULLER;PODE;NÃO ELEITO;21
1;8;19020;XITÃO FERREIRA;PODE;NÃO ELEITO;20
2;8;19020;XITÃO FERREIRA;PODE;NÃO ELEITO;13
3;8;19020;XITÃO FERREIRA;PODE;NÃO ELEITO;14
4;8;19020;XITÃO FERREIRA;PODE;NÃO ELEITO;3
5;8;19020;XITÃO FERREIRA;PODE;NÃO ELEITO;13
6;8;19020;XITÃO FERREIRA;PODE;NÃO ELEITO;5
8;8;19020;XITÃO FERREIRA;PODE;NÃO ELEITO;10
9;8;19020;XITÃO FERREIRA;PODE;NÃO ELEITO;26
10;8;19020;XITÃO FERREIRA;PODE;NÃO ELEITO;12
11;8;19020;XITÃO FERREIRA;PODE;NÃO ELEITO;21
13;8;19020;XITÃO FERREIRA;PODE;NÃO ELEITO;15
14;8;19020;XITÃO FERREIRA;PODE;NÃO ELEITO;30
15;8;19020;XITÃO FERREIRA;PODE;NÃO ELEITO;79
16;8;19020;XITÃO FERREIRA;PODE;NÃO ELEITO;6
17;8;19020;XITÃO FERREIRA;PODE;NÃO ELEITO;7
18;8;19020;XITÃO FERREIRA;PODE;NÃO ELEITO;17
19;8;19020;XITÃO FERREIRA;PODE;NÃO ELEITO;26
20;8;19020;XITÃO FERREIRA;PODE;NÃO ELEITO;7
21;8;19020;XITÃO FERREIRA;PODE;NÃO ELEITO;4
1;8;19022;FREDSON MARQUES;PODE;NÃO ELEITO;45
2;8;19022;FREDSON MARQUES;PODE;NÃO ELEITO;7
3;8;19022;FREDSON MARQUES;PODE;NÃO ELEITO;9
4;8;19022;FREDSON MARQUES;PODE;NÃO ELEITO;12
5;8;19022;FREDSON MARQUES;PODE;NÃO ELEITO;7
6;8;19022;FREDSON MARQUES;PODE;NÃO ELEITO;2
8;8;19022;FREDSON MARQUES;PODE;NÃO ELEITO;68
9;8;19022;FREDSON MARQUES;PODE;NÃO ELEITO;33
10;8;19022;FREDSON MARQUES;PODE;NÃO ELEITO;17
11;8;19022;FREDSON MARQUES;PODE;NÃO ELEITO;29
13;8;19022;FREDSON MARQUES;PODE;NÃO ELEITO;27
14;8;19022;FREDSON MARQUES;PODE;NÃO ELEITO;7
15;8;19022;FREDSON MARQUES;PODE;NÃO ELEITO;61
16;8;19022;FREDSON MARQUES;PODE;NÃO ELEITO;194
17;8;19022;FREDSON MARQUES;PODE;NÃO ELEITO;10
18;8;19022;FREDSON MARQUES;PODE;NÃO ELEITO;19
19;8;19022;FREDSON MARQUES;PODE;NÃO ELEITO;68
20;8;19022;FREDSON MARQUES;PODE;NÃO ELEITO;11
21;8;19022;FREDSON MARQUES;PODE;NÃO ELEITO;10
1;8;19030;LORENA FERREIRA;PODE;NÃO ELEITO;4
2;8;19030;LORENA FERREIRA;PODE;NÃO ELEITO;13
3;8;19030;LORENA FERREIRA;PODE;NÃO ELEITO;8
4;8;19030;LORENA FERREIRA;PODE;NÃO ELEITO;9
5;8;19030;LORENA FERREIRA;PODE;NÃO ELEITO;5
6;8;19030;LORENA FERREIRA;PODE;NÃO ELEITO;26
8;8;19030;LORENA FERREIRA;PODE;NÃO ELEITO;7
9;8;19030;LORENA FERREIRA;PODE;NÃO ELEITO;2
10;8;19030;LORENA FERREIRA;PODE;NÃO ELEITO;16
11;8;19030;LORENA FERREIRA;PODE;NÃO ELEITO;5
13;8;19030;LORENA FERREIRA;PODE;NÃO ELEITO;3
14;8;19030;LORENA FERREIRA;PODE;NÃO ELEITO;11
15;8;19030;LORENA FERREIRA;PODE;NÃO ELEITO;15
16;8;19030;LORENA FERREIRA;PODE;NÃO ELEITO;20
17;8;19030;LORENA FERREIRA;PODE;NÃO ELEITO;14
18;8;19030;LORENA FERREIRA;PODE;NÃO ELEITO;5
19;8;19030;LORENA FERREIRA;PODE;NÃO ELEITO;11
20;8;19030;LORENA FERREIRA;PODE;NÃO ELEITO;9
21;8;19030;LORENA FERREIRA;PODE;NÃO ELEITO;5
1;8;19038;TELES GUERREIRO;PODE;NÃO ELEITO;11
2;8;19038;TELES GUERREIRO;PODE;NÃO ELEITO;12
3;8;19038;TELES GUERREIRO;PODE;NÃO ELEITO;21
4;8;19038;TELES GUERREIRO;PODE;NÃO ELEITO;13
5;8;19038;TELES GUERREIRO;PODE;NÃO ELEITO;17
6;8;19038;TELES GUERREIRO;PODE;NÃO ELEITO;39
8;8;19038;TELES GUERREIRO;PODE;NÃO ELEITO;60
9;8;19038;TELES GUERREIRO;PODE;NÃO ELEITO;27
10;8;19038;TELES GUERREIRO;PODE;NÃO ELEITO;28
11;8;19038;TELES GUERREIRO;PODE;NÃO ELEITO;35
13;8;19038;TELES GUERREIRO;PODE;NÃO ELEITO;48
14;8;19038;TELES GUERREIRO;PODE;NÃO ELEITO;30
15;8;19038;TELES GUERREIRO;PODE;NÃO ELEITO;26
16;8;19038;TELES GUERREIRO;PODE;NÃO ELEITO;61
17;8;19038;TELES GUERREIRO;PODE;NÃO ELEITO;48
18;8;19038;TELES GUERREIRO;PODE;NÃO ELEITO;9
19;8;19038;TELES GUERREIRO;PODE;NÃO ELEITO;24
20;8;19038;TELES GUERREIRO;PODE;NÃO ELEITO;66
21;8;19038;TELES GUERREIRO;PODE;NÃO ELEITO;29
1;8;19061;EUGÊNIO DE LOURDES;PODE;NÃO ELEITO;2
2;8;19061;EUGÊNIO DE LOURDES;PODE;NÃO ELEITO;0
3;8;19061;EUGÊNIO DE LOURDES;PODE;NÃO ELEITO;0
4;8;19061;EUGÊNIO DE LOURDES;PODE;NÃO ELEITO;1
5;8;19061;EUGÊNIO DE LOURDES;PODE;NÃO ELEITO;3
6;8;19061;EUGÊNIO DE LOURDES;PODE;NÃO ELEITO;0
8;8;19061;EUGÊNIO DE LOURDES;PODE;NÃO ELEITO;1
9;8;19061;EUGÊNIO DE LOURDES;PODE;NÃO ELEITO;5
10;8;19061;EUGÊNIO DE LOURDES;PODE;NÃO ELEITO;7
11;8;19061;EUGÊNIO DE LOURDES;PODE;NÃO ELEITO;2
13;8;19061;EUGÊNIO DE LOURDES;PODE;NÃO ELEITO;0
14;8;19061;EUGÊNIO DE LOURDES;PODE;NÃO ELEITO;1
15;8;19061;EUGÊNIO DE LOURDES;PODE;NÃO ELEITO;1
16;8;19061;EUGÊNIO DE LOURDES;PODE;NÃO ELEITO;0
17;8;19061;EUGÊNIO DE LOURDES;PODE;NÃO ELEITO;1
18;8;19061;EUGÊNIO DE LOURDES;PODE;NÃO ELEITO;26
19;8;19061;EUGÊNIO DE LOURDES;PODE;NÃO ELEITO;5
20;8;19061;EUGÊNIO DE LOURDES;PODE;NÃO ELEITO;2
21;8;19061;EUGÊNIO DE LOURDES;PODE;NÃO ELEITO;3
1;8;19100;TIO CLAYTINHO;PODE;NÃO ELEITO;19
2;8;19100;TIO CLAYTINHO;PODE;NÃO ELEITO;55
3;8;19100;TIO CLAYTINHO;PODE;NÃO ELEITO;125
4;8;19100;TIO CLAYTINHO;PODE;NÃO ELEITO;113
5;8;19100;TIO CLAYTINHO;PODE;NÃO ELEITO;40
6;8;19100;TIO CLAYTINHO;PODE;NÃO ELEITO;23
8;8;19100;TIO CLAYTINHO;PODE;NÃO ELEITO;171
9;8;19100;TIO CLAYTINHO;PODE;NÃO ELEITO;56
10;8;19100;TIO CLAYTINHO;PODE;NÃO ELEITO;50
11;8;19100;TIO CLAYTINHO;PODE;NÃO ELEITO;25
13;8;19100;TIO CLAYTINHO;PODE;NÃO ELEITO;140
14;8;19100;TIO CLAYTINHO;PODE;NÃO ELEITO;7
15;8;19100;TIO CLAYTINHO;PODE;NÃO ELEITO;103
16;8;19100;TIO CLAYTINHO;PODE;NÃO ELEITO;185
17;8;19100;TIO CLAYTINHO;PODE;NÃO ELEITO;639
18;8;19100;TIO CLAYTINHO;PODE;NÃO ELEITO;92
19;8;19100;TIO CLAYTINHO;PODE;NÃO ELEITO;124
20;8;19100;TIO CLAYTINHO;PODE;NÃO ELEITO;66
21;8;19100;TIO CLAYTINHO;PODE;NÃO ELEITO;79
1;8;19111;CLÁUDIA LAPA;PODE;NÃO ELEITO;27
2;8;19111;CLÁUDIA LAPA;PODE;NÃO ELEITO;37
3;8;19111;CLÁUDIA LAPA;PODE;NÃO ELEITO;23
4;8;19111;CLÁUDIA LAPA;PODE;NÃO ELEITO;6
5;8;19111;CLÁUDIA LAPA;PODE;NÃO ELEITO;41
6;8;19111;CLÁUDIA LAPA;PODE;NÃO ELEITO;44
8;8;19111;CLÁUDIA LAPA;PODE;NÃO ELEITO;22
9;8;19111;CLÁUDIA LAPA;PODE;NÃO ELEITO;84
10;8;19111;CLÁUDIA LAPA;PODE;NÃO ELEITO;62
11;8;19111;CLÁUDIA LAPA;PODE;NÃO ELEITO;45
13;8;19111;CLÁUDIA LAPA;PODE;NÃO ELEITO;23
14;8;19111;CLÁUDIA LAPA;PODE;NÃO ELEITO;45
15;8;19111;CLÁUDIA LAPA;PODE;NÃO ELEITO;69
16;8;19111;CLÁUDIA LAPA;PODE;NÃO ELEITO;46
17;8;19111;CLÁUDIA LAPA;PODE;NÃO ELEITO;24
18;8;19111;CLÁUDIA LAPA;PODE;NÃO ELEITO;21
19;8;19111;CLÁUDIA LAPA;PODE;NÃO ELEITO;66
20;8;19111;CLÁUDIA LAPA;PODE;NÃO ELEITO;21
21;8;19111;CLÁUDIA LAPA;PODE;NÃO ELEITO;28
1;8;19123;DR GUTEMBERG;PODE;NÃO ELEITO;832
2;8;19123;DR GUTEMBERG;PODE;NÃO ELEITO;529
3;8;19123;DR GUTEMBERG;PODE;NÃO ELEITO;360
4;8;19123;DR GUTEMBERG;PODE;NÃO ELEITO;220
5;8;19123;DR GUTEMBERG;PODE;NÃO ELEITO;258
6;8;19123;DR GUTEMBERG;PODE;NÃO ELEITO;267
8;8;19123;DR GUTEMBERG;PODE;NÃO ELEITO;527
9;8;19123;DR GUTEMBERG;PODE;NÃO ELEITO;742
10;8;19123;DR GUTEMBERG;PODE;NÃO ELEITO;958
11;8;19123;DR GUTEMBERG;PODE;NÃO ELEITO;873
13;8;19123;DR GUTEMBERG;PODE;NÃO ELEITO;515
14;8;19123;DR GUTEMBERG;PODE;NÃO ELEITO;756
15;8;19123;DR GUTEMBERG;PODE;NÃO ELEITO;1549
16;8;19123;DR GUTEMBERG;PODE;NÃO ELEITO;592
17;8;19123;DR GUTEMBERG;PODE;NÃO ELEITO;378
18;8;19123;DR GUTEMBERG;PODE;NÃO ELEITO;771
19;8;19123;DR GUTEMBERG;PODE;NÃO ELEITO;694
20;8;19123;DR GUTEMBERG;PODE;NÃO ELEITO;244
21;8;19123;DR GUTEMBERG;PODE;NÃO ELEITO;295
1;8;19156;SILVÂNIA LEAL;PODE;NÃO ELEITO;6
2;8;19156;SILVÂNIA LEAL;PODE;NÃO ELEITO;7
3;8;19156;SILVÂNIA LEAL;PODE;NÃO ELEITO;2
4;8;19156;SILVÂNIA LEAL;PODE;NÃO ELEITO;10
5;8;19156;SILVÂNIA LEAL;PODE;NÃO ELEITO;8
6;8;19156;SILVÂNIA LEAL;PODE;NÃO ELEITO;0
8;8;19156;SILVÂNIA LEAL;PODE;NÃO ELEITO;11
9;8;19156;SILVÂNIA LEAL;PODE;NÃO ELEITO;12
10;8;19156;SILVÂNIA LEAL;PODE;NÃO ELEITO;13
11;8;19156;SILVÂNIA LEAL;PODE;NÃO ELEITO;5
13;8;19156;SILVÂNIA LEAL;PODE;NÃO ELEITO;19
14;8;19156;SILVÂNIA LEAL;PODE;NÃO ELEITO;6
15;8;19156;SILVÂNIA LEAL;PODE;NÃO ELEITO;20
16;8;19156;SILVÂNIA LEAL;PODE;NÃO ELEITO;5
17;8;19156;SILVÂNIA LEAL;PODE;NÃO ELEITO;8
18;8;19156;SILVÂNIA LEAL;PODE;NÃO ELEITO;14
19;8;19156;SILVÂNIA LEAL;PODE;NÃO ELEITO;4
20;8;19156;SILVÂNIA LEAL;PODE;NÃO ELEITO;12
21;8;19156;SILVÂNIA LEAL;PODE;NÃO ELEITO;3
1;8;19197;PROFESSORA MICHELLE VALÉRIA;PODE;NÃO ELEITO;15
2;8;19197;PROFESSORA MICHELLE VALÉRIA;PODE;NÃO ELEITO;6
3;8;19197;PROFESSORA MICHELLE VALÉRIA;PODE;NÃO ELEITO;114
4;8;19197;PROFESSORA MICHELLE VALÉRIA;PODE;NÃO ELEITO;10
5;8;19197;PROFESSORA MICHELLE VALÉRIA;PODE;NÃO ELEITO;11
6;8;19197;PROFESSORA MICHELLE VALÉRIA;PODE;NÃO ELEITO;6
8;8;19197;PROFESSORA MICHELLE VALÉRIA;PODE;NÃO ELEITO;88
9;8;19197;PROFESSORA MICHELLE VALÉRIA;PODE;NÃO ELEITO;43
10;8;19197;PROFESSORA MICHELLE VALÉRIA;PODE;NÃO ELEITO;36
11;8;19197;PROFESSORA MICHELLE VALÉRIA;PODE;NÃO ELEITO;5
13;8;19197;PROFESSORA MICHELLE VALÉRIA;PODE;NÃO ELEITO;74
14;8;19197;PROFESSORA MICHELLE VALÉRIA;PODE;NÃO ELEITO;15
15;8;19197;PROFESSORA MICHELLE VALÉRIA;PODE;NÃO ELEITO;217
16;8;19197;PROFESSORA MICHELLE VALÉRIA;PODE;NÃO ELEITO;89
17;8;19197;PROFESSORA MICHELLE VALÉRIA;PODE;NÃO ELEITO;21
18;8;19197;PROFESSORA MICHELLE VALÉRIA;PODE;NÃO ELEITO;10
19;8;19197;PROFESSORA MICHELLE VALÉRIA;PODE;NÃO ELEITO;102
20;8;19197;PROFESSORA MICHELLE VALÉRIA;PODE;NÃO ELEITO;35
21;8;19197;PROFESSORA MICHELLE VALÉRIA;PODE;NÃO ELEITO;35
1;8;19220;YAGO RODRIGUES;PODE;NÃO ELEITO;15
2;8;19220;YAGO RODRIGUES;PODE;NÃO ELEITO;7
3;8;19220;YAGO RODRIGUES;PODE;NÃO ELEITO;1
4;8;19220;YAGO RODRIGUES;PODE;NÃO ELEITO;3
5;8;19220;YAGO RODRIGUES;PODE;NÃO ELEITO;4
6;8;19220;YAGO RODRIGUES;PODE;NÃO ELEITO;1
8;8;19220;YAGO RODRIGUES;PODE;NÃO ELEITO;2
9;8;19220;YAGO RODRIGUES;PODE;NÃO ELEITO;30
10;8;19220;YAGO RODRIGUES;PODE;NÃO ELEITO;19
11;8;19220;YAGO RODRIGUES;PODE;NÃO ELEITO;37
13;8;19220;YAGO RODRIGUES;PODE;NÃO ELEITO;17
14;8;19220;YAGO RODRIGUES;PODE;NÃO ELEITO;34
15;8;19220;YAGO RODRIGUES;PODE;NÃO ELEITO;22
16;8;19220;YAGO RODRIGUES;PODE;NÃO ELEITO;7
17;8;19220;YAGO RODRIGUES;PODE;NÃO ELEITO;16
18;8;19220;YAGO RODRIGUES;PODE;NÃO ELEITO;22
19;8;19220;YAGO RODRIGUES;PODE;NÃO ELEITO;24
20;8;19220;YAGO RODRIGUES;PODE;NÃO ELEITO;4
21;8;19220;YAGO RODRIGUES;PODE;NÃO ELEITO;13
1;8;19222;LUCIANO SEBALHO;PODE;NÃO ELEITO;43
2;8;19222;LUCIANO SEBALHO;PODE;NÃO ELEITO;7
3;8;19222;LUCIANO SEBALHO;PODE;NÃO ELEITO;4
4;8;19222;LUCIANO SEBALHO;PODE;NÃO ELEITO;1
5;8;19222;LUCIANO SEBALHO;PODE;NÃO ELEITO;3
6;8;19222;LUCIANO SEBALHO;PODE;NÃO ELEITO;3
8;8;19222;LUCIANO SEBALHO;PODE;NÃO ELEITO;3
9;8;19222;LUCIANO SEBALHO;PODE;NÃO ELEITO;22
10;8;19222;LUCIANO SEBALHO;PODE;NÃO ELEITO;12
11;8;19222;LUCIANO SEBALHO;PODE;NÃO ELEITO;161
13;8;19222;LUCIANO SEBALHO;PODE;NÃO ELEITO;7
14;8;19222;LUCIANO SEBALHO;PODE;NÃO ELEITO;33
15;8;19222;LUCIANO SEBALHO;PODE;NÃO ELEITO;24
16;8;19222;LUCIANO SEBALHO;PODE;NÃO ELEITO;11
17;8;19222;LUCIANO SEBALHO;PODE;NÃO ELEITO;9
18;8;19222;LUCIANO SEBALHO;PODE;NÃO ELEITO;26
19;8;19222;LUCIANO SEBALHO;PODE;NÃO ELEITO;9
20;8;19222;LUCIANO SEBALHO;PODE;NÃO ELEITO;7
21;8;19222;LUCIANO SEBALHO;PODE;NÃO ELEITO;1
1;8;19266;PROFESSORA TEREZINHA;PODE;NÃO ELEITO;4
2;8;19266;PROFESSORA TEREZINHA;PODE;NÃO ELEITO;2
3;8;19266;PROFESSORA TEREZINHA;PODE;NÃO ELEITO;1
4;8;19266;PROFESSORA TEREZINHA;PODE;NÃO ELEITO;0
5;8;19266;PROFESSORA TEREZINHA;PODE;NÃO ELEITO;0
6;8;19266;PROFESSORA TEREZINHA;PODE;NÃO ELEITO;0
8;8;19266;PROFESSORA TEREZINHA;PODE;NÃO ELEITO;0
9;8;19266;PROFESSORA TEREZINHA;PODE;NÃO ELEITO;3
10;8;19266;PROFESSORA TEREZINHA;PODE;NÃO ELEITO;3
11;8;19266;PROFESSORA TEREZINHA;PODE;NÃO ELEITO;8
13;8;19266;PROFESSORA TEREZINHA;PODE;NÃO ELEITO;0
14;8;19266;PROFESSORA TEREZINHA;PODE;NÃO ELEITO;1
15;8;19266;PROFESSORA TEREZINHA;PODE;NÃO ELEITO;3
16;8;19266;PROFESSORA TEREZINHA;PODE;NÃO ELEITO;1
17;8;19266;PROFESSORA TEREZINHA;PODE;NÃO ELEITO;3
18;8;19266;PROFESSORA TEREZINHA;PODE;NÃO ELEITO;5
19;8;19266;PROFESSORA TEREZINHA;PODE;NÃO ELEITO;0
20;8;19266;PROFESSORA TEREZINHA;PODE;NÃO ELEITO;2
21;8;19266;PROFESSORA TEREZINHA;PODE;NÃO ELEITO;0
1;8;19300;CLÁUDIA VIRGÍNIA;PODE;NÃO ELEITO;8
2;8;19300;CLÁUDIA VIRGÍNIA;PODE;NÃO ELEITO;3
3;8;19300;CLÁUDIA VIRGÍNIA;PODE;NÃO ELEITO;8
4;8;19300;CLÁUDIA VIRGÍNIA;PODE;NÃO ELEITO;7
5;8;19300;CLÁUDIA VIRGÍNIA;PODE;NÃO ELEITO;29
6;8;19300;CLÁUDIA VIRGÍNIA;PODE;NÃO ELEITO;3
8;8;19300;CLÁUDIA VIRGÍNIA;PODE;NÃO ELEITO;3
9;8;19300;CLÁUDIA VIRGÍNIA;PODE;NÃO ELEITO;20
10;8;19300;CLÁUDIA VIRGÍNIA;PODE;NÃO ELEITO;3
11;8;19300;CLÁUDIA VIRGÍNIA;PODE;NÃO ELEITO;10
13;8;19300;CLÁUDIA VIRGÍNIA;PODE;NÃO ELEITO;4
14;8;19300;CLÁUDIA VIRGÍNIA;PODE;NÃO ELEITO;14
15;8;19300;CLÁUDIA VIRGÍNIA;PODE;NÃO ELEITO;22
16;8;19300;CLÁUDIA VIRGÍNIA;PODE;NÃO ELEITO;2
17;8;19300;CLÁUDIA VIRGÍNIA;PODE;NÃO ELEITO;4
18;8;19300;CLÁUDIA VIRGÍNIA;PODE;NÃO ELEITO;8
19;8;19300;CLÁUDIA VIRGÍNIA;PODE;NÃO ELEITO;27
20;8;19300;CLÁUDIA VIRGÍNIA;PODE;NÃO ELEITO;5
21;8;19300;CLÁUDIA VIRGÍNIA;PODE;NÃO ELEITO;2
1;8;19333;CLAUDÃO DO GAMÃO;PODE;NÃO ELEITO;3
2;8;19333;CLAUDÃO DO GAMÃO;PODE;NÃO ELEITO;1
3;8;19333;CLAUDÃO DO GAMÃO;PODE;NÃO ELEITO;9
4;8;19333;CLAUDÃO DO GAMÃO;PODE;NÃO ELEITO;39
5;8;19333;CLAUDÃO DO GAMÃO;PODE;NÃO ELEITO;8
6;8;19333;CLAUDÃO DO GAMÃO;PODE;NÃO ELEITO;4
8;8;19333;CLAUDÃO DO GAMÃO;PODE;NÃO ELEITO;21
9;8;19333;CLAUDÃO DO GAMÃO;PODE;NÃO ELEITO;19
10;8;19333;CLAUDÃO DO GAMÃO;PODE;NÃO ELEITO;18
11;8;19333;CLAUDÃO DO GAMÃO;PODE;NÃO ELEITO;7
13;8;19333;CLAUDÃO DO GAMÃO;PODE;NÃO ELEITO;10
14;8;19333;CLAUDÃO DO GAMÃO;PODE;NÃO ELEITO;3
15;8;19333;CLAUDÃO DO GAMÃO;PODE;NÃO ELEITO;23
16;8;19333;CLAUDÃO DO GAMÃO;PODE;NÃO ELEITO;4
17;8;19333;CLAUDÃO DO GAMÃO;PODE;NÃO ELEITO;350
18;8;19333;CLAUDÃO DO GAMÃO;PODE;NÃO ELEITO;8
19;8;19333;CLAUDÃO DO GAMÃO;PODE;NÃO ELEITO;19
20;8;19333;CLAUDÃO DO GAMÃO;PODE;NÃO ELEITO;8
21;8;19333;CLAUDÃO DO GAMÃO;PODE;NÃO ELEITO;11
1;8;19456;PROFESSOR RICARDO DANTAS;PODE;NÃO ELEITO;31
2;8;19456;PROFESSOR RICARDO DANTAS;PODE;NÃO ELEITO;9
3;8;19456;PROFESSOR RICARDO DANTAS;PODE;NÃO ELEITO;40
4;8;19456;PROFESSOR RICARDO DANTAS;PODE;NÃO ELEITO;130
5;8;19456;PROFESSOR RICARDO DANTAS;PODE;NÃO ELEITO;12
6;8;19456;PROFESSOR RICARDO DANTAS;PODE;NÃO ELEITO;38
8;8;19456;PROFESSOR RICARDO DANTAS;PODE;NÃO ELEITO;55
9;8;19456;PROFESSOR RICARDO DANTAS;PODE;NÃO ELEITO;109
10;8;19456;PROFESSOR RICARDO DANTAS;PODE;NÃO ELEITO;725
11;8;19456;PROFESSOR RICARDO DANTAS;PODE;NÃO ELEITO;53
13;8;19456;PROFESSOR RICARDO DANTAS;PODE;NÃO ELEITO;73
14;8;19456;PROFESSOR RICARDO DANTAS;PODE;NÃO ELEITO;47
15;8;19456;PROFESSOR RICARDO DANTAS;PODE;NÃO ELEITO;96
16;8;19456;PROFESSOR RICARDO DANTAS;PODE;NÃO ELEITO;17
17;8;19456;PROFESSOR RICARDO DANTAS;PODE;NÃO ELEITO;147
18;8;19456;PROFESSOR RICARDO DANTAS;PODE;NÃO ELEITO;31
19;8;19456;PROFESSOR RICARDO DANTAS;PODE;NÃO ELEITO;47
20;8;19456;PROFESSOR RICARDO DANTAS;PODE;NÃO ELEITO;38
21;8;19456;PROFESSOR RICARDO DANTAS;PODE;NÃO ELEITO;73
1;8;19700;ALEX GALVÃO;PODE;NÃO ELEITO;167
2;8;19700;ALEX GALVÃO;PODE;NÃO ELEITO;166
3;8;19700;ALEX GALVÃO;PODE;NÃO ELEITO;98
4;8;19700;ALEX GALVÃO;PODE;NÃO ELEITO;44
5;8;19700;ALEX GALVÃO;PODE;NÃO ELEITO;1136
6;8;19700;ALEX GALVÃO;PODE;NÃO ELEITO;170
8;8;19700;ALEX GALVÃO;PODE;NÃO ELEITO;143
9;8;19700;ALEX GALVÃO;PODE;NÃO ELEITO;320
10;8;19700;ALEX GALVÃO;PODE;NÃO ELEITO;147
11;8;19700;ALEX GALVÃO;PODE;NÃO ELEITO;249
13;8;19700;ALEX GALVÃO;PODE;NÃO ELEITO;87
14;8;19700;ALEX GALVÃO;PODE;NÃO ELEITO;271
15;8;19700;ALEX GALVÃO;PODE;NÃO ELEITO;634
16;8;19700;ALEX GALVÃO;PODE;NÃO ELEITO;57
17;8;19700;ALEX GALVÃO;PODE;NÃO ELEITO;241
18;8;19700;ALEX GALVÃO;PODE;NÃO ELEITO;164
19;8;19700;ALEX GALVÃO;PODE;NÃO ELEITO;274
20;8;19700;ALEX GALVÃO;PODE;NÃO ELEITO;46
21;8;19700;ALEX GALVÃO;PODE;NÃO ELEITO;49
1;8;19777;RANNA CARLA;PODE;NÃO ELEITO;3
2;8;19777;RANNA CARLA;PODE;NÃO ELEITO;2
3;8;19777;RANNA CARLA;PODE;NÃO ELEITO;25
4;8;19777;RANNA CARLA;PODE;NÃO ELEITO;1
5;8;19777;RANNA CARLA;PODE;NÃO ELEITO;2
6;8;19777;RANNA CARLA;PODE;NÃO ELEITO;3
8;8;19777;RANNA CARLA;PODE;NÃO ELEITO;10
9;8;19777;RANNA CARLA;PODE;NÃO ELEITO;17
10;8;19777;RANNA CARLA;PODE;NÃO ELEITO;1
11;8;19777;RANNA CARLA;PODE;NÃO ELEITO;0
13;8;19777;RANNA CARLA;PODE;NÃO ELEITO;18
14;8;19777;RANNA CARLA;PODE;NÃO ELEITO;2
15;8;19777;RANNA CARLA;PODE;NÃO ELEITO;49
16;8;19777;RANNA CARLA;PODE;NÃO ELEITO;3
17;8;19777;RANNA CARLA;PODE;NÃO ELEITO;4
18;8;19777;RANNA CARLA;PODE;NÃO ELEITO;4
19;8;19777;RANNA CARLA;PODE;NÃO ELEITO;10
20;8;19777;RANNA CARLA;PODE;NÃO ELEITO;10
21;8;19777;RANNA CARLA;PODE;NÃO ELEITO;5
1;8;19783;JOSIVAN FERREIRA;PODE;NÃO ELEITO;0
2;8;19783;JOSIVAN FERREIRA;PODE;NÃO ELEITO;1
3;8;19783;JOSIVAN FERREIRA;PODE;NÃO ELEITO;3
4;8;19783;JOSIVAN FERREIRA;PODE;NÃO ELEITO;1
5;8;19783;JOSIVAN FERREIRA;PODE;NÃO ELEITO;5
6;8;19783;JOSIVAN FERREIRA;PODE;NÃO ELEITO;56
8;8;19783;JOSIVAN FERREIRA;PODE;NÃO ELEITO;4
9;8;19783;JOSIVAN FERREIRA;PODE;NÃO ELEITO;3
10;8;19783;JOSIVAN FERREIRA;PODE;NÃO ELEITO;1
11;8;19783;JOSIVAN FERREIRA;PODE;NÃO ELEITO;0
13;8;19783;JOSIVAN FERREIRA;PODE;NÃO ELEITO;2
14;8;19783;JOSIVAN FERREIRA;PODE;NÃO ELEITO;1
15;8;19783;JOSIVAN FERREIRA;PODE;NÃO ELEITO;2
16;8;19783;JOSIVAN FERREIRA;PODE;NÃO ELEITO;0
17;8;19783;JOSIVAN FERREIRA;PODE;NÃO ELEITO;1
18;8;19783;JOSIVAN FERREIRA;PODE;NÃO ELEITO;1
19;8;19783;JOSIVAN FERREIRA;PODE;NÃO ELEITO;3
20;8;19783;JOSIVAN FERREIRA;PODE;NÃO ELEITO;13
21;8;19783;JOSIVAN FERREIRA;PODE;NÃO ELEITO;0
1;8;19800;PATRÍCIA AMADA BRASIL;PODE;NÃO ELEITO;6
2;8;19800;PATRÍCIA AMADA BRASIL;PODE;NÃO ELEITO;18
3;8;19800;PATRÍCIA AMADA BRASIL;PODE;NÃO ELEITO;22
4;8;19800;PATRÍCIA AMADA BRASIL;PODE;NÃO ELEITO;4
5;8;19800;PATRÍCIA AMADA BRASIL;PODE;NÃO ELEITO;11
6;8;19800;PATRÍCIA AMADA BRASIL;PODE;NÃO ELEITO;6
8;8;19800;PATRÍCIA AMADA BRASIL;PODE;NÃO ELEITO;24
9;8;19800;PATRÍCIA AMADA BRASIL;PODE;NÃO ELEITO;21
10;8;19800;PATRÍCIA AMADA BRASIL;PODE;NÃO ELEITO;9
11;8;19800;PATRÍCIA AMADA BRASIL;PODE;NÃO ELEITO;13
13;8;19800;PATRÍCIA AMADA BRASIL;PODE;NÃO ELEITO;27
14;8;19800;PATRÍCIA AMADA BRASIL;PODE;NÃO ELEITO;11
15;8;19800;PATRÍCIA AMADA BRASIL;PODE;NÃO ELEITO;33
16;8;19800;PATRÍCIA AMADA BRASIL;PODE;NÃO ELEITO;29
17;8;19800;PATRÍCIA AMADA BRASIL;PODE;NÃO ELEITO;4
18;8;19800;PATRÍCIA AMADA BRASIL;PODE;NÃO ELEITO;6
19;8;19800;PATRÍCIA AMADA BRASIL;PODE;NÃO ELEITO;43
20;8;19800;PATRÍCIA AMADA BRASIL;PODE;NÃO ELEITO;9
21;8;19800;PATRÍCIA AMADA BRASIL;PODE;NÃO ELEITO;26
1;8;19888;ÂNGELO LENZA (FPC);PODE;NÃO ELEITO;4
2;8;19888;ÂNGELO LENZA (FPC);PODE;NÃO ELEITO;3
3;8;19888;ÂNGELO LENZA (FPC);PODE;NÃO ELEITO;3
4;8;19888;ÂNGELO LENZA (FPC);PODE;NÃO ELEITO;5
5;8;19888;ÂNGELO LENZA (FPC);PODE;NÃO ELEITO;4
6;8;19888;ÂNGELO LENZA (FPC);PODE;NÃO ELEITO;5
8;8;19888;ÂNGELO LENZA (FPC);PODE;NÃO ELEITO;6
9;8;19888;ÂNGELO LENZA (FPC);PODE;NÃO ELEITO;7
10;8;19888;ÂNGELO LENZA (FPC);PODE;NÃO ELEITO;0
11;8;19888;ÂNGELO LENZA (FPC);PODE;NÃO ELEITO;4
13;8;19888;ÂNGELO LENZA (FPC);PODE;NÃO ELEITO;3
14;8;19888;ÂNGELO LENZA (FPC);PODE;NÃO ELEITO;7
15;8;19888;ÂNGELO LENZA (FPC);PODE;NÃO ELEITO;17
16;8;19888;ÂNGELO LENZA (FPC);PODE;NÃO ELEITO;13
17;8;19888;ÂNGELO LENZA (FPC);PODE;NÃO ELEITO;2
18;8;19888;ÂNGELO LENZA (FPC);PODE;NÃO ELEITO;8
19;8;19888;ÂNGELO LENZA (FPC);PODE;NÃO ELEITO;7
20;8;19888;ÂNGELO LENZA (FPC);PODE;NÃO ELEITO;3
21;8;19888;ÂNGELO LENZA (FPC);PODE;NÃO ELEITO;6
1;8;19999;MÁRCIA MARTINS;PODE;NÃO ELEITO;19
2;8;19999;MÁRCIA MARTINS;PODE;NÃO ELEITO;5
3;8;19999;MÁRCIA MARTINS;PODE;NÃO ELEITO;2
4;8;19999;MÁRCIA MARTINS;PODE;NÃO ELEITO;124
5;8;19999;MÁRCIA MARTINS;PODE;NÃO ELEITO;4
6;8;19999;MÁRCIA MARTINS;PODE;NÃO ELEITO;2
8;8;19999;MÁRCIA MARTINS;PODE;NÃO ELEITO;5
9;8;19999;MÁRCIA MARTINS;PODE;NÃO ELEITO;3
10;8;19999;MÁRCIA MARTINS;PODE;NÃO ELEITO;5
11;8;19999;MÁRCIA MARTINS;PODE;NÃO ELEITO;1
13;8;19999;MÁRCIA MARTINS;PODE;NÃO ELEITO;5
14;8;19999;MÁRCIA MARTINS;PODE;NÃO ELEITO;7
15;8;19999;MÁRCIA MARTINS;PODE;NÃO ELEITO;3
16;8;19999;MÁRCIA MARTINS;PODE;NÃO ELEITO;4
17;8;19999;MÁRCIA MARTINS;PODE;NÃO ELEITO;22
18;8;19999;MÁRCIA MARTINS;PODE;NÃO ELEITO;8
19;8;19999;MÁRCIA MARTINS;PODE;NÃO ELEITO;1
20;8;19999;MÁRCIA MARTINS;PODE;NÃO ELEITO;3
21;8;19999;MÁRCIA MARTINS;PODE;NÃO ELEITO;5
1;8;20000;SCOOBY UBE ;PSC;NÃO ELEITO;23
2;8;20000;SCOOBY UBE ;PSC;NÃO ELEITO;54
3;8;20000;SCOOBY UBE ;PSC;NÃO ELEITO;56
4;8;20000;SCOOBY UBE ;PSC;NÃO ELEITO;78
5;8;20000;SCOOBY UBE ;PSC;NÃO ELEITO;60
6;8;20000;SCOOBY UBE ;PSC;NÃO ELEITO;54
8;8;20000;SCOOBY UBE ;PSC;NÃO ELEITO;141
9;8;20000;SCOOBY UBE ;PSC;NÃO ELEITO;112
10;8;20000;SCOOBY UBE ;PSC;NÃO ELEITO;118
11;8;20000;SCOOBY UBE ;PSC;NÃO ELEITO;44
13;8;20000;SCOOBY UBE ;PSC;NÃO ELEITO;124
14;8;20000;SCOOBY UBE ;PSC;NÃO ELEITO;44
15;8;20000;SCOOBY UBE ;PSC;NÃO ELEITO;93
16;8;20000;SCOOBY UBE ;PSC;NÃO ELEITO;134
17;8;20000;SCOOBY UBE ;PSC;NÃO ELEITO;93
18;8;20000;SCOOBY UBE ;PSC;NÃO ELEITO;45
19;8;20000;SCOOBY UBE ;PSC;NÃO ELEITO;78
20;8;20000;SCOOBY UBE ;PSC;NÃO ELEITO;86
21;8;20000;SCOOBY UBE ;PSC;NÃO ELEITO;123
1;8;20017;HALAND GUILARDE;PSC;NÃO ELEITO;8
2;8;20017;HALAND GUILARDE;PSC;NÃO ELEITO;14
3;8;20017;HALAND GUILARDE;PSC;NÃO ELEITO;219
4;8;20017;HALAND GUILARDE;PSC;NÃO ELEITO;7
5;8;20017;HALAND GUILARDE;PSC;NÃO ELEITO;62
6;8;20017;HALAND GUILARDE;PSC;NÃO ELEITO;25
8;8;20017;HALAND GUILARDE;PSC;NÃO ELEITO;58
9;8;20017;HALAND GUILARDE;PSC;NÃO ELEITO;32
10;8;20017;HALAND GUILARDE;PSC;NÃO ELEITO;31
11;8;20017;HALAND GUILARDE;PSC;NÃO ELEITO;19
13;8;20017;HALAND GUILARDE;PSC;NÃO ELEITO;67
14;8;20017;HALAND GUILARDE;PSC;NÃO ELEITO;27
15;8;20017;HALAND GUILARDE;PSC;NÃO ELEITO;75
16;8;20017;HALAND GUILARDE;PSC;NÃO ELEITO;50
17;8;20017;HALAND GUILARDE;PSC;NÃO ELEITO;26
18;8;20017;HALAND GUILARDE;PSC;NÃO ELEITO;11
19;8;20017;HALAND GUILARDE;PSC;NÃO ELEITO;43
20;8;20017;HALAND GUILARDE;PSC;NÃO ELEITO;32
21;8;20017;HALAND GUILARDE;PSC;NÃO ELEITO;39
1;8;20020;ADA SILVA;PSC;NÃO ELEITO;32
2;8;20020;ADA SILVA;PSC;NÃO ELEITO;9
3;8;20020;ADA SILVA;PSC;NÃO ELEITO;96
4;8;20020;ADA SILVA;PSC;NÃO ELEITO;17
5;8;20020;ADA SILVA;PSC;NÃO ELEITO;36
6;8;20020;ADA SILVA;PSC;NÃO ELEITO;12
8;8;20020;ADA SILVA;PSC;NÃO ELEITO;192
9;8;20020;ADA SILVA;PSC;NÃO ELEITO;62
10;8;20020;ADA SILVA;PSC;NÃO ELEITO;77
11;8;20020;ADA SILVA;PSC;NÃO ELEITO;38
13;8;20020;ADA SILVA;PSC;NÃO ELEITO;79
14;8;20020;ADA SILVA;PSC;NÃO ELEITO;49
15;8;20020;ADA SILVA;PSC;NÃO ELEITO;123
16;8;20020;ADA SILVA;PSC;NÃO ELEITO;121
17;8;20020;ADA SILVA;PSC;NÃO ELEITO;38
18;8;20020;ADA SILVA;PSC;NÃO ELEITO;18
19;8;20020;ADA SILVA;PSC;NÃO ELEITO;105
20;8;20020;ADA SILVA;PSC;NÃO ELEITO;63
21;8;20020;ADA SILVA;PSC;NÃO ELEITO;66
1;8;20022;SARGENTO EVERALDO;PSC;NÃO ELEITO;18
2;8;20022;SARGENTO EVERALDO;PSC;NÃO ELEITO;29
3;8;20022;SARGENTO EVERALDO;PSC;NÃO ELEITO;65
4;8;20022;SARGENTO EVERALDO;PSC;NÃO ELEITO;30
5;8;20022;SARGENTO EVERALDO;PSC;NÃO ELEITO;8
6;8;20022;SARGENTO EVERALDO;PSC;NÃO ELEITO;17
8;8;20022;SARGENTO EVERALDO;PSC;NÃO ELEITO;53
9;8;20022;SARGENTO EVERALDO;PSC;NÃO ELEITO;34
10;8;20022;SARGENTO EVERALDO;PSC;NÃO ELEITO;34
11;8;20022;SARGENTO EVERALDO;PSC;NÃO ELEITO;144
13;8;20022;SARGENTO EVERALDO;PSC;NÃO ELEITO;94
14;8;20022;SARGENTO EVERALDO;PSC;NÃO ELEITO;116
15;8;20022;SARGENTO EVERALDO;PSC;NÃO ELEITO;60
16;8;20022;SARGENTO EVERALDO;PSC;NÃO ELEITO;50
17;8;20022;SARGENTO EVERALDO;PSC;NÃO ELEITO;56
18;8;20022;SARGENTO EVERALDO;PSC;NÃO ELEITO;19
19;8;20022;SARGENTO EVERALDO;PSC;NÃO ELEITO;67
20;8;20022;SARGENTO EVERALDO;PSC;NÃO ELEITO;36
21;8;20022;SARGENTO EVERALDO;PSC;NÃO ELEITO;35
1;8;20026;IZADORA COIMBRA;PSC;NÃO ELEITO;19
2;8;20026;IZADORA COIMBRA;PSC;NÃO ELEITO;18
3;8;20026;IZADORA COIMBRA;PSC;NÃO ELEITO;195
4;8;20026;IZADORA COIMBRA;PSC;NÃO ELEITO;62
5;8;20026;IZADORA COIMBRA;PSC;NÃO ELEITO;52
6;8;20026;IZADORA COIMBRA;PSC;NÃO ELEITO;33
8;8;20026;IZADORA COIMBRA;PSC;NÃO ELEITO;268
9;8;20026;IZADORA COIMBRA;PSC;NÃO ELEITO;209
10;8;20026;IZADORA COIMBRA;PSC;NÃO ELEITO;242
11;8;20026;IZADORA COIMBRA;PSC;NÃO ELEITO;25
13;8;20026;IZADORA COIMBRA;PSC;NÃO ELEITO;158
14;8;20026;IZADORA COIMBRA;PSC;NÃO ELEITO;13
15;8;20026;IZADORA COIMBRA;PSC;NÃO ELEITO;275
16;8;20026;IZADORA COIMBRA;PSC;NÃO ELEITO;158
17;8;20026;IZADORA COIMBRA;PSC;NÃO ELEITO;25
18;8;20026;IZADORA COIMBRA;PSC;NÃO ELEITO;12
19;8;20026;IZADORA COIMBRA;PSC;NÃO ELEITO;936
20;8;20026;IZADORA COIMBRA;PSC;NÃO ELEITO;78
21;8;20026;IZADORA COIMBRA;PSC;NÃO ELEITO;84
1;8;20100;ARNALDO FILHO;PSC;NÃO ELEITO;20
2;8;20100;ARNALDO FILHO;PSC;NÃO ELEITO;15
3;8;20100;ARNALDO FILHO;PSC;NÃO ELEITO;70
4;8;20100;ARNALDO FILHO;PSC;NÃO ELEITO;14
5;8;20100;ARNALDO FILHO;PSC;NÃO ELEITO;40
6;8;20100;ARNALDO FILHO;PSC;NÃO ELEITO;30
8;8;20100;ARNALDO FILHO;PSC;NÃO ELEITO;121
9;8;20100;ARNALDO FILHO;PSC;NÃO ELEITO;52
10;8;20100;ARNALDO FILHO;PSC;NÃO ELEITO;57
11;8;20100;ARNALDO FILHO;PSC;NÃO ELEITO;34
13;8;20100;ARNALDO FILHO;PSC;NÃO ELEITO;101
14;8;20100;ARNALDO FILHO;PSC;NÃO ELEITO;42
15;8;20100;ARNALDO FILHO;PSC;NÃO ELEITO;90
16;8;20100;ARNALDO FILHO;PSC;NÃO ELEITO;73
17;8;20100;ARNALDO FILHO;PSC;NÃO ELEITO;35
18;8;20100;ARNALDO FILHO;PSC;NÃO ELEITO;30
19;8;20100;ARNALDO FILHO;PSC;NÃO ELEITO;91
20;8;20100;ARNALDO FILHO;PSC;NÃO ELEITO;507
21;8;20100;ARNALDO FILHO;PSC;NÃO ELEITO;41
1;8;20111;RITA MOTA;PSC;NÃO ELEITO;2
2;8;20111;RITA MOTA;PSC;NÃO ELEITO;4
3;8;20111;RITA MOTA;PSC;NÃO ELEITO;4
4;8;20111;RITA MOTA;PSC;NÃO ELEITO;1
5;8;20111;RITA MOTA;PSC;NÃO ELEITO;0
6;8;20111;RITA MOTA;PSC;NÃO ELEITO;12
8;8;20111;RITA MOTA;PSC;NÃO ELEITO;20
9;8;20111;RITA MOTA;PSC;NÃO ELEITO;4
10;8;20111;RITA MOTA;PSC;NÃO ELEITO;6
11;8;20111;RITA MOTA;PSC;NÃO ELEITO;5
13;8;20111;RITA MOTA;PSC;NÃO ELEITO;11
14;8;20111;RITA MOTA;PSC;NÃO ELEITO;1
15;8;20111;RITA MOTA;PSC;NÃO ELEITO;8
16;8;20111;RITA MOTA;PSC;NÃO ELEITO;70
17;8;20111;RITA MOTA;PSC;NÃO ELEITO;2
18;8;20111;RITA MOTA;PSC;NÃO ELEITO;9
19;8;20111;RITA MOTA;PSC;NÃO ELEITO;0
20;8;20111;RITA MOTA;PSC;NÃO ELEITO;11
21;8;20111;RITA MOTA;PSC;NÃO ELEITO;12
1;8;20120;RICARDO TOBÉ;PSC;NÃO ELEITO;49
2;8;20120;RICARDO TOBÉ;PSC;NÃO ELEITO;52
3;8;20120;RICARDO TOBÉ;PSC;NÃO ELEITO;134
4;8;20120;RICARDO TOBÉ;PSC;NÃO ELEITO;67
5;8;20120;RICARDO TOBÉ;PSC;NÃO ELEITO;43
6;8;20120;RICARDO TOBÉ;PSC;NÃO ELEITO;44
8;8;20120;RICARDO TOBÉ;PSC;NÃO ELEITO;171
9;8;20120;RICARDO TOBÉ;PSC;NÃO ELEITO;156
10;8;20120;RICARDO TOBÉ;PSC;NÃO ELEITO;156
11;8;20120;RICARDO TOBÉ;PSC;NÃO ELEITO;76
13;8;20120;RICARDO TOBÉ;PSC;NÃO ELEITO;1247
14;8;20120;RICARDO TOBÉ;PSC;NÃO ELEITO;98
15;8;20120;RICARDO TOBÉ;PSC;NÃO ELEITO;332
16;8;20120;RICARDO TOBÉ;PSC;NÃO ELEITO;106
17;8;20120;RICARDO TOBÉ;PSC;NÃO ELEITO;104
18;8;20120;RICARDO TOBÉ;PSC;NÃO ELEITO;66
19;8;20120;RICARDO TOBÉ;PSC;NÃO ELEITO;250
20;8;20120;RICARDO TOBÉ;PSC;NÃO ELEITO;119
21;8;20120;RICARDO TOBÉ;PSC;NÃO ELEITO;201
1;8;20123;SARGENTO ELIOMAR RODRIGUES ;PSC;NÃO ELEITO;95
2;8;20123;SARGENTO ELIOMAR RODRIGUES ;PSC;NÃO ELEITO;57
3;8;20123;SARGENTO ELIOMAR RODRIGUES ;PSC;NÃO ELEITO;41
4;8;20123;SARGENTO ELIOMAR RODRIGUES ;PSC;NÃO ELEITO;74
5;8;20123;SARGENTO ELIOMAR RODRIGUES ;PSC;NÃO ELEITO;133
6;8;20123;SARGENTO ELIOMAR RODRIGUES ;PSC;NÃO ELEITO;145
8;8;20123;SARGENTO ELIOMAR RODRIGUES ;PSC;NÃO ELEITO;127
9;8;20123;SARGENTO ELIOMAR RODRIGUES ;PSC;NÃO ELEITO;93
10;8;20123;SARGENTO ELIOMAR RODRIGUES ;PSC;NÃO ELEITO;94
11;8;20123;SARGENTO ELIOMAR RODRIGUES ;PSC;NÃO ELEITO;60
13;8;20123;SARGENTO ELIOMAR RODRIGUES ;PSC;NÃO ELEITO;82
14;8;20123;SARGENTO ELIOMAR RODRIGUES ;PSC;NÃO ELEITO;74
15;8;20123;SARGENTO ELIOMAR RODRIGUES ;PSC;NÃO ELEITO;117
16;8;20123;SARGENTO ELIOMAR RODRIGUES ;PSC;NÃO ELEITO;64
17;8;20123;SARGENTO ELIOMAR RODRIGUES ;PSC;NÃO ELEITO;140
18;8;20123;SARGENTO ELIOMAR RODRIGUES ;PSC;NÃO ELEITO;47
19;8;20123;SARGENTO ELIOMAR RODRIGUES ;PSC;NÃO ELEITO;97
20;8;20123;SARGENTO ELIOMAR RODRIGUES ;PSC;NÃO ELEITO;102
21;8;20123;SARGENTO ELIOMAR RODRIGUES ;PSC;NÃO ELEITO;107
1;8;20147;PROFESSORA FÁTIMA MONTENEGRO;PSC;NÃO ELEITO;30
2;8;20147;PROFESSORA FÁTIMA MONTENEGRO;PSC;NÃO ELEITO;6
3;8;20147;PROFESSORA FÁTIMA MONTENEGRO;PSC;NÃO ELEITO;4
4;8;20147;PROFESSORA FÁTIMA MONTENEGRO;PSC;NÃO ELEITO;2
5;8;20147;PROFESSORA FÁTIMA MONTENEGRO;PSC;NÃO ELEITO;9
6;8;20147;PROFESSORA FÁTIMA MONTENEGRO;PSC;NÃO ELEITO;6
8;8;20147;PROFESSORA FÁTIMA MONTENEGRO;PSC;NÃO ELEITO;4
9;8;20147;PROFESSORA FÁTIMA MONTENEGRO;PSC;NÃO ELEITO;18
10;8;20147;PROFESSORA FÁTIMA MONTENEGRO;PSC;NÃO ELEITO;11
11;8;20147;PROFESSORA FÁTIMA MONTENEGRO;PSC;NÃO ELEITO;7
13;8;20147;PROFESSORA FÁTIMA MONTENEGRO;PSC;NÃO ELEITO;3
14;8;20147;PROFESSORA FÁTIMA MONTENEGRO;PSC;NÃO ELEITO;39
15;8;20147;PROFESSORA FÁTIMA MONTENEGRO;PSC;NÃO ELEITO;12
16;8;20147;PROFESSORA FÁTIMA MONTENEGRO;PSC;NÃO ELEITO;7
17;8;20147;PROFESSORA FÁTIMA MONTENEGRO;PSC;NÃO ELEITO;5
18;8;20147;PROFESSORA FÁTIMA MONTENEGRO;PSC;NÃO ELEITO;14
19;8;20147;PROFESSORA FÁTIMA MONTENEGRO;PSC;NÃO ELEITO;6
20;8;20147;PROFESSORA FÁTIMA MONTENEGRO;PSC;NÃO ELEITO;1
21;8;20147;PROFESSORA FÁTIMA MONTENEGRO;PSC;NÃO ELEITO;2
1;8;20190;SUBTENENTE GERALDO ALVES;PSC;NÃO ELEITO;311
2;8;20190;SUBTENENTE GERALDO ALVES;PSC;NÃO ELEITO;218
3;8;20190;SUBTENENTE GERALDO ALVES;PSC;NÃO ELEITO;620
4;8;20190;SUBTENENTE GERALDO ALVES;PSC;NÃO ELEITO;636
5;8;20190;SUBTENENTE GERALDO ALVES;PSC;NÃO ELEITO;879
6;8;20190;SUBTENENTE GERALDO ALVES;PSC;NÃO ELEITO;707
8;8;20190;SUBTENENTE GERALDO ALVES;PSC;NÃO ELEITO;930
9;8;20190;SUBTENENTE GERALDO ALVES;PSC;NÃO ELEITO;806
10;8;20190;SUBTENENTE GERALDO ALVES;PSC;NÃO ELEITO;745
11;8;20190;SUBTENENTE GERALDO ALVES;PSC;NÃO ELEITO;354
13;8;20190;SUBTENENTE GERALDO ALVES;PSC;NÃO ELEITO;680
14;8;20190;SUBTENENTE GERALDO ALVES;PSC;NÃO ELEITO;322
15;8;20190;SUBTENENTE GERALDO ALVES;PSC;NÃO ELEITO;1206
16;8;20190;SUBTENENTE GERALDO ALVES;PSC;NÃO ELEITO;667
17;8;20190;SUBTENENTE GERALDO ALVES;PSC;NÃO ELEITO;2827
18;8;20190;SUBTENENTE GERALDO ALVES;PSC;NÃO ELEITO;449
19;8;20190;SUBTENENTE GERALDO ALVES;PSC;NÃO ELEITO;906
20;8;20190;SUBTENENTE GERALDO ALVES;PSC;NÃO ELEITO;536
21;8;20190;SUBTENENTE GERALDO ALVES;PSC;NÃO ELEITO;324
1;8;20191;MAURICIO PARDAL;PSC;NÃO ELEITO;187
2;8;20191;MAURICIO PARDAL;PSC;NÃO ELEITO;54
3;8;20191;MAURICIO PARDAL;PSC;NÃO ELEITO;78
4;8;20191;MAURICIO PARDAL;PSC;NÃO ELEITO;32
5;8;20191;MAURICIO PARDAL;PSC;NÃO ELEITO;110
6;8;20191;MAURICIO PARDAL;PSC;NÃO ELEITO;53
8;8;20191;MAURICIO PARDAL;PSC;NÃO ELEITO;85
9;8;20191;MAURICIO PARDAL;PSC;NÃO ELEITO;166
10;8;20191;MAURICIO PARDAL;PSC;NÃO ELEITO;202
11;8;20191;MAURICIO PARDAL;PSC;NÃO ELEITO;80
13;8;20191;MAURICIO PARDAL;PSC;NÃO ELEITO;88
14;8;20191;MAURICIO PARDAL;PSC;NÃO ELEITO;111
15;8;20191;MAURICIO PARDAL;PSC;NÃO ELEITO;242
16;8;20191;MAURICIO PARDAL;PSC;NÃO ELEITO;77
17;8;20191;MAURICIO PARDAL;PSC;NÃO ELEITO;99
18;8;20191;MAURICIO PARDAL;PSC;NÃO ELEITO;90
19;8;20191;MAURICIO PARDAL;PSC;NÃO ELEITO;123
20;8;20191;MAURICIO PARDAL;PSC;NÃO ELEITO;71
21;8;20191;MAURICIO PARDAL;PSC;NÃO ELEITO;68
1;8;20200;MÔNICA BASTOS ;PSC;NÃO ELEITO;23
2;8;20200;MÔNICA BASTOS ;PSC;NÃO ELEITO;16
3;8;20200;MÔNICA BASTOS ;PSC;NÃO ELEITO;8
4;8;20200;MÔNICA BASTOS ;PSC;NÃO ELEITO;7
5;8;20200;MÔNICA BASTOS ;PSC;NÃO ELEITO;85
6;8;20200;MÔNICA BASTOS ;PSC;NÃO ELEITO;14
8;8;20200;MÔNICA BASTOS ;PSC;NÃO ELEITO;13
9;8;20200;MÔNICA BASTOS ;PSC;NÃO ELEITO;18
10;8;20200;MÔNICA BASTOS ;PSC;NÃO ELEITO;17
11;8;20200;MÔNICA BASTOS ;PSC;NÃO ELEITO;27
13;8;20200;MÔNICA BASTOS ;PSC;NÃO ELEITO;8
14;8;20200;MÔNICA BASTOS ;PSC;NÃO ELEITO;48
15;8;20200;MÔNICA BASTOS ;PSC;NÃO ELEITO;40
16;8;20200;MÔNICA BASTOS ;PSC;NÃO ELEITO;15
17;8;20200;MÔNICA BASTOS ;PSC;NÃO ELEITO;4
18;8;20200;MÔNICA BASTOS ;PSC;NÃO ELEITO;36
19;8;20200;MÔNICA BASTOS ;PSC;NÃO ELEITO;6
20;8;20200;MÔNICA BASTOS ;PSC;NÃO ELEITO;3
21;8;20200;MÔNICA BASTOS ;PSC;NÃO ELEITO;15
1;8;20220;EUDES DO BOXE;PSC;NÃO ELEITO;20
2;8;20220;EUDES DO BOXE;PSC;NÃO ELEITO;8
3;8;20220;EUDES DO BOXE;PSC;NÃO ELEITO;3
4;8;20220;EUDES DO BOXE;PSC;NÃO ELEITO;5
5;8;20220;EUDES DO BOXE;PSC;NÃO ELEITO;7
6;8;20220;EUDES DO BOXE;PSC;NÃO ELEITO;1
8;8;20220;EUDES DO BOXE;PSC;NÃO ELEITO;4
9;8;20220;EUDES DO BOXE;PSC;NÃO ELEITO;111
10;8;20220;EUDES DO BOXE;PSC;NÃO ELEITO;18
11;8;20220;EUDES DO BOXE;PSC;NÃO ELEITO;12
13;8;20220;EUDES DO BOXE;PSC;NÃO ELEITO;11
14;8;20220;EUDES DO BOXE;PSC;NÃO ELEITO;14
15;8;20220;EUDES DO BOXE;PSC;NÃO ELEITO;11
16;8;20220;EUDES DO BOXE;PSC;NÃO ELEITO;1
17;8;20220;EUDES DO BOXE;PSC;NÃO ELEITO;4
18;8;20220;EUDES DO BOXE;PSC;NÃO ELEITO;6
19;8;20220;EUDES DO BOXE;PSC;NÃO ELEITO;19
20;8;20220;EUDES DO BOXE;PSC;NÃO ELEITO;1
21;8;20220;EUDES DO BOXE;PSC;NÃO ELEITO;3
1;8;20221;DR. AUGUSTO JUNCAL - GUTE;PSC;NÃO ELEITO;4
2;8;20221;DR. AUGUSTO JUNCAL - GUTE;PSC;NÃO ELEITO;8
3;8;20221;DR. AUGUSTO JUNCAL - GUTE;PSC;NÃO ELEITO;21
4;8;20221;DR. AUGUSTO JUNCAL - GUTE;PSC;NÃO ELEITO;4
5;8;20221;DR. AUGUSTO JUNCAL - GUTE;PSC;NÃO ELEITO;3
6;8;20221;DR. AUGUSTO JUNCAL - GUTE;PSC;NÃO ELEITO;6
8;8;20221;DR. AUGUSTO JUNCAL - GUTE;PSC;NÃO ELEITO;67
9;8;20221;DR. AUGUSTO JUNCAL - GUTE;PSC;NÃO ELEITO;12
10;8;20221;DR. AUGUSTO JUNCAL - GUTE;PSC;NÃO ELEITO;14
11;8;20221;DR. AUGUSTO JUNCAL - GUTE;PSC;NÃO ELEITO;5
13;8;20221;DR. AUGUSTO JUNCAL - GUTE;PSC;NÃO ELEITO;29
14;8;20221;DR. AUGUSTO JUNCAL - GUTE;PSC;NÃO ELEITO;4
15;8;20221;DR. AUGUSTO JUNCAL - GUTE;PSC;NÃO ELEITO;197
16;8;20221;DR. AUGUSTO JUNCAL - GUTE;PSC;NÃO ELEITO;43
17;8;20221;DR. AUGUSTO JUNCAL - GUTE;PSC;NÃO ELEITO;11
18;8;20221;DR. AUGUSTO JUNCAL - GUTE;PSC;NÃO ELEITO;9
19;8;20221;DR. AUGUSTO JUNCAL - GUTE;PSC;NÃO ELEITO;44
20;8;20221;DR. AUGUSTO JUNCAL - GUTE;PSC;NÃO ELEITO;24
21;8;20221;DR. AUGUSTO JUNCAL - GUTE;PSC;NÃO ELEITO;32
1;8;20222;MÁRCIA MAIA;PSC;NÃO ELEITO;9
2;8;20222;MÁRCIA MAIA;PSC;NÃO ELEITO;9
3;8;20222;MÁRCIA MAIA;PSC;NÃO ELEITO;7
4;8;20222;MÁRCIA MAIA;PSC;NÃO ELEITO;12
5;8;20222;MÁRCIA MAIA;PSC;NÃO ELEITO;205
6;8;20222;MÁRCIA MAIA;PSC;NÃO ELEITO;52
8;8;20222;MÁRCIA MAIA;PSC;NÃO ELEITO;17
9;8;20222;MÁRCIA MAIA;PSC;NÃO ELEITO;17
10;8;20222;MÁRCIA MAIA;PSC;NÃO ELEITO;46
11;8;20222;MÁRCIA MAIA;PSC;NÃO ELEITO;10
13;8;20222;MÁRCIA MAIA;PSC;NÃO ELEITO;38
14;8;20222;MÁRCIA MAIA;PSC;NÃO ELEITO;9
15;8;20222;MÁRCIA MAIA;PSC;NÃO ELEITO;22
16;8;20222;MÁRCIA MAIA;PSC;NÃO ELEITO;42
17;8;20222;MÁRCIA MAIA;PSC;NÃO ELEITO;16
18;8;20222;MÁRCIA MAIA;PSC;NÃO ELEITO;24
19;8;20222;MÁRCIA MAIA;PSC;NÃO ELEITO;11
20;8;20222;MÁRCIA MAIA;PSC;NÃO ELEITO;12
21;8;20222;MÁRCIA MAIA;PSC;NÃO ELEITO;17
1;8;20321;PROF.ROBERT MARQUES;PSC;NÃO ELEITO;30
2;8;20321;PROF.ROBERT MARQUES;PSC;NÃO ELEITO;14
3;8;20321;PROF.ROBERT MARQUES;PSC;NÃO ELEITO;82
4;8;20321;PROF.ROBERT MARQUES;PSC;NÃO ELEITO;11
5;8;20321;PROF.ROBERT MARQUES;PSC;NÃO ELEITO;18
6;8;20321;PROF.ROBERT MARQUES;PSC;NÃO ELEITO;20
8;8;20321;PROF.ROBERT MARQUES;PSC;NÃO ELEITO;47
9;8;20321;PROF.ROBERT MARQUES;PSC;NÃO ELEITO;52
10;8;20321;PROF.ROBERT MARQUES;PSC;NÃO ELEITO;48
11;8;20321;PROF.ROBERT MARQUES;PSC;NÃO ELEITO;32
13;8;20321;PROF.ROBERT MARQUES;PSC;NÃO ELEITO;62
14;8;20321;PROF.ROBERT MARQUES;PSC;NÃO ELEITO;39
15;8;20321;PROF.ROBERT MARQUES;PSC;NÃO ELEITO;204
16;8;20321;PROF.ROBERT MARQUES;PSC;NÃO ELEITO;28
17;8;20321;PROF.ROBERT MARQUES;PSC;NÃO ELEITO;5
18;8;20321;PROF.ROBERT MARQUES;PSC;NÃO ELEITO;23
19;8;20321;PROF.ROBERT MARQUES;PSC;NÃO ELEITO;135
20;8;20321;PROF.ROBERT MARQUES;PSC;NÃO ELEITO;24
21;8;20321;PROF.ROBERT MARQUES;PSC;NÃO ELEITO;28
1;8;20322;ELIS MONTEIRO;PSC;NÃO ELEITO;5
2;8;20322;ELIS MONTEIRO;PSC;NÃO ELEITO;6
3;8;20322;ELIS MONTEIRO;PSC;NÃO ELEITO;2
4;8;20322;ELIS MONTEIRO;PSC;NÃO ELEITO;2
5;8;20322;ELIS MONTEIRO;PSC;NÃO ELEITO;1
6;8;20322;ELIS MONTEIRO;PSC;NÃO ELEITO;0
8;8;20322;ELIS MONTEIRO;PSC;NÃO ELEITO;32
9;8;20322;ELIS MONTEIRO;PSC;NÃO ELEITO;5
10;8;20322;ELIS MONTEIRO;PSC;NÃO ELEITO;3
11;8;20322;ELIS MONTEIRO;PSC;NÃO ELEITO;3
13;8;20322;ELIS MONTEIRO;PSC;NÃO ELEITO;9
14;8;20322;ELIS MONTEIRO;PSC;NÃO ELEITO;4
15;8;20322;ELIS MONTEIRO;PSC;NÃO ELEITO;24
16;8;20322;ELIS MONTEIRO;PSC;NÃO ELEITO;29
17;8;20322;ELIS MONTEIRO;PSC;NÃO ELEITO;8
18;8;20322;ELIS MONTEIRO;PSC;NÃO ELEITO;1
19;8;20322;ELIS MONTEIRO;PSC;NÃO ELEITO;36
20;8;20322;ELIS MONTEIRO;PSC;NÃO ELEITO;12
21;8;20322;ELIS MONTEIRO;PSC;NÃO ELEITO;11
1;8;20335;PROFESSOR NINÃ;PSC;NÃO ELEITO;6
2;8;20335;PROFESSOR NINÃ;PSC;NÃO ELEITO;3
3;8;20335;PROFESSOR NINÃ;PSC;NÃO ELEITO;0
4;8;20335;PROFESSOR NINÃ;PSC;NÃO ELEITO;4
5;8;20335;PROFESSOR NINÃ;PSC;NÃO ELEITO;5
6;8;20335;PROFESSOR NINÃ;PSC;NÃO ELEITO;1
8;8;20335;PROFESSOR NINÃ;PSC;NÃO ELEITO;1
9;8;20335;PROFESSOR NINÃ;PSC;NÃO ELEITO;1
10;8;20335;PROFESSOR NINÃ;PSC;NÃO ELEITO;3
11;8;20335;PROFESSOR NINÃ;PSC;NÃO ELEITO;0
13;8;20335;PROFESSOR NINÃ;PSC;NÃO ELEITO;2
14;8;20335;PROFESSOR NINÃ;PSC;NÃO ELEITO;1
15;8;20335;PROFESSOR NINÃ;PSC;NÃO ELEITO;1
16;8;20335;PROFESSOR NINÃ;PSC;NÃO ELEITO;0
17;8;20335;PROFESSOR NINÃ;PSC;NÃO ELEITO;1
18;8;20335;PROFESSOR NINÃ;PSC;NÃO ELEITO;350
19;8;20335;PROFESSOR NINÃ;PSC;NÃO ELEITO;0
20;8;20335;PROFESSOR NINÃ;PSC;NÃO ELEITO;1
21;8;20335;PROFESSOR NINÃ;PSC;NÃO ELEITO;1
1;8;20391;ADEILTON BRAZ;PSC;NÃO ELEITO;2
2;8;20391;ADEILTON BRAZ;PSC;NÃO ELEITO;4
3;8;20391;ADEILTON BRAZ;PSC;NÃO ELEITO;7
4;8;20391;ADEILTON BRAZ;PSC;NÃO ELEITO;5
5;8;20391;ADEILTON BRAZ;PSC;NÃO ELEITO;2
6;8;20391;ADEILTON BRAZ;PSC;NÃO ELEITO;7
8;8;20391;ADEILTON BRAZ;PSC;NÃO ELEITO;54
9;8;20391;ADEILTON BRAZ;PSC;NÃO ELEITO;19
10;8;20391;ADEILTON BRAZ;PSC;NÃO ELEITO;15
11;8;20391;ADEILTON BRAZ;PSC;NÃO ELEITO;6
13;8;20391;ADEILTON BRAZ;PSC;NÃO ELEITO;25
14;8;20391;ADEILTON BRAZ;PSC;NÃO ELEITO;4
15;8;20391;ADEILTON BRAZ;PSC;NÃO ELEITO;18
16;8;20391;ADEILTON BRAZ;PSC;NÃO ELEITO;149
17;8;20391;ADEILTON BRAZ;PSC;NÃO ELEITO;3
18;8;20391;ADEILTON BRAZ;PSC;NÃO ELEITO;4
19;8;20391;ADEILTON BRAZ;PSC;NÃO ELEITO;13
20;8;20391;ADEILTON BRAZ;PSC;NÃO ELEITO;56
21;8;20391;ADEILTON BRAZ;PSC;NÃO ELEITO;8
1;8;20444;PROFESSOR JACKSON;PSC;NÃO ELEITO;3
2;8;20444;PROFESSOR JACKSON;PSC;NÃO ELEITO;7
3;8;20444;PROFESSOR JACKSON;PSC;NÃO ELEITO;1
4;8;20444;PROFESSOR JACKSON;PSC;NÃO ELEITO;2
5;8;20444;PROFESSOR JACKSON;PSC;NÃO ELEITO;10
6;8;20444;PROFESSOR JACKSON;PSC;NÃO ELEITO;321
8;8;20444;PROFESSOR JACKSON;PSC;NÃO ELEITO;2
9;8;20444;PROFESSOR JACKSON;PSC;NÃO ELEITO;5
10;8;20444;PROFESSOR JACKSON;PSC;NÃO ELEITO;4
11;8;20444;PROFESSOR JACKSON;PSC;NÃO ELEITO;0
13;8;20444;PROFESSOR JACKSON;PSC;NÃO ELEITO;1
14;8;20444;PROFESSOR JACKSON;PSC;NÃO ELEITO;0
15;8;20444;PROFESSOR JACKSON;PSC;NÃO ELEITO;1
16;8;20444;PROFESSOR JACKSON;PSC;NÃO ELEITO;2
17;8;20444;PROFESSOR JACKSON;PSC;NÃO ELEITO;2
18;8;20444;PROFESSOR JACKSON;PSC;NÃO ELEITO;2
19;8;20444;PROFESSOR JACKSON;PSC;NÃO ELEITO;3
20;8;20444;PROFESSOR JACKSON;PSC;NÃO ELEITO;3
21;8;20444;PROFESSOR JACKSON;PSC;NÃO ELEITO;3
1;8;20500;ROGERIO BAN BAN;PSC;NÃO ELEITO;47
2;8;20500;ROGERIO BAN BAN;PSC;NÃO ELEITO;32
3;8;20500;ROGERIO BAN BAN;PSC;NÃO ELEITO;40
4;8;20500;ROGERIO BAN BAN;PSC;NÃO ELEITO;21
5;8;20500;ROGERIO BAN BAN;PSC;NÃO ELEITO;23
6;8;20500;ROGERIO BAN BAN;PSC;NÃO ELEITO;11
8;8;20500;ROGERIO BAN BAN;PSC;NÃO ELEITO;96
9;8;20500;ROGERIO BAN BAN;PSC;NÃO ELEITO;159
10;8;20500;ROGERIO BAN BAN;PSC;NÃO ELEITO;759
11;8;20500;ROGERIO BAN BAN;PSC;NÃO ELEITO;64
13;8;20500;ROGERIO BAN BAN;PSC;NÃO ELEITO;72
14;8;20500;ROGERIO BAN BAN;PSC;NÃO ELEITO;36
15;8;20500;ROGERIO BAN BAN;PSC;NÃO ELEITO;311
16;8;20500;ROGERIO BAN BAN;PSC;NÃO ELEITO;76
17;8;20500;ROGERIO BAN BAN;PSC;NÃO ELEITO;37
18;8;20500;ROGERIO BAN BAN;PSC;NÃO ELEITO;36
19;8;20500;ROGERIO BAN BAN;PSC;NÃO ELEITO;152
20;8;20500;ROGERIO BAN BAN;PSC;NÃO ELEITO;38
21;8;20500;ROGERIO BAN BAN;PSC;NÃO ELEITO;100
1;8;20777;MARIA DA ADIRPP;PSC;NÃO ELEITO;2
2;8;20777;MARIA DA ADIRPP;PSC;NÃO ELEITO;43
3;8;20777;MARIA DA ADIRPP;PSC;NÃO ELEITO;1
4;8;20777;MARIA DA ADIRPP;PSC;NÃO ELEITO;3
5;8;20777;MARIA DA ADIRPP;PSC;NÃO ELEITO;2
6;8;20777;MARIA DA ADIRPP;PSC;NÃO ELEITO;8
8;8;20777;MARIA DA ADIRPP;PSC;NÃO ELEITO;5
9;8;20777;MARIA DA ADIRPP;PSC;NÃO ELEITO;1
10;8;20777;MARIA DA ADIRPP;PSC;NÃO ELEITO;4
11;8;20777;MARIA DA ADIRPP;PSC;NÃO ELEITO;1
13;8;20777;MARIA DA ADIRPP;PSC;NÃO ELEITO;3
14;8;20777;MARIA DA ADIRPP;PSC;NÃO ELEITO;3
15;8;20777;MARIA DA ADIRPP;PSC;NÃO ELEITO;1
16;8;20777;MARIA DA ADIRPP;PSC;NÃO ELEITO;2
17;8;20777;MARIA DA ADIRPP;PSC;NÃO ELEITO;6
18;8;20777;MARIA DA ADIRPP;PSC;NÃO ELEITO;2
19;8;20777;MARIA DA ADIRPP;PSC;NÃO ELEITO;3
20;8;20777;MARIA DA ADIRPP;PSC;NÃO ELEITO;1
21;8;20777;MARIA DA ADIRPP;PSC;NÃO ELEITO;3
1;8;20789;WASHINGTON BAPTISTA;PSC;NÃO ELEITO;21
2;8;20789;WASHINGTON BAPTISTA;PSC;NÃO ELEITO;18
3;8;20789;WASHINGTON BAPTISTA;PSC;NÃO ELEITO;0
4;8;20789;WASHINGTON BAPTISTA;PSC;NÃO ELEITO;1
5;8;20789;WASHINGTON BAPTISTA;PSC;NÃO ELEITO;82
6;8;20789;WASHINGTON BAPTISTA;PSC;NÃO ELEITO;11
8;8;20789;WASHINGTON BAPTISTA;PSC;NÃO ELEITO;16
9;8;20789;WASHINGTON BAPTISTA;PSC;NÃO ELEITO;10
10;8;20789;WASHINGTON BAPTISTA;PSC;NÃO ELEITO;21
11;8;20789;WASHINGTON BAPTISTA;PSC;NÃO ELEITO;20
13;8;20789;WASHINGTON BAPTISTA;PSC;NÃO ELEITO;9
14;8;20789;WASHINGTON BAPTISTA;PSC;NÃO ELEITO;17
15;8;20789;WASHINGTON BAPTISTA;PSC;NÃO ELEITO;20
16;8;20789;WASHINGTON BAPTISTA;PSC;NÃO ELEITO;13
17;8;20789;WASHINGTON BAPTISTA;PSC;NÃO ELEITO;1
18;8;20789;WASHINGTON BAPTISTA;PSC;NÃO ELEITO;7
19;8;20789;WASHINGTON BAPTISTA;PSC;NÃO ELEITO;11
20;8;20789;WASHINGTON BAPTISTA;PSC;NÃO ELEITO;7
21;8;20789;WASHINGTON BAPTISTA;PSC;NÃO ELEITO;7
1;8;20888;CAPITÃO MEDEIROS;PSC;NÃO ELEITO;19
2;8;20888;CAPITÃO MEDEIROS;PSC;NÃO ELEITO;8
3;8;20888;CAPITÃO MEDEIROS;PSC;NÃO ELEITO;18
4;8;20888;CAPITÃO MEDEIROS;PSC;NÃO ELEITO;17
5;8;20888;CAPITÃO MEDEIROS;PSC;NÃO ELEITO;19
6;8;20888;CAPITÃO MEDEIROS;PSC;NÃO ELEITO;9
8;8;20888;CAPITÃO MEDEIROS;PSC;NÃO ELEITO;60
9;8;20888;CAPITÃO MEDEIROS;PSC;NÃO ELEITO;33
10;8;20888;CAPITÃO MEDEIROS;PSC;NÃO ELEITO;25
11;8;20888;CAPITÃO MEDEIROS;PSC;NÃO ELEITO;23
13;8;20888;CAPITÃO MEDEIROS;PSC;NÃO ELEITO;154
14;8;20888;CAPITÃO MEDEIROS;PSC;NÃO ELEITO;21
15;8;20888;CAPITÃO MEDEIROS;PSC;NÃO ELEITO;45
16;8;20888;CAPITÃO MEDEIROS;PSC;NÃO ELEITO;40
17;8;20888;CAPITÃO MEDEIROS;PSC;NÃO ELEITO;27
18;8;20888;CAPITÃO MEDEIROS;PSC;NÃO ELEITO;13
19;8;20888;CAPITÃO MEDEIROS;PSC;NÃO ELEITO;32
20;8;20888;CAPITÃO MEDEIROS;PSC;NÃO ELEITO;35
21;8;20888;CAPITÃO MEDEIROS;PSC;NÃO ELEITO;48
1;8;22000;JOAQUIM RORIZ NETO;PL;ELEITO POR QP;393
2;8;22000;JOAQUIM RORIZ NETO;PL;ELEITO POR QP;955
3;8;22000;JOAQUIM RORIZ NETO;PL;ELEITO POR QP;751
4;8;22000;JOAQUIM RORIZ NETO;PL;ELEITO POR QP;1546
5;8;22000;JOAQUIM RORIZ NETO;PL;ELEITO POR QP;659
6;8;22000;JOAQUIM RORIZ NETO;PL;ELEITO POR QP;867
8;8;22000;JOAQUIM RORIZ NETO;PL;ELEITO POR QP;1135
9;8;22000;JOAQUIM RORIZ NETO;PL;ELEITO POR QP;916
10;8;22000;JOAQUIM RORIZ NETO;PL;ELEITO POR QP;1182
11;8;22000;JOAQUIM RORIZ NETO;PL;ELEITO POR QP;316
13;8;22000;JOAQUIM RORIZ NETO;PL;ELEITO POR QP;4134
14;8;22000;JOAQUIM RORIZ NETO;PL;ELEITO POR QP;360
15;8;22000;JOAQUIM RORIZ NETO;PL;ELEITO POR QP;1020
16;8;22000;JOAQUIM RORIZ NETO;PL;ELEITO POR QP;1256
17;8;22000;JOAQUIM RORIZ NETO;PL;ELEITO POR QP;996
18;8;22000;JOAQUIM RORIZ NETO;PL;ELEITO POR QP;565
19;8;22000;JOAQUIM RORIZ NETO;PL;ELEITO POR QP;855
20;8;22000;JOAQUIM RORIZ NETO;PL;ELEITO POR QP;647
21;8;22000;JOAQUIM RORIZ NETO;PL;ELEITO POR QP;2504
1;8;22001;FLORIANO AGORA;PL;SUPLENTE;246
2;8;22001;FLORIANO AGORA;PL;SUPLENTE;105
3;8;22001;FLORIANO AGORA;PL;SUPLENTE;36
4;8;22001;FLORIANO AGORA;PL;SUPLENTE;28
5;8;22001;FLORIANO AGORA;PL;SUPLENTE;60
6;8;22001;FLORIANO AGORA;PL;SUPLENTE;45
8;8;22001;FLORIANO AGORA;PL;SUPLENTE;60
9;8;22001;FLORIANO AGORA;PL;SUPLENTE;127
10;8;22001;FLORIANO AGORA;PL;SUPLENTE;156
11;8;22001;FLORIANO AGORA;PL;SUPLENTE;125
13;8;22001;FLORIANO AGORA;PL;SUPLENTE;154
14;8;22001;FLORIANO AGORA;PL;SUPLENTE;211
15;8;22001;FLORIANO AGORA;PL;SUPLENTE;239
16;8;22001;FLORIANO AGORA;PL;SUPLENTE;51
17;8;22001;FLORIANO AGORA;PL;SUPLENTE;28
18;8;22001;FLORIANO AGORA;PL;SUPLENTE;207
19;8;22001;FLORIANO AGORA;PL;SUPLENTE;84
20;8;22001;FLORIANO AGORA;PL;SUPLENTE;44
21;8;22001;FLORIANO AGORA;PL;SUPLENTE;59
1;8;22007;RICARDO CAIAFA;PL;SUPLENTE;155
2;8;22007;RICARDO CAIAFA;PL;SUPLENTE;297
3;8;22007;RICARDO CAIAFA;PL;SUPLENTE;159
4;8;22007;RICARDO CAIAFA;PL;SUPLENTE;232
5;8;22007;RICARDO CAIAFA;PL;SUPLENTE;208
6;8;22007;RICARDO CAIAFA;PL;SUPLENTE;56
8;8;22007;RICARDO CAIAFA;PL;SUPLENTE;153
9;8;22007;RICARDO CAIAFA;PL;SUPLENTE;464
10;8;22007;RICARDO CAIAFA;PL;SUPLENTE;175
11;8;22007;RICARDO CAIAFA;PL;SUPLENTE;93
13;8;22007;RICARDO CAIAFA;PL;SUPLENTE;275
14;8;22007;RICARDO CAIAFA;PL;SUPLENTE;161
15;8;22007;RICARDO CAIAFA;PL;SUPLENTE;229
16;8;22007;RICARDO CAIAFA;PL;SUPLENTE;339
17;8;22007;RICARDO CAIAFA;PL;SUPLENTE;168
18;8;22007;RICARDO CAIAFA;PL;SUPLENTE;225
19;8;22007;RICARDO CAIAFA;PL;SUPLENTE;141
20;8;22007;RICARDO CAIAFA;PL;SUPLENTE;140
21;8;22007;RICARDO CAIAFA;PL;SUPLENTE;209
1;8;22021;FÁTIMA PASSOS;PL;SUPLENTE;77
2;8;22021;FÁTIMA PASSOS;PL;SUPLENTE;6
3;8;22021;FÁTIMA PASSOS;PL;SUPLENTE;11
4;8;22021;FÁTIMA PASSOS;PL;SUPLENTE;7
5;8;22021;FÁTIMA PASSOS;PL;SUPLENTE;10
6;8;22021;FÁTIMA PASSOS;PL;SUPLENTE;2
8;8;22021;FÁTIMA PASSOS;PL;SUPLENTE;9
9;8;22021;FÁTIMA PASSOS;PL;SUPLENTE;42
10;8;22021;FÁTIMA PASSOS;PL;SUPLENTE;17
11;8;22021;FÁTIMA PASSOS;PL;SUPLENTE;6
13;8;22021;FÁTIMA PASSOS;PL;SUPLENTE;3
14;8;22021;FÁTIMA PASSOS;PL;SUPLENTE;17
15;8;22021;FÁTIMA PASSOS;PL;SUPLENTE;55
16;8;22021;FÁTIMA PASSOS;PL;SUPLENTE;20
17;8;22021;FÁTIMA PASSOS;PL;SUPLENTE;6
18;8;22021;FÁTIMA PASSOS;PL;SUPLENTE;25
19;8;22021;FÁTIMA PASSOS;PL;SUPLENTE;12
20;8;22021;FÁTIMA PASSOS;PL;SUPLENTE;7
21;8;22021;FÁTIMA PASSOS;PL;SUPLENTE;6
1;8;22050;MÔNICA ALMEIDA;PL;SUPLENTE;101
2;8;22050;MÔNICA ALMEIDA;PL;SUPLENTE;41
3;8;22050;MÔNICA ALMEIDA;PL;SUPLENTE;18
4;8;22050;MÔNICA ALMEIDA;PL;SUPLENTE;14
5;8;22050;MÔNICA ALMEIDA;PL;SUPLENTE;35
6;8;22050;MÔNICA ALMEIDA;PL;SUPLENTE;9
8;8;22050;MÔNICA ALMEIDA;PL;SUPLENTE;22
9;8;22050;MÔNICA ALMEIDA;PL;SUPLENTE;42
10;8;22050;MÔNICA ALMEIDA;PL;SUPLENTE;37
11;8;22050;MÔNICA ALMEIDA;PL;SUPLENTE;68
13;8;22050;MÔNICA ALMEIDA;PL;SUPLENTE;25
14;8;22050;MÔNICA ALMEIDA;PL;SUPLENTE;140
15;8;22050;MÔNICA ALMEIDA;PL;SUPLENTE;94
16;8;22050;MÔNICA ALMEIDA;PL;SUPLENTE;14
17;8;22050;MÔNICA ALMEIDA;PL;SUPLENTE;6
18;8;22050;MÔNICA ALMEIDA;PL;SUPLENTE;215
19;8;22050;MÔNICA ALMEIDA;PL;SUPLENTE;39
20;8;22050;MÔNICA ALMEIDA;PL;SUPLENTE;11
21;8;22050;MÔNICA ALMEIDA;PL;SUPLENTE;23
1;8;22061;LÉO ÍNDIO BOLSONARO;PL;SUPLENTE;119
2;8;22061;LÉO ÍNDIO BOLSONARO;PL;SUPLENTE;170
3;8;22061;LÉO ÍNDIO BOLSONARO;PL;SUPLENTE;24
4;8;22061;LÉO ÍNDIO BOLSONARO;PL;SUPLENTE;50
5;8;22061;LÉO ÍNDIO BOLSONARO;PL;SUPLENTE;126
6;8;22061;LÉO ÍNDIO BOLSONARO;PL;SUPLENTE;38
8;8;22061;LÉO ÍNDIO BOLSONARO;PL;SUPLENTE;58
9;8;22061;LÉO ÍNDIO BOLSONARO;PL;SUPLENTE;138
10;8;22061;LÉO ÍNDIO BOLSONARO;PL;SUPLENTE;79
11;8;22061;LÉO ÍNDIO BOLSONARO;PL;SUPLENTE;129
13;8;22061;LÉO ÍNDIO BOLSONARO;PL;SUPLENTE;56
14;8;22061;LÉO ÍNDIO BOLSONARO;PL;SUPLENTE;231
15;8;22061;LÉO ÍNDIO BOLSONARO;PL;SUPLENTE;153
16;8;22061;LÉO ÍNDIO BOLSONARO;PL;SUPLENTE;38
17;8;22061;LÉO ÍNDIO BOLSONARO;PL;SUPLENTE;75
18;8;22061;LÉO ÍNDIO BOLSONARO;PL;SUPLENTE;156
19;8;22061;LÉO ÍNDIO BOLSONARO;PL;SUPLENTE;77
20;8;22061;LÉO ÍNDIO BOLSONARO;PL;SUPLENTE;38
21;8;22061;LÉO ÍNDIO BOLSONARO;PL;SUPLENTE;46
1;8;22077;DRA MIRANDA FERREIRA;PL;SUPLENTE;17
2;8;22077;DRA MIRANDA FERREIRA;PL;SUPLENTE;6
3;8;22077;DRA MIRANDA FERREIRA;PL;SUPLENTE;17
4;8;22077;DRA MIRANDA FERREIRA;PL;SUPLENTE;2
5;8;22077;DRA MIRANDA FERREIRA;PL;SUPLENTE;19
6;8;22077;DRA MIRANDA FERREIRA;PL;SUPLENTE;8
8;8;22077;DRA MIRANDA FERREIRA;PL;SUPLENTE;23
9;8;22077;DRA MIRANDA FERREIRA;PL;SUPLENTE;20
10;8;22077;DRA MIRANDA FERREIRA;PL;SUPLENTE;26
11;8;22077;DRA MIRANDA FERREIRA;PL;SUPLENTE;13
13;8;22077;DRA MIRANDA FERREIRA;PL;SUPLENTE;23
14;8;22077;DRA MIRANDA FERREIRA;PL;SUPLENTE;20
15;8;22077;DRA MIRANDA FERREIRA;PL;SUPLENTE;35
16;8;22077;DRA MIRANDA FERREIRA;PL;SUPLENTE;42
17;8;22077;DRA MIRANDA FERREIRA;PL;SUPLENTE;9
18;8;22077;DRA MIRANDA FERREIRA;PL;SUPLENTE;15
19;8;22077;DRA MIRANDA FERREIRA;PL;SUPLENTE;25
20;8;22077;DRA MIRANDA FERREIRA;PL;SUPLENTE;13
21;8;22077;DRA MIRANDA FERREIRA;PL;SUPLENTE;20
1;8;22100;ILDA PELIZ;PL;SUPLENTE;922
2;8;22100;ILDA PELIZ;PL;SUPLENTE;799
3;8;22100;ILDA PELIZ;PL;SUPLENTE;111
4;8;22100;ILDA PELIZ;PL;SUPLENTE;96
5;8;22100;ILDA PELIZ;PL;SUPLENTE;241
6;8;22100;ILDA PELIZ;PL;SUPLENTE;102
8;8;22100;ILDA PELIZ;PL;SUPLENTE;125
9;8;22100;ILDA PELIZ;PL;SUPLENTE;429
10;8;22100;ILDA PELIZ;PL;SUPLENTE;307
11;8;22100;ILDA PELIZ;PL;SUPLENTE;642
13;8;22100;ILDA PELIZ;PL;SUPLENTE;183
14;8;22100;ILDA PELIZ;PL;SUPLENTE;1258
15;8;22100;ILDA PELIZ;PL;SUPLENTE;624
16;8;22100;ILDA PELIZ;PL;SUPLENTE;98
17;8;22100;ILDA PELIZ;PL;SUPLENTE;107
18;8;22100;ILDA PELIZ;PL;SUPLENTE;847
19;8;22100;ILDA PELIZ;PL;SUPLENTE;196
20;8;22100;ILDA PELIZ;PL;SUPLENTE;96
21;8;22100;ILDA PELIZ;PL;SUPLENTE;79
1;8;22111;SARGENTO SANSÃO;PL;SUPLENTE;7
2;8;22111;SARGENTO SANSÃO;PL;SUPLENTE;21
3;8;22111;SARGENTO SANSÃO;PL;SUPLENTE;95
4;8;22111;SARGENTO SANSÃO;PL;SUPLENTE;21
5;8;22111;SARGENTO SANSÃO;PL;SUPLENTE;20
6;8;22111;SARGENTO SANSÃO;PL;SUPLENTE;21
8;8;22111;SARGENTO SANSÃO;PL;SUPLENTE;119
9;8;22111;SARGENTO SANSÃO;PL;SUPLENTE;33
10;8;22111;SARGENTO SANSÃO;PL;SUPLENTE;67
11;8;22111;SARGENTO SANSÃO;PL;SUPLENTE;10
13;8;22111;SARGENTO SANSÃO;PL;SUPLENTE;91
14;8;22111;SARGENTO SANSÃO;PL;SUPLENTE;12
15;8;22111;SARGENTO SANSÃO;PL;SUPLENTE;104
16;8;22111;SARGENTO SANSÃO;PL;SUPLENTE;98
17;8;22111;SARGENTO SANSÃO;PL;SUPLENTE;29
18;8;22111;SARGENTO SANSÃO;PL;SUPLENTE;4
19;8;22111;SARGENTO SANSÃO;PL;SUPLENTE;103
20;8;22111;SARGENTO SANSÃO;PL;SUPLENTE;65
21;8;22111;SARGENTO SANSÃO;PL;SUPLENTE;54
1;8;22122;BISPO RENATO;PL;SUPLENTE;164
2;8;22122;BISPO RENATO;PL;SUPLENTE;132
3;8;22122;BISPO RENATO;PL;SUPLENTE;1331
4;8;22122;BISPO RENATO;PL;SUPLENTE;322
5;8;22122;BISPO RENATO;PL;SUPLENTE;244
6;8;22122;BISPO RENATO;PL;SUPLENTE;158
8;8;22122;BISPO RENATO;PL;SUPLENTE;1818
9;8;22122;BISPO RENATO;PL;SUPLENTE;425
10;8;22122;BISPO RENATO;PL;SUPLENTE;524
11;8;22122;BISPO RENATO;PL;SUPLENTE;185
13;8;22122;BISPO RENATO;PL;SUPLENTE;1432
14;8;22122;BISPO RENATO;PL;SUPLENTE;230
15;8;22122;BISPO RENATO;PL;SUPLENTE;1480
16;8;22122;BISPO RENATO;PL;SUPLENTE;1245
17;8;22122;BISPO RENATO;PL;SUPLENTE;477
18;8;22122;BISPO RENATO;PL;SUPLENTE;210
19;8;22122;BISPO RENATO;PL;SUPLENTE;1784
20;8;22122;BISPO RENATO;PL;SUPLENTE;820
21;8;22122;BISPO RENATO;PL;SUPLENTE;995
1;8;22123;AGACIEL MAIA;PL;SUPLENTE;632
2;8;22123;AGACIEL MAIA;PL;SUPLENTE;725
3;8;22123;AGACIEL MAIA;PL;SUPLENTE;496
4;8;22123;AGACIEL MAIA;PL;SUPLENTE;574
5;8;22123;AGACIEL MAIA;PL;SUPLENTE;1859
6;8;22123;AGACIEL MAIA;PL;SUPLENTE;1236
8;8;22123;AGACIEL MAIA;PL;SUPLENTE;756
9;8;22123;AGACIEL MAIA;PL;SUPLENTE;1266
10;8;22123;AGACIEL MAIA;PL;SUPLENTE;1177
11;8;22123;AGACIEL MAIA;PL;SUPLENTE;584
13;8;22123;AGACIEL MAIA;PL;SUPLENTE;727
14;8;22123;AGACIEL MAIA;PL;SUPLENTE;739
15;8;22123;AGACIEL MAIA;PL;SUPLENTE;1212
16;8;22123;AGACIEL MAIA;PL;SUPLENTE;1016
17;8;22123;AGACIEL MAIA;PL;SUPLENTE;1333
18;8;22123;AGACIEL MAIA;PL;SUPLENTE;1407
19;8;22123;AGACIEL MAIA;PL;SUPLENTE;802
20;8;22123;AGACIEL MAIA;PL;SUPLENTE;514
21;8;22123;AGACIEL MAIA;PL;SUPLENTE;638
1;8;22150;PR. ANDERSON SILVA;PL;SUPLENTE;168
2;8;22150;PR. ANDERSON SILVA;PL;SUPLENTE;229
3;8;22150;PR. ANDERSON SILVA;PL;SUPLENTE;425
4;8;22150;PR. ANDERSON SILVA;PL;SUPLENTE;275
5;8;22150;PR. ANDERSON SILVA;PL;SUPLENTE;379
6;8;22150;PR. ANDERSON SILVA;PL;SUPLENTE;153
8;8;22150;PR. ANDERSON SILVA;PL;SUPLENTE;608
9;8;22150;PR. ANDERSON SILVA;PL;SUPLENTE;592
10;8;22150;PR. ANDERSON SILVA;PL;SUPLENTE;646
11;8;22150;PR. ANDERSON SILVA;PL;SUPLENTE;263
13;8;22150;PR. ANDERSON SILVA;PL;SUPLENTE;1088
14;8;22150;PR. ANDERSON SILVA;PL;SUPLENTE;196
15;8;22150;PR. ANDERSON SILVA;PL;SUPLENTE;1089
16;8;22150;PR. ANDERSON SILVA;PL;SUPLENTE;509
17;8;22150;PR. ANDERSON SILVA;PL;SUPLENTE;479
18;8;22150;PR. ANDERSON SILVA;PL;SUPLENTE;184
19;8;22150;PR. ANDERSON SILVA;PL;SUPLENTE;741
20;8;22150;PR. ANDERSON SILVA;PL;SUPLENTE;426
21;8;22150;PR. ANDERSON SILVA;PL;SUPLENTE;617
1;8;22193;ROOSEVELT VILELA;PL;ELEITO POR MÉDIA;604
2;8;22193;ROOSEVELT VILELA;PL;ELEITO POR MÉDIA;403
3;8;22193;ROOSEVELT VILELA;PL;ELEITO POR MÉDIA;1153
4;8;22193;ROOSEVELT VILELA;PL;ELEITO POR MÉDIA;716
5;8;22193;ROOSEVELT VILELA;PL;ELEITO POR MÉDIA;872
6;8;22193;ROOSEVELT VILELA;PL;ELEITO POR MÉDIA;570
8;8;22193;ROOSEVELT VILELA;PL;ELEITO POR MÉDIA;1517
9;8;22193;ROOSEVELT VILELA;PL;ELEITO POR MÉDIA;1600
10;8;22193;ROOSEVELT VILELA;PL;ELEITO POR MÉDIA;1798
11;8;22193;ROOSEVELT VILELA;PL;ELEITO POR MÉDIA;618
13;8;22193;ROOSEVELT VILELA;PL;ELEITO POR MÉDIA;1189
14;8;22193;ROOSEVELT VILELA;PL;ELEITO POR MÉDIA;677
15;8;22193;ROOSEVELT VILELA;PL;ELEITO POR MÉDIA;1852
16;8;22193;ROOSEVELT VILELA;PL;ELEITO POR MÉDIA;1270
17;8;22193;ROOSEVELT VILELA;PL;ELEITO POR MÉDIA;1516
18;8;22193;ROOSEVELT VILELA;PL;ELEITO POR MÉDIA;677
19;8;22193;ROOSEVELT VILELA;PL;ELEITO POR MÉDIA;1484
20;8;22193;ROOSEVELT VILELA;PL;ELEITO POR MÉDIA;1027
21;8;22193;ROOSEVELT VILELA;PL;ELEITO POR MÉDIA;680
1;8;22200;SARDINHA;PL;SUPLENTE;658
2;8;22200;SARDINHA;PL;SUPLENTE;909
3;8;22200;SARDINHA;PL;SUPLENTE;388
4;8;22200;SARDINHA;PL;SUPLENTE;355
5;8;22200;SARDINHA;PL;SUPLENTE;523
6;8;22200;SARDINHA;PL;SUPLENTE;875
8;8;22200;SARDINHA;PL;SUPLENTE;749
9;8;22200;SARDINHA;PL;SUPLENTE;1240
10;8;22200;SARDINHA;PL;SUPLENTE;805
11;8;22200;SARDINHA;PL;SUPLENTE;4395
13;8;22200;SARDINHA;PL;SUPLENTE;758
14;8;22200;SARDINHA;PL;SUPLENTE;868
15;8;22200;SARDINHA;PL;SUPLENTE;1362
16;8;22200;SARDINHA;PL;SUPLENTE;1450
17;8;22200;SARDINHA;PL;SUPLENTE;786
18;8;22200;SARDINHA;PL;SUPLENTE;2268
19;8;22200;SARDINHA;PL;SUPLENTE;905
20;8;22200;SARDINHA;PL;SUPLENTE;359
21;8;22200;SARDINHA;PL;SUPLENTE;454
1;8;22222;DANIEL DONIZET;PL;ELEITO POR QP;1113
2;8;22222;DANIEL DONIZET;PL;ELEITO POR QP;867
3;8;22222;DANIEL DONIZET;PL;ELEITO POR QP;976
4;8;22222;DANIEL DONIZET;PL;ELEITO POR QP;1502
5;8;22222;DANIEL DONIZET;PL;ELEITO POR QP;1279
6;8;22222;DANIEL DONIZET;PL;ELEITO POR QP;866
8;8;22222;DANIEL DONIZET;PL;ELEITO POR QP;1642
9;8;22222;DANIEL DONIZET;PL;ELEITO POR QP;1813
10;8;22222;DANIEL DONIZET;PL;ELEITO POR QP;1712
11;8;22222;DANIEL DONIZET;PL;ELEITO POR QP;1270
13;8;22222;DANIEL DONIZET;PL;ELEITO POR QP;1538
14;8;22222;DANIEL DONIZET;PL;ELEITO POR QP;1509
15;8;22222;DANIEL DONIZET;PL;ELEITO POR QP;2548
16;8;22222;DANIEL DONIZET;PL;ELEITO POR QP;1373
17;8;22222;DANIEL DONIZET;PL;ELEITO POR QP;8484
18;8;22222;DANIEL DONIZET;PL;ELEITO POR QP;1211
19;8;22222;DANIEL DONIZET;PL;ELEITO POR QP;1666
20;8;22222;DANIEL DONIZET;PL;ELEITO POR QP;977
21;8;22222;DANIEL DONIZET;PL;ELEITO POR QP;1227
1;8;22321;MISSIONÁRIA CELINA;PL;SUPLENTE;11
2;8;22321;MISSIONÁRIA CELINA;PL;SUPLENTE;64
3;8;22321;MISSIONÁRIA CELINA;PL;SUPLENTE;39
4;8;22321;MISSIONÁRIA CELINA;PL;SUPLENTE;19
5;8;22321;MISSIONÁRIA CELINA;PL;SUPLENTE;342
6;8;22321;MISSIONÁRIA CELINA;PL;SUPLENTE;129
8;8;22321;MISSIONÁRIA CELINA;PL;SUPLENTE;14
9;8;22321;MISSIONÁRIA CELINA;PL;SUPLENTE;41
10;8;22321;MISSIONÁRIA CELINA;PL;SUPLENTE;54
11;8;22321;MISSIONÁRIA CELINA;PL;SUPLENTE;36
13;8;22321;MISSIONÁRIA CELINA;PL;SUPLENTE;50
14;8;22321;MISSIONÁRIA CELINA;PL;SUPLENTE;70
15;8;22321;MISSIONÁRIA CELINA;PL;SUPLENTE;55
16;8;22321;MISSIONÁRIA CELINA;PL;SUPLENTE;49
17;8;22321;MISSIONÁRIA CELINA;PL;SUPLENTE;23
18;8;22321;MISSIONÁRIA CELINA;PL;SUPLENTE;38
19;8;22321;MISSIONÁRIA CELINA;PL;SUPLENTE;43
20;8;22321;MISSIONÁRIA CELINA;PL;SUPLENTE;15
21;8;22321;MISSIONÁRIA CELINA;PL;SUPLENTE;44
1;8;22322;THIAGO MANZONI;PL;ELEITO POR QP;2729
2;8;22322;THIAGO MANZONI;PL;ELEITO POR QP;1429
3;8;22322;THIAGO MANZONI;PL;ELEITO POR QP;552
4;8;22322;THIAGO MANZONI;PL;ELEITO POR QP;363
5;8;22322;THIAGO MANZONI;PL;ELEITO POR QP;1188
6;8;22322;THIAGO MANZONI;PL;ELEITO POR QP;348
8;8;22322;THIAGO MANZONI;PL;ELEITO POR QP;613
9;8;22322;THIAGO MANZONI;PL;ELEITO POR QP;1786
10;8;22322;THIAGO MANZONI;PL;ELEITO POR QP;1157
11;8;22322;THIAGO MANZONI;PL;ELEITO POR QP;2211
13;8;22322;THIAGO MANZONI;PL;ELEITO POR QP;712
14;8;22322;THIAGO MANZONI;PL;ELEITO POR QP;4015
15;8;22322;THIAGO MANZONI;PL;ELEITO POR QP;2900
16;8;22322;THIAGO MANZONI;PL;ELEITO POR QP;451
17;8;22322;THIAGO MANZONI;PL;ELEITO POR QP;485
18;8;22322;THIAGO MANZONI;PL;ELEITO POR QP;2669
19;8;22322;THIAGO MANZONI;PL;ELEITO POR QP;1086
20;8;22322;THIAGO MANZONI;PL;ELEITO POR QP;388
21;8;22322;THIAGO MANZONI;PL;ELEITO POR QP;472
1;8;22333;OSCAR REIS;PL;SUPLENTE;50
2;8;22333;OSCAR REIS;PL;SUPLENTE;41
3;8;22333;OSCAR REIS;PL;SUPLENTE;20
4;8;22333;OSCAR REIS;PL;SUPLENTE;15
5;8;22333;OSCAR REIS;PL;SUPLENTE;25
6;8;22333;OSCAR REIS;PL;SUPLENTE;11
8;8;22333;OSCAR REIS;PL;SUPLENTE;15
9;8;22333;OSCAR REIS;PL;SUPLENTE;54
10;8;22333;OSCAR REIS;PL;SUPLENTE;50
11;8;22333;OSCAR REIS;PL;SUPLENTE;20
13;8;22333;OSCAR REIS;PL;SUPLENTE;18
14;8;22333;OSCAR REIS;PL;SUPLENTE;36
15;8;22333;OSCAR REIS;PL;SUPLENTE;44
16;8;22333;OSCAR REIS;PL;SUPLENTE;54
17;8;22333;OSCAR REIS;PL;SUPLENTE;29
18;8;22333;OSCAR REIS;PL;SUPLENTE;37
19;8;22333;OSCAR REIS;PL;SUPLENTE;33
20;8;22333;OSCAR REIS;PL;SUPLENTE;12
21;8;22333;OSCAR REIS;PL;SUPLENTE;8
1;8;22345;WESLEY SANTOS;PL;SUPLENTE;180
2;8;22345;WESLEY SANTOS;PL;SUPLENTE;178
3;8;22345;WESLEY SANTOS;PL;SUPLENTE;64
4;8;22345;WESLEY SANTOS;PL;SUPLENTE;44
5;8;22345;WESLEY SANTOS;PL;SUPLENTE;106
6;8;22345;WESLEY SANTOS;PL;SUPLENTE;46
8;8;22345;WESLEY SANTOS;PL;SUPLENTE;166
9;8;22345;WESLEY SANTOS;PL;SUPLENTE;161
10;8;22345;WESLEY SANTOS;PL;SUPLENTE;192
11;8;22345;WESLEY SANTOS;PL;SUPLENTE;163
13;8;22345;WESLEY SANTOS;PL;SUPLENTE;154
14;8;22345;WESLEY SANTOS;PL;SUPLENTE;197
15;8;22345;WESLEY SANTOS;PL;SUPLENTE;206
16;8;22345;WESLEY SANTOS;PL;SUPLENTE;95
17;8;22345;WESLEY SANTOS;PL;SUPLENTE;50
18;8;22345;WESLEY SANTOS;PL;SUPLENTE;91
19;8;22345;WESLEY SANTOS;PL;SUPLENTE;121
20;8;22345;WESLEY SANTOS;PL;SUPLENTE;31
21;8;22345;WESLEY SANTOS;PL;SUPLENTE;95
1;8;22357;ANDREA QUADROS;PL;SUPLENTE;99
2;8;22357;ANDREA QUADROS;PL;SUPLENTE;57
3;8;22357;ANDREA QUADROS;PL;SUPLENTE;57
4;8;22357;ANDREA QUADROS;PL;SUPLENTE;39
5;8;22357;ANDREA QUADROS;PL;SUPLENTE;46
6;8;22357;ANDREA QUADROS;PL;SUPLENTE;23
8;8;22357;ANDREA QUADROS;PL;SUPLENTE;89
9;8;22357;ANDREA QUADROS;PL;SUPLENTE;104
10;8;22357;ANDREA QUADROS;PL;SUPLENTE;90
11;8;22357;ANDREA QUADROS;PL;SUPLENTE;74
13;8;22357;ANDREA QUADROS;PL;SUPLENTE;77
14;8;22357;ANDREA QUADROS;PL;SUPLENTE;121
15;8;22357;ANDREA QUADROS;PL;SUPLENTE;379
16;8;22357;ANDREA QUADROS;PL;SUPLENTE;51
17;8;22357;ANDREA QUADROS;PL;SUPLENTE;40
18;8;22357;ANDREA QUADROS;PL;SUPLENTE;80
19;8;22357;ANDREA QUADROS;PL;SUPLENTE;90
20;8;22357;ANDREA QUADROS;PL;SUPLENTE;119
21;8;22357;ANDREA QUADROS;PL;SUPLENTE;46
1;8;22373;INÊS ARMAND;PL;SUPLENTE;3
2;8;22373;INÊS ARMAND;PL;SUPLENTE;2
3;8;22373;INÊS ARMAND;PL;SUPLENTE;17
4;8;22373;INÊS ARMAND;PL;SUPLENTE;4
5;8;22373;INÊS ARMAND;PL;SUPLENTE;4
6;8;22373;INÊS ARMAND;PL;SUPLENTE;1
8;8;22373;INÊS ARMAND;PL;SUPLENTE;19
9;8;22373;INÊS ARMAND;PL;SUPLENTE;2
10;8;22373;INÊS ARMAND;PL;SUPLENTE;16
11;8;22373;INÊS ARMAND;PL;SUPLENTE;7
13;8;22373;INÊS ARMAND;PL;SUPLENTE;27
14;8;22373;INÊS ARMAND;PL;SUPLENTE;13
15;8;22373;INÊS ARMAND;PL;SUPLENTE;33
16;8;22373;INÊS ARMAND;PL;SUPLENTE;18
17;8;22373;INÊS ARMAND;PL;SUPLENTE;8
18;8;22373;INÊS ARMAND;PL;SUPLENTE;5
19;8;22373;INÊS ARMAND;PL;SUPLENTE;12
20;8;22373;INÊS ARMAND;PL;SUPLENTE;11
21;8;22373;INÊS ARMAND;PL;SUPLENTE;45
1;8;22389;COMANDANTE GENILSON;PL;SUPLENTE;80
2;8;22389;COMANDANTE GENILSON;PL;SUPLENTE;98
3;8;22389;COMANDANTE GENILSON;PL;SUPLENTE;46
4;8;22389;COMANDANTE GENILSON;PL;SUPLENTE;38
5;8;22389;COMANDANTE GENILSON;PL;SUPLENTE;350
6;8;22389;COMANDANTE GENILSON;PL;SUPLENTE;4667
8;8;22389;COMANDANTE GENILSON;PL;SUPLENTE;82
9;8;22389;COMANDANTE GENILSON;PL;SUPLENTE;129
10;8;22389;COMANDANTE GENILSON;PL;SUPLENTE;80
11;8;22389;COMANDANTE GENILSON;PL;SUPLENTE;110
13;8;22389;COMANDANTE GENILSON;PL;SUPLENTE;47
14;8;22389;COMANDANTE GENILSON;PL;SUPLENTE;150
15;8;22389;COMANDANTE GENILSON;PL;SUPLENTE;210
16;8;22389;COMANDANTE GENILSON;PL;SUPLENTE;59
17;8;22389;COMANDANTE GENILSON;PL;SUPLENTE;52
18;8;22389;COMANDANTE GENILSON;PL;SUPLENTE;109
19;8;22389;COMANDANTE GENILSON;PL;SUPLENTE;106
20;8;22389;COMANDANTE GENILSON;PL;SUPLENTE;50
21;8;22389;COMANDANTE GENILSON;PL;SUPLENTE;26
1;8;22631;ELAINE OLIVEIRA;PL;SUPLENTE;30
2;8;22631;ELAINE OLIVEIRA;PL;SUPLENTE;18
3;8;22631;ELAINE OLIVEIRA;PL;SUPLENTE;24
4;8;22631;ELAINE OLIVEIRA;PL;SUPLENTE;12
5;8;22631;ELAINE OLIVEIRA;PL;SUPLENTE;36
6;8;22631;ELAINE OLIVEIRA;PL;SUPLENTE;5
8;8;22631;ELAINE OLIVEIRA;PL;SUPLENTE;22
9;8;22631;ELAINE OLIVEIRA;PL;SUPLENTE;40
10;8;22631;ELAINE OLIVEIRA;PL;SUPLENTE;27
11;8;22631;ELAINE OLIVEIRA;PL;SUPLENTE;25
13;8;22631;ELAINE OLIVEIRA;PL;SUPLENTE;28
14;8;22631;ELAINE OLIVEIRA;PL;SUPLENTE;31
15;8;22631;ELAINE OLIVEIRA;PL;SUPLENTE;51
16;8;22631;ELAINE OLIVEIRA;PL;SUPLENTE;26
17;8;22631;ELAINE OLIVEIRA;PL;SUPLENTE;16
18;8;22631;ELAINE OLIVEIRA;PL;SUPLENTE;20
19;8;22631;ELAINE OLIVEIRA;PL;SUPLENTE;50
20;8;22631;ELAINE OLIVEIRA;PL;SUPLENTE;13
21;8;22631;ELAINE OLIVEIRA;PL;SUPLENTE;28
1;8;22633;GERALDO NASCIMENTO;PL;SUPLENTE;48
2;8;22633;GERALDO NASCIMENTO;PL;SUPLENTE;12
3;8;22633;GERALDO NASCIMENTO;PL;SUPLENTE;15
4;8;22633;GERALDO NASCIMENTO;PL;SUPLENTE;11
5;8;22633;GERALDO NASCIMENTO;PL;SUPLENTE;21
6;8;22633;GERALDO NASCIMENTO;PL;SUPLENTE;3
8;8;22633;GERALDO NASCIMENTO;PL;SUPLENTE;12
9;8;22633;GERALDO NASCIMENTO;PL;SUPLENTE;143
10;8;22633;GERALDO NASCIMENTO;PL;SUPLENTE;40
11;8;22633;GERALDO NASCIMENTO;PL;SUPLENTE;48
13;8;22633;GERALDO NASCIMENTO;PL;SUPLENTE;36
14;8;22633;GERALDO NASCIMENTO;PL;SUPLENTE;35
15;8;22633;GERALDO NASCIMENTO;PL;SUPLENTE;112
16;8;22633;GERALDO NASCIMENTO;PL;SUPLENTE;10
17;8;22633;GERALDO NASCIMENTO;PL;SUPLENTE;10
18;8;22633;GERALDO NASCIMENTO;PL;SUPLENTE;44
19;8;22633;GERALDO NASCIMENTO;PL;SUPLENTE;89
20;8;22633;GERALDO NASCIMENTO;PL;SUPLENTE;18
21;8;22633;GERALDO NASCIMENTO;PL;SUPLENTE;16
1;8;22777;EDUARDO TORRES;PL;SUPLENTE;1367
2;8;22777;EDUARDO TORRES;PL;SUPLENTE;654
3;8;22777;EDUARDO TORRES;PL;SUPLENTE;504
4;8;22777;EDUARDO TORRES;PL;SUPLENTE;488
5;8;22777;EDUARDO TORRES;PL;SUPLENTE;802
6;8;22777;EDUARDO TORRES;PL;SUPLENTE;396
8;8;22777;EDUARDO TORRES;PL;SUPLENTE;925
9;8;22777;EDUARDO TORRES;PL;SUPLENTE;1396
10;8;22777;EDUARDO TORRES;PL;SUPLENTE;898
11;8;22777;EDUARDO TORRES;PL;SUPLENTE;1073
13;8;22777;EDUARDO TORRES;PL;SUPLENTE;800
14;8;22777;EDUARDO TORRES;PL;SUPLENTE;1732
15;8;22777;EDUARDO TORRES;PL;SUPLENTE;1853
16;8;22777;EDUARDO TORRES;PL;SUPLENTE;612
17;8;22777;EDUARDO TORRES;PL;SUPLENTE;511
18;8;22777;EDUARDO TORRES;PL;SUPLENTE;998
19;8;22777;EDUARDO TORRES;PL;SUPLENTE;981
20;8;22777;EDUARDO TORRES;PL;SUPLENTE;503
21;8;22777;EDUARDO TORRES;PL;SUPLENTE;497
1;8;23000;LÉO MATOS;CIDADANIA;SUPLENTE;56
2;8;23000;LÉO MATOS;CIDADANIA;SUPLENTE;39
3;8;23000;LÉO MATOS;CIDADANIA;SUPLENTE;155
4;8;23000;LÉO MATOS;CIDADANIA;SUPLENTE;78
5;8;23000;LÉO MATOS;CIDADANIA;SUPLENTE;77
6;8;23000;LÉO MATOS;CIDADANIA;SUPLENTE;39
8;8;23000;LÉO MATOS;CIDADANIA;SUPLENTE;425
9;8;23000;LÉO MATOS;CIDADANIA;SUPLENTE;130
10;8;23000;LÉO MATOS;CIDADANIA;SUPLENTE;152
11;8;23000;LÉO MATOS;CIDADANIA;SUPLENTE;76
13;8;23000;LÉO MATOS;CIDADANIA;SUPLENTE;209
14;8;23000;LÉO MATOS;CIDADANIA;SUPLENTE;86
15;8;23000;LÉO MATOS;CIDADANIA;SUPLENTE;353
16;8;23000;LÉO MATOS;CIDADANIA;SUPLENTE;205
17;8;23000;LÉO MATOS;CIDADANIA;SUPLENTE;145
18;8;23000;LÉO MATOS;CIDADANIA;SUPLENTE;68
19;8;23000;LÉO MATOS;CIDADANIA;SUPLENTE;273
20;8;23000;LÉO MATOS;CIDADANIA;SUPLENTE;176
21;8;23000;LÉO MATOS;CIDADANIA;SUPLENTE;127
1;8;23005;ROSINHA VIVEIROS;CIDADANIA;SUPLENTE;0
2;8;23005;ROSINHA VIVEIROS;CIDADANIA;SUPLENTE;0
3;8;23005;ROSINHA VIVEIROS;CIDADANIA;SUPLENTE;1
4;8;23005;ROSINHA VIVEIROS;CIDADANIA;SUPLENTE;0
5;8;23005;ROSINHA VIVEIROS;CIDADANIA;SUPLENTE;42
6;8;23005;ROSINHA VIVEIROS;CIDADANIA;SUPLENTE;3
8;8;23005;ROSINHA VIVEIROS;CIDADANIA;SUPLENTE;0
9;8;23005;ROSINHA VIVEIROS;CIDADANIA;SUPLENTE;0
10;8;23005;ROSINHA VIVEIROS;CIDADANIA;SUPLENTE;2
11;8;23005;ROSINHA VIVEIROS;CIDADANIA;SUPLENTE;0
13;8;23005;ROSINHA VIVEIROS;CIDADANIA;SUPLENTE;0
14;8;23005;ROSINHA VIVEIROS;CIDADANIA;SUPLENTE;0
15;8;23005;ROSINHA VIVEIROS;CIDADANIA;SUPLENTE;1
16;8;23005;ROSINHA VIVEIROS;CIDADANIA;SUPLENTE;1
17;8;23005;ROSINHA VIVEIROS;CIDADANIA;SUPLENTE;0
18;8;23005;ROSINHA VIVEIROS;CIDADANIA;SUPLENTE;4
19;8;23005;ROSINHA VIVEIROS;CIDADANIA;SUPLENTE;2
20;8;23005;ROSINHA VIVEIROS;CIDADANIA;SUPLENTE;0
21;8;23005;ROSINHA VIVEIROS;CIDADANIA;SUPLENTE;5
1;8;23023;EUGENIO MAGALHÃES;CIDADANIA;SUPLENTE;3
2;8;23023;EUGENIO MAGALHÃES;CIDADANIA;SUPLENTE;9
3;8;23023;EUGENIO MAGALHÃES;CIDADANIA;SUPLENTE;3
4;8;23023;EUGENIO MAGALHÃES;CIDADANIA;SUPLENTE;5
5;8;23023;EUGENIO MAGALHÃES;CIDADANIA;SUPLENTE;9
6;8;23023;EUGENIO MAGALHÃES;CIDADANIA;SUPLENTE;274
8;8;23023;EUGENIO MAGALHÃES;CIDADANIA;SUPLENTE;9
9;8;23023;EUGENIO MAGALHÃES;CIDADANIA;SUPLENTE;21
10;8;23023;EUGENIO MAGALHÃES;CIDADANIA;SUPLENTE;5
11;8;23023;EUGENIO MAGALHÃES;CIDADANIA;SUPLENTE;0
13;8;23023;EUGENIO MAGALHÃES;CIDADANIA;SUPLENTE;4
14;8;23023;EUGENIO MAGALHÃES;CIDADANIA;SUPLENTE;3
15;8;23023;EUGENIO MAGALHÃES;CIDADANIA;SUPLENTE;4
16;8;23023;EUGENIO MAGALHÃES;CIDADANIA;SUPLENTE;8
17;8;23023;EUGENIO MAGALHÃES;CIDADANIA;SUPLENTE;4
18;8;23023;EUGENIO MAGALHÃES;CIDADANIA;SUPLENTE;2
19;8;23023;EUGENIO MAGALHÃES;CIDADANIA;SUPLENTE;8
20;8;23023;EUGENIO MAGALHÃES;CIDADANIA;SUPLENTE;7
21;8;23023;EUGENIO MAGALHÃES;CIDADANIA;SUPLENTE;4
1;8;23100;JONATHAN COUTO;CIDADANIA;SUPLENTE;9
2;8;23100;JONATHAN COUTO;CIDADANIA;SUPLENTE;32
3;8;23100;JONATHAN COUTO;CIDADANIA;SUPLENTE;10
4;8;23100;JONATHAN COUTO;CIDADANIA;SUPLENTE;8
5;8;23100;JONATHAN COUTO;CIDADANIA;SUPLENTE;11
6;8;23100;JONATHAN COUTO;CIDADANIA;SUPLENTE;19
8;8;23100;JONATHAN COUTO;CIDADANIA;SUPLENTE;18
9;8;23100;JONATHAN COUTO;CIDADANIA;SUPLENTE;13
10;8;23100;JONATHAN COUTO;CIDADANIA;SUPLENTE;12
11;8;23100;JONATHAN COUTO;CIDADANIA;SUPLENTE;14
13;8;23100;JONATHAN COUTO;CIDADANIA;SUPLENTE;16
14;8;23100;JONATHAN COUTO;CIDADANIA;SUPLENTE;24
15;8;23100;JONATHAN COUTO;CIDADANIA;SUPLENTE;14
16;8;23100;JONATHAN COUTO;CIDADANIA;SUPLENTE;9
17;8;23100;JONATHAN COUTO;CIDADANIA;SUPLENTE;17
18;8;23100;JONATHAN COUTO;CIDADANIA;SUPLENTE;1283
19;8;23100;JONATHAN COUTO;CIDADANIA;SUPLENTE;9
20;8;23100;JONATHAN COUTO;CIDADANIA;SUPLENTE;11
21;8;23100;JONATHAN COUTO;CIDADANIA;SUPLENTE;17
1;8;23111;MARIANA DE PAULA;CIDADANIA;SUPLENTE;9
2;8;23111;MARIANA DE PAULA;CIDADANIA;SUPLENTE;6
3;8;23111;MARIANA DE PAULA;CIDADANIA;SUPLENTE;3
4;8;23111;MARIANA DE PAULA;CIDADANIA;SUPLENTE;1
5;8;23111;MARIANA DE PAULA;CIDADANIA;SUPLENTE;6
6;8;23111;MARIANA DE PAULA;CIDADANIA;SUPLENTE;2
8;8;23111;MARIANA DE PAULA;CIDADANIA;SUPLENTE;13
9;8;23111;MARIANA DE PAULA;CIDADANIA;SUPLENTE;15
10;8;23111;MARIANA DE PAULA;CIDADANIA;SUPLENTE;10
11;8;23111;MARIANA DE PAULA;CIDADANIA;SUPLENTE;6
13;8;23111;MARIANA DE PAULA;CIDADANIA;SUPLENTE;6
14;8;23111;MARIANA DE PAULA;CIDADANIA;SUPLENTE;4
15;8;23111;MARIANA DE PAULA;CIDADANIA;SUPLENTE;29
16;8;23111;MARIANA DE PAULA;CIDADANIA;SUPLENTE;9
17;8;23111;MARIANA DE PAULA;CIDADANIA;SUPLENTE;6
18;8;23111;MARIANA DE PAULA;CIDADANIA;SUPLENTE;2
19;8;23111;MARIANA DE PAULA;CIDADANIA;SUPLENTE;11
20;8;23111;MARIANA DE PAULA;CIDADANIA;SUPLENTE;3
21;8;23111;MARIANA DE PAULA;CIDADANIA;SUPLENTE;8
1;8;23122;EUCLIDES PAPIROS;CIDADANIA;SUPLENTE;39
2;8;23122;EUCLIDES PAPIROS;CIDADANIA;SUPLENTE;11
3;8;23122;EUCLIDES PAPIROS;CIDADANIA;SUPLENTE;5
4;8;23122;EUCLIDES PAPIROS;CIDADANIA;SUPLENTE;7
5;8;23122;EUCLIDES PAPIROS;CIDADANIA;SUPLENTE;18
6;8;23122;EUCLIDES PAPIROS;CIDADANIA;SUPLENTE;30
8;8;23122;EUCLIDES PAPIROS;CIDADANIA;SUPLENTE;10
9;8;23122;EUCLIDES PAPIROS;CIDADANIA;SUPLENTE;22
10;8;23122;EUCLIDES PAPIROS;CIDADANIA;SUPLENTE;16
11;8;23122;EUCLIDES PAPIROS;CIDADANIA;SUPLENTE;7
13;8;23122;EUCLIDES PAPIROS;CIDADANIA;SUPLENTE;27
14;8;23122;EUCLIDES PAPIROS;CIDADANIA;SUPLENTE;22
15;8;23122;EUCLIDES PAPIROS;CIDADANIA;SUPLENTE;16
16;8;23122;EUCLIDES PAPIROS;CIDADANIA;SUPLENTE;19
17;8;23122;EUCLIDES PAPIROS;CIDADANIA;SUPLENTE;15
18;8;23122;EUCLIDES PAPIROS;CIDADANIA;SUPLENTE;20
19;8;23122;EUCLIDES PAPIROS;CIDADANIA;SUPLENTE;13
20;8;23122;EUCLIDES PAPIROS;CIDADANIA;SUPLENTE;15
21;8;23122;EUCLIDES PAPIROS;CIDADANIA;SUPLENTE;29
1;8;23123;CLAUDECI LUART;CIDADANIA;SUPLENTE;60
2;8;23123;CLAUDECI LUART;CIDADANIA;SUPLENTE;163
3;8;23123;CLAUDECI LUART;CIDADANIA;SUPLENTE;272
4;8;23123;CLAUDECI LUART;CIDADANIA;SUPLENTE;225
5;8;23123;CLAUDECI LUART;CIDADANIA;SUPLENTE;99
6;8;23123;CLAUDECI LUART;CIDADANIA;SUPLENTE;227
8;8;23123;CLAUDECI LUART;CIDADANIA;SUPLENTE;630
9;8;23123;CLAUDECI LUART;CIDADANIA;SUPLENTE;270
10;8;23123;CLAUDECI LUART;CIDADANIA;SUPLENTE;367
11;8;23123;CLAUDECI LUART;CIDADANIA;SUPLENTE;51
13;8;23123;CLAUDECI LUART;CIDADANIA;SUPLENTE;1452
14;8;23123;CLAUDECI LUART;CIDADANIA;SUPLENTE;55
15;8;23123;CLAUDECI LUART;CIDADANIA;SUPLENTE;405
16;8;23123;CLAUDECI LUART;CIDADANIA;SUPLENTE;632
17;8;23123;CLAUDECI LUART;CIDADANIA;SUPLENTE;238
18;8;23123;CLAUDECI LUART;CIDADANIA;SUPLENTE;86
19;8;23123;CLAUDECI LUART;CIDADANIA;SUPLENTE;389
20;8;23123;CLAUDECI LUART;CIDADANIA;SUPLENTE;391
21;8;23123;CLAUDECI LUART;CIDADANIA;SUPLENTE;809
1;8;23223;DATANIEL;CIDADANIA;SUPLENTE;35
2;8;23223;DATANIEL;CIDADANIA;SUPLENTE;16
3;8;23223;DATANIEL;CIDADANIA;SUPLENTE;48
4;8;23223;DATANIEL;CIDADANIA;SUPLENTE;24
5;8;23223;DATANIEL;CIDADANIA;SUPLENTE;24
6;8;23223;DATANIEL;CIDADANIA;SUPLENTE;7
8;8;23223;DATANIEL;CIDADANIA;SUPLENTE;52
9;8;23223;DATANIEL;CIDADANIA;SUPLENTE;136
10;8;23223;DATANIEL;CIDADANIA;SUPLENTE;159
11;8;23223;DATANIEL;CIDADANIA;SUPLENTE;37
13;8;23223;DATANIEL;CIDADANIA;SUPLENTE;58
14;8;23223;DATANIEL;CIDADANIA;SUPLENTE;26
15;8;23223;DATANIEL;CIDADANIA;SUPLENTE;703
16;8;23223;DATANIEL;CIDADANIA;SUPLENTE;49
17;8;23223;DATANIEL;CIDADANIA;SUPLENTE;39
18;8;23223;DATANIEL;CIDADANIA;SUPLENTE;28
19;8;23223;DATANIEL;CIDADANIA;SUPLENTE;75
20;8;23223;DATANIEL;CIDADANIA;SUPLENTE;17
21;8;23223;DATANIEL;CIDADANIA;SUPLENTE;37
1;8;23245;MILENE NASCIMENTO;CIDADANIA;SUPLENTE;0
2;8;23245;MILENE NASCIMENTO;CIDADANIA;SUPLENTE;5
3;8;23245;MILENE NASCIMENTO;CIDADANIA;SUPLENTE;7
4;8;23245;MILENE NASCIMENTO;CIDADANIA;SUPLENTE;0
5;8;23245;MILENE NASCIMENTO;CIDADANIA;SUPLENTE;3
6;8;23245;MILENE NASCIMENTO;CIDADANIA;SUPLENTE;1
8;8;23245;MILENE NASCIMENTO;CIDADANIA;SUPLENTE;24
9;8;23245;MILENE NASCIMENTO;CIDADANIA;SUPLENTE;4
10;8;23245;MILENE NASCIMENTO;CIDADANIA;SUPLENTE;5
11;8;23245;MILENE NASCIMENTO;CIDADANIA;SUPLENTE;0
13;8;23245;MILENE NASCIMENTO;CIDADANIA;SUPLENTE;4
14;8;23245;MILENE NASCIMENTO;CIDADANIA;SUPLENTE;2
15;8;23245;MILENE NASCIMENTO;CIDADANIA;SUPLENTE;5
16;8;23245;MILENE NASCIMENTO;CIDADANIA;SUPLENTE;112
17;8;23245;MILENE NASCIMENTO;CIDADANIA;SUPLENTE;1
18;8;23245;MILENE NASCIMENTO;CIDADANIA;SUPLENTE;3
19;8;23245;MILENE NASCIMENTO;CIDADANIA;SUPLENTE;7
20;8;23245;MILENE NASCIMENTO;CIDADANIA;SUPLENTE;14
21;8;23245;MILENE NASCIMENTO;CIDADANIA;SUPLENTE;8
1;8;23321;PROFESSORA JACIRA;CIDADANIA;SUPLENTE;4
2;8;23321;PROFESSORA JACIRA;CIDADANIA;SUPLENTE;1
3;8;23321;PROFESSORA JACIRA;CIDADANIA;SUPLENTE;21
4;8;23321;PROFESSORA JACIRA;CIDADANIA;SUPLENTE;0
5;8;23321;PROFESSORA JACIRA;CIDADANIA;SUPLENTE;3
6;8;23321;PROFESSORA JACIRA;CIDADANIA;SUPLENTE;3
8;8;23321;PROFESSORA JACIRA;CIDADANIA;SUPLENTE;42
9;8;23321;PROFESSORA JACIRA;CIDADANIA;SUPLENTE;19
10;8;23321;PROFESSORA JACIRA;CIDADANIA;SUPLENTE;5
11;8;23321;PROFESSORA JACIRA;CIDADANIA;SUPLENTE;6
13;8;23321;PROFESSORA JACIRA;CIDADANIA;SUPLENTE;7
14;8;23321;PROFESSORA JACIRA;CIDADANIA;SUPLENTE;11
15;8;23321;PROFESSORA JACIRA;CIDADANIA;SUPLENTE;25
16;8;23321;PROFESSORA JACIRA;CIDADANIA;SUPLENTE;115
17;8;23321;PROFESSORA JACIRA;CIDADANIA;SUPLENTE;2
18;8;23321;PROFESSORA JACIRA;CIDADANIA;SUPLENTE;7
19;8;23321;PROFESSORA JACIRA;CIDADANIA;SUPLENTE;69
20;8;23321;PROFESSORA JACIRA;CIDADANIA;SUPLENTE;4
21;8;23321;PROFESSORA JACIRA;CIDADANIA;SUPLENTE;4
1;8;23333;PROFESSORA DEUSINHA;CIDADANIA;SUPLENTE;77
2;8;23333;PROFESSORA DEUSINHA;CIDADANIA;SUPLENTE;123
3;8;23333;PROFESSORA DEUSINHA;CIDADANIA;SUPLENTE;35
4;8;23333;PROFESSORA DEUSINHA;CIDADANIA;SUPLENTE;25
5;8;23333;PROFESSORA DEUSINHA;CIDADANIA;SUPLENTE;44
6;8;23333;PROFESSORA DEUSINHA;CIDADANIA;SUPLENTE;53
8;8;23333;PROFESSORA DEUSINHA;CIDADANIA;SUPLENTE;32
9;8;23333;PROFESSORA DEUSINHA;CIDADANIA;SUPLENTE;382
10;8;23333;PROFESSORA DEUSINHA;CIDADANIA;SUPLENTE;69
11;8;23333;PROFESSORA DEUSINHA;CIDADANIA;SUPLENTE;565
13;8;23333;PROFESSORA DEUSINHA;CIDADANIA;SUPLENTE;41
14;8;23333;PROFESSORA DEUSINHA;CIDADANIA;SUPLENTE;71
15;8;23333;PROFESSORA DEUSINHA;CIDADANIA;SUPLENTE;95
16;8;23333;PROFESSORA DEUSINHA;CIDADANIA;SUPLENTE;51
17;8;23333;PROFESSORA DEUSINHA;CIDADANIA;SUPLENTE;25
18;8;23333;PROFESSORA DEUSINHA;CIDADANIA;SUPLENTE;57
19;8;23333;PROFESSORA DEUSINHA;CIDADANIA;SUPLENTE;41
20;8;23333;PROFESSORA DEUSINHA;CIDADANIA;SUPLENTE;12
21;8;23333;PROFESSORA DEUSINHA;CIDADANIA;SUPLENTE;55
1;8;23455;PAULA BELMONTE;CIDADANIA;ELEITO POR MÉDIA;783
2;8;23455;PAULA BELMONTE;CIDADANIA;ELEITO POR MÉDIA;1020
3;8;23455;PAULA BELMONTE;CIDADANIA;ELEITO POR MÉDIA;564
4;8;23455;PAULA BELMONTE;CIDADANIA;ELEITO POR MÉDIA;472
5;8;23455;PAULA BELMONTE;CIDADANIA;ELEITO POR MÉDIA;816
6;8;23455;PAULA BELMONTE;CIDADANIA;ELEITO POR MÉDIA;769
8;8;23455;PAULA BELMONTE;CIDADANIA;ELEITO POR MÉDIA;707
9;8;23455;PAULA BELMONTE;CIDADANIA;ELEITO POR MÉDIA;1006
10;8;23455;PAULA BELMONTE;CIDADANIA;ELEITO POR MÉDIA;1161
11;8;23455;PAULA BELMONTE;CIDADANIA;ELEITO POR MÉDIA;767
13;8;23455;PAULA BELMONTE;CIDADANIA;ELEITO POR MÉDIA;718
14;8;23455;PAULA BELMONTE;CIDADANIA;ELEITO POR MÉDIA;1081
15;8;23455;PAULA BELMONTE;CIDADANIA;ELEITO POR MÉDIA;2048
16;8;23455;PAULA BELMONTE;CIDADANIA;ELEITO POR MÉDIA;739
17;8;23455;PAULA BELMONTE;CIDADANIA;ELEITO POR MÉDIA;1012
18;8;23455;PAULA BELMONTE;CIDADANIA;ELEITO POR MÉDIA;1192
19;8;23455;PAULA BELMONTE;CIDADANIA;ELEITO POR MÉDIA;973
20;8;23455;PAULA BELMONTE;CIDADANIA;ELEITO POR MÉDIA;542
21;8;23455;PAULA BELMONTE;CIDADANIA;ELEITO POR MÉDIA;838
1;8;23456;CAMARGO MINHA CAPITAL;CIDADANIA;SUPLENTE;581
2;8;23456;CAMARGO MINHA CAPITAL;CIDADANIA;SUPLENTE;318
3;8;23456;CAMARGO MINHA CAPITAL;CIDADANIA;SUPLENTE;269
4;8;23456;CAMARGO MINHA CAPITAL;CIDADANIA;SUPLENTE;164
5;8;23456;CAMARGO MINHA CAPITAL;CIDADANIA;SUPLENTE;436
6;8;23456;CAMARGO MINHA CAPITAL;CIDADANIA;SUPLENTE;184
8;8;23456;CAMARGO MINHA CAPITAL;CIDADANIA;SUPLENTE;364
9;8;23456;CAMARGO MINHA CAPITAL;CIDADANIA;SUPLENTE;759
10;8;23456;CAMARGO MINHA CAPITAL;CIDADANIA;SUPLENTE;517
11;8;23456;CAMARGO MINHA CAPITAL;CIDADANIA;SUPLENTE;559
13;8;23456;CAMARGO MINHA CAPITAL;CIDADANIA;SUPLENTE;391
14;8;23456;CAMARGO MINHA CAPITAL;CIDADANIA;SUPLENTE;857
15;8;23456;CAMARGO MINHA CAPITAL;CIDADANIA;SUPLENTE;1020
16;8;23456;CAMARGO MINHA CAPITAL;CIDADANIA;SUPLENTE;283
17;8;23456;CAMARGO MINHA CAPITAL;CIDADANIA;SUPLENTE;302
18;8;23456;CAMARGO MINHA CAPITAL;CIDADANIA;SUPLENTE;452
19;8;23456;CAMARGO MINHA CAPITAL;CIDADANIA;SUPLENTE;523
20;8;23456;CAMARGO MINHA CAPITAL;CIDADANIA;SUPLENTE;200
21;8;23456;CAMARGO MINHA CAPITAL;CIDADANIA;SUPLENTE;262
1;8;23888;BENEDITO DA VOZINHA;CIDADANIA;SUPLENTE;12
2;8;23888;BENEDITO DA VOZINHA;CIDADANIA;SUPLENTE;18
3;8;23888;BENEDITO DA VOZINHA;CIDADANIA;SUPLENTE;35
4;8;23888;BENEDITO DA VOZINHA;CIDADANIA;SUPLENTE;21
5;8;23888;BENEDITO DA VOZINHA;CIDADANIA;SUPLENTE;17
6;8;23888;BENEDITO DA VOZINHA;CIDADANIA;SUPLENTE;12
8;8;23888;BENEDITO DA VOZINHA;CIDADANIA;SUPLENTE;41
9;8;23888;BENEDITO DA VOZINHA;CIDADANIA;SUPLENTE;43
10;8;23888;BENEDITO DA VOZINHA;CIDADANIA;SUPLENTE;55
11;8;23888;BENEDITO DA VOZINHA;CIDADANIA;SUPLENTE;7
13;8;23888;BENEDITO DA VOZINHA;CIDADANIA;SUPLENTE;99
14;8;23888;BENEDITO DA VOZINHA;CIDADANIA;SUPLENTE;17
15;8;23888;BENEDITO DA VOZINHA;CIDADANIA;SUPLENTE;73
16;8;23888;BENEDITO DA VOZINHA;CIDADANIA;SUPLENTE;51
17;8;23888;BENEDITO DA VOZINHA;CIDADANIA;SUPLENTE;23
18;8;23888;BENEDITO DA VOZINHA;CIDADANIA;SUPLENTE;19
19;8;23888;BENEDITO DA VOZINHA;CIDADANIA;SUPLENTE;50
20;8;23888;BENEDITO DA VOZINHA;CIDADANIA;SUPLENTE;30
21;8;23888;BENEDITO DA VOZINHA;CIDADANIA;SUPLENTE;51
1;8;23987;MARCOS SABÓIA;CIDADANIA;SUPLENTE;3
2;8;23987;MARCOS SABÓIA;CIDADANIA;SUPLENTE;3
3;8;23987;MARCOS SABÓIA;CIDADANIA;SUPLENTE;5
4;8;23987;MARCOS SABÓIA;CIDADANIA;SUPLENTE;2
5;8;23987;MARCOS SABÓIA;CIDADANIA;SUPLENTE;2
6;8;23987;MARCOS SABÓIA;CIDADANIA;SUPLENTE;0
8;8;23987;MARCOS SABÓIA;CIDADANIA;SUPLENTE;3
9;8;23987;MARCOS SABÓIA;CIDADANIA;SUPLENTE;9
10;8;23987;MARCOS SABÓIA;CIDADANIA;SUPLENTE;1
11;8;23987;MARCOS SABÓIA;CIDADANIA;SUPLENTE;0
13;8;23987;MARCOS SABÓIA;CIDADANIA;SUPLENTE;5
14;8;23987;MARCOS SABÓIA;CIDADANIA;SUPLENTE;3
15;8;23987;MARCOS SABÓIA;CIDADANIA;SUPLENTE;1
16;8;23987;MARCOS SABÓIA;CIDADANIA;SUPLENTE;2
17;8;23987;MARCOS SABÓIA;CIDADANIA;SUPLENTE;1
18;8;23987;MARCOS SABÓIA;CIDADANIA;SUPLENTE;17
19;8;23987;MARCOS SABÓIA;CIDADANIA;SUPLENTE;3
20;8;23987;MARCOS SABÓIA;CIDADANIA;SUPLENTE;0
21;8;23987;MARCOS SABÓIA;CIDADANIA;SUPLENTE;0
1;8;23999;PASTOR IZAEL DAMÁZIO;CIDADANIA;SUPLENTE;1
2;8;23999;PASTOR IZAEL DAMÁZIO;CIDADANIA;SUPLENTE;0
3;8;23999;PASTOR IZAEL DAMÁZIO;CIDADANIA;SUPLENTE;3
4;8;23999;PASTOR IZAEL DAMÁZIO;CIDADANIA;SUPLENTE;24
5;8;23999;PASTOR IZAEL DAMÁZIO;CIDADANIA;SUPLENTE;0
6;8;23999;PASTOR IZAEL DAMÁZIO;CIDADANIA;SUPLENTE;0
8;8;23999;PASTOR IZAEL DAMÁZIO;CIDADANIA;SUPLENTE;0
9;8;23999;PASTOR IZAEL DAMÁZIO;CIDADANIA;SUPLENTE;0
10;8;23999;PASTOR IZAEL DAMÁZIO;CIDADANIA;SUPLENTE;3
11;8;23999;PASTOR IZAEL DAMÁZIO;CIDADANIA;SUPLENTE;1
13;8;23999;PASTOR IZAEL DAMÁZIO;CIDADANIA;SUPLENTE;0
14;8;23999;PASTOR IZAEL DAMÁZIO;CIDADANIA;SUPLENTE;0
15;8;23999;PASTOR IZAEL DAMÁZIO;CIDADANIA;SUPLENTE;0
16;8;23999;PASTOR IZAEL DAMÁZIO;CIDADANIA;SUPLENTE;0
17;8;23999;PASTOR IZAEL DAMÁZIO;CIDADANIA;SUPLENTE;4
18;8;23999;PASTOR IZAEL DAMÁZIO;CIDADANIA;SUPLENTE;2
19;8;23999;PASTOR IZAEL DAMÁZIO;CIDADANIA;SUPLENTE;1
20;8;23999;PASTOR IZAEL DAMÁZIO;CIDADANIA;SUPLENTE;1
21;8;23999;PASTOR IZAEL DAMÁZIO;CIDADANIA;SUPLENTE;0
1;8;27000;KELWEN TCHALES;DC;NÃO ELEITO;2
2;8;27000;KELWEN TCHALES;DC;NÃO ELEITO;2
3;8;27000;KELWEN TCHALES;DC;NÃO ELEITO;47
4;8;27000;KELWEN TCHALES;DC;NÃO ELEITO;10
5;8;27000;KELWEN TCHALES;DC;NÃO ELEITO;2
6;8;27000;KELWEN TCHALES;DC;NÃO ELEITO;2
8;8;27000;KELWEN TCHALES;DC;NÃO ELEITO;22
9;8;27000;KELWEN TCHALES;DC;NÃO ELEITO;6
10;8;27000;KELWEN TCHALES;DC;NÃO ELEITO;12
11;8;27000;KELWEN TCHALES;DC;NÃO ELEITO;9
13;8;27000;KELWEN TCHALES;DC;NÃO ELEITO;31
14;8;27000;KELWEN TCHALES;DC;NÃO ELEITO;0
15;8;27000;KELWEN TCHALES;DC;NÃO ELEITO;11
16;8;27000;KELWEN TCHALES;DC;NÃO ELEITO;31
17;8;27000;KELWEN TCHALES;DC;NÃO ELEITO;6
18;8;27000;KELWEN TCHALES;DC;NÃO ELEITO;1
19;8;27000;KELWEN TCHALES;DC;NÃO ELEITO;12
20;8;27000;KELWEN TCHALES;DC;NÃO ELEITO;12
21;8;27000;KELWEN TCHALES;DC;NÃO ELEITO;23
1;8;27007;MAGAIVER;DC;NÃO ELEITO;1
2;8;27007;MAGAIVER;DC;NÃO ELEITO;149
3;8;27007;MAGAIVER;DC;NÃO ELEITO;1
4;8;27007;MAGAIVER;DC;NÃO ELEITO;0
5;8;27007;MAGAIVER;DC;NÃO ELEITO;5
6;8;27007;MAGAIVER;DC;NÃO ELEITO;9
8;8;27007;MAGAIVER;DC;NÃO ELEITO;1
9;8;27007;MAGAIVER;DC;NÃO ELEITO;2
10;8;27007;MAGAIVER;DC;NÃO ELEITO;4
11;8;27007;MAGAIVER;DC;NÃO ELEITO;2
13;8;27007;MAGAIVER;DC;NÃO ELEITO;0
14;8;27007;MAGAIVER;DC;NÃO ELEITO;1
15;8;27007;MAGAIVER;DC;NÃO ELEITO;0
16;8;27007;MAGAIVER;DC;NÃO ELEITO;0
17;8;27007;MAGAIVER;DC;NÃO ELEITO;1
18;8;27007;MAGAIVER;DC;NÃO ELEITO;33
19;8;27007;MAGAIVER;DC;NÃO ELEITO;1
20;8;27007;MAGAIVER;DC;NÃO ELEITO;0
21;8;27007;MAGAIVER;DC;NÃO ELEITO;3
1;8;27017;LUCIMÁRIO;DC;NÃO ELEITO;2
2;8;27017;LUCIMÁRIO;DC;NÃO ELEITO;2
3;8;27017;LUCIMÁRIO;DC;NÃO ELEITO;2
4;8;27017;LUCIMÁRIO;DC;NÃO ELEITO;8
5;8;27017;LUCIMÁRIO;DC;NÃO ELEITO;1
6;8;27017;LUCIMÁRIO;DC;NÃO ELEITO;0
8;8;27017;LUCIMÁRIO;DC;NÃO ELEITO;13
9;8;27017;LUCIMÁRIO;DC;NÃO ELEITO;0
10;8;27017;LUCIMÁRIO;DC;NÃO ELEITO;6
11;8;27017;LUCIMÁRIO;DC;NÃO ELEITO;0
13;8;27017;LUCIMÁRIO;DC;NÃO ELEITO;1
14;8;27017;LUCIMÁRIO;DC;NÃO ELEITO;1
15;8;27017;LUCIMÁRIO;DC;NÃO ELEITO;4
16;8;27017;LUCIMÁRIO;DC;NÃO ELEITO;5
17;8;27017;LUCIMÁRIO;DC;NÃO ELEITO;5
18;8;27017;LUCIMÁRIO;DC;NÃO ELEITO;2
19;8;27017;LUCIMÁRIO;DC;NÃO ELEITO;5
20;8;27017;LUCIMÁRIO;DC;NÃO ELEITO;0
21;8;27017;LUCIMÁRIO;DC;NÃO ELEITO;6
1;8;27100;JOSIVALDO;DC;NÃO ELEITO;1
2;8;27100;JOSIVALDO;DC;NÃO ELEITO;0
3;8;27100;JOSIVALDO;DC;NÃO ELEITO;0
4;8;27100;JOSIVALDO;DC;NÃO ELEITO;53
5;8;27100;JOSIVALDO;DC;NÃO ELEITO;0
6;8;27100;JOSIVALDO;DC;NÃO ELEITO;1
8;8;27100;JOSIVALDO;DC;NÃO ELEITO;3
9;8;27100;JOSIVALDO;DC;NÃO ELEITO;3
10;8;27100;JOSIVALDO;DC;NÃO ELEITO;2
11;8;27100;JOSIVALDO;DC;NÃO ELEITO;0
13;8;27100;JOSIVALDO;DC;NÃO ELEITO;1
14;8;27100;JOSIVALDO;DC;NÃO ELEITO;0
15;8;27100;JOSIVALDO;DC;NÃO ELEITO;2
16;8;27100;JOSIVALDO;DC;NÃO ELEITO;2
17;8;27100;JOSIVALDO;DC;NÃO ELEITO;17
18;8;27100;JOSIVALDO;DC;NÃO ELEITO;1
19;8;27100;JOSIVALDO;DC;NÃO ELEITO;7
20;8;27100;JOSIVALDO;DC;NÃO ELEITO;3
21;8;27100;JOSIVALDO;DC;NÃO ELEITO;3
1;8;27111;SOLANGE HOLANDA;DC;NÃO ELEITO;0
2;8;27111;SOLANGE HOLANDA;DC;NÃO ELEITO;1
3;8;27111;SOLANGE HOLANDA;DC;NÃO ELEITO;2
4;8;27111;SOLANGE HOLANDA;DC;NÃO ELEITO;1
5;8;27111;SOLANGE HOLANDA;DC;NÃO ELEITO;1
6;8;27111;SOLANGE HOLANDA;DC;NÃO ELEITO;0
8;8;27111;SOLANGE HOLANDA;DC;NÃO ELEITO;2
9;8;27111;SOLANGE HOLANDA;DC;NÃO ELEITO;2
10;8;27111;SOLANGE HOLANDA;DC;NÃO ELEITO;6
11;8;27111;SOLANGE HOLANDA;DC;NÃO ELEITO;0
13;8;27111;SOLANGE HOLANDA;DC;NÃO ELEITO;2
14;8;27111;SOLANGE HOLANDA;DC;NÃO ELEITO;0
15;8;27111;SOLANGE HOLANDA;DC;NÃO ELEITO;5
16;8;27111;SOLANGE HOLANDA;DC;NÃO ELEITO;23
17;8;27111;SOLANGE HOLANDA;DC;NÃO ELEITO;0
18;8;27111;SOLANGE HOLANDA;DC;NÃO ELEITO;5
19;8;27111;SOLANGE HOLANDA;DC;NÃO ELEITO;2
20;8;27111;SOLANGE HOLANDA;DC;NÃO ELEITO;4
21;8;27111;SOLANGE HOLANDA;DC;NÃO ELEITO;2
1;8;27123;JOÃO RODRIGUES;DC;NÃO ELEITO;3
2;8;27123;JOÃO RODRIGUES;DC;NÃO ELEITO;19
3;8;27123;JOÃO RODRIGUES;DC;NÃO ELEITO;6
4;8;27123;JOÃO RODRIGUES;DC;NÃO ELEITO;22
5;8;27123;JOÃO RODRIGUES;DC;NÃO ELEITO;3
6;8;27123;JOÃO RODRIGUES;DC;NÃO ELEITO;2
8;8;27123;JOÃO RODRIGUES;DC;NÃO ELEITO;5
9;8;27123;JOÃO RODRIGUES;DC;NÃO ELEITO;1
10;8;27123;JOÃO RODRIGUES;DC;NÃO ELEITO;5
11;8;27123;JOÃO RODRIGUES;DC;NÃO ELEITO;1
13;8;27123;JOÃO RODRIGUES;DC;NÃO ELEITO;5
14;8;27123;JOÃO RODRIGUES;DC;NÃO ELEITO;6
15;8;27123;JOÃO RODRIGUES;DC;NÃO ELEITO;4
16;8;27123;JOÃO RODRIGUES;DC;NÃO ELEITO;11
17;8;27123;JOÃO RODRIGUES;DC;NÃO ELEITO;5
18;8;27123;JOÃO RODRIGUES;DC;NÃO ELEITO;327
19;8;27123;JOÃO RODRIGUES;DC;NÃO ELEITO;3
20;8;27123;JOÃO RODRIGUES;DC;NÃO ELEITO;6
21;8;27123;JOÃO RODRIGUES;DC;NÃO ELEITO;4
1;8;27127;TIA LU;DC;NÃO ELEITO;5
2;8;27127;TIA LU;DC;NÃO ELEITO;11
3;8;27127;TIA LU;DC;NÃO ELEITO;3
4;8;27127;TIA LU;DC;NÃO ELEITO;23
5;8;27127;TIA LU;DC;NÃO ELEITO;1
6;8;27127;TIA LU;DC;NÃO ELEITO;0
8;8;27127;TIA LU;DC;NÃO ELEITO;6
9;8;27127;TIA LU;DC;NÃO ELEITO;30
10;8;27127;TIA LU;DC;NÃO ELEITO;7
11;8;27127;TIA LU;DC;NÃO ELEITO;4
13;8;27127;TIA LU;DC;NÃO ELEITO;5
14;8;27127;TIA LU;DC;NÃO ELEITO;5
15;8;27127;TIA LU;DC;NÃO ELEITO;6
16;8;27127;TIA LU;DC;NÃO ELEITO;8
17;8;27127;TIA LU;DC;NÃO ELEITO;18
18;8;27127;TIA LU;DC;NÃO ELEITO;1
19;8;27127;TIA LU;DC;NÃO ELEITO;6
20;8;27127;TIA LU;DC;NÃO ELEITO;10
21;8;27127;TIA LU;DC;NÃO ELEITO;5
1;8;27190;SGT GUIMARÃES;DC;NÃO ELEITO;14
2;8;27190;SGT GUIMARÃES;DC;NÃO ELEITO;3
3;8;27190;SGT GUIMARÃES;DC;NÃO ELEITO;22
4;8;27190;SGT GUIMARÃES;DC;NÃO ELEITO;2
5;8;27190;SGT GUIMARÃES;DC;NÃO ELEITO;15
6;8;27190;SGT GUIMARÃES;DC;NÃO ELEITO;12
8;8;27190;SGT GUIMARÃES;DC;NÃO ELEITO;18
9;8;27190;SGT GUIMARÃES;DC;NÃO ELEITO;45
10;8;27190;SGT GUIMARÃES;DC;NÃO ELEITO;31
11;8;27190;SGT GUIMARÃES;DC;NÃO ELEITO;40
13;8;27190;SGT GUIMARÃES;DC;NÃO ELEITO;33
14;8;27190;SGT GUIMARÃES;DC;NÃO ELEITO;10
15;8;27190;SGT GUIMARÃES;DC;NÃO ELEITO;57
16;8;27190;SGT GUIMARÃES;DC;NÃO ELEITO;14
17;8;27190;SGT GUIMARÃES;DC;NÃO ELEITO;16
18;8;27190;SGT GUIMARÃES;DC;NÃO ELEITO;6
19;8;27190;SGT GUIMARÃES;DC;NÃO ELEITO;37
20;8;27190;SGT GUIMARÃES;DC;NÃO ELEITO;11
21;8;27190;SGT GUIMARÃES;DC;NÃO ELEITO;14
1;8;27220;BRAGA;DC;NÃO ELEITO;0
2;8;27220;BRAGA;DC;NÃO ELEITO;3
3;8;27220;BRAGA;DC;NÃO ELEITO;2
4;8;27220;BRAGA;DC;NÃO ELEITO;2
5;8;27220;BRAGA;DC;NÃO ELEITO;1
6;8;27220;BRAGA;DC;NÃO ELEITO;0
8;8;27220;BRAGA;DC;NÃO ELEITO;4
9;8;27220;BRAGA;DC;NÃO ELEITO;1
10;8;27220;BRAGA;DC;NÃO ELEITO;1
11;8;27220;BRAGA;DC;NÃO ELEITO;1
13;8;27220;BRAGA;DC;NÃO ELEITO;1
14;8;27220;BRAGA;DC;NÃO ELEITO;1
15;8;27220;BRAGA;DC;NÃO ELEITO;1
16;8;27220;BRAGA;DC;NÃO ELEITO;6
17;8;27220;BRAGA;DC;NÃO ELEITO;1
18;8;27220;BRAGA;DC;NÃO ELEITO;43
19;8;27220;BRAGA;DC;NÃO ELEITO;1
20;8;27220;BRAGA;DC;NÃO ELEITO;0
21;8;27220;BRAGA;DC;NÃO ELEITO;1
1;8;27222;MARIA BRAZILINO;DC;NÃO ELEITO;0
2;8;27222;MARIA BRAZILINO;DC;NÃO ELEITO;0
3;8;27222;MARIA BRAZILINO;DC;NÃO ELEITO;2
4;8;27222;MARIA BRAZILINO;DC;NÃO ELEITO;1
5;8;27222;MARIA BRAZILINO;DC;NÃO ELEITO;2
6;8;27222;MARIA BRAZILINO;DC;NÃO ELEITO;2
8;8;27222;MARIA BRAZILINO;DC;NÃO ELEITO;5
9;8;27222;MARIA BRAZILINO;DC;NÃO ELEITO;1
10;8;27222;MARIA BRAZILINO;DC;NÃO ELEITO;27
11;8;27222;MARIA BRAZILINO;DC;NÃO ELEITO;0
13;8;27222;MARIA BRAZILINO;DC;NÃO ELEITO;5
14;8;27222;MARIA BRAZILINO;DC;NÃO ELEITO;0
15;8;27222;MARIA BRAZILINO;DC;NÃO ELEITO;0
16;8;27222;MARIA BRAZILINO;DC;NÃO ELEITO;2
17;8;27222;MARIA BRAZILINO;DC;NÃO ELEITO;0
18;8;27222;MARIA BRAZILINO;DC;NÃO ELEITO;1
19;8;27222;MARIA BRAZILINO;DC;NÃO ELEITO;6
20;8;27222;MARIA BRAZILINO;DC;NÃO ELEITO;1
21;8;27222;MARIA BRAZILINO;DC;NÃO ELEITO;2
1;8;27227;CRISTIANE DE PAULA;DC;NÃO ELEITO;2
2;8;27227;CRISTIANE DE PAULA;DC;NÃO ELEITO;1
3;8;27227;CRISTIANE DE PAULA;DC;NÃO ELEITO;8
4;8;27227;CRISTIANE DE PAULA;DC;NÃO ELEITO;1
5;8;27227;CRISTIANE DE PAULA;DC;NÃO ELEITO;1
6;8;27227;CRISTIANE DE PAULA;DC;NÃO ELEITO;4
8;8;27227;CRISTIANE DE PAULA;DC;NÃO ELEITO;5
9;8;27227;CRISTIANE DE PAULA;DC;NÃO ELEITO;0
10;8;27227;CRISTIANE DE PAULA;DC;NÃO ELEITO;7
11;8;27227;CRISTIANE DE PAULA;DC;NÃO ELEITO;0
13;8;27227;CRISTIANE DE PAULA;DC;NÃO ELEITO;8
14;8;27227;CRISTIANE DE PAULA;DC;NÃO ELEITO;10
15;8;27227;CRISTIANE DE PAULA;DC;NÃO ELEITO;23
16;8;27227;CRISTIANE DE PAULA;DC;NÃO ELEITO;2
17;8;27227;CRISTIANE DE PAULA;DC;NÃO ELEITO;0
18;8;27227;CRISTIANE DE PAULA;DC;NÃO ELEITO;7
19;8;27227;CRISTIANE DE PAULA;DC;NÃO ELEITO;5
20;8;27227;CRISTIANE DE PAULA;DC;NÃO ELEITO;5
21;8;27227;CRISTIANE DE PAULA;DC;NÃO ELEITO;3
1;8;27234;CEZAR MARIANO;DC;NÃO ELEITO;0
2;8;27234;CEZAR MARIANO;DC;NÃO ELEITO;0
3;8;27234;CEZAR MARIANO;DC;NÃO ELEITO;20
4;8;27234;CEZAR MARIANO;DC;NÃO ELEITO;0
5;8;27234;CEZAR MARIANO;DC;NÃO ELEITO;1
6;8;27234;CEZAR MARIANO;DC;NÃO ELEITO;0
8;8;27234;CEZAR MARIANO;DC;NÃO ELEITO;12
9;8;27234;CEZAR MARIANO;DC;NÃO ELEITO;1
10;8;27234;CEZAR MARIANO;DC;NÃO ELEITO;2
11;8;27234;CEZAR MARIANO;DC;NÃO ELEITO;0
13;8;27234;CEZAR MARIANO;DC;NÃO ELEITO;10
14;8;27234;CEZAR MARIANO;DC;NÃO ELEITO;0
15;8;27234;CEZAR MARIANO;DC;NÃO ELEITO;10
16;8;27234;CEZAR MARIANO;DC;NÃO ELEITO;11
17;8;27234;CEZAR MARIANO;DC;NÃO ELEITO;0
18;8;27234;CEZAR MARIANO;DC;NÃO ELEITO;0
19;8;27234;CEZAR MARIANO;DC;NÃO ELEITO;9
20;8;27234;CEZAR MARIANO;DC;NÃO ELEITO;2
21;8;27234;CEZAR MARIANO;DC;NÃO ELEITO;2
1;8;27278;PASTOR FÁBIO;DC;NÃO ELEITO;0
2;8;27278;PASTOR FÁBIO;DC;NÃO ELEITO;0
3;8;27278;PASTOR FÁBIO;DC;NÃO ELEITO;2
4;8;27278;PASTOR FÁBIO;DC;NÃO ELEITO;0
5;8;27278;PASTOR FÁBIO;DC;NÃO ELEITO;0
6;8;27278;PASTOR FÁBIO;DC;NÃO ELEITO;1
8;8;27278;PASTOR FÁBIO;DC;NÃO ELEITO;7
9;8;27278;PASTOR FÁBIO;DC;NÃO ELEITO;0
10;8;27278;PASTOR FÁBIO;DC;NÃO ELEITO;4
11;8;27278;PASTOR FÁBIO;DC;NÃO ELEITO;0
13;8;27278;PASTOR FÁBIO;DC;NÃO ELEITO;11
14;8;27278;PASTOR FÁBIO;DC;NÃO ELEITO;3
15;8;27278;PASTOR FÁBIO;DC;NÃO ELEITO;1
16;8;27278;PASTOR FÁBIO;DC;NÃO ELEITO;101
17;8;27278;PASTOR FÁBIO;DC;NÃO ELEITO;0
18;8;27278;PASTOR FÁBIO;DC;NÃO ELEITO;0
19;8;27278;PASTOR FÁBIO;DC;NÃO ELEITO;1
20;8;27278;PASTOR FÁBIO;DC;NÃO ELEITO;7
21;8;27278;PASTOR FÁBIO;DC;NÃO ELEITO;2
1;8;27321;SGT VALDINETE;DC;NÃO ELEITO;0
2;8;27321;SGT VALDINETE;DC;NÃO ELEITO;2
3;8;27321;SGT VALDINETE;DC;NÃO ELEITO;1
4;8;27321;SGT VALDINETE;DC;NÃO ELEITO;10
5;8;27321;SGT VALDINETE;DC;NÃO ELEITO;2
6;8;27321;SGT VALDINETE;DC;NÃO ELEITO;0
8;8;27321;SGT VALDINETE;DC;NÃO ELEITO;3
9;8;27321;SGT VALDINETE;DC;NÃO ELEITO;0
10;8;27321;SGT VALDINETE;DC;NÃO ELEITO;8
11;8;27321;SGT VALDINETE;DC;NÃO ELEITO;0
13;8;27321;SGT VALDINETE;DC;NÃO ELEITO;1
14;8;27321;SGT VALDINETE;DC;NÃO ELEITO;1
15;8;27321;SGT VALDINETE;DC;NÃO ELEITO;3
16;8;27321;SGT VALDINETE;DC;NÃO ELEITO;5
17;8;27321;SGT VALDINETE;DC;NÃO ELEITO;90
18;8;27321;SGT VALDINETE;DC;NÃO ELEITO;1
19;8;27321;SGT VALDINETE;DC;NÃO ELEITO;1
20;8;27321;SGT VALDINETE;DC;NÃO ELEITO;3
21;8;27321;SGT VALDINETE;DC;NÃO ELEITO;1
1;8;27333;JOÃO PROFETA;DC;NÃO ELEITO;0
2;8;27333;JOÃO PROFETA;DC;NÃO ELEITO;0
3;8;27333;JOÃO PROFETA;DC;NÃO ELEITO;9
4;8;27333;JOÃO PROFETA;DC;NÃO ELEITO;0
5;8;27333;JOÃO PROFETA;DC;NÃO ELEITO;1
6;8;27333;JOÃO PROFETA;DC;NÃO ELEITO;0
8;8;27333;JOÃO PROFETA;DC;NÃO ELEITO;17
9;8;27333;JOÃO PROFETA;DC;NÃO ELEITO;0
10;8;27333;JOÃO PROFETA;DC;NÃO ELEITO;5
11;8;27333;JOÃO PROFETA;DC;NÃO ELEITO;2
13;8;27333;JOÃO PROFETA;DC;NÃO ELEITO;4
14;8;27333;JOÃO PROFETA;DC;NÃO ELEITO;1
15;8;27333;JOÃO PROFETA;DC;NÃO ELEITO;6
16;8;27333;JOÃO PROFETA;DC;NÃO ELEITO;88
17;8;27333;JOÃO PROFETA;DC;NÃO ELEITO;0
18;8;27333;JOÃO PROFETA;DC;NÃO ELEITO;0
19;8;27333;JOÃO PROFETA;DC;NÃO ELEITO;2
20;8;27333;JOÃO PROFETA;DC;NÃO ELEITO;9
21;8;27333;JOÃO PROFETA;DC;NÃO ELEITO;6
1;8;27555;RONO PINHEIRO;DC;NÃO ELEITO;1
2;8;27555;RONO PINHEIRO;DC;NÃO ELEITO;0
3;8;27555;RONO PINHEIRO;DC;NÃO ELEITO;45
4;8;27555;RONO PINHEIRO;DC;NÃO ELEITO;0
5;8;27555;RONO PINHEIRO;DC;NÃO ELEITO;0
6;8;27555;RONO PINHEIRO;DC;NÃO ELEITO;0
8;8;27555;RONO PINHEIRO;DC;NÃO ELEITO;29
9;8;27555;RONO PINHEIRO;DC;NÃO ELEITO;2
10;8;27555;RONO PINHEIRO;DC;NÃO ELEITO;0
11;8;27555;RONO PINHEIRO;DC;NÃO ELEITO;0
13;8;27555;RONO PINHEIRO;DC;NÃO ELEITO;3
14;8;27555;RONO PINHEIRO;DC;NÃO ELEITO;1
15;8;27555;RONO PINHEIRO;DC;NÃO ELEITO;12
16;8;27555;RONO PINHEIRO;DC;NÃO ELEITO;22
17;8;27555;RONO PINHEIRO;DC;NÃO ELEITO;1
18;8;27555;RONO PINHEIRO;DC;NÃO ELEITO;1
19;8;27555;RONO PINHEIRO;DC;NÃO ELEITO;6
20;8;27555;RONO PINHEIRO;DC;NÃO ELEITO;7
21;8;27555;RONO PINHEIRO;DC;NÃO ELEITO;16
1;8;27600;CARLÃO FILHO DA PÁTRIA;DC;NÃO ELEITO;0
2;8;27600;CARLÃO FILHO DA PÁTRIA;DC;NÃO ELEITO;0
3;8;27600;CARLÃO FILHO DA PÁTRIA;DC;NÃO ELEITO;4
4;8;27600;CARLÃO FILHO DA PÁTRIA;DC;NÃO ELEITO;0
5;8;27600;CARLÃO FILHO DA PÁTRIA;DC;NÃO ELEITO;4
6;8;27600;CARLÃO FILHO DA PÁTRIA;DC;NÃO ELEITO;0
8;8;27600;CARLÃO FILHO DA PÁTRIA;DC;NÃO ELEITO;1
9;8;27600;CARLÃO FILHO DA PÁTRIA;DC;NÃO ELEITO;3
10;8;27600;CARLÃO FILHO DA PÁTRIA;DC;NÃO ELEITO;5
11;8;27600;CARLÃO FILHO DA PÁTRIA;DC;NÃO ELEITO;1
13;8;27600;CARLÃO FILHO DA PÁTRIA;DC;NÃO ELEITO;18
14;8;27600;CARLÃO FILHO DA PÁTRIA;DC;NÃO ELEITO;0
15;8;27600;CARLÃO FILHO DA PÁTRIA;DC;NÃO ELEITO;8
16;8;27600;CARLÃO FILHO DA PÁTRIA;DC;NÃO ELEITO;4
17;8;27600;CARLÃO FILHO DA PÁTRIA;DC;NÃO ELEITO;1
18;8;27600;CARLÃO FILHO DA PÁTRIA;DC;NÃO ELEITO;0
19;8;27600;CARLÃO FILHO DA PÁTRIA;DC;NÃO ELEITO;3
20;8;27600;CARLÃO FILHO DA PÁTRIA;DC;NÃO ELEITO;2
21;8;27600;CARLÃO FILHO DA PÁTRIA;DC;NÃO ELEITO;3
1;8;27722;FELLIPE PASSOS;DC;NÃO ELEITO;1
2;8;27722;FELLIPE PASSOS;DC;NÃO ELEITO;2
3;8;27722;FELLIPE PASSOS;DC;NÃO ELEITO;2
4;8;27722;FELLIPE PASSOS;DC;NÃO ELEITO;2
5;8;27722;FELLIPE PASSOS;DC;NÃO ELEITO;0
6;8;27722;FELLIPE PASSOS;DC;NÃO ELEITO;1
8;8;27722;FELLIPE PASSOS;DC;NÃO ELEITO;5
9;8;27722;FELLIPE PASSOS;DC;NÃO ELEITO;2
10;8;27722;FELLIPE PASSOS;DC;NÃO ELEITO;1
11;8;27722;FELLIPE PASSOS;DC;NÃO ELEITO;1
13;8;27722;FELLIPE PASSOS;DC;NÃO ELEITO;2
14;8;27722;FELLIPE PASSOS;DC;NÃO ELEITO;1
15;8;27722;FELLIPE PASSOS;DC;NÃO ELEITO;2
16;8;27722;FELLIPE PASSOS;DC;NÃO ELEITO;132
17;8;27722;FELLIPE PASSOS;DC;NÃO ELEITO;1
18;8;27722;FELLIPE PASSOS;DC;NÃO ELEITO;1
19;8;27722;FELLIPE PASSOS;DC;NÃO ELEITO;0
20;8;27722;FELLIPE PASSOS;DC;NÃO ELEITO;4
21;8;27722;FELLIPE PASSOS;DC;NÃO ELEITO;5
1;8;27777;IRACILDA;DC;NÃO ELEITO;1
2;8;27777;IRACILDA;DC;NÃO ELEITO;2
3;8;27777;IRACILDA;DC;NÃO ELEITO;2
4;8;27777;IRACILDA;DC;NÃO ELEITO;18
5;8;27777;IRACILDA;DC;NÃO ELEITO;1
6;8;27777;IRACILDA;DC;NÃO ELEITO;2
8;8;27777;IRACILDA;DC;NÃO ELEITO;3
9;8;27777;IRACILDA;DC;NÃO ELEITO;11
10;8;27777;IRACILDA;DC;NÃO ELEITO;5
11;8;27777;IRACILDA;DC;NÃO ELEITO;0
13;8;27777;IRACILDA;DC;NÃO ELEITO;8
14;8;27777;IRACILDA;DC;NÃO ELEITO;7
15;8;27777;IRACILDA;DC;NÃO ELEITO;6
16;8;27777;IRACILDA;DC;NÃO ELEITO;2
17;8;27777;IRACILDA;DC;NÃO ELEITO;213
18;8;27777;IRACILDA;DC;NÃO ELEITO;4
19;8;27777;IRACILDA;DC;NÃO ELEITO;10
20;8;27777;IRACILDA;DC;NÃO ELEITO;2
21;8;27777;IRACILDA;DC;NÃO ELEITO;3
1;8;27999;HELTON MARQUES;DC;NÃO ELEITO;9
2;8;27999;HELTON MARQUES;DC;NÃO ELEITO;2
3;8;27999;HELTON MARQUES;DC;NÃO ELEITO;4
4;8;27999;HELTON MARQUES;DC;NÃO ELEITO;1
5;8;27999;HELTON MARQUES;DC;NÃO ELEITO;12
6;8;27999;HELTON MARQUES;DC;NÃO ELEITO;1
8;8;27999;HELTON MARQUES;DC;NÃO ELEITO;3
9;8;27999;HELTON MARQUES;DC;NÃO ELEITO;23
10;8;27999;HELTON MARQUES;DC;NÃO ELEITO;3
11;8;27999;HELTON MARQUES;DC;NÃO ELEITO;9
13;8;27999;HELTON MARQUES;DC;NÃO ELEITO;8
14;8;27999;HELTON MARQUES;DC;NÃO ELEITO;33
15;8;27999;HELTON MARQUES;DC;NÃO ELEITO;28
16;8;27999;HELTON MARQUES;DC;NÃO ELEITO;1
17;8;27999;HELTON MARQUES;DC;NÃO ELEITO;6
18;8;27999;HELTON MARQUES;DC;NÃO ELEITO;4
19;8;27999;HELTON MARQUES;DC;NÃO ELEITO;1
20;8;27999;HELTON MARQUES;DC;NÃO ELEITO;6
21;8;27999;HELTON MARQUES;DC;NÃO ELEITO;7
1;8;28000;JOSÉ LUIZ RAVENA;PRTB;NÃO ELEITO;71
2;8;28000;JOSÉ LUIZ RAVENA;PRTB;NÃO ELEITO;45
3;8;28000;JOSÉ LUIZ RAVENA;PRTB;NÃO ELEITO;104
4;8;28000;JOSÉ LUIZ RAVENA;PRTB;NÃO ELEITO;23
5;8;28000;JOSÉ LUIZ RAVENA;PRTB;NÃO ELEITO;47
6;8;28000;JOSÉ LUIZ RAVENA;PRTB;NÃO ELEITO;19
8;8;28000;JOSÉ LUIZ RAVENA;PRTB;NÃO ELEITO;82
9;8;28000;JOSÉ LUIZ RAVENA;PRTB;NÃO ELEITO;118
10;8;28000;JOSÉ LUIZ RAVENA;PRTB;NÃO ELEITO;108
11;8;28000;JOSÉ LUIZ RAVENA;PRTB;NÃO ELEITO;90
13;8;28000;JOSÉ LUIZ RAVENA;PRTB;NÃO ELEITO;48
14;8;28000;JOSÉ LUIZ RAVENA;PRTB;NÃO ELEITO;62
15;8;28000;JOSÉ LUIZ RAVENA;PRTB;NÃO ELEITO;404
16;8;28000;JOSÉ LUIZ RAVENA;PRTB;NÃO ELEITO;52
17;8;28000;JOSÉ LUIZ RAVENA;PRTB;NÃO ELEITO;62
18;8;28000;JOSÉ LUIZ RAVENA;PRTB;NÃO ELEITO;71
19;8;28000;JOSÉ LUIZ RAVENA;PRTB;NÃO ELEITO;325
20;8;28000;JOSÉ LUIZ RAVENA;PRTB;NÃO ELEITO;52
21;8;28000;JOSÉ LUIZ RAVENA;PRTB;NÃO ELEITO;22
1;8;28001;NILSON PIRES;PRTB;NÃO ELEITO;5
2;8;28001;NILSON PIRES;PRTB;NÃO ELEITO;1
3;8;28001;NILSON PIRES;PRTB;NÃO ELEITO;10
4;8;28001;NILSON PIRES;PRTB;NÃO ELEITO;2
5;8;28001;NILSON PIRES;PRTB;NÃO ELEITO;9
6;8;28001;NILSON PIRES;PRTB;NÃO ELEITO;0
8;8;28001;NILSON PIRES;PRTB;NÃO ELEITO;12
9;8;28001;NILSON PIRES;PRTB;NÃO ELEITO;22
10;8;28001;NILSON PIRES;PRTB;NÃO ELEITO;9
11;8;28001;NILSON PIRES;PRTB;NÃO ELEITO;11
13;8;28001;NILSON PIRES;PRTB;NÃO ELEITO;24
14;8;28001;NILSON PIRES;PRTB;NÃO ELEITO;0
15;8;28001;NILSON PIRES;PRTB;NÃO ELEITO;142
16;8;28001;NILSON PIRES;PRTB;NÃO ELEITO;17
17;8;28001;NILSON PIRES;PRTB;NÃO ELEITO;8
18;8;28001;NILSON PIRES;PRTB;NÃO ELEITO;3
19;8;28001;NILSON PIRES;PRTB;NÃO ELEITO;29
20;8;28001;NILSON PIRES;PRTB;NÃO ELEITO;7
21;8;28001;NILSON PIRES;PRTB;NÃO ELEITO;13
1;8;28008;RICARDO FONSECA;PRTB;NÃO ELEITO;4
2;8;28008;RICARDO FONSECA;PRTB;NÃO ELEITO;14
3;8;28008;RICARDO FONSECA;PRTB;NÃO ELEITO;16
4;8;28008;RICARDO FONSECA;PRTB;NÃO ELEITO;8
5;8;28008;RICARDO FONSECA;PRTB;NÃO ELEITO;5
6;8;28008;RICARDO FONSECA;PRTB;NÃO ELEITO;14
8;8;28008;RICARDO FONSECA;PRTB;NÃO ELEITO;10
9;8;28008;RICARDO FONSECA;PRTB;NÃO ELEITO;43
10;8;28008;RICARDO FONSECA;PRTB;NÃO ELEITO;16
11;8;28008;RICARDO FONSECA;PRTB;NÃO ELEITO;16
13;8;28008;RICARDO FONSECA;PRTB;NÃO ELEITO;12
14;8;28008;RICARDO FONSECA;PRTB;NÃO ELEITO;14
15;8;28008;RICARDO FONSECA;PRTB;NÃO ELEITO;33
16;8;28008;RICARDO FONSECA;PRTB;NÃO ELEITO;14
17;8;28008;RICARDO FONSECA;PRTB;NÃO ELEITO;10
18;8;28008;RICARDO FONSECA;PRTB;NÃO ELEITO;28
19;8;28008;RICARDO FONSECA;PRTB;NÃO ELEITO;18
20;8;28008;RICARDO FONSECA;PRTB;NÃO ELEITO;7
21;8;28008;RICARDO FONSECA;PRTB;NÃO ELEITO;15
1;8;28022;JOAQUIM GOMES;PRTB;NÃO ELEITO;9
2;8;28022;JOAQUIM GOMES;PRTB;NÃO ELEITO;7
3;8;28022;JOAQUIM GOMES;PRTB;NÃO ELEITO;4
4;8;28022;JOAQUIM GOMES;PRTB;NÃO ELEITO;1
5;8;28022;JOAQUIM GOMES;PRTB;NÃO ELEITO;2
6;8;28022;JOAQUIM GOMES;PRTB;NÃO ELEITO;3
8;8;28022;JOAQUIM GOMES;PRTB;NÃO ELEITO;5
9;8;28022;JOAQUIM GOMES;PRTB;NÃO ELEITO;27
10;8;28022;JOAQUIM GOMES;PRTB;NÃO ELEITO;8
11;8;28022;JOAQUIM GOMES;PRTB;NÃO ELEITO;10
13;8;28022;JOAQUIM GOMES;PRTB;NÃO ELEITO;7
14;8;28022;JOAQUIM GOMES;PRTB;NÃO ELEITO;21
15;8;28022;JOAQUIM GOMES;PRTB;NÃO ELEITO;10
16;8;28022;JOAQUIM GOMES;PRTB;NÃO ELEITO;6
17;8;28022;JOAQUIM GOMES;PRTB;NÃO ELEITO;5
18;8;28022;JOAQUIM GOMES;PRTB;NÃO ELEITO;56
19;8;28022;JOAQUIM GOMES;PRTB;NÃO ELEITO;5
20;8;28022;JOAQUIM GOMES;PRTB;NÃO ELEITO;6
21;8;28022;JOAQUIM GOMES;PRTB;NÃO ELEITO;4
1;8;28028;FÁBIO GOMES;PRTB;NÃO ELEITO;283
2;8;28028;FÁBIO GOMES;PRTB;NÃO ELEITO;172
3;8;28028;FÁBIO GOMES;PRTB;NÃO ELEITO;82
4;8;28028;FÁBIO GOMES;PRTB;NÃO ELEITO;66
5;8;28028;FÁBIO GOMES;PRTB;NÃO ELEITO;104
6;8;28028;FÁBIO GOMES;PRTB;NÃO ELEITO;98
8;8;28028;FÁBIO GOMES;PRTB;NÃO ELEITO;94
9;8;28028;FÁBIO GOMES;PRTB;NÃO ELEITO;225
10;8;28028;FÁBIO GOMES;PRTB;NÃO ELEITO;117
11;8;28028;FÁBIO GOMES;PRTB;NÃO ELEITO;238
13;8;28028;FÁBIO GOMES;PRTB;NÃO ELEITO;107
14;8;28028;FÁBIO GOMES;PRTB;NÃO ELEITO;425
15;8;28028;FÁBIO GOMES;PRTB;NÃO ELEITO;297
16;8;28028;FÁBIO GOMES;PRTB;NÃO ELEITO;81
17;8;28028;FÁBIO GOMES;PRTB;NÃO ELEITO;99
18;8;28028;FÁBIO GOMES;PRTB;NÃO ELEITO;256
19;8;28028;FÁBIO GOMES;PRTB;NÃO ELEITO;120
20;8;28028;FÁBIO GOMES;PRTB;NÃO ELEITO;67
21;8;28028;FÁBIO GOMES;PRTB;NÃO ELEITO;71
1;8;28082;ERICK ASSIS;PRTB;NÃO ELEITO;24
2;8;28082;ERICK ASSIS;PRTB;NÃO ELEITO;40
3;8;28082;ERICK ASSIS;PRTB;NÃO ELEITO;6
4;8;28082;ERICK ASSIS;PRTB;NÃO ELEITO;9
5;8;28082;ERICK ASSIS;PRTB;NÃO ELEITO;6
6;8;28082;ERICK ASSIS;PRTB;NÃO ELEITO;9
8;8;28082;ERICK ASSIS;PRTB;NÃO ELEITO;9
9;8;28082;ERICK ASSIS;PRTB;NÃO ELEITO;18
10;8;28082;ERICK ASSIS;PRTB;NÃO ELEITO;15
11;8;28082;ERICK ASSIS;PRTB;NÃO ELEITO;11
13;8;28082;ERICK ASSIS;PRTB;NÃO ELEITO;12
14;8;28082;ERICK ASSIS;PRTB;NÃO ELEITO;10
15;8;28082;ERICK ASSIS;PRTB;NÃO ELEITO;15
16;8;28082;ERICK ASSIS;PRTB;NÃO ELEITO;5
17;8;28082;ERICK ASSIS;PRTB;NÃO ELEITO;22
18;8;28082;ERICK ASSIS;PRTB;NÃO ELEITO;6
19;8;28082;ERICK ASSIS;PRTB;NÃO ELEITO;7
20;8;28082;ERICK ASSIS;PRTB;NÃO ELEITO;3
21;8;28082;ERICK ASSIS;PRTB;NÃO ELEITO;7
1;8;28088;DANILO ARAGÃO;PRTB;NÃO ELEITO;177
2;8;28088;DANILO ARAGÃO;PRTB;NÃO ELEITO;67
3;8;28088;DANILO ARAGÃO;PRTB;NÃO ELEITO;62
4;8;28088;DANILO ARAGÃO;PRTB;NÃO ELEITO;35
5;8;28088;DANILO ARAGÃO;PRTB;NÃO ELEITO;60
6;8;28088;DANILO ARAGÃO;PRTB;NÃO ELEITO;22
8;8;28088;DANILO ARAGÃO;PRTB;NÃO ELEITO;83
9;8;28088;DANILO ARAGÃO;PRTB;NÃO ELEITO;174
10;8;28088;DANILO ARAGÃO;PRTB;NÃO ELEITO;55
11;8;28088;DANILO ARAGÃO;PRTB;NÃO ELEITO;92
13;8;28088;DANILO ARAGÃO;PRTB;NÃO ELEITO;62
14;8;28088;DANILO ARAGÃO;PRTB;NÃO ELEITO;182
15;8;28088;DANILO ARAGÃO;PRTB;NÃO ELEITO;351
16;8;28088;DANILO ARAGÃO;PRTB;NÃO ELEITO;54
17;8;28088;DANILO ARAGÃO;PRTB;NÃO ELEITO;49
18;8;28088;DANILO ARAGÃO;PRTB;NÃO ELEITO;100
19;8;28088;DANILO ARAGÃO;PRTB;NÃO ELEITO;109
20;8;28088;DANILO ARAGÃO;PRTB;NÃO ELEITO;45
21;8;28088;DANILO ARAGÃO;PRTB;NÃO ELEITO;44
1;8;28100;PASTORA ROSA RÊGO;PRTB;NÃO ELEITO;27
2;8;28100;PASTORA ROSA RÊGO;PRTB;NÃO ELEITO;11
3;8;28100;PASTORA ROSA RÊGO;PRTB;NÃO ELEITO;6
4;8;28100;PASTORA ROSA RÊGO;PRTB;NÃO ELEITO;5
5;8;28100;PASTORA ROSA RÊGO;PRTB;NÃO ELEITO;6
6;8;28100;PASTORA ROSA RÊGO;PRTB;NÃO ELEITO;0
8;8;28100;PASTORA ROSA RÊGO;PRTB;NÃO ELEITO;6
9;8;28100;PASTORA ROSA RÊGO;PRTB;NÃO ELEITO;26
10;8;28100;PASTORA ROSA RÊGO;PRTB;NÃO ELEITO;2
11;8;28100;PASTORA ROSA RÊGO;PRTB;NÃO ELEITO;14
13;8;28100;PASTORA ROSA RÊGO;PRTB;NÃO ELEITO;2
14;8;28100;PASTORA ROSA RÊGO;PRTB;NÃO ELEITO;5
15;8;28100;PASTORA ROSA RÊGO;PRTB;NÃO ELEITO;17
16;8;28100;PASTORA ROSA RÊGO;PRTB;NÃO ELEITO;7
17;8;28100;PASTORA ROSA RÊGO;PRTB;NÃO ELEITO;7
18;8;28100;PASTORA ROSA RÊGO;PRTB;NÃO ELEITO;11
19;8;28100;PASTORA ROSA RÊGO;PRTB;NÃO ELEITO;12
20;8;28100;PASTORA ROSA RÊGO;PRTB;NÃO ELEITO;3
21;8;28100;PASTORA ROSA RÊGO;PRTB;NÃO ELEITO;7
1;8;28111;DOUTOR SAULO;PRTB;NÃO ELEITO;8
2;8;28111;DOUTOR SAULO;PRTB;NÃO ELEITO;8
3;8;28111;DOUTOR SAULO;PRTB;NÃO ELEITO;20
4;8;28111;DOUTOR SAULO;PRTB;NÃO ELEITO;6
5;8;28111;DOUTOR SAULO;PRTB;NÃO ELEITO;10
6;8;28111;DOUTOR SAULO;PRTB;NÃO ELEITO;1
8;8;28111;DOUTOR SAULO;PRTB;NÃO ELEITO;104
9;8;28111;DOUTOR SAULO;PRTB;NÃO ELEITO;17
10;8;28111;DOUTOR SAULO;PRTB;NÃO ELEITO;13
11;8;28111;DOUTOR SAULO;PRTB;NÃO ELEITO;8
13;8;28111;DOUTOR SAULO;PRTB;NÃO ELEITO;27
14;8;28111;DOUTOR SAULO;PRTB;NÃO ELEITO;6
15;8;28111;DOUTOR SAULO;PRTB;NÃO ELEITO;48
16;8;28111;DOUTOR SAULO;PRTB;NÃO ELEITO;357
17;8;28111;DOUTOR SAULO;PRTB;NÃO ELEITO;52
18;8;28111;DOUTOR SAULO;PRTB;NÃO ELEITO;13
19;8;28111;DOUTOR SAULO;PRTB;NÃO ELEITO;23
20;8;28111;DOUTOR SAULO;PRTB;NÃO ELEITO;19
21;8;28111;DOUTOR SAULO;PRTB;NÃO ELEITO;40
1;8;28123;SANDRA DO AGRO;PRTB;NÃO ELEITO;15
2;8;28123;SANDRA DO AGRO;PRTB;NÃO ELEITO;10
3;8;28123;SANDRA DO AGRO;PRTB;NÃO ELEITO;33
4;8;28123;SANDRA DO AGRO;PRTB;NÃO ELEITO;27
5;8;28123;SANDRA DO AGRO;PRTB;NÃO ELEITO;62
6;8;28123;SANDRA DO AGRO;PRTB;NÃO ELEITO;132
8;8;28123;SANDRA DO AGRO;PRTB;NÃO ELEITO;31
9;8;28123;SANDRA DO AGRO;PRTB;NÃO ELEITO;26
10;8;28123;SANDRA DO AGRO;PRTB;NÃO ELEITO;34
11;8;28123;SANDRA DO AGRO;PRTB;NÃO ELEITO;16
13;8;28123;SANDRA DO AGRO;PRTB;NÃO ELEITO;17
14;8;28123;SANDRA DO AGRO;PRTB;NÃO ELEITO;24
15;8;28123;SANDRA DO AGRO;PRTB;NÃO ELEITO;26
16;8;28123;SANDRA DO AGRO;PRTB;NÃO ELEITO;203
17;8;28123;SANDRA DO AGRO;PRTB;NÃO ELEITO;16
18;8;28123;SANDRA DO AGRO;PRTB;NÃO ELEITO;76
19;8;28123;SANDRA DO AGRO;PRTB;NÃO ELEITO;70
20;8;28123;SANDRA DO AGRO;PRTB;NÃO ELEITO;29
21;8;28123;SANDRA DO AGRO;PRTB;NÃO ELEITO;48
1;8;28128;ALINE CALADO;PRTB;NÃO ELEITO;3
2;8;28128;ALINE CALADO;PRTB;NÃO ELEITO;5
3;8;28128;ALINE CALADO;PRTB;NÃO ELEITO;2
4;8;28128;ALINE CALADO;PRTB;NÃO ELEITO;0
5;8;28128;ALINE CALADO;PRTB;NÃO ELEITO;4
6;8;28128;ALINE CALADO;PRTB;NÃO ELEITO;2
8;8;28128;ALINE CALADO;PRTB;NÃO ELEITO;7
9;8;28128;ALINE CALADO;PRTB;NÃO ELEITO;0
10;8;28128;ALINE CALADO;PRTB;NÃO ELEITO;10
11;8;28128;ALINE CALADO;PRTB;NÃO ELEITO;7
13;8;28128;ALINE CALADO;PRTB;NÃO ELEITO;4
14;8;28128;ALINE CALADO;PRTB;NÃO ELEITO;5
15;8;28128;ALINE CALADO;PRTB;NÃO ELEITO;7
16;8;28128;ALINE CALADO;PRTB;NÃO ELEITO;0
17;8;28128;ALINE CALADO;PRTB;NÃO ELEITO;12
18;8;28128;ALINE CALADO;PRTB;NÃO ELEITO;0
19;8;28128;ALINE CALADO;PRTB;NÃO ELEITO;29
20;8;28128;ALINE CALADO;PRTB;NÃO ELEITO;0
21;8;28128;ALINE CALADO;PRTB;NÃO ELEITO;0
1;8;28180;NÍVIA CRUZ;PRTB;NÃO ELEITO;14
2;8;28180;NÍVIA CRUZ;PRTB;NÃO ELEITO;7
3;8;28180;NÍVIA CRUZ;PRTB;NÃO ELEITO;1
4;8;28180;NÍVIA CRUZ;PRTB;NÃO ELEITO;1
5;8;28180;NÍVIA CRUZ;PRTB;NÃO ELEITO;8
6;8;28180;NÍVIA CRUZ;PRTB;NÃO ELEITO;1
8;8;28180;NÍVIA CRUZ;PRTB;NÃO ELEITO;3
9;8;28180;NÍVIA CRUZ;PRTB;NÃO ELEITO;32
10;8;28180;NÍVIA CRUZ;PRTB;NÃO ELEITO;6
11;8;28180;NÍVIA CRUZ;PRTB;NÃO ELEITO;24
13;8;28180;NÍVIA CRUZ;PRTB;NÃO ELEITO;2
14;8;28180;NÍVIA CRUZ;PRTB;NÃO ELEITO;13
15;8;28180;NÍVIA CRUZ;PRTB;NÃO ELEITO;13
16;8;28180;NÍVIA CRUZ;PRTB;NÃO ELEITO;1
17;8;28180;NÍVIA CRUZ;PRTB;NÃO ELEITO;3
18;8;28180;NÍVIA CRUZ;PRTB;NÃO ELEITO;9
19;8;28180;NÍVIA CRUZ;PRTB;NÃO ELEITO;5
20;8;28180;NÍVIA CRUZ;PRTB;NÃO ELEITO;1
21;8;28180;NÍVIA CRUZ;PRTB;NÃO ELEITO;0
1;8;28190;SARGENTO VIANA;PRTB;NÃO ELEITO;1
2;8;28190;SARGENTO VIANA;PRTB;NÃO ELEITO;1
3;8;28190;SARGENTO VIANA;PRTB;NÃO ELEITO;22
4;8;28190;SARGENTO VIANA;PRTB;NÃO ELEITO;3
5;8;28190;SARGENTO VIANA;PRTB;NÃO ELEITO;12
6;8;28190;SARGENTO VIANA;PRTB;NÃO ELEITO;1
8;8;28190;SARGENTO VIANA;PRTB;NÃO ELEITO;47
9;8;28190;SARGENTO VIANA;PRTB;NÃO ELEITO;6
10;8;28190;SARGENTO VIANA;PRTB;NÃO ELEITO;11
11;8;28190;SARGENTO VIANA;PRTB;NÃO ELEITO;4
13;8;28190;SARGENTO VIANA;PRTB;NÃO ELEITO;8
14;8;28190;SARGENTO VIANA;PRTB;NÃO ELEITO;5
15;8;28190;SARGENTO VIANA;PRTB;NÃO ELEITO;44
16;8;28190;SARGENTO VIANA;PRTB;NÃO ELEITO;18
17;8;28190;SARGENTO VIANA;PRTB;NÃO ELEITO;7
18;8;28190;SARGENTO VIANA;PRTB;NÃO ELEITO;3
19;8;28190;SARGENTO VIANA;PRTB;NÃO ELEITO;47
20;8;28190;SARGENTO VIANA;PRTB;NÃO ELEITO;12
21;8;28190;SARGENTO VIANA;PRTB;NÃO ELEITO;9
1;8;28200;PROFESSOR EDUARDO REZENDE;PRTB;NÃO ELEITO;7
2;8;28200;PROFESSOR EDUARDO REZENDE;PRTB;NÃO ELEITO;2
3;8;28200;PROFESSOR EDUARDO REZENDE;PRTB;NÃO ELEITO;81
4;8;28200;PROFESSOR EDUARDO REZENDE;PRTB;NÃO ELEITO;6
5;8;28200;PROFESSOR EDUARDO REZENDE;PRTB;NÃO ELEITO;7
6;8;28200;PROFESSOR EDUARDO REZENDE;PRTB;NÃO ELEITO;3
8;8;28200;PROFESSOR EDUARDO REZENDE;PRTB;NÃO ELEITO;658
9;8;28200;PROFESSOR EDUARDO REZENDE;PRTB;NÃO ELEITO;8
10;8;28200;PROFESSOR EDUARDO REZENDE;PRTB;NÃO ELEITO;13
11;8;28200;PROFESSOR EDUARDO REZENDE;PRTB;NÃO ELEITO;6
13;8;28200;PROFESSOR EDUARDO REZENDE;PRTB;NÃO ELEITO;47
14;8;28200;PROFESSOR EDUARDO REZENDE;PRTB;NÃO ELEITO;5
15;8;28200;PROFESSOR EDUARDO REZENDE;PRTB;NÃO ELEITO;46
16;8;28200;PROFESSOR EDUARDO REZENDE;PRTB;NÃO ELEITO;63
17;8;28200;PROFESSOR EDUARDO REZENDE;PRTB;NÃO ELEITO;3
18;8;28200;PROFESSOR EDUARDO REZENDE;PRTB;NÃO ELEITO;3
19;8;28200;PROFESSOR EDUARDO REZENDE;PRTB;NÃO ELEITO;60
20;8;28200;PROFESSOR EDUARDO REZENDE;PRTB;NÃO ELEITO;76
21;8;28200;PROFESSOR EDUARDO REZENDE;PRTB;NÃO ELEITO;45
1;8;28217;FATIMA CAVALCANTE;PRTB;NÃO ELEITO;3
2;8;28217;FATIMA CAVALCANTE;PRTB;NÃO ELEITO;4
3;8;28217;FATIMA CAVALCANTE;PRTB;NÃO ELEITO;9
4;8;28217;FATIMA CAVALCANTE;PRTB;NÃO ELEITO;8
5;8;28217;FATIMA CAVALCANTE;PRTB;NÃO ELEITO;4
6;8;28217;FATIMA CAVALCANTE;PRTB;NÃO ELEITO;0
8;8;28217;FATIMA CAVALCANTE;PRTB;NÃO ELEITO;1
9;8;28217;FATIMA CAVALCANTE;PRTB;NÃO ELEITO;4
10;8;28217;FATIMA CAVALCANTE;PRTB;NÃO ELEITO;9
11;8;28217;FATIMA CAVALCANTE;PRTB;NÃO ELEITO;0
13;8;28217;FATIMA CAVALCANTE;PRTB;NÃO ELEITO;1
14;8;28217;FATIMA CAVALCANTE;PRTB;NÃO ELEITO;9
15;8;28217;FATIMA CAVALCANTE;PRTB;NÃO ELEITO;3
16;8;28217;FATIMA CAVALCANTE;PRTB;NÃO ELEITO;21
17;8;28217;FATIMA CAVALCANTE;PRTB;NÃO ELEITO;7
18;8;28217;FATIMA CAVALCANTE;PRTB;NÃO ELEITO;17
19;8;28217;FATIMA CAVALCANTE;PRTB;NÃO ELEITO;16
20;8;28217;FATIMA CAVALCANTE;PRTB;NÃO ELEITO;9
21;8;28217;FATIMA CAVALCANTE;PRTB;NÃO ELEITO;7
1;8;28280;KARINE MOREIRA;PRTB;NÃO ELEITO;54
2;8;28280;KARINE MOREIRA;PRTB;NÃO ELEITO;49
3;8;28280;KARINE MOREIRA;PRTB;NÃO ELEITO;6
4;8;28280;KARINE MOREIRA;PRTB;NÃO ELEITO;3
5;8;28280;KARINE MOREIRA;PRTB;NÃO ELEITO;41
6;8;28280;KARINE MOREIRA;PRTB;NÃO ELEITO;12
8;8;28280;KARINE MOREIRA;PRTB;NÃO ELEITO;5
9;8;28280;KARINE MOREIRA;PRTB;NÃO ELEITO;34
10;8;28280;KARINE MOREIRA;PRTB;NÃO ELEITO;29
11;8;28280;KARINE MOREIRA;PRTB;NÃO ELEITO;22
13;8;28280;KARINE MOREIRA;PRTB;NÃO ELEITO;10
14;8;28280;KARINE MOREIRA;PRTB;NÃO ELEITO;65
15;8;28280;KARINE MOREIRA;PRTB;NÃO ELEITO;40
16;8;28280;KARINE MOREIRA;PRTB;NÃO ELEITO;16
17;8;28280;KARINE MOREIRA;PRTB;NÃO ELEITO;5
18;8;28280;KARINE MOREIRA;PRTB;NÃO ELEITO;45
19;8;28280;KARINE MOREIRA;PRTB;NÃO ELEITO;14
20;8;28280;KARINE MOREIRA;PRTB;NÃO ELEITO;5
21;8;28280;KARINE MOREIRA;PRTB;NÃO ELEITO;9
1;8;28281;REGINALDO JARBAS;PRTB;NÃO ELEITO;0
2;8;28281;REGINALDO JARBAS;PRTB;NÃO ELEITO;1
3;8;28281;REGINALDO JARBAS;PRTB;NÃO ELEITO;0
4;8;28281;REGINALDO JARBAS;PRTB;NÃO ELEITO;2
5;8;28281;REGINALDO JARBAS;PRTB;NÃO ELEITO;202
6;8;28281;REGINALDO JARBAS;PRTB;NÃO ELEITO;7
8;8;28281;REGINALDO JARBAS;PRTB;NÃO ELEITO;5
9;8;28281;REGINALDO JARBAS;PRTB;NÃO ELEITO;1
10;8;28281;REGINALDO JARBAS;PRTB;NÃO ELEITO;1
11;8;28281;REGINALDO JARBAS;PRTB;NÃO ELEITO;0
13;8;28281;REGINALDO JARBAS;PRTB;NÃO ELEITO;2
14;8;28281;REGINALDO JARBAS;PRTB;NÃO ELEITO;5
15;8;28281;REGINALDO JARBAS;PRTB;NÃO ELEITO;1
16;8;28281;REGINALDO JARBAS;PRTB;NÃO ELEITO;0
17;8;28281;REGINALDO JARBAS;PRTB;NÃO ELEITO;2
18;8;28281;REGINALDO JARBAS;PRTB;NÃO ELEITO;1
19;8;28281;REGINALDO JARBAS;PRTB;NÃO ELEITO;3
20;8;28281;REGINALDO JARBAS;PRTB;NÃO ELEITO;0
21;8;28281;REGINALDO JARBAS;PRTB;NÃO ELEITO;1
1;8;28288;PASTORA ANA CLEIA;PRTB;NÃO ELEITO;0
2;8;28288;PASTORA ANA CLEIA;PRTB;NÃO ELEITO;0
3;8;28288;PASTORA ANA CLEIA;PRTB;NÃO ELEITO;0
4;8;28288;PASTORA ANA CLEIA;PRTB;NÃO ELEITO;0
5;8;28288;PASTORA ANA CLEIA;PRTB;NÃO ELEITO;0
6;8;28288;PASTORA ANA CLEIA;PRTB;NÃO ELEITO;0
8;8;28288;PASTORA ANA CLEIA;PRTB;NÃO ELEITO;0
9;8;28288;PASTORA ANA CLEIA;PRTB;NÃO ELEITO;0
10;8;28288;PASTORA ANA CLEIA;PRTB;NÃO ELEITO;0
11;8;28288;PASTORA ANA CLEIA;PRTB;NÃO ELEITO;0
13;8;28288;PASTORA ANA CLEIA;PRTB;NÃO ELEITO;0
14;8;28288;PASTORA ANA CLEIA;PRTB;NÃO ELEITO;0
15;8;28288;PASTORA ANA CLEIA;PRTB;NÃO ELEITO;0
16;8;28288;PASTORA ANA CLEIA;PRTB;NÃO ELEITO;0
17;8;28288;PASTORA ANA CLEIA;PRTB;NÃO ELEITO;0
18;8;28288;PASTORA ANA CLEIA;PRTB;NÃO ELEITO;0
19;8;28288;PASTORA ANA CLEIA;PRTB;NÃO ELEITO;0
20;8;28288;PASTORA ANA CLEIA;PRTB;NÃO ELEITO;0
21;8;28288;PASTORA ANA CLEIA;PRTB;NÃO ELEITO;0
1;8;28434;ELIMAR CARVALHO;PRTB;NÃO ELEITO;1
2;8;28434;ELIMAR CARVALHO;PRTB;NÃO ELEITO;4
3;8;28434;ELIMAR CARVALHO;PRTB;NÃO ELEITO;2
4;8;28434;ELIMAR CARVALHO;PRTB;NÃO ELEITO;8
5;8;28434;ELIMAR CARVALHO;PRTB;NÃO ELEITO;1
6;8;28434;ELIMAR CARVALHO;PRTB;NÃO ELEITO;3
8;8;28434;ELIMAR CARVALHO;PRTB;NÃO ELEITO;29
9;8;28434;ELIMAR CARVALHO;PRTB;NÃO ELEITO;4
10;8;28434;ELIMAR CARVALHO;PRTB;NÃO ELEITO;44
11;8;28434;ELIMAR CARVALHO;PRTB;NÃO ELEITO;0
13;8;28434;ELIMAR CARVALHO;PRTB;NÃO ELEITO;44
14;8;28434;ELIMAR CARVALHO;PRTB;NÃO ELEITO;1
15;8;28434;ELIMAR CARVALHO;PRTB;NÃO ELEITO;10
16;8;28434;ELIMAR CARVALHO;PRTB;NÃO ELEITO;9
17;8;28434;ELIMAR CARVALHO;PRTB;NÃO ELEITO;16
18;8;28434;ELIMAR CARVALHO;PRTB;NÃO ELEITO;4
19;8;28434;ELIMAR CARVALHO;PRTB;NÃO ELEITO;6
20;8;28434;ELIMAR CARVALHO;PRTB;NÃO ELEITO;4
21;8;28434;ELIMAR CARVALHO;PRTB;NÃO ELEITO;308
1;8;28500;SARGENTO FLÁVIO MENDES;PRTB;NÃO ELEITO;4
2;8;28500;SARGENTO FLÁVIO MENDES;PRTB;NÃO ELEITO;4
3;8;28500;SARGENTO FLÁVIO MENDES;PRTB;NÃO ELEITO;11
4;8;28500;SARGENTO FLÁVIO MENDES;PRTB;NÃO ELEITO;2
5;8;28500;SARGENTO FLÁVIO MENDES;PRTB;NÃO ELEITO;8
6;8;28500;SARGENTO FLÁVIO MENDES;PRTB;NÃO ELEITO;2
8;8;28500;SARGENTO FLÁVIO MENDES;PRTB;NÃO ELEITO;23
9;8;28500;SARGENTO FLÁVIO MENDES;PRTB;NÃO ELEITO;11
10;8;28500;SARGENTO FLÁVIO MENDES;PRTB;NÃO ELEITO;10
11;8;28500;SARGENTO FLÁVIO MENDES;PRTB;NÃO ELEITO;5
13;8;28500;SARGENTO FLÁVIO MENDES;PRTB;NÃO ELEITO;25
14;8;28500;SARGENTO FLÁVIO MENDES;PRTB;NÃO ELEITO;2
15;8;28500;SARGENTO FLÁVIO MENDES;PRTB;NÃO ELEITO;36
16;8;28500;SARGENTO FLÁVIO MENDES;PRTB;NÃO ELEITO;1007
17;8;28500;SARGENTO FLÁVIO MENDES;PRTB;NÃO ELEITO;10
18;8;28500;SARGENTO FLÁVIO MENDES;PRTB;NÃO ELEITO;4
19;8;28500;SARGENTO FLÁVIO MENDES;PRTB;NÃO ELEITO;23
20;8;28500;SARGENTO FLÁVIO MENDES;PRTB;NÃO ELEITO;16
21;8;28500;SARGENTO FLÁVIO MENDES;PRTB;NÃO ELEITO;10
1;8;28777;AMILTON SILVA;PRTB;NÃO ELEITO;12
2;8;28777;AMILTON SILVA;PRTB;NÃO ELEITO;11
3;8;28777;AMILTON SILVA;PRTB;NÃO ELEITO;18
4;8;28777;AMILTON SILVA;PRTB;NÃO ELEITO;15
5;8;28777;AMILTON SILVA;PRTB;NÃO ELEITO;13
6;8;28777;AMILTON SILVA;PRTB;NÃO ELEITO;4
8;8;28777;AMILTON SILVA;PRTB;NÃO ELEITO;8
9;8;28777;AMILTON SILVA;PRTB;NÃO ELEITO;25
10;8;28777;AMILTON SILVA;PRTB;NÃO ELEITO;17
11;8;28777;AMILTON SILVA;PRTB;NÃO ELEITO;64
13;8;28777;AMILTON SILVA;PRTB;NÃO ELEITO;7
14;8;28777;AMILTON SILVA;PRTB;NÃO ELEITO;18
15;8;28777;AMILTON SILVA;PRTB;NÃO ELEITO;43
16;8;28777;AMILTON SILVA;PRTB;NÃO ELEITO;2
17;8;28777;AMILTON SILVA;PRTB;NÃO ELEITO;16
18;8;28777;AMILTON SILVA;PRTB;NÃO ELEITO;15
19;8;28777;AMILTON SILVA;PRTB;NÃO ELEITO;23
20;8;28777;AMILTON SILVA;PRTB;NÃO ELEITO;7
21;8;28777;AMILTON SILVA;PRTB;NÃO ELEITO;3
1;8;28800;NENA BRAZ;PRTB;NÃO ELEITO;0
2;8;28800;NENA BRAZ;PRTB;NÃO ELEITO;0
3;8;28800;NENA BRAZ;PRTB;NÃO ELEITO;1
4;8;28800;NENA BRAZ;PRTB;NÃO ELEITO;4
5;8;28800;NENA BRAZ;PRTB;NÃO ELEITO;4
6;8;28800;NENA BRAZ;PRTB;NÃO ELEITO;0
8;8;28800;NENA BRAZ;PRTB;NÃO ELEITO;1
9;8;28800;NENA BRAZ;PRTB;NÃO ELEITO;0
10;8;28800;NENA BRAZ;PRTB;NÃO ELEITO;5
11;8;28800;NENA BRAZ;PRTB;NÃO ELEITO;0
13;8;28800;NENA BRAZ;PRTB;NÃO ELEITO;3
14;8;28800;NENA BRAZ;PRTB;NÃO ELEITO;0
15;8;28800;NENA BRAZ;PRTB;NÃO ELEITO;3
16;8;28800;NENA BRAZ;PRTB;NÃO ELEITO;3
17;8;28800;NENA BRAZ;PRTB;NÃO ELEITO;69
18;8;28800;NENA BRAZ;PRTB;NÃO ELEITO;1
19;8;28800;NENA BRAZ;PRTB;NÃO ELEITO;4
20;8;28800;NENA BRAZ;PRTB;NÃO ELEITO;6
21;8;28800;NENA BRAZ;PRTB;NÃO ELEITO;6
1;8;28888;ROBSON PALMA;PRTB;NÃO ELEITO;13
2;8;28888;ROBSON PALMA;PRTB;NÃO ELEITO;6
3;8;28888;ROBSON PALMA;PRTB;NÃO ELEITO;0
4;8;28888;ROBSON PALMA;PRTB;NÃO ELEITO;25
5;8;28888;ROBSON PALMA;PRTB;NÃO ELEITO;7
6;8;28888;ROBSON PALMA;PRTB;NÃO ELEITO;1
8;8;28888;ROBSON PALMA;PRTB;NÃO ELEITO;5
9;8;28888;ROBSON PALMA;PRTB;NÃO ELEITO;13
10;8;28888;ROBSON PALMA;PRTB;NÃO ELEITO;10
11;8;28888;ROBSON PALMA;PRTB;NÃO ELEITO;10
13;8;28888;ROBSON PALMA;PRTB;NÃO ELEITO;5
14;8;28888;ROBSON PALMA;PRTB;NÃO ELEITO;7
15;8;28888;ROBSON PALMA;PRTB;NÃO ELEITO;11
16;8;28888;ROBSON PALMA;PRTB;NÃO ELEITO;5
17;8;28888;ROBSON PALMA;PRTB;NÃO ELEITO;203
18;8;28888;ROBSON PALMA;PRTB;NÃO ELEITO;13
19;8;28888;ROBSON PALMA;PRTB;NÃO ELEITO;9
20;8;28888;ROBSON PALMA;PRTB;NÃO ELEITO;1
21;8;28888;ROBSON PALMA;PRTB;NÃO ELEITO;12
1;8;28917;DOUTOR GUSTAVO RAMIRO;PRTB;NÃO ELEITO;10
2;8;28917;DOUTOR GUSTAVO RAMIRO;PRTB;NÃO ELEITO;1
3;8;28917;DOUTOR GUSTAVO RAMIRO;PRTB;NÃO ELEITO;2
4;8;28917;DOUTOR GUSTAVO RAMIRO;PRTB;NÃO ELEITO;2
5;8;28917;DOUTOR GUSTAVO RAMIRO;PRTB;NÃO ELEITO;82
6;8;28917;DOUTOR GUSTAVO RAMIRO;PRTB;NÃO ELEITO;19
8;8;28917;DOUTOR GUSTAVO RAMIRO;PRTB;NÃO ELEITO;3
9;8;28917;DOUTOR GUSTAVO RAMIRO;PRTB;NÃO ELEITO;7
10;8;28917;DOUTOR GUSTAVO RAMIRO;PRTB;NÃO ELEITO;4
11;8;28917;DOUTOR GUSTAVO RAMIRO;PRTB;NÃO ELEITO;2
13;8;28917;DOUTOR GUSTAVO RAMIRO;PRTB;NÃO ELEITO;4
14;8;28917;DOUTOR GUSTAVO RAMIRO;PRTB;NÃO ELEITO;5
15;8;28917;DOUTOR GUSTAVO RAMIRO;PRTB;NÃO ELEITO;5
16;8;28917;DOUTOR GUSTAVO RAMIRO;PRTB;NÃO ELEITO;6
17;8;28917;DOUTOR GUSTAVO RAMIRO;PRTB;NÃO ELEITO;2
18;8;28917;DOUTOR GUSTAVO RAMIRO;PRTB;NÃO ELEITO;1
19;8;28917;DOUTOR GUSTAVO RAMIRO;PRTB;NÃO ELEITO;5
20;8;28917;DOUTOR GUSTAVO RAMIRO;PRTB;NÃO ELEITO;0
21;8;28917;DOUTOR GUSTAVO RAMIRO;PRTB;NÃO ELEITO;0
1;8;29029;PERCI MARRARA;PCO;NÃO ELEITO;0
2;8;29029;PERCI MARRARA;PCO;NÃO ELEITO;0
3;8;29029;PERCI MARRARA;PCO;NÃO ELEITO;0
4;8;29029;PERCI MARRARA;PCO;NÃO ELEITO;0
5;8;29029;PERCI MARRARA;PCO;NÃO ELEITO;0
6;8;29029;PERCI MARRARA;PCO;NÃO ELEITO;0
8;8;29029;PERCI MARRARA;PCO;NÃO ELEITO;0
9;8;29029;PERCI MARRARA;PCO;NÃO ELEITO;0
10;8;29029;PERCI MARRARA;PCO;NÃO ELEITO;0
11;8;29029;PERCI MARRARA;PCO;NÃO ELEITO;0
13;8;29029;PERCI MARRARA;PCO;NÃO ELEITO;0
14;8;29029;PERCI MARRARA;PCO;NÃO ELEITO;0
15;8;29029;PERCI MARRARA;PCO;NÃO ELEITO;0
16;8;29029;PERCI MARRARA;PCO;NÃO ELEITO;0
17;8;29029;PERCI MARRARA;PCO;NÃO ELEITO;0
18;8;29029;PERCI MARRARA;PCO;NÃO ELEITO;0
19;8;29029;PERCI MARRARA;PCO;NÃO ELEITO;0
20;8;29029;PERCI MARRARA;PCO;NÃO ELEITO;0
21;8;29029;PERCI MARRARA;PCO;NÃO ELEITO;0
1;8;29129;CECÍLIA DOURADO;PCO;NÃO ELEITO;3
2;8;29129;CECÍLIA DOURADO;PCO;NÃO ELEITO;2
3;8;29129;CECÍLIA DOURADO;PCO;NÃO ELEITO;1
4;8;29129;CECÍLIA DOURADO;PCO;NÃO ELEITO;1
5;8;29129;CECÍLIA DOURADO;PCO;NÃO ELEITO;5
6;8;29129;CECÍLIA DOURADO;PCO;NÃO ELEITO;4
8;8;29129;CECÍLIA DOURADO;PCO;NÃO ELEITO;3
9;8;29129;CECÍLIA DOURADO;PCO;NÃO ELEITO;3
10;8;29129;CECÍLIA DOURADO;PCO;NÃO ELEITO;4
11;8;29129;CECÍLIA DOURADO;PCO;NÃO ELEITO;4
13;8;29129;CECÍLIA DOURADO;PCO;NÃO ELEITO;2
14;8;29129;CECÍLIA DOURADO;PCO;NÃO ELEITO;15
15;8;29129;CECÍLIA DOURADO;PCO;NÃO ELEITO;2
16;8;29129;CECÍLIA DOURADO;PCO;NÃO ELEITO;0
17;8;29129;CECÍLIA DOURADO;PCO;NÃO ELEITO;0
18;8;29129;CECÍLIA DOURADO;PCO;NÃO ELEITO;3
19;8;29129;CECÍLIA DOURADO;PCO;NÃO ELEITO;2
20;8;29129;CECÍLIA DOURADO;PCO;NÃO ELEITO;3
21;8;29129;CECÍLIA DOURADO;PCO;NÃO ELEITO;1
1;8;29229;NEUDER BASTOS;PCO;NÃO ELEITO;2
2;8;29229;NEUDER BASTOS;PCO;NÃO ELEITO;2
3;8;29229;NEUDER BASTOS;PCO;NÃO ELEITO;0
4;8;29229;NEUDER BASTOS;PCO;NÃO ELEITO;0
5;8;29229;NEUDER BASTOS;PCO;NÃO ELEITO;0
6;8;29229;NEUDER BASTOS;PCO;NÃO ELEITO;8
8;8;29229;NEUDER BASTOS;PCO;NÃO ELEITO;5
9;8;29229;NEUDER BASTOS;PCO;NÃO ELEITO;2
10;8;29229;NEUDER BASTOS;PCO;NÃO ELEITO;1
11;8;29229;NEUDER BASTOS;PCO;NÃO ELEITO;1
13;8;29229;NEUDER BASTOS;PCO;NÃO ELEITO;1
14;8;29229;NEUDER BASTOS;PCO;NÃO ELEITO;2
15;8;29229;NEUDER BASTOS;PCO;NÃO ELEITO;1
16;8;29229;NEUDER BASTOS;PCO;NÃO ELEITO;0
17;8;29229;NEUDER BASTOS;PCO;NÃO ELEITO;3
18;8;29229;NEUDER BASTOS;PCO;NÃO ELEITO;1
19;8;29229;NEUDER BASTOS;PCO;NÃO ELEITO;1
20;8;29229;NEUDER BASTOS;PCO;NÃO ELEITO;0
21;8;29229;NEUDER BASTOS;PCO;NÃO ELEITO;0
1;8;29329;DAVID PUREZA;PCO;NÃO ELEITO;0
2;8;29329;DAVID PUREZA;PCO;NÃO ELEITO;3
3;8;29329;DAVID PUREZA;PCO;NÃO ELEITO;0
4;8;29329;DAVID PUREZA;PCO;NÃO ELEITO;0
5;8;29329;DAVID PUREZA;PCO;NÃO ELEITO;0
6;8;29329;DAVID PUREZA;PCO;NÃO ELEITO;0
8;8;29329;DAVID PUREZA;PCO;NÃO ELEITO;0
9;8;29329;DAVID PUREZA;PCO;NÃO ELEITO;2
10;8;29329;DAVID PUREZA;PCO;NÃO ELEITO;3
11;8;29329;DAVID PUREZA;PCO;NÃO ELEITO;0
13;8;29329;DAVID PUREZA;PCO;NÃO ELEITO;5
14;8;29329;DAVID PUREZA;PCO;NÃO ELEITO;1
15;8;29329;DAVID PUREZA;PCO;NÃO ELEITO;3
16;8;29329;DAVID PUREZA;PCO;NÃO ELEITO;0
17;8;29329;DAVID PUREZA;PCO;NÃO ELEITO;0
18;8;29329;DAVID PUREZA;PCO;NÃO ELEITO;4
19;8;29329;DAVID PUREZA;PCO;NÃO ELEITO;2
20;8;29329;DAVID PUREZA;PCO;NÃO ELEITO;1
21;8;29329;DAVID PUREZA;PCO;NÃO ELEITO;3
1;8;30001;DR. GETÚLIO;NOVO;NÃO ELEITO;262
2;8;30001;DR. GETÚLIO;NOVO;NÃO ELEITO;159
3;8;30001;DR. GETÚLIO;NOVO;NÃO ELEITO;32
4;8;30001;DR. GETÚLIO;NOVO;NÃO ELEITO;10
5;8;30001;DR. GETÚLIO;NOVO;NÃO ELEITO;61
6;8;30001;DR. GETÚLIO;NOVO;NÃO ELEITO;11
8;8;30001;DR. GETÚLIO;NOVO;NÃO ELEITO;26
9;8;30001;DR. GETÚLIO;NOVO;NÃO ELEITO;139
10;8;30001;DR. GETÚLIO;NOVO;NÃO ELEITO;112
11;8;30001;DR. GETÚLIO;NOVO;NÃO ELEITO;289
13;8;30001;DR. GETÚLIO;NOVO;NÃO ELEITO;27
14;8;30001;DR. GETÚLIO;NOVO;NÃO ELEITO;393
15;8;30001;DR. GETÚLIO;NOVO;NÃO ELEITO;387
16;8;30001;DR. GETÚLIO;NOVO;NÃO ELEITO;26
17;8;30001;DR. GETÚLIO;NOVO;NÃO ELEITO;35
18;8;30001;DR. GETÚLIO;NOVO;NÃO ELEITO;208
19;8;30001;DR. GETÚLIO;NOVO;NÃO ELEITO;132
20;8;30001;DR. GETÚLIO;NOVO;NÃO ELEITO;22
21;8;30001;DR. GETÚLIO;NOVO;NÃO ELEITO;13
1;8;30030;JAJA;NOVO;NÃO ELEITO;429
2;8;30030;JAJA;NOVO;NÃO ELEITO;226
3;8;30030;JAJA;NOVO;NÃO ELEITO;36
4;8;30030;JAJA;NOVO;NÃO ELEITO;30
5;8;30030;JAJA;NOVO;NÃO ELEITO;294
6;8;30030;JAJA;NOVO;NÃO ELEITO;48
8;8;30030;JAJA;NOVO;NÃO ELEITO;63
9;8;30030;JAJA;NOVO;NÃO ELEITO;252
10;8;30030;JAJA;NOVO;NÃO ELEITO;137
11;8;30030;JAJA;NOVO;NÃO ELEITO;261
13;8;30030;JAJA;NOVO;NÃO ELEITO;71
14;8;30030;JAJA;NOVO;NÃO ELEITO;386
15;8;30030;JAJA;NOVO;NÃO ELEITO;305
16;8;30030;JAJA;NOVO;NÃO ELEITO;36
17;8;30030;JAJA;NOVO;NÃO ELEITO;46
18;8;30030;JAJA;NOVO;NÃO ELEITO;459
19;8;30030;JAJA;NOVO;NÃO ELEITO;94
20;8;30030;JAJA;NOVO;NÃO ELEITO;32
21;8;30030;JAJA;NOVO;NÃO ELEITO;28
1;8;30033;ELIZABETH CRISTINA;NOVO;NÃO ELEITO;15
2;8;30033;ELIZABETH CRISTINA;NOVO;NÃO ELEITO;4
3;8;30033;ELIZABETH CRISTINA;NOVO;NÃO ELEITO;17
4;8;30033;ELIZABETH CRISTINA;NOVO;NÃO ELEITO;14
5;8;30033;ELIZABETH CRISTINA;NOVO;NÃO ELEITO;8
6;8;30033;ELIZABETH CRISTINA;NOVO;NÃO ELEITO;2
8;8;30033;ELIZABETH CRISTINA;NOVO;NÃO ELEITO;37
9;8;30033;ELIZABETH CRISTINA;NOVO;NÃO ELEITO;18
10;8;30033;ELIZABETH CRISTINA;NOVO;NÃO ELEITO;27
11;8;30033;ELIZABETH CRISTINA;NOVO;NÃO ELEITO;10
13;8;30033;ELIZABETH CRISTINA;NOVO;NÃO ELEITO;23
14;8;30033;ELIZABETH CRISTINA;NOVO;NÃO ELEITO;14
15;8;30033;ELIZABETH CRISTINA;NOVO;NÃO ELEITO;23
16;8;30033;ELIZABETH CRISTINA;NOVO;NÃO ELEITO;17
17;8;30033;ELIZABETH CRISTINA;NOVO;NÃO ELEITO;22
18;8;30033;ELIZABETH CRISTINA;NOVO;NÃO ELEITO;10
19;8;30033;ELIZABETH CRISTINA;NOVO;NÃO ELEITO;20
20;8;30033;ELIZABETH CRISTINA;NOVO;NÃO ELEITO;109
21;8;30033;ELIZABETH CRISTINA;NOVO;NÃO ELEITO;13
1;8;30044;SÓLON BEETHOVEN;NOVO;NÃO ELEITO;15
2;8;30044;SÓLON BEETHOVEN;NOVO;NÃO ELEITO;3
3;8;30044;SÓLON BEETHOVEN;NOVO;NÃO ELEITO;2
4;8;30044;SÓLON BEETHOVEN;NOVO;NÃO ELEITO;3
5;8;30044;SÓLON BEETHOVEN;NOVO;NÃO ELEITO;4
6;8;30044;SÓLON BEETHOVEN;NOVO;NÃO ELEITO;4
8;8;30044;SÓLON BEETHOVEN;NOVO;NÃO ELEITO;0
9;8;30044;SÓLON BEETHOVEN;NOVO;NÃO ELEITO;6
10;8;30044;SÓLON BEETHOVEN;NOVO;NÃO ELEITO;3
11;8;30044;SÓLON BEETHOVEN;NOVO;NÃO ELEITO;6
13;8;30044;SÓLON BEETHOVEN;NOVO;NÃO ELEITO;3
14;8;30044;SÓLON BEETHOVEN;NOVO;NÃO ELEITO;13
15;8;30044;SÓLON BEETHOVEN;NOVO;NÃO ELEITO;19
16;8;30044;SÓLON BEETHOVEN;NOVO;NÃO ELEITO;0
17;8;30044;SÓLON BEETHOVEN;NOVO;NÃO ELEITO;2
18;8;30044;SÓLON BEETHOVEN;NOVO;NÃO ELEITO;4
19;8;30044;SÓLON BEETHOVEN;NOVO;NÃO ELEITO;1
20;8;30044;SÓLON BEETHOVEN;NOVO;NÃO ELEITO;1
21;8;30044;SÓLON BEETHOVEN;NOVO;NÃO ELEITO;1
1;8;30061;MÁRCIO ANTONELO;NOVO;NÃO ELEITO;189
2;8;30061;MÁRCIO ANTONELO;NOVO;NÃO ELEITO;73
3;8;30061;MÁRCIO ANTONELO;NOVO;NÃO ELEITO;23
4;8;30061;MÁRCIO ANTONELO;NOVO;NÃO ELEITO;15
5;8;30061;MÁRCIO ANTONELO;NOVO;NÃO ELEITO;48
6;8;30061;MÁRCIO ANTONELO;NOVO;NÃO ELEITO;21
8;8;30061;MÁRCIO ANTONELO;NOVO;NÃO ELEITO;17
9;8;30061;MÁRCIO ANTONELO;NOVO;NÃO ELEITO;104
10;8;30061;MÁRCIO ANTONELO;NOVO;NÃO ELEITO;61
11;8;30061;MÁRCIO ANTONELO;NOVO;NÃO ELEITO;118
13;8;30061;MÁRCIO ANTONELO;NOVO;NÃO ELEITO;15
14;8;30061;MÁRCIO ANTONELO;NOVO;NÃO ELEITO;205
15;8;30061;MÁRCIO ANTONELO;NOVO;NÃO ELEITO;131
16;8;30061;MÁRCIO ANTONELO;NOVO;NÃO ELEITO;14
17;8;30061;MÁRCIO ANTONELO;NOVO;NÃO ELEITO;25
18;8;30061;MÁRCIO ANTONELO;NOVO;NÃO ELEITO;134
19;8;30061;MÁRCIO ANTONELO;NOVO;NÃO ELEITO;45
20;8;30061;MÁRCIO ANTONELO;NOVO;NÃO ELEITO;12
21;8;30061;MÁRCIO ANTONELO;NOVO;NÃO ELEITO;8
1;8;30100;JOÃO D ARC ;NOVO;NÃO ELEITO;61
2;8;30100;JOÃO D ARC ;NOVO;NÃO ELEITO;45
3;8;30100;JOÃO D ARC ;NOVO;NÃO ELEITO;24
4;8;30100;JOÃO D ARC ;NOVO;NÃO ELEITO;21
5;8;30100;JOÃO D ARC ;NOVO;NÃO ELEITO;44
6;8;30100;JOÃO D ARC ;NOVO;NÃO ELEITO;20
8;8;30100;JOÃO D ARC ;NOVO;NÃO ELEITO;35
9;8;30100;JOÃO D ARC ;NOVO;NÃO ELEITO;60
10;8;30100;JOÃO D ARC ;NOVO;NÃO ELEITO;42
11;8;30100;JOÃO D ARC ;NOVO;NÃO ELEITO;70
13;8;30100;JOÃO D ARC ;NOVO;NÃO ELEITO;33
14;8;30100;JOÃO D ARC ;NOVO;NÃO ELEITO;129
15;8;30100;JOÃO D ARC ;NOVO;NÃO ELEITO;196
16;8;30100;JOÃO D ARC ;NOVO;NÃO ELEITO;28
17;8;30100;JOÃO D ARC ;NOVO;NÃO ELEITO;30
18;8;30100;JOÃO D ARC ;NOVO;NÃO ELEITO;62
19;8;30100;JOÃO D ARC ;NOVO;NÃO ELEITO;47
20;8;30100;JOÃO D ARC ;NOVO;NÃO ELEITO;22
21;8;30100;JOÃO D ARC ;NOVO;NÃO ELEITO;14
1;8;30111;INDIRA COUTO;NOVO;NÃO ELEITO;38
2;8;30111;INDIRA COUTO;NOVO;NÃO ELEITO;20
3;8;30111;INDIRA COUTO;NOVO;NÃO ELEITO;9
4;8;30111;INDIRA COUTO;NOVO;NÃO ELEITO;7
5;8;30111;INDIRA COUTO;NOVO;NÃO ELEITO;15
6;8;30111;INDIRA COUTO;NOVO;NÃO ELEITO;7
8;8;30111;INDIRA COUTO;NOVO;NÃO ELEITO;9
9;8;30111;INDIRA COUTO;NOVO;NÃO ELEITO;43
10;8;30111;INDIRA COUTO;NOVO;NÃO ELEITO;31
11;8;30111;INDIRA COUTO;NOVO;NÃO ELEITO;31
13;8;30111;INDIRA COUTO;NOVO;NÃO ELEITO;19
14;8;30111;INDIRA COUTO;NOVO;NÃO ELEITO;64
15;8;30111;INDIRA COUTO;NOVO;NÃO ELEITO;44
16;8;30111;INDIRA COUTO;NOVO;NÃO ELEITO;6
17;8;30111;INDIRA COUTO;NOVO;NÃO ELEITO;21
18;8;30111;INDIRA COUTO;NOVO;NÃO ELEITO;58
19;8;30111;INDIRA COUTO;NOVO;NÃO ELEITO;18
20;8;30111;INDIRA COUTO;NOVO;NÃO ELEITO;8
21;8;30111;INDIRA COUTO;NOVO;NÃO ELEITO;14
1;8;30123;VALDIRENE SOUTO ;NOVO;NÃO ELEITO;65
2;8;30123;VALDIRENE SOUTO ;NOVO;NÃO ELEITO;36
3;8;30123;VALDIRENE SOUTO ;NOVO;NÃO ELEITO;10
4;8;30123;VALDIRENE SOUTO ;NOVO;NÃO ELEITO;18
5;8;30123;VALDIRENE SOUTO ;NOVO;NÃO ELEITO;26
6;8;30123;VALDIRENE SOUTO ;NOVO;NÃO ELEITO;8
8;8;30123;VALDIRENE SOUTO ;NOVO;NÃO ELEITO;17
9;8;30123;VALDIRENE SOUTO ;NOVO;NÃO ELEITO;55
10;8;30123;VALDIRENE SOUTO ;NOVO;NÃO ELEITO;32
11;8;30123;VALDIRENE SOUTO ;NOVO;NÃO ELEITO;69
13;8;30123;VALDIRENE SOUTO ;NOVO;NÃO ELEITO;16
14;8;30123;VALDIRENE SOUTO ;NOVO;NÃO ELEITO;88
15;8;30123;VALDIRENE SOUTO ;NOVO;NÃO ELEITO;84
16;8;30123;VALDIRENE SOUTO ;NOVO;NÃO ELEITO;12
17;8;30123;VALDIRENE SOUTO ;NOVO;NÃO ELEITO;23
18;8;30123;VALDIRENE SOUTO ;NOVO;NÃO ELEITO;303
19;8;30123;VALDIRENE SOUTO ;NOVO;NÃO ELEITO;39
20;8;30123;VALDIRENE SOUTO ;NOVO;NÃO ELEITO;7
21;8;30123;VALDIRENE SOUTO ;NOVO;NÃO ELEITO;12
1;8;30222;PEDRO PAULO DO NOVO;NOVO;NÃO ELEITO;37
2;8;30222;PEDRO PAULO DO NOVO;NOVO;NÃO ELEITO;23
3;8;30222;PEDRO PAULO DO NOVO;NOVO;NÃO ELEITO;4
4;8;30222;PEDRO PAULO DO NOVO;NOVO;NÃO ELEITO;1
5;8;30222;PEDRO PAULO DO NOVO;NOVO;NÃO ELEITO;14
6;8;30222;PEDRO PAULO DO NOVO;NOVO;NÃO ELEITO;3
8;8;30222;PEDRO PAULO DO NOVO;NOVO;NÃO ELEITO;8
9;8;30222;PEDRO PAULO DO NOVO;NOVO;NÃO ELEITO;23
10;8;30222;PEDRO PAULO DO NOVO;NOVO;NÃO ELEITO;10
11;8;30222;PEDRO PAULO DO NOVO;NOVO;NÃO ELEITO;25
13;8;30222;PEDRO PAULO DO NOVO;NOVO;NÃO ELEITO;5
14;8;30222;PEDRO PAULO DO NOVO;NOVO;NÃO ELEITO;56
15;8;30222;PEDRO PAULO DO NOVO;NOVO;NÃO ELEITO;16
16;8;30222;PEDRO PAULO DO NOVO;NOVO;NÃO ELEITO;3
17;8;30222;PEDRO PAULO DO NOVO;NOVO;NÃO ELEITO;5
18;8;30222;PEDRO PAULO DO NOVO;NOVO;NÃO ELEITO;24
19;8;30222;PEDRO PAULO DO NOVO;NOVO;NÃO ELEITO;8
20;8;30222;PEDRO PAULO DO NOVO;NOVO;NÃO ELEITO;8
21;8;30222;PEDRO PAULO DO NOVO;NOVO;NÃO ELEITO;6
1;8;30230;DR. VITOR BITTENCOURT;NOVO;NÃO ELEITO;43
2;8;30230;DR. VITOR BITTENCOURT;NOVO;NÃO ELEITO;31
3;8;30230;DR. VITOR BITTENCOURT;NOVO;NÃO ELEITO;9
4;8;30230;DR. VITOR BITTENCOURT;NOVO;NÃO ELEITO;4
5;8;30230;DR. VITOR BITTENCOURT;NOVO;NÃO ELEITO;8
6;8;30230;DR. VITOR BITTENCOURT;NOVO;NÃO ELEITO;2
8;8;30230;DR. VITOR BITTENCOURT;NOVO;NÃO ELEITO;4
9;8;30230;DR. VITOR BITTENCOURT;NOVO;NÃO ELEITO;25
10;8;30230;DR. VITOR BITTENCOURT;NOVO;NÃO ELEITO;19
11;8;30230;DR. VITOR BITTENCOURT;NOVO;NÃO ELEITO;85
13;8;30230;DR. VITOR BITTENCOURT;NOVO;NÃO ELEITO;17
14;8;30230;DR. VITOR BITTENCOURT;NOVO;NÃO ELEITO;56
15;8;30230;DR. VITOR BITTENCOURT;NOVO;NÃO ELEITO;41
16;8;30230;DR. VITOR BITTENCOURT;NOVO;NÃO ELEITO;4
17;8;30230;DR. VITOR BITTENCOURT;NOVO;NÃO ELEITO;19
18;8;30230;DR. VITOR BITTENCOURT;NOVO;NÃO ELEITO;41
19;8;30230;DR. VITOR BITTENCOURT;NOVO;NÃO ELEITO;21
20;8;30230;DR. VITOR BITTENCOURT;NOVO;NÃO ELEITO;0
21;8;30230;DR. VITOR BITTENCOURT;NOVO;NÃO ELEITO;4
1;8;30300;DR. GIULIANNO ;NOVO;NÃO ELEITO;75
2;8;30300;DR. GIULIANNO ;NOVO;NÃO ELEITO;41
3;8;30300;DR. GIULIANNO ;NOVO;NÃO ELEITO;10
4;8;30300;DR. GIULIANNO ;NOVO;NÃO ELEITO;8
5;8;30300;DR. GIULIANNO ;NOVO;NÃO ELEITO;35
6;8;30300;DR. GIULIANNO ;NOVO;NÃO ELEITO;8
8;8;30300;DR. GIULIANNO ;NOVO;NÃO ELEITO;15
9;8;30300;DR. GIULIANNO ;NOVO;NÃO ELEITO;67
10;8;30300;DR. GIULIANNO ;NOVO;NÃO ELEITO;39
11;8;30300;DR. GIULIANNO ;NOVO;NÃO ELEITO;98
13;8;30300;DR. GIULIANNO ;NOVO;NÃO ELEITO;18
14;8;30300;DR. GIULIANNO ;NOVO;NÃO ELEITO;138
15;8;30300;DR. GIULIANNO ;NOVO;NÃO ELEITO;95
16;8;30300;DR. GIULIANNO ;NOVO;NÃO ELEITO;22
17;8;30300;DR. GIULIANNO ;NOVO;NÃO ELEITO;17
18;8;30300;DR. GIULIANNO ;NOVO;NÃO ELEITO;72
19;8;30300;DR. GIULIANNO ;NOVO;NÃO ELEITO;34
20;8;30300;DR. GIULIANNO ;NOVO;NÃO ELEITO;11
21;8;30300;DR. GIULIANNO ;NOVO;NÃO ELEITO;11
1;8;30303;LUIZ RAMOS ;NOVO;NÃO ELEITO;70
2;8;30303;LUIZ RAMOS ;NOVO;NÃO ELEITO;30
3;8;30303;LUIZ RAMOS ;NOVO;NÃO ELEITO;7
4;8;30303;LUIZ RAMOS ;NOVO;NÃO ELEITO;2
5;8;30303;LUIZ RAMOS ;NOVO;NÃO ELEITO;29
6;8;30303;LUIZ RAMOS ;NOVO;NÃO ELEITO;3
8;8;30303;LUIZ RAMOS ;NOVO;NÃO ELEITO;5
9;8;30303;LUIZ RAMOS ;NOVO;NÃO ELEITO;36
10;8;30303;LUIZ RAMOS ;NOVO;NÃO ELEITO;18
11;8;30303;LUIZ RAMOS ;NOVO;NÃO ELEITO;39
13;8;30303;LUIZ RAMOS ;NOVO;NÃO ELEITO;8
14;8;30303;LUIZ RAMOS ;NOVO;NÃO ELEITO;64
15;8;30303;LUIZ RAMOS ;NOVO;NÃO ELEITO;49
16;8;30303;LUIZ RAMOS ;NOVO;NÃO ELEITO;4
17;8;30303;LUIZ RAMOS ;NOVO;NÃO ELEITO;5
18;8;30303;LUIZ RAMOS ;NOVO;NÃO ELEITO;71
19;8;30303;LUIZ RAMOS ;NOVO;NÃO ELEITO;19
20;8;30303;LUIZ RAMOS ;NOVO;NÃO ELEITO;8
21;8;30303;LUIZ RAMOS ;NOVO;NÃO ELEITO;3
1;8;30333;LGM;NOVO;NÃO ELEITO;238
2;8;30333;LGM;NOVO;NÃO ELEITO;128
3;8;30333;LGM;NOVO;NÃO ELEITO;50
4;8;30333;LGM;NOVO;NÃO ELEITO;37
5;8;30333;LGM;NOVO;NÃO ELEITO;96
6;8;30333;LGM;NOVO;NÃO ELEITO;47
8;8;30333;LGM;NOVO;NÃO ELEITO;56
9;8;30333;LGM;NOVO;NÃO ELEITO;169
10;8;30333;LGM;NOVO;NÃO ELEITO;133
11;8;30333;LGM;NOVO;NÃO ELEITO;174
13;8;30333;LGM;NOVO;NÃO ELEITO;57
14;8;30333;LGM;NOVO;NÃO ELEITO;348
15;8;30333;LGM;NOVO;NÃO ELEITO;328
16;8;30333;LGM;NOVO;NÃO ELEITO;53
17;8;30333;LGM;NOVO;NÃO ELEITO;70
18;8;30333;LGM;NOVO;NÃO ELEITO;166
19;8;30333;LGM;NOVO;NÃO ELEITO;144
20;8;30333;LGM;NOVO;NÃO ELEITO;53
21;8;30333;LGM;NOVO;NÃO ELEITO;43
1;8;30420;JOHN RAYNER;NOVO;NÃO ELEITO;9
2;8;30420;JOHN RAYNER;NOVO;NÃO ELEITO;4
3;8;30420;JOHN RAYNER;NOVO;NÃO ELEITO;2
4;8;30420;JOHN RAYNER;NOVO;NÃO ELEITO;2
5;8;30420;JOHN RAYNER;NOVO;NÃO ELEITO;2
6;8;30420;JOHN RAYNER;NOVO;NÃO ELEITO;30
8;8;30420;JOHN RAYNER;NOVO;NÃO ELEITO;4
9;8;30420;JOHN RAYNER;NOVO;NÃO ELEITO;2
10;8;30420;JOHN RAYNER;NOVO;NÃO ELEITO;7
11;8;30420;JOHN RAYNER;NOVO;NÃO ELEITO;5
13;8;30420;JOHN RAYNER;NOVO;NÃO ELEITO;3
14;8;30420;JOHN RAYNER;NOVO;NÃO ELEITO;8
15;8;30420;JOHN RAYNER;NOVO;NÃO ELEITO;9
16;8;30420;JOHN RAYNER;NOVO;NÃO ELEITO;4
17;8;30420;JOHN RAYNER;NOVO;NÃO ELEITO;2
18;8;30420;JOHN RAYNER;NOVO;NÃO ELEITO;1
19;8;30420;JOHN RAYNER;NOVO;NÃO ELEITO;7
20;8;30420;JOHN RAYNER;NOVO;NÃO ELEITO;2
21;8;30420;JOHN RAYNER;NOVO;NÃO ELEITO;0
1;8;30444;MÔNICA ALVARES;NOVO;NÃO ELEITO;16
2;8;30444;MÔNICA ALVARES;NOVO;NÃO ELEITO;9
3;8;30444;MÔNICA ALVARES;NOVO;NÃO ELEITO;7
4;8;30444;MÔNICA ALVARES;NOVO;NÃO ELEITO;0
5;8;30444;MÔNICA ALVARES;NOVO;NÃO ELEITO;6
6;8;30444;MÔNICA ALVARES;NOVO;NÃO ELEITO;3
8;8;30444;MÔNICA ALVARES;NOVO;NÃO ELEITO;1
9;8;30444;MÔNICA ALVARES;NOVO;NÃO ELEITO;5
10;8;30444;MÔNICA ALVARES;NOVO;NÃO ELEITO;8
11;8;30444;MÔNICA ALVARES;NOVO;NÃO ELEITO;28
13;8;30444;MÔNICA ALVARES;NOVO;NÃO ELEITO;3
14;8;30444;MÔNICA ALVARES;NOVO;NÃO ELEITO;22
15;8;30444;MÔNICA ALVARES;NOVO;NÃO ELEITO;21
16;8;30444;MÔNICA ALVARES;NOVO;NÃO ELEITO;2
17;8;30444;MÔNICA ALVARES;NOVO;NÃO ELEITO;5
18;8;30444;MÔNICA ALVARES;NOVO;NÃO ELEITO;9
19;8;30444;MÔNICA ALVARES;NOVO;NÃO ELEITO;4
20;8;30444;MÔNICA ALVARES;NOVO;NÃO ELEITO;0
21;8;30444;MÔNICA ALVARES;NOVO;NÃO ELEITO;2
1;8;30500;IZA DO NOVO;NOVO;NÃO ELEITO;27
2;8;30500;IZA DO NOVO;NOVO;NÃO ELEITO;22
3;8;30500;IZA DO NOVO;NOVO;NÃO ELEITO;1
4;8;30500;IZA DO NOVO;NOVO;NÃO ELEITO;2
5;8;30500;IZA DO NOVO;NOVO;NÃO ELEITO;6
6;8;30500;IZA DO NOVO;NOVO;NÃO ELEITO;1
8;8;30500;IZA DO NOVO;NOVO;NÃO ELEITO;5
9;8;30500;IZA DO NOVO;NOVO;NÃO ELEITO;19
10;8;30500;IZA DO NOVO;NOVO;NÃO ELEITO;19
11;8;30500;IZA DO NOVO;NOVO;NÃO ELEITO;34
13;8;30500;IZA DO NOVO;NOVO;NÃO ELEITO;1
14;8;30500;IZA DO NOVO;NOVO;NÃO ELEITO;46
15;8;30500;IZA DO NOVO;NOVO;NÃO ELEITO;30
16;8;30500;IZA DO NOVO;NOVO;NÃO ELEITO;4
17;8;30500;IZA DO NOVO;NOVO;NÃO ELEITO;1
18;8;30500;IZA DO NOVO;NOVO;NÃO ELEITO;18
19;8;30500;IZA DO NOVO;NOVO;NÃO ELEITO;13
20;8;30500;IZA DO NOVO;NOVO;NÃO ELEITO;4
21;8;30500;IZA DO NOVO;NOVO;NÃO ELEITO;2
1;8;30830;PAULA TELES;NOVO;NÃO ELEITO;21
2;8;30830;PAULA TELES;NOVO;NÃO ELEITO;13
3;8;30830;PAULA TELES;NOVO;NÃO ELEITO;3
4;8;30830;PAULA TELES;NOVO;NÃO ELEITO;6
5;8;30830;PAULA TELES;NOVO;NÃO ELEITO;12
6;8;30830;PAULA TELES;NOVO;NÃO ELEITO;2
8;8;30830;PAULA TELES;NOVO;NÃO ELEITO;14
9;8;30830;PAULA TELES;NOVO;NÃO ELEITO;10
10;8;30830;PAULA TELES;NOVO;NÃO ELEITO;8
11;8;30830;PAULA TELES;NOVO;NÃO ELEITO;10
13;8;30830;PAULA TELES;NOVO;NÃO ELEITO;15
14;8;30830;PAULA TELES;NOVO;NÃO ELEITO;27
15;8;30830;PAULA TELES;NOVO;NÃO ELEITO;21
16;8;30830;PAULA TELES;NOVO;NÃO ELEITO;15
17;8;30830;PAULA TELES;NOVO;NÃO ELEITO;8
18;8;30830;PAULA TELES;NOVO;NÃO ELEITO;10
19;8;30830;PAULA TELES;NOVO;NÃO ELEITO;3
20;8;30830;PAULA TELES;NOVO;NÃO ELEITO;20
21;8;30830;PAULA TELES;NOVO;NÃO ELEITO;2
1;8;30987;CLEBINHO TEAM;NOVO;NÃO ELEITO;6
2;8;30987;CLEBINHO TEAM;NOVO;NÃO ELEITO;9
3;8;30987;CLEBINHO TEAM;NOVO;NÃO ELEITO;43
4;8;30987;CLEBINHO TEAM;NOVO;NÃO ELEITO;9
5;8;30987;CLEBINHO TEAM;NOVO;NÃO ELEITO;6
6;8;30987;CLEBINHO TEAM;NOVO;NÃO ELEITO;0
8;8;30987;CLEBINHO TEAM;NOVO;NÃO ELEITO;170
9;8;30987;CLEBINHO TEAM;NOVO;NÃO ELEITO;12
10;8;30987;CLEBINHO TEAM;NOVO;NÃO ELEITO;17
11;8;30987;CLEBINHO TEAM;NOVO;NÃO ELEITO;8
13;8;30987;CLEBINHO TEAM;NOVO;NÃO ELEITO;22
14;8;30987;CLEBINHO TEAM;NOVO;NÃO ELEITO;6
15;8;30987;CLEBINHO TEAM;NOVO;NÃO ELEITO;38
16;8;30987;CLEBINHO TEAM;NOVO;NÃO ELEITO;318
17;8;30987;CLEBINHO TEAM;NOVO;NÃO ELEITO;15
18;8;30987;CLEBINHO TEAM;NOVO;NÃO ELEITO;6
19;8;30987;CLEBINHO TEAM;NOVO;NÃO ELEITO;24
20;8;30987;CLEBINHO TEAM;NOVO;NÃO ELEITO;33
21;8;30987;CLEBINHO TEAM;NOVO;NÃO ELEITO;30
1;8;33000;MISSIONÁRIA CRISTIANE;PMN;SUPLENTE;1
2;8;33000;MISSIONÁRIA CRISTIANE;PMN;SUPLENTE;19
3;8;33000;MISSIONÁRIA CRISTIANE;PMN;SUPLENTE;2
4;8;33000;MISSIONÁRIA CRISTIANE;PMN;SUPLENTE;17
5;8;33000;MISSIONÁRIA CRISTIANE;PMN;SUPLENTE;373
6;8;33000;MISSIONÁRIA CRISTIANE;PMN;SUPLENTE;43
8;8;33000;MISSIONÁRIA CRISTIANE;PMN;SUPLENTE;12
9;8;33000;MISSIONÁRIA CRISTIANE;PMN;SUPLENTE;14
10;8;33000;MISSIONÁRIA CRISTIANE;PMN;SUPLENTE;7
11;8;33000;MISSIONÁRIA CRISTIANE;PMN;SUPLENTE;12
13;8;33000;MISSIONÁRIA CRISTIANE;PMN;SUPLENTE;25
14;8;33000;MISSIONÁRIA CRISTIANE;PMN;SUPLENTE;18
15;8;33000;MISSIONÁRIA CRISTIANE;PMN;SUPLENTE;10
16;8;33000;MISSIONÁRIA CRISTIANE;PMN;SUPLENTE;9
17;8;33000;MISSIONÁRIA CRISTIANE;PMN;SUPLENTE;14
18;8;33000;MISSIONÁRIA CRISTIANE;PMN;SUPLENTE;5
19;8;33000;MISSIONÁRIA CRISTIANE;PMN;SUPLENTE;3
20;8;33000;MISSIONÁRIA CRISTIANE;PMN;SUPLENTE;8
21;8;33000;MISSIONÁRIA CRISTIANE;PMN;SUPLENTE;13
1;8;33001;FORLAND;PMN;SUPLENTE;135
2;8;33001;FORLAND;PMN;SUPLENTE;65
3;8;33001;FORLAND;PMN;SUPLENTE;96
4;8;33001;FORLAND;PMN;SUPLENTE;117
5;8;33001;FORLAND;PMN;SUPLENTE;98
6;8;33001;FORLAND;PMN;SUPLENTE;58
8;8;33001;FORLAND;PMN;SUPLENTE;156
9;8;33001;FORLAND;PMN;SUPLENTE;314
10;8;33001;FORLAND;PMN;SUPLENTE;154
11;8;33001;FORLAND;PMN;SUPLENTE;161
13;8;33001;FORLAND;PMN;SUPLENTE;186
14;8;33001;FORLAND;PMN;SUPLENTE;182
15;8;33001;FORLAND;PMN;SUPLENTE;462
16;8;33001;FORLAND;PMN;SUPLENTE;129
17;8;33001;FORLAND;PMN;SUPLENTE;218
18;8;33001;FORLAND;PMN;SUPLENTE;84
19;8;33001;FORLAND;PMN;SUPLENTE;263
20;8;33001;FORLAND;PMN;SUPLENTE;109
21;8;33001;FORLAND;PMN;SUPLENTE;99
1;8;33010;CLEBINHO ESPORTE DA DEZ;PMN;SUPLENTE;12
2;8;33010;CLEBINHO ESPORTE DA DEZ;PMN;SUPLENTE;3
3;8;33010;CLEBINHO ESPORTE DA DEZ;PMN;SUPLENTE;75
4;8;33010;CLEBINHO ESPORTE DA DEZ;PMN;SUPLENTE;13
5;8;33010;CLEBINHO ESPORTE DA DEZ;PMN;SUPLENTE;4
6;8;33010;CLEBINHO ESPORTE DA DEZ;PMN;SUPLENTE;9
8;8;33010;CLEBINHO ESPORTE DA DEZ;PMN;SUPLENTE;886
9;8;33010;CLEBINHO ESPORTE DA DEZ;PMN;SUPLENTE;28
10;8;33010;CLEBINHO ESPORTE DA DEZ;PMN;SUPLENTE;40
11;8;33010;CLEBINHO ESPORTE DA DEZ;PMN;SUPLENTE;7
13;8;33010;CLEBINHO ESPORTE DA DEZ;PMN;SUPLENTE;42
14;8;33010;CLEBINHO ESPORTE DA DEZ;PMN;SUPLENTE;12
15;8;33010;CLEBINHO ESPORTE DA DEZ;PMN;SUPLENTE;38
16;8;33010;CLEBINHO ESPORTE DA DEZ;PMN;SUPLENTE;532
17;8;33010;CLEBINHO ESPORTE DA DEZ;PMN;SUPLENTE;12
18;8;33010;CLEBINHO ESPORTE DA DEZ;PMN;SUPLENTE;3
19;8;33010;CLEBINHO ESPORTE DA DEZ;PMN;SUPLENTE;69
20;8;33010;CLEBINHO ESPORTE DA DEZ;PMN;SUPLENTE;136
21;8;33010;CLEBINHO ESPORTE DA DEZ;PMN;SUPLENTE;37
1;8;33012;BISPO WELDO;PMN;SUPLENTE;16
2;8;33012;BISPO WELDO;PMN;SUPLENTE;90
3;8;33012;BISPO WELDO;PMN;SUPLENTE;44
4;8;33012;BISPO WELDO;PMN;SUPLENTE;54
5;8;33012;BISPO WELDO;PMN;SUPLENTE;1224
6;8;33012;BISPO WELDO;PMN;SUPLENTE;1578
8;8;33012;BISPO WELDO;PMN;SUPLENTE;141
9;8;33012;BISPO WELDO;PMN;SUPLENTE;76
10;8;33012;BISPO WELDO;PMN;SUPLENTE;66
11;8;33012;BISPO WELDO;PMN;SUPLENTE;27
13;8;33012;BISPO WELDO;PMN;SUPLENTE;121
14;8;33012;BISPO WELDO;PMN;SUPLENTE;20
15;8;33012;BISPO WELDO;PMN;SUPLENTE;54
16;8;33012;BISPO WELDO;PMN;SUPLENTE;75
17;8;33012;BISPO WELDO;PMN;SUPLENTE;60
18;8;33012;BISPO WELDO;PMN;SUPLENTE;22
19;8;33012;BISPO WELDO;PMN;SUPLENTE;53
20;8;33012;BISPO WELDO;PMN;SUPLENTE;72
21;8;33012;BISPO WELDO;PMN;SUPLENTE;144
1;8;33033;ÁKILLA MARINHO;PMN;SUPLENTE;18
2;8;33033;ÁKILLA MARINHO;PMN;SUPLENTE;17
3;8;33033;ÁKILLA MARINHO;PMN;SUPLENTE;63
4;8;33033;ÁKILLA MARINHO;PMN;SUPLENTE;12
5;8;33033;ÁKILLA MARINHO;PMN;SUPLENTE;14
6;8;33033;ÁKILLA MARINHO;PMN;SUPLENTE;29
8;8;33033;ÁKILLA MARINHO;PMN;SUPLENTE;165
9;8;33033;ÁKILLA MARINHO;PMN;SUPLENTE;103
10;8;33033;ÁKILLA MARINHO;PMN;SUPLENTE;41
11;8;33033;ÁKILLA MARINHO;PMN;SUPLENTE;29
13;8;33033;ÁKILLA MARINHO;PMN;SUPLENTE;219
14;8;33033;ÁKILLA MARINHO;PMN;SUPLENTE;21
15;8;33033;ÁKILLA MARINHO;PMN;SUPLENTE;78
16;8;33033;ÁKILLA MARINHO;PMN;SUPLENTE;256
17;8;33033;ÁKILLA MARINHO;PMN;SUPLENTE;26
18;8;33033;ÁKILLA MARINHO;PMN;SUPLENTE;18
19;8;33033;ÁKILLA MARINHO;PMN;SUPLENTE;85
20;8;33033;ÁKILLA MARINHO;PMN;SUPLENTE;276
21;8;33033;ÁKILLA MARINHO;PMN;SUPLENTE;117
1;8;33051;JONATHAN ARAÚJO;PMN;SUPLENTE;3
2;8;33051;JONATHAN ARAÚJO;PMN;SUPLENTE;13
3;8;33051;JONATHAN ARAÚJO;PMN;SUPLENTE;86
4;8;33051;JONATHAN ARAÚJO;PMN;SUPLENTE;18
5;8;33051;JONATHAN ARAÚJO;PMN;SUPLENTE;12
6;8;33051;JONATHAN ARAÚJO;PMN;SUPLENTE;14
8;8;33051;JONATHAN ARAÚJO;PMN;SUPLENTE;668
9;8;33051;JONATHAN ARAÚJO;PMN;SUPLENTE;39
10;8;33051;JONATHAN ARAÚJO;PMN;SUPLENTE;24
11;8;33051;JONATHAN ARAÚJO;PMN;SUPLENTE;16
13;8;33051;JONATHAN ARAÚJO;PMN;SUPLENTE;101
14;8;33051;JONATHAN ARAÚJO;PMN;SUPLENTE;5
15;8;33051;JONATHAN ARAÚJO;PMN;SUPLENTE;75
16;8;33051;JONATHAN ARAÚJO;PMN;SUPLENTE;183
17;8;33051;JONATHAN ARAÚJO;PMN;SUPLENTE;8
18;8;33051;JONATHAN ARAÚJO;PMN;SUPLENTE;15
19;8;33051;JONATHAN ARAÚJO;PMN;SUPLENTE;135
20;8;33051;JONATHAN ARAÚJO;PMN;SUPLENTE;116
21;8;33051;JONATHAN ARAÚJO;PMN;SUPLENTE;48
1;8;33061;KLÁICYLA GRACE - KLAY;PMN;SUPLENTE;0
2;8;33061;KLÁICYLA GRACE - KLAY;PMN;SUPLENTE;2
3;8;33061;KLÁICYLA GRACE - KLAY;PMN;SUPLENTE;15
4;8;33061;KLÁICYLA GRACE - KLAY;PMN;SUPLENTE;6
5;8;33061;KLÁICYLA GRACE - KLAY;PMN;SUPLENTE;3
6;8;33061;KLÁICYLA GRACE - KLAY;PMN;SUPLENTE;2
8;8;33061;KLÁICYLA GRACE - KLAY;PMN;SUPLENTE;67
9;8;33061;KLÁICYLA GRACE - KLAY;PMN;SUPLENTE;8
10;8;33061;KLÁICYLA GRACE - KLAY;PMN;SUPLENTE;5
11;8;33061;KLÁICYLA GRACE - KLAY;PMN;SUPLENTE;9
13;8;33061;KLÁICYLA GRACE - KLAY;PMN;SUPLENTE;3
14;8;33061;KLÁICYLA GRACE - KLAY;PMN;SUPLENTE;2
15;8;33061;KLÁICYLA GRACE - KLAY;PMN;SUPLENTE;15
16;8;33061;KLÁICYLA GRACE - KLAY;PMN;SUPLENTE;54
17;8;33061;KLÁICYLA GRACE - KLAY;PMN;SUPLENTE;1
18;8;33061;KLÁICYLA GRACE - KLAY;PMN;SUPLENTE;5
19;8;33061;KLÁICYLA GRACE - KLAY;PMN;SUPLENTE;18
20;8;33061;KLÁICYLA GRACE - KLAY;PMN;SUPLENTE;103
21;8;33061;KLÁICYLA GRACE - KLAY;PMN;SUPLENTE;8
1;8;33077;SARGENTO GUTENBERG;PMN;SUPLENTE;3
2;8;33077;SARGENTO GUTENBERG;PMN;SUPLENTE;2
3;8;33077;SARGENTO GUTENBERG;PMN;SUPLENTE;2
4;8;33077;SARGENTO GUTENBERG;PMN;SUPLENTE;2
5;8;33077;SARGENTO GUTENBERG;PMN;SUPLENTE;340
6;8;33077;SARGENTO GUTENBERG;PMN;SUPLENTE;7
8;8;33077;SARGENTO GUTENBERG;PMN;SUPLENTE;7
9;8;33077;SARGENTO GUTENBERG;PMN;SUPLENTE;2
10;8;33077;SARGENTO GUTENBERG;PMN;SUPLENTE;4
11;8;33077;SARGENTO GUTENBERG;PMN;SUPLENTE;4
13;8;33077;SARGENTO GUTENBERG;PMN;SUPLENTE;8
14;8;33077;SARGENTO GUTENBERG;PMN;SUPLENTE;9
15;8;33077;SARGENTO GUTENBERG;PMN;SUPLENTE;2
16;8;33077;SARGENTO GUTENBERG;PMN;SUPLENTE;3
17;8;33077;SARGENTO GUTENBERG;PMN;SUPLENTE;6
18;8;33077;SARGENTO GUTENBERG;PMN;SUPLENTE;4
19;8;33077;SARGENTO GUTENBERG;PMN;SUPLENTE;1
20;8;33077;SARGENTO GUTENBERG;PMN;SUPLENTE;2
21;8;33077;SARGENTO GUTENBERG;PMN;SUPLENTE;3
1;8;33100;EUDES JUDITH;PMN;SUPLENTE;4
2;8;33100;EUDES JUDITH;PMN;SUPLENTE;13
3;8;33100;EUDES JUDITH;PMN;SUPLENTE;0
4;8;33100;EUDES JUDITH;PMN;SUPLENTE;2
5;8;33100;EUDES JUDITH;PMN;SUPLENTE;23
6;8;33100;EUDES JUDITH;PMN;SUPLENTE;298
8;8;33100;EUDES JUDITH;PMN;SUPLENTE;7
9;8;33100;EUDES JUDITH;PMN;SUPLENTE;3
10;8;33100;EUDES JUDITH;PMN;SUPLENTE;3
11;8;33100;EUDES JUDITH;PMN;SUPLENTE;4
13;8;33100;EUDES JUDITH;PMN;SUPLENTE;1
14;8;33100;EUDES JUDITH;PMN;SUPLENTE;2
15;8;33100;EUDES JUDITH;PMN;SUPLENTE;13
16;8;33100;EUDES JUDITH;PMN;SUPLENTE;4
17;8;33100;EUDES JUDITH;PMN;SUPLENTE;5
18;8;33100;EUDES JUDITH;PMN;SUPLENTE;2
19;8;33100;EUDES JUDITH;PMN;SUPLENTE;4
20;8;33100;EUDES JUDITH;PMN;SUPLENTE;1
21;8;33100;EUDES JUDITH;PMN;SUPLENTE;5
1;8;33111;PROFESSORA HÉRICA;PMN;SUPLENTE;5
2;8;33111;PROFESSORA HÉRICA;PMN;SUPLENTE;2
3;8;33111;PROFESSORA HÉRICA;PMN;SUPLENTE;54
4;8;33111;PROFESSORA HÉRICA;PMN;SUPLENTE;1
5;8;33111;PROFESSORA HÉRICA;PMN;SUPLENTE;1
6;8;33111;PROFESSORA HÉRICA;PMN;SUPLENTE;0
8;8;33111;PROFESSORA HÉRICA;PMN;SUPLENTE;54
9;8;33111;PROFESSORA HÉRICA;PMN;SUPLENTE;20
10;8;33111;PROFESSORA HÉRICA;PMN;SUPLENTE;8
11;8;33111;PROFESSORA HÉRICA;PMN;SUPLENTE;8
13;8;33111;PROFESSORA HÉRICA;PMN;SUPLENTE;18
14;8;33111;PROFESSORA HÉRICA;PMN;SUPLENTE;1
15;8;33111;PROFESSORA HÉRICA;PMN;SUPLENTE;24
16;8;33111;PROFESSORA HÉRICA;PMN;SUPLENTE;34
17;8;33111;PROFESSORA HÉRICA;PMN;SUPLENTE;8
18;8;33111;PROFESSORA HÉRICA;PMN;SUPLENTE;6
19;8;33111;PROFESSORA HÉRICA;PMN;SUPLENTE;42
20;8;33111;PROFESSORA HÉRICA;PMN;SUPLENTE;244
21;8;33111;PROFESSORA HÉRICA;PMN;SUPLENTE;30
1;8;33123;ROGÉRIO MORRO DA CRUZ;PMN;ELEITO POR QP;98
2;8;33123;ROGÉRIO MORRO DA CRUZ;PMN;ELEITO POR QP;451
3;8;33123;ROGÉRIO MORRO DA CRUZ;PMN;ELEITO POR QP;43
4;8;33123;ROGÉRIO MORRO DA CRUZ;PMN;ELEITO POR QP;54
5;8;33123;ROGÉRIO MORRO DA CRUZ;PMN;ELEITO POR QP;58
6;8;33123;ROGÉRIO MORRO DA CRUZ;PMN;ELEITO POR QP;106
8;8;33123;ROGÉRIO MORRO DA CRUZ;PMN;ELEITO POR QP;68
9;8;33123;ROGÉRIO MORRO DA CRUZ;PMN;ELEITO POR QP;106
10;8;33123;ROGÉRIO MORRO DA CRUZ;PMN;ELEITO POR QP;107
11;8;33123;ROGÉRIO MORRO DA CRUZ;PMN;ELEITO POR QP;58
13;8;33123;ROGÉRIO MORRO DA CRUZ;PMN;ELEITO POR QP;111
14;8;33123;ROGÉRIO MORRO DA CRUZ;PMN;ELEITO POR QP;140
15;8;33123;ROGÉRIO MORRO DA CRUZ;PMN;ELEITO POR QP;84
16;8;33123;ROGÉRIO MORRO DA CRUZ;PMN;ELEITO POR QP;64
17;8;33123;ROGÉRIO MORRO DA CRUZ;PMN;ELEITO POR QP;71
18;8;33123;ROGÉRIO MORRO DA CRUZ;PMN;ELEITO POR QP;16429
19;8;33123;ROGÉRIO MORRO DA CRUZ;PMN;ELEITO POR QP;60
20;8;33123;ROGÉRIO MORRO DA CRUZ;PMN;ELEITO POR QP;34
21;8;33123;ROGÉRIO MORRO DA CRUZ;PMN;ELEITO POR QP;65
1;8;33156;SIMONE MAGALHÃES;PMN;SUPLENTE;6
2;8;33156;SIMONE MAGALHÃES;PMN;SUPLENTE;62
3;8;33156;SIMONE MAGALHÃES;PMN;SUPLENTE;4
4;8;33156;SIMONE MAGALHÃES;PMN;SUPLENTE;9
5;8;33156;SIMONE MAGALHÃES;PMN;SUPLENTE;2054
6;8;33156;SIMONE MAGALHÃES;PMN;SUPLENTE;245
8;8;33156;SIMONE MAGALHÃES;PMN;SUPLENTE;14
9;8;33156;SIMONE MAGALHÃES;PMN;SUPLENTE;25
10;8;33156;SIMONE MAGALHÃES;PMN;SUPLENTE;21
11;8;33156;SIMONE MAGALHÃES;PMN;SUPLENTE;16
13;8;33156;SIMONE MAGALHÃES;PMN;SUPLENTE;12
14;8;33156;SIMONE MAGALHÃES;PMN;SUPLENTE;26
15;8;33156;SIMONE MAGALHÃES;PMN;SUPLENTE;10
16;8;33156;SIMONE MAGALHÃES;PMN;SUPLENTE;6
17;8;33156;SIMONE MAGALHÃES;PMN;SUPLENTE;9
18;8;33156;SIMONE MAGALHÃES;PMN;SUPLENTE;15
19;8;33156;SIMONE MAGALHÃES;PMN;SUPLENTE;6
20;8;33156;SIMONE MAGALHÃES;PMN;SUPLENTE;4
21;8;33156;SIMONE MAGALHÃES;PMN;SUPLENTE;10
1;8;33190;JABÁ LUSIMAR ARRUDA;PMN;SUPLENTE;48
2;8;33190;JABÁ LUSIMAR ARRUDA;PMN;SUPLENTE;41
3;8;33190;JABÁ LUSIMAR ARRUDA;PMN;SUPLENTE;468
4;8;33190;JABÁ LUSIMAR ARRUDA;PMN;SUPLENTE;187
5;8;33190;JABÁ LUSIMAR ARRUDA;PMN;SUPLENTE;152
6;8;33190;JABÁ LUSIMAR ARRUDA;PMN;SUPLENTE;93
8;8;33190;JABÁ LUSIMAR ARRUDA;PMN;SUPLENTE;925
9;8;33190;JABÁ LUSIMAR ARRUDA;PMN;SUPLENTE;303
10;8;33190;JABÁ LUSIMAR ARRUDA;PMN;SUPLENTE;335
11;8;33190;JABÁ LUSIMAR ARRUDA;PMN;SUPLENTE;54
13;8;33190;JABÁ LUSIMAR ARRUDA;PMN;SUPLENTE;589
14;8;33190;JABÁ LUSIMAR ARRUDA;PMN;SUPLENTE;43
15;8;33190;JABÁ LUSIMAR ARRUDA;PMN;SUPLENTE;507
16;8;33190;JABÁ LUSIMAR ARRUDA;PMN;SUPLENTE;757
17;8;33190;JABÁ LUSIMAR ARRUDA;PMN;SUPLENTE;485
18;8;33190;JABÁ LUSIMAR ARRUDA;PMN;SUPLENTE;61
19;8;33190;JABÁ LUSIMAR ARRUDA;PMN;SUPLENTE;486
20;8;33190;JABÁ LUSIMAR ARRUDA;PMN;SUPLENTE;520
21;8;33190;JABÁ LUSIMAR ARRUDA;PMN;SUPLENTE;578
1;8;33193;ALAN VALIM;PMN;SUPLENTE;66
2;8;33193;ALAN VALIM;PMN;SUPLENTE;51
3;8;33193;ALAN VALIM;PMN;SUPLENTE;17
4;8;33193;ALAN VALIM;PMN;SUPLENTE;20
5;8;33193;ALAN VALIM;PMN;SUPLENTE;31
6;8;33193;ALAN VALIM;PMN;SUPLENTE;23
8;8;33193;ALAN VALIM;PMN;SUPLENTE;25
9;8;33193;ALAN VALIM;PMN;SUPLENTE;51
10;8;33193;ALAN VALIM;PMN;SUPLENTE;42
11;8;33193;ALAN VALIM;PMN;SUPLENTE;40
13;8;33193;ALAN VALIM;PMN;SUPLENTE;38
14;8;33193;ALAN VALIM;PMN;SUPLENTE;101
15;8;33193;ALAN VALIM;PMN;SUPLENTE;71
16;8;33193;ALAN VALIM;PMN;SUPLENTE;19
17;8;33193;ALAN VALIM;PMN;SUPLENTE;56
18;8;33193;ALAN VALIM;PMN;SUPLENTE;1051
19;8;33193;ALAN VALIM;PMN;SUPLENTE;53
20;8;33193;ALAN VALIM;PMN;SUPLENTE;29
21;8;33193;ALAN VALIM;PMN;SUPLENTE;17
1;8;33211;MÔNICA D  AIDÊ;PMN;SUPLENTE;3
2;8;33211;MÔNICA D  AIDÊ;PMN;SUPLENTE;5
3;8;33211;MÔNICA D  AIDÊ;PMN;SUPLENTE;0
4;8;33211;MÔNICA D  AIDÊ;PMN;SUPLENTE;1
5;8;33211;MÔNICA D  AIDÊ;PMN;SUPLENTE;23
6;8;33211;MÔNICA D  AIDÊ;PMN;SUPLENTE;271
8;8;33211;MÔNICA D  AIDÊ;PMN;SUPLENTE;6
9;8;33211;MÔNICA D  AIDÊ;PMN;SUPLENTE;3
10;8;33211;MÔNICA D  AIDÊ;PMN;SUPLENTE;4
11;8;33211;MÔNICA D  AIDÊ;PMN;SUPLENTE;2
13;8;33211;MÔNICA D  AIDÊ;PMN;SUPLENTE;2
14;8;33211;MÔNICA D  AIDÊ;PMN;SUPLENTE;1
15;8;33211;MÔNICA D  AIDÊ;PMN;SUPLENTE;3
16;8;33211;MÔNICA D  AIDÊ;PMN;SUPLENTE;9
17;8;33211;MÔNICA D  AIDÊ;PMN;SUPLENTE;6
18;8;33211;MÔNICA D  AIDÊ;PMN;SUPLENTE;7
19;8;33211;MÔNICA D  AIDÊ;PMN;SUPLENTE;0
20;8;33211;MÔNICA D  AIDÊ;PMN;SUPLENTE;6
21;8;33211;MÔNICA D  AIDÊ;PMN;SUPLENTE;3
1;8;33222;SERGINHO DAMACENO;PMN;SUPLENTE;40
2;8;33222;SERGINHO DAMACENO;PMN;SUPLENTE;3709
3;8;33222;SERGINHO DAMACENO;PMN;SUPLENTE;13
4;8;33222;SERGINHO DAMACENO;PMN;SUPLENTE;14
5;8;33222;SERGINHO DAMACENO;PMN;SUPLENTE;158
6;8;33222;SERGINHO DAMACENO;PMN;SUPLENTE;343
8;8;33222;SERGINHO DAMACENO;PMN;SUPLENTE;27
9;8;33222;SERGINHO DAMACENO;PMN;SUPLENTE;38
10;8;33222;SERGINHO DAMACENO;PMN;SUPLENTE;31
11;8;33222;SERGINHO DAMACENO;PMN;SUPLENTE;33
13;8;33222;SERGINHO DAMACENO;PMN;SUPLENTE;46
14;8;33222;SERGINHO DAMACENO;PMN;SUPLENTE;77
15;8;33222;SERGINHO DAMACENO;PMN;SUPLENTE;33
16;8;33222;SERGINHO DAMACENO;PMN;SUPLENTE;25
17;8;33222;SERGINHO DAMACENO;PMN;SUPLENTE;32
18;8;33222;SERGINHO DAMACENO;PMN;SUPLENTE;288
19;8;33222;SERGINHO DAMACENO;PMN;SUPLENTE;17
20;8;33222;SERGINHO DAMACENO;PMN;SUPLENTE;25
21;8;33222;SERGINHO DAMACENO;PMN;SUPLENTE;22
1;8;33233;JOÃO DIAS;PMN;SUPLENTE;1
2;8;33233;JOÃO DIAS;PMN;SUPLENTE;2
3;8;33233;JOÃO DIAS;PMN;SUPLENTE;24
4;8;33233;JOÃO DIAS;PMN;SUPLENTE;4
5;8;33233;JOÃO DIAS;PMN;SUPLENTE;1
6;8;33233;JOÃO DIAS;PMN;SUPLENTE;2
8;8;33233;JOÃO DIAS;PMN;SUPLENTE;45
9;8;33233;JOÃO DIAS;PMN;SUPLENTE;12
10;8;33233;JOÃO DIAS;PMN;SUPLENTE;18
11;8;33233;JOÃO DIAS;PMN;SUPLENTE;3
13;8;33233;JOÃO DIAS;PMN;SUPLENTE;38
14;8;33233;JOÃO DIAS;PMN;SUPLENTE;3
15;8;33233;JOÃO DIAS;PMN;SUPLENTE;20
16;8;33233;JOÃO DIAS;PMN;SUPLENTE;20
17;8;33233;JOÃO DIAS;PMN;SUPLENTE;1
18;8;33233;JOÃO DIAS;PMN;SUPLENTE;2
19;8;33233;JOÃO DIAS;PMN;SUPLENTE;30
20;8;33233;JOÃO DIAS;PMN;SUPLENTE;434
21;8;33233;JOÃO DIAS;PMN;SUPLENTE;18
1;8;33300;REGIS LIMA;PMN;SUPLENTE;1
2;8;33300;REGIS LIMA;PMN;SUPLENTE;6
3;8;33300;REGIS LIMA;PMN;SUPLENTE;26
4;8;33300;REGIS LIMA;PMN;SUPLENTE;20
5;8;33300;REGIS LIMA;PMN;SUPLENTE;10
6;8;33300;REGIS LIMA;PMN;SUPLENTE;6
8;8;33300;REGIS LIMA;PMN;SUPLENTE;177
9;8;33300;REGIS LIMA;PMN;SUPLENTE;7
10;8;33300;REGIS LIMA;PMN;SUPLENTE;25
11;8;33300;REGIS LIMA;PMN;SUPLENTE;4
13;8;33300;REGIS LIMA;PMN;SUPLENTE;47
14;8;33300;REGIS LIMA;PMN;SUPLENTE;1
15;8;33300;REGIS LIMA;PMN;SUPLENTE;18
16;8;33300;REGIS LIMA;PMN;SUPLENTE;90
17;8;33300;REGIS LIMA;PMN;SUPLENTE;49
18;8;33300;REGIS LIMA;PMN;SUPLENTE;6
19;8;33300;REGIS LIMA;PMN;SUPLENTE;28
20;8;33300;REGIS LIMA;PMN;SUPLENTE;75
21;8;33300;REGIS LIMA;PMN;SUPLENTE;30
1;8;33333;DELEGADO PABLO AGUIAR;PMN;SUPLENTE;82
2;8;33333;DELEGADO PABLO AGUIAR;PMN;SUPLENTE;89
3;8;33333;DELEGADO PABLO AGUIAR;PMN;SUPLENTE;156
4;8;33333;DELEGADO PABLO AGUIAR;PMN;SUPLENTE;81
5;8;33333;DELEGADO PABLO AGUIAR;PMN;SUPLENTE;57
6;8;33333;DELEGADO PABLO AGUIAR;PMN;SUPLENTE;48
8;8;33333;DELEGADO PABLO AGUIAR;PMN;SUPLENTE;290
9;8;33333;DELEGADO PABLO AGUIAR;PMN;SUPLENTE;150
10;8;33333;DELEGADO PABLO AGUIAR;PMN;SUPLENTE;398
11;8;33333;DELEGADO PABLO AGUIAR;PMN;SUPLENTE;150
13;8;33333;DELEGADO PABLO AGUIAR;PMN;SUPLENTE;321
14;8;33333;DELEGADO PABLO AGUIAR;PMN;SUPLENTE;146
15;8;33333;DELEGADO PABLO AGUIAR;PMN;SUPLENTE;223
16;8;33333;DELEGADO PABLO AGUIAR;PMN;SUPLENTE;193
17;8;33333;DELEGADO PABLO AGUIAR;PMN;SUPLENTE;180
18;8;33333;DELEGADO PABLO AGUIAR;PMN;SUPLENTE;96
19;8;33333;DELEGADO PABLO AGUIAR;PMN;SUPLENTE;190
20;8;33333;DELEGADO PABLO AGUIAR;PMN;SUPLENTE;215
21;8;33333;DELEGADO PABLO AGUIAR;PMN;SUPLENTE;4700
1;8;33400;LULO SENA;PMN;SUPLENTE;3
2;8;33400;LULO SENA;PMN;SUPLENTE;14
3;8;33400;LULO SENA;PMN;SUPLENTE;38
4;8;33400;LULO SENA;PMN;SUPLENTE;11
5;8;33400;LULO SENA;PMN;SUPLENTE;83
6;8;33400;LULO SENA;PMN;SUPLENTE;11
8;8;33400;LULO SENA;PMN;SUPLENTE;200
9;8;33400;LULO SENA;PMN;SUPLENTE;32
10;8;33400;LULO SENA;PMN;SUPLENTE;23
11;8;33400;LULO SENA;PMN;SUPLENTE;3
13;8;33400;LULO SENA;PMN;SUPLENTE;89
14;8;33400;LULO SENA;PMN;SUPLENTE;7
15;8;33400;LULO SENA;PMN;SUPLENTE;34
16;8;33400;LULO SENA;PMN;SUPLENTE;108
17;8;33400;LULO SENA;PMN;SUPLENTE;25
18;8;33400;LULO SENA;PMN;SUPLENTE;4
19;8;33400;LULO SENA;PMN;SUPLENTE;51
20;8;33400;LULO SENA;PMN;SUPLENTE;68
21;8;33400;LULO SENA;PMN;SUPLENTE;85
1;8;33444;CANTOR WELLINGTON JOSÉ;PMN;SUPLENTE;5
2;8;33444;CANTOR WELLINGTON JOSÉ;PMN;SUPLENTE;9
3;8;33444;CANTOR WELLINGTON JOSÉ;PMN;SUPLENTE;16
4;8;33444;CANTOR WELLINGTON JOSÉ;PMN;SUPLENTE;3
5;8;33444;CANTOR WELLINGTON JOSÉ;PMN;SUPLENTE;3
6;8;33444;CANTOR WELLINGTON JOSÉ;PMN;SUPLENTE;1
8;8;33444;CANTOR WELLINGTON JOSÉ;PMN;SUPLENTE;67
9;8;33444;CANTOR WELLINGTON JOSÉ;PMN;SUPLENTE;16
10;8;33444;CANTOR WELLINGTON JOSÉ;PMN;SUPLENTE;10
11;8;33444;CANTOR WELLINGTON JOSÉ;PMN;SUPLENTE;7
13;8;33444;CANTOR WELLINGTON JOSÉ;PMN;SUPLENTE;16
14;8;33444;CANTOR WELLINGTON JOSÉ;PMN;SUPLENTE;7
15;8;33444;CANTOR WELLINGTON JOSÉ;PMN;SUPLENTE;37
16;8;33444;CANTOR WELLINGTON JOSÉ;PMN;SUPLENTE;53
17;8;33444;CANTOR WELLINGTON JOSÉ;PMN;SUPLENTE;4
18;8;33444;CANTOR WELLINGTON JOSÉ;PMN;SUPLENTE;2
19;8;33444;CANTOR WELLINGTON JOSÉ;PMN;SUPLENTE;19
20;8;33444;CANTOR WELLINGTON JOSÉ;PMN;SUPLENTE;389
21;8;33444;CANTOR WELLINGTON JOSÉ;PMN;SUPLENTE;13
1;8;33456;RENATA D AGUIAR;PMN;SUPLENTE;203
2;8;33456;RENATA D AGUIAR;PMN;SUPLENTE;282
3;8;33456;RENATA D AGUIAR;PMN;SUPLENTE;437
4;8;33456;RENATA D AGUIAR;PMN;SUPLENTE;284
5;8;33456;RENATA D AGUIAR;PMN;SUPLENTE;766
6;8;33456;RENATA D AGUIAR;PMN;SUPLENTE;600
8;8;33456;RENATA D AGUIAR;PMN;SUPLENTE;984
9;8;33456;RENATA D AGUIAR;PMN;SUPLENTE;1114
10;8;33456;RENATA D AGUIAR;PMN;SUPLENTE;559
11;8;33456;RENATA D AGUIAR;PMN;SUPLENTE;170
13;8;33456;RENATA D AGUIAR;PMN;SUPLENTE;844
14;8;33456;RENATA D AGUIAR;PMN;SUPLENTE;261
15;8;33456;RENATA D AGUIAR;PMN;SUPLENTE;896
16;8;33456;RENATA D AGUIAR;PMN;SUPLENTE;1384
17;8;33456;RENATA D AGUIAR;PMN;SUPLENTE;341
18;8;33456;RENATA D AGUIAR;PMN;SUPLENTE;483
19;8;33456;RENATA D AGUIAR;PMN;SUPLENTE;653
20;8;33456;RENATA D AGUIAR;PMN;SUPLENTE;512
21;8;33456;RENATA D AGUIAR;PMN;SUPLENTE;700
1;8;33555;EUGENIO PIEDADE;PMN;SUPLENTE;16
2;8;33555;EUGENIO PIEDADE;PMN;SUPLENTE;79
3;8;33555;EUGENIO PIEDADE;PMN;SUPLENTE;0
4;8;33555;EUGENIO PIEDADE;PMN;SUPLENTE;5
5;8;33555;EUGENIO PIEDADE;PMN;SUPLENTE;20
6;8;33555;EUGENIO PIEDADE;PMN;SUPLENTE;8
8;8;33555;EUGENIO PIEDADE;PMN;SUPLENTE;8
9;8;33555;EUGENIO PIEDADE;PMN;SUPLENTE;38
10;8;33555;EUGENIO PIEDADE;PMN;SUPLENTE;28
11;8;33555;EUGENIO PIEDADE;PMN;SUPLENTE;15
13;8;33555;EUGENIO PIEDADE;PMN;SUPLENTE;9
14;8;33555;EUGENIO PIEDADE;PMN;SUPLENTE;17
15;8;33555;EUGENIO PIEDADE;PMN;SUPLENTE;28
16;8;33555;EUGENIO PIEDADE;PMN;SUPLENTE;7
17;8;33555;EUGENIO PIEDADE;PMN;SUPLENTE;6
18;8;33555;EUGENIO PIEDADE;PMN;SUPLENTE;20
19;8;33555;EUGENIO PIEDADE;PMN;SUPLENTE;14
20;8;33555;EUGENIO PIEDADE;PMN;SUPLENTE;36
21;8;33555;EUGENIO PIEDADE;PMN;SUPLENTE;6
1;8;33777;GLAUCIO CUNHA;PMN;SUPLENTE;27
2;8;33777;GLAUCIO CUNHA;PMN;SUPLENTE;15
3;8;33777;GLAUCIO CUNHA;PMN;SUPLENTE;24
4;8;33777;GLAUCIO CUNHA;PMN;SUPLENTE;13
5;8;33777;GLAUCIO CUNHA;PMN;SUPLENTE;12
6;8;33777;GLAUCIO CUNHA;PMN;SUPLENTE;3
8;8;33777;GLAUCIO CUNHA;PMN;SUPLENTE;22
9;8;33777;GLAUCIO CUNHA;PMN;SUPLENTE;301
10;8;33777;GLAUCIO CUNHA;PMN;SUPLENTE;45
11;8;33777;GLAUCIO CUNHA;PMN;SUPLENTE;89
13;8;33777;GLAUCIO CUNHA;PMN;SUPLENTE;25
14;8;33777;GLAUCIO CUNHA;PMN;SUPLENTE;30
15;8;33777;GLAUCIO CUNHA;PMN;SUPLENTE;94
16;8;33777;GLAUCIO CUNHA;PMN;SUPLENTE;45
17;8;33777;GLAUCIO CUNHA;PMN;SUPLENTE;15
18;8;33777;GLAUCIO CUNHA;PMN;SUPLENTE;26
19;8;33777;GLAUCIO CUNHA;PMN;SUPLENTE;36
20;8;33777;GLAUCIO CUNHA;PMN;SUPLENTE;24
21;8;33777;GLAUCIO CUNHA;PMN;SUPLENTE;35
1;8;33800;ADELSON ROCHA - DERSON PIAUÍ;PMN;SUPLENTE;35
2;8;33800;ADELSON ROCHA - DERSON PIAUÍ;PMN;SUPLENTE;71
3;8;33800;ADELSON ROCHA - DERSON PIAUÍ;PMN;SUPLENTE;109
4;8;33800;ADELSON ROCHA - DERSON PIAUÍ;PMN;SUPLENTE;239
5;8;33800;ADELSON ROCHA - DERSON PIAUÍ;PMN;SUPLENTE;48
6;8;33800;ADELSON ROCHA - DERSON PIAUÍ;PMN;SUPLENTE;49
8;8;33800;ADELSON ROCHA - DERSON PIAUÍ;PMN;SUPLENTE;221
9;8;33800;ADELSON ROCHA - DERSON PIAUÍ;PMN;SUPLENTE;150
10;8;33800;ADELSON ROCHA - DERSON PIAUÍ;PMN;SUPLENTE;144
11;8;33800;ADELSON ROCHA - DERSON PIAUÍ;PMN;SUPLENTE;33
13;8;33800;ADELSON ROCHA - DERSON PIAUÍ;PMN;SUPLENTE;201
14;8;33800;ADELSON ROCHA - DERSON PIAUÍ;PMN;SUPLENTE;28
15;8;33800;ADELSON ROCHA - DERSON PIAUÍ;PMN;SUPLENTE;165
16;8;33800;ADELSON ROCHA - DERSON PIAUÍ;PMN;SUPLENTE;204
17;8;33800;ADELSON ROCHA - DERSON PIAUÍ;PMN;SUPLENTE;151
18;8;33800;ADELSON ROCHA - DERSON PIAUÍ;PMN;SUPLENTE;61
19;8;33800;ADELSON ROCHA - DERSON PIAUÍ;PMN;SUPLENTE;256
20;8;33800;ADELSON ROCHA - DERSON PIAUÍ;PMN;SUPLENTE;138
21;8;33800;ADELSON ROCHA - DERSON PIAUÍ;PMN;SUPLENTE;247
1;8;35007;ZAINER DA MOTA;PMB;NÃO ELEITO;5
2;8;35007;ZAINER DA MOTA;PMB;NÃO ELEITO;5
3;8;35007;ZAINER DA MOTA;PMB;NÃO ELEITO;3
4;8;35007;ZAINER DA MOTA;PMB;NÃO ELEITO;2
5;8;35007;ZAINER DA MOTA;PMB;NÃO ELEITO;0
6;8;35007;ZAINER DA MOTA;PMB;NÃO ELEITO;0
8;8;35007;ZAINER DA MOTA;PMB;NÃO ELEITO;1
9;8;35007;ZAINER DA MOTA;PMB;NÃO ELEITO;18
10;8;35007;ZAINER DA MOTA;PMB;NÃO ELEITO;10
11;8;35007;ZAINER DA MOTA;PMB;NÃO ELEITO;3
13;8;35007;ZAINER DA MOTA;PMB;NÃO ELEITO;2
14;8;35007;ZAINER DA MOTA;PMB;NÃO ELEITO;3
15;8;35007;ZAINER DA MOTA;PMB;NÃO ELEITO;7
16;8;35007;ZAINER DA MOTA;PMB;NÃO ELEITO;1
17;8;35007;ZAINER DA MOTA;PMB;NÃO ELEITO;0
18;8;35007;ZAINER DA MOTA;PMB;NÃO ELEITO;1
19;8;35007;ZAINER DA MOTA;PMB;NÃO ELEITO;0
20;8;35007;ZAINER DA MOTA;PMB;NÃO ELEITO;0
21;8;35007;ZAINER DA MOTA;PMB;NÃO ELEITO;2
1;8;35055;IRIS DO CÉU;PMB;NÃO ELEITO;0
2;8;35055;IRIS DO CÉU;PMB;NÃO ELEITO;0
3;8;35055;IRIS DO CÉU;PMB;NÃO ELEITO;0
4;8;35055;IRIS DO CÉU;PMB;NÃO ELEITO;0
5;8;35055;IRIS DO CÉU;PMB;NÃO ELEITO;0
6;8;35055;IRIS DO CÉU;PMB;NÃO ELEITO;0
8;8;35055;IRIS DO CÉU;PMB;NÃO ELEITO;1
9;8;35055;IRIS DO CÉU;PMB;NÃO ELEITO;5
10;8;35055;IRIS DO CÉU;PMB;NÃO ELEITO;1
11;8;35055;IRIS DO CÉU;PMB;NÃO ELEITO;0
13;8;35055;IRIS DO CÉU;PMB;NÃO ELEITO;1
14;8;35055;IRIS DO CÉU;PMB;NÃO ELEITO;0
15;8;35055;IRIS DO CÉU;PMB;NÃO ELEITO;1
16;8;35055;IRIS DO CÉU;PMB;NÃO ELEITO;16
17;8;35055;IRIS DO CÉU;PMB;NÃO ELEITO;0
18;8;35055;IRIS DO CÉU;PMB;NÃO ELEITO;0
19;8;35055;IRIS DO CÉU;PMB;NÃO ELEITO;11
20;8;35055;IRIS DO CÉU;PMB;NÃO ELEITO;0
21;8;35055;IRIS DO CÉU;PMB;NÃO ELEITO;0
1;8;35100;KYARA ZARUTY;PMB;NÃO ELEITO;0
2;8;35100;KYARA ZARUTY;PMB;NÃO ELEITO;0
3;8;35100;KYARA ZARUTY;PMB;NÃO ELEITO;1
4;8;35100;KYARA ZARUTY;PMB;NÃO ELEITO;0
5;8;35100;KYARA ZARUTY;PMB;NÃO ELEITO;2
6;8;35100;KYARA ZARUTY;PMB;NÃO ELEITO;0
8;8;35100;KYARA ZARUTY;PMB;NÃO ELEITO;0
9;8;35100;KYARA ZARUTY;PMB;NÃO ELEITO;0
10;8;35100;KYARA ZARUTY;PMB;NÃO ELEITO;1
11;8;35100;KYARA ZARUTY;PMB;NÃO ELEITO;0
13;8;35100;KYARA ZARUTY;PMB;NÃO ELEITO;0
14;8;35100;KYARA ZARUTY;PMB;NÃO ELEITO;0
15;8;35100;KYARA ZARUTY;PMB;NÃO ELEITO;0
16;8;35100;KYARA ZARUTY;PMB;NÃO ELEITO;1
17;8;35100;KYARA ZARUTY;PMB;NÃO ELEITO;1
18;8;35100;KYARA ZARUTY;PMB;NÃO ELEITO;0
19;8;35100;KYARA ZARUTY;PMB;NÃO ELEITO;0
20;8;35100;KYARA ZARUTY;PMB;NÃO ELEITO;0
21;8;35100;KYARA ZARUTY;PMB;NÃO ELEITO;0
1;8;35111;NILTON SANTOS RESSOCIALIZAÇÃO;PMB;NÃO ELEITO;5
2;8;35111;NILTON SANTOS RESSOCIALIZAÇÃO;PMB;NÃO ELEITO;49
3;8;35111;NILTON SANTOS RESSOCIALIZAÇÃO;PMB;NÃO ELEITO;19
4;8;35111;NILTON SANTOS RESSOCIALIZAÇÃO;PMB;NÃO ELEITO;41
5;8;35111;NILTON SANTOS RESSOCIALIZAÇÃO;PMB;NÃO ELEITO;16
6;8;35111;NILTON SANTOS RESSOCIALIZAÇÃO;PMB;NÃO ELEITO;61
8;8;35111;NILTON SANTOS RESSOCIALIZAÇÃO;PMB;NÃO ELEITO;99
9;8;35111;NILTON SANTOS RESSOCIALIZAÇÃO;PMB;NÃO ELEITO;61
10;8;35111;NILTON SANTOS RESSOCIALIZAÇÃO;PMB;NÃO ELEITO;37
11;8;35111;NILTON SANTOS RESSOCIALIZAÇÃO;PMB;NÃO ELEITO;11
13;8;35111;NILTON SANTOS RESSOCIALIZAÇÃO;PMB;NÃO ELEITO;77
14;8;35111;NILTON SANTOS RESSOCIALIZAÇÃO;PMB;NÃO ELEITO;12
15;8;35111;NILTON SANTOS RESSOCIALIZAÇÃO;PMB;NÃO ELEITO;23
16;8;35111;NILTON SANTOS RESSOCIALIZAÇÃO;PMB;NÃO ELEITO;105
17;8;35111;NILTON SANTOS RESSOCIALIZAÇÃO;PMB;NÃO ELEITO;70
18;8;35111;NILTON SANTOS RESSOCIALIZAÇÃO;PMB;NÃO ELEITO;31
19;8;35111;NILTON SANTOS RESSOCIALIZAÇÃO;PMB;NÃO ELEITO;29
20;8;35111;NILTON SANTOS RESSOCIALIZAÇÃO;PMB;NÃO ELEITO;66
21;8;35111;NILTON SANTOS RESSOCIALIZAÇÃO;PMB;NÃO ELEITO;83
1;8;35121;CHRISTIANA INOCÊNCIO;PMB;NÃO ELEITO;2
2;8;35121;CHRISTIANA INOCÊNCIO;PMB;NÃO ELEITO;1
3;8;35121;CHRISTIANA INOCÊNCIO;PMB;NÃO ELEITO;2
4;8;35121;CHRISTIANA INOCÊNCIO;PMB;NÃO ELEITO;0
5;8;35121;CHRISTIANA INOCÊNCIO;PMB;NÃO ELEITO;0
6;8;35121;CHRISTIANA INOCÊNCIO;PMB;NÃO ELEITO;0
8;8;35121;CHRISTIANA INOCÊNCIO;PMB;NÃO ELEITO;3
9;8;35121;CHRISTIANA INOCÊNCIO;PMB;NÃO ELEITO;4
10;8;35121;CHRISTIANA INOCÊNCIO;PMB;NÃO ELEITO;25
11;8;35121;CHRISTIANA INOCÊNCIO;PMB;NÃO ELEITO;16
13;8;35121;CHRISTIANA INOCÊNCIO;PMB;NÃO ELEITO;2
14;8;35121;CHRISTIANA INOCÊNCIO;PMB;NÃO ELEITO;4
15;8;35121;CHRISTIANA INOCÊNCIO;PMB;NÃO ELEITO;5
16;8;35121;CHRISTIANA INOCÊNCIO;PMB;NÃO ELEITO;1
17;8;35121;CHRISTIANA INOCÊNCIO;PMB;NÃO ELEITO;0
18;8;35121;CHRISTIANA INOCÊNCIO;PMB;NÃO ELEITO;0
19;8;35121;CHRISTIANA INOCÊNCIO;PMB;NÃO ELEITO;2
20;8;35121;CHRISTIANA INOCÊNCIO;PMB;NÃO ELEITO;0
21;8;35121;CHRISTIANA INOCÊNCIO;PMB;NÃO ELEITO;4
1;8;35122;CAPITÃO ENES;PMB;NÃO ELEITO;9
2;8;35122;CAPITÃO ENES;PMB;NÃO ELEITO;13
3;8;35122;CAPITÃO ENES;PMB;NÃO ELEITO;14
4;8;35122;CAPITÃO ENES;PMB;NÃO ELEITO;6
5;8;35122;CAPITÃO ENES;PMB;NÃO ELEITO;11
6;8;35122;CAPITÃO ENES;PMB;NÃO ELEITO;11
8;8;35122;CAPITÃO ENES;PMB;NÃO ELEITO;22
9;8;35122;CAPITÃO ENES;PMB;NÃO ELEITO;38
10;8;35122;CAPITÃO ENES;PMB;NÃO ELEITO;14
11;8;35122;CAPITÃO ENES;PMB;NÃO ELEITO;81
13;8;35122;CAPITÃO ENES;PMB;NÃO ELEITO;22
14;8;35122;CAPITÃO ENES;PMB;NÃO ELEITO;36
15;8;35122;CAPITÃO ENES;PMB;NÃO ELEITO;13
16;8;35122;CAPITÃO ENES;PMB;NÃO ELEITO;24
17;8;35122;CAPITÃO ENES;PMB;NÃO ELEITO;10
18;8;35122;CAPITÃO ENES;PMB;NÃO ELEITO;6
19;8;35122;CAPITÃO ENES;PMB;NÃO ELEITO;12
20;8;35122;CAPITÃO ENES;PMB;NÃO ELEITO;11
21;8;35122;CAPITÃO ENES;PMB;NÃO ELEITO;16
1;8;35123;WELBER DA LIZIRENE CELULAR;PMB;NÃO ELEITO;0
2;8;35123;WELBER DA LIZIRENE CELULAR;PMB;NÃO ELEITO;2
3;8;35123;WELBER DA LIZIRENE CELULAR;PMB;NÃO ELEITO;2
4;8;35123;WELBER DA LIZIRENE CELULAR;PMB;NÃO ELEITO;0
5;8;35123;WELBER DA LIZIRENE CELULAR;PMB;NÃO ELEITO;3
6;8;35123;WELBER DA LIZIRENE CELULAR;PMB;NÃO ELEITO;4
8;8;35123;WELBER DA LIZIRENE CELULAR;PMB;NÃO ELEITO;1
9;8;35123;WELBER DA LIZIRENE CELULAR;PMB;NÃO ELEITO;7
10;8;35123;WELBER DA LIZIRENE CELULAR;PMB;NÃO ELEITO;0
11;8;35123;WELBER DA LIZIRENE CELULAR;PMB;NÃO ELEITO;2
13;8;35123;WELBER DA LIZIRENE CELULAR;PMB;NÃO ELEITO;1
14;8;35123;WELBER DA LIZIRENE CELULAR;PMB;NÃO ELEITO;2
15;8;35123;WELBER DA LIZIRENE CELULAR;PMB;NÃO ELEITO;1
16;8;35123;WELBER DA LIZIRENE CELULAR;PMB;NÃO ELEITO;1
17;8;35123;WELBER DA LIZIRENE CELULAR;PMB;NÃO ELEITO;1
18;8;35123;WELBER DA LIZIRENE CELULAR;PMB;NÃO ELEITO;186
19;8;35123;WELBER DA LIZIRENE CELULAR;PMB;NÃO ELEITO;0
20;8;35123;WELBER DA LIZIRENE CELULAR;PMB;NÃO ELEITO;3
21;8;35123;WELBER DA LIZIRENE CELULAR;PMB;NÃO ELEITO;0
1;8;35135;LUCIANO DA MANUTENÇÃO;PMB;NÃO ELEITO;3
2;8;35135;LUCIANO DA MANUTENÇÃO;PMB;NÃO ELEITO;13
3;8;35135;LUCIANO DA MANUTENÇÃO;PMB;NÃO ELEITO;2
4;8;35135;LUCIANO DA MANUTENÇÃO;PMB;NÃO ELEITO;169
5;8;35135;LUCIANO DA MANUTENÇÃO;PMB;NÃO ELEITO;2
6;8;35135;LUCIANO DA MANUTENÇÃO;PMB;NÃO ELEITO;15
8;8;35135;LUCIANO DA MANUTENÇÃO;PMB;NÃO ELEITO;10
9;8;35135;LUCIANO DA MANUTENÇÃO;PMB;NÃO ELEITO;6
10;8;35135;LUCIANO DA MANUTENÇÃO;PMB;NÃO ELEITO;15
11;8;35135;LUCIANO DA MANUTENÇÃO;PMB;NÃO ELEITO;5
13;8;35135;LUCIANO DA MANUTENÇÃO;PMB;NÃO ELEITO;45
14;8;35135;LUCIANO DA MANUTENÇÃO;PMB;NÃO ELEITO;2
15;8;35135;LUCIANO DA MANUTENÇÃO;PMB;NÃO ELEITO;9
16;8;35135;LUCIANO DA MANUTENÇÃO;PMB;NÃO ELEITO;25
17;8;35135;LUCIANO DA MANUTENÇÃO;PMB;NÃO ELEITO;23
18;8;35135;LUCIANO DA MANUTENÇÃO;PMB;NÃO ELEITO;4
19;8;35135;LUCIANO DA MANUTENÇÃO;PMB;NÃO ELEITO;1
20;8;35135;LUCIANO DA MANUTENÇÃO;PMB;NÃO ELEITO;40
21;8;35135;LUCIANO DA MANUTENÇÃO;PMB;NÃO ELEITO;27
1;8;35140;ADRIANA GLÓRIA;PMB;NÃO ELEITO;3
2;8;35140;ADRIANA GLÓRIA;PMB;NÃO ELEITO;0
3;8;35140;ADRIANA GLÓRIA;PMB;NÃO ELEITO;8
4;8;35140;ADRIANA GLÓRIA;PMB;NÃO ELEITO;1
5;8;35140;ADRIANA GLÓRIA;PMB;NÃO ELEITO;0
6;8;35140;ADRIANA GLÓRIA;PMB;NÃO ELEITO;0
8;8;35140;ADRIANA GLÓRIA;PMB;NÃO ELEITO;3
9;8;35140;ADRIANA GLÓRIA;PMB;NÃO ELEITO;2
10;8;35140;ADRIANA GLÓRIA;PMB;NÃO ELEITO;0
11;8;35140;ADRIANA GLÓRIA;PMB;NÃO ELEITO;1
13;8;35140;ADRIANA GLÓRIA;PMB;NÃO ELEITO;3
14;8;35140;ADRIANA GLÓRIA;PMB;NÃO ELEITO;3
15;8;35140;ADRIANA GLÓRIA;PMB;NÃO ELEITO;2
16;8;35140;ADRIANA GLÓRIA;PMB;NÃO ELEITO;3
17;8;35140;ADRIANA GLÓRIA;PMB;NÃO ELEITO;2
18;8;35140;ADRIANA GLÓRIA;PMB;NÃO ELEITO;2
19;8;35140;ADRIANA GLÓRIA;PMB;NÃO ELEITO;3
20;8;35140;ADRIANA GLÓRIA;PMB;NÃO ELEITO;0
21;8;35140;ADRIANA GLÓRIA;PMB;NÃO ELEITO;1
1;8;35180;JAIRO FELIX;PMB;NÃO ELEITO;2
2;8;35180;JAIRO FELIX;PMB;NÃO ELEITO;0
3;8;35180;JAIRO FELIX;PMB;NÃO ELEITO;0
4;8;35180;JAIRO FELIX;PMB;NÃO ELEITO;0
5;8;35180;JAIRO FELIX;PMB;NÃO ELEITO;3
6;8;35180;JAIRO FELIX;PMB;NÃO ELEITO;1
8;8;35180;JAIRO FELIX;PMB;NÃO ELEITO;0
9;8;35180;JAIRO FELIX;PMB;NÃO ELEITO;2
10;8;35180;JAIRO FELIX;PMB;NÃO ELEITO;1
11;8;35180;JAIRO FELIX;PMB;NÃO ELEITO;1
13;8;35180;JAIRO FELIX;PMB;NÃO ELEITO;7
14;8;35180;JAIRO FELIX;PMB;NÃO ELEITO;1
15;8;35180;JAIRO FELIX;PMB;NÃO ELEITO;13
16;8;35180;JAIRO FELIX;PMB;NÃO ELEITO;0
17;8;35180;JAIRO FELIX;PMB;NÃO ELEITO;2
18;8;35180;JAIRO FELIX;PMB;NÃO ELEITO;0
19;8;35180;JAIRO FELIX;PMB;NÃO ELEITO;6
20;8;35180;JAIRO FELIX;PMB;NÃO ELEITO;0
21;8;35180;JAIRO FELIX;PMB;NÃO ELEITO;4
1;8;35190;LUCIANO LUCAS;PMB;NÃO ELEITO;0
2;8;35190;LUCIANO LUCAS;PMB;NÃO ELEITO;0
3;8;35190;LUCIANO LUCAS;PMB;NÃO ELEITO;0
4;8;35190;LUCIANO LUCAS;PMB;NÃO ELEITO;0
5;8;35190;LUCIANO LUCAS;PMB;NÃO ELEITO;0
6;8;35190;LUCIANO LUCAS;PMB;NÃO ELEITO;0
8;8;35190;LUCIANO LUCAS;PMB;NÃO ELEITO;0
9;8;35190;LUCIANO LUCAS;PMB;NÃO ELEITO;0
10;8;35190;LUCIANO LUCAS;PMB;NÃO ELEITO;1
11;8;35190;LUCIANO LUCAS;PMB;NÃO ELEITO;0
13;8;35190;LUCIANO LUCAS;PMB;NÃO ELEITO;0
14;8;35190;LUCIANO LUCAS;PMB;NÃO ELEITO;4
15;8;35190;LUCIANO LUCAS;PMB;NÃO ELEITO;0
16;8;35190;LUCIANO LUCAS;PMB;NÃO ELEITO;0
17;8;35190;LUCIANO LUCAS;PMB;NÃO ELEITO;0
18;8;35190;LUCIANO LUCAS;PMB;NÃO ELEITO;0
19;8;35190;LUCIANO LUCAS;PMB;NÃO ELEITO;0
20;8;35190;LUCIANO LUCAS;PMB;NÃO ELEITO;1
21;8;35190;LUCIANO LUCAS;PMB;NÃO ELEITO;0
1;8;35193;WILKERSON FERREIRA;PMB;NÃO ELEITO;0
2;8;35193;WILKERSON FERREIRA;PMB;NÃO ELEITO;4
3;8;35193;WILKERSON FERREIRA;PMB;NÃO ELEITO;0
4;8;35193;WILKERSON FERREIRA;PMB;NÃO ELEITO;6
5;8;35193;WILKERSON FERREIRA;PMB;NÃO ELEITO;0
6;8;35193;WILKERSON FERREIRA;PMB;NÃO ELEITO;0
8;8;35193;WILKERSON FERREIRA;PMB;NÃO ELEITO;1
9;8;35193;WILKERSON FERREIRA;PMB;NÃO ELEITO;4
10;8;35193;WILKERSON FERREIRA;PMB;NÃO ELEITO;8
11;8;35193;WILKERSON FERREIRA;PMB;NÃO ELEITO;0
13;8;35193;WILKERSON FERREIRA;PMB;NÃO ELEITO;2
14;8;35193;WILKERSON FERREIRA;PMB;NÃO ELEITO;34
15;8;35193;WILKERSON FERREIRA;PMB;NÃO ELEITO;2
16;8;35193;WILKERSON FERREIRA;PMB;NÃO ELEITO;0
17;8;35193;WILKERSON FERREIRA;PMB;NÃO ELEITO;9
18;8;35193;WILKERSON FERREIRA;PMB;NÃO ELEITO;1
19;8;35193;WILKERSON FERREIRA;PMB;NÃO ELEITO;4
20;8;35193;WILKERSON FERREIRA;PMB;NÃO ELEITO;5
21;8;35193;WILKERSON FERREIRA;PMB;NÃO ELEITO;0
1;8;35222;MICHELINE REIS;PMB;NÃO ELEITO;1
2;8;35222;MICHELINE REIS;PMB;NÃO ELEITO;1
3;8;35222;MICHELINE REIS;PMB;NÃO ELEITO;4
4;8;35222;MICHELINE REIS;PMB;NÃO ELEITO;10
5;8;35222;MICHELINE REIS;PMB;NÃO ELEITO;0
6;8;35222;MICHELINE REIS;PMB;NÃO ELEITO;6
8;8;35222;MICHELINE REIS;PMB;NÃO ELEITO;31
9;8;35222;MICHELINE REIS;PMB;NÃO ELEITO;10
10;8;35222;MICHELINE REIS;PMB;NÃO ELEITO;9
11;8;35222;MICHELINE REIS;PMB;NÃO ELEITO;1
13;8;35222;MICHELINE REIS;PMB;NÃO ELEITO;61
14;8;35222;MICHELINE REIS;PMB;NÃO ELEITO;0
15;8;35222;MICHELINE REIS;PMB;NÃO ELEITO;11
16;8;35222;MICHELINE REIS;PMB;NÃO ELEITO;36
17;8;35222;MICHELINE REIS;PMB;NÃO ELEITO;14
18;8;35222;MICHELINE REIS;PMB;NÃO ELEITO;0
19;8;35222;MICHELINE REIS;PMB;NÃO ELEITO;5
20;8;35222;MICHELINE REIS;PMB;NÃO ELEITO;15
21;8;35222;MICHELINE REIS;PMB;NÃO ELEITO;54
1;8;35321;DRA MARIA RITA;PMB;NÃO ELEITO;18
2;8;35321;DRA MARIA RITA;PMB;NÃO ELEITO;18
3;8;35321;DRA MARIA RITA;PMB;NÃO ELEITO;5
4;8;35321;DRA MARIA RITA;PMB;NÃO ELEITO;4
5;8;35321;DRA MARIA RITA;PMB;NÃO ELEITO;28
6;8;35321;DRA MARIA RITA;PMB;NÃO ELEITO;15
8;8;35321;DRA MARIA RITA;PMB;NÃO ELEITO;11
9;8;35321;DRA MARIA RITA;PMB;NÃO ELEITO;23
10;8;35321;DRA MARIA RITA;PMB;NÃO ELEITO;15
11;8;35321;DRA MARIA RITA;PMB;NÃO ELEITO;11
13;8;35321;DRA MARIA RITA;PMB;NÃO ELEITO;6
14;8;35321;DRA MARIA RITA;PMB;NÃO ELEITO;12
15;8;35321;DRA MARIA RITA;PMB;NÃO ELEITO;11
16;8;35321;DRA MARIA RITA;PMB;NÃO ELEITO;17
17;8;35321;DRA MARIA RITA;PMB;NÃO ELEITO;19
18;8;35321;DRA MARIA RITA;PMB;NÃO ELEITO;12
19;8;35321;DRA MARIA RITA;PMB;NÃO ELEITO;5
20;8;35321;DRA MARIA RITA;PMB;NÃO ELEITO;6
21;8;35321;DRA MARIA RITA;PMB;NÃO ELEITO;6
1;8;35333;VANDA LAGO;PMB;NÃO ELEITO;2
2;8;35333;VANDA LAGO;PMB;NÃO ELEITO;4
3;8;35333;VANDA LAGO;PMB;NÃO ELEITO;0
4;8;35333;VANDA LAGO;PMB;NÃO ELEITO;2
5;8;35333;VANDA LAGO;PMB;NÃO ELEITO;18
6;8;35333;VANDA LAGO;PMB;NÃO ELEITO;133
8;8;35333;VANDA LAGO;PMB;NÃO ELEITO;2
9;8;35333;VANDA LAGO;PMB;NÃO ELEITO;6
10;8;35333;VANDA LAGO;PMB;NÃO ELEITO;1
11;8;35333;VANDA LAGO;PMB;NÃO ELEITO;1
13;8;35333;VANDA LAGO;PMB;NÃO ELEITO;2
14;8;35333;VANDA LAGO;PMB;NÃO ELEITO;0
15;8;35333;VANDA LAGO;PMB;NÃO ELEITO;1
16;8;35333;VANDA LAGO;PMB;NÃO ELEITO;2
17;8;35333;VANDA LAGO;PMB;NÃO ELEITO;0
18;8;35333;VANDA LAGO;PMB;NÃO ELEITO;0
19;8;35333;VANDA LAGO;PMB;NÃO ELEITO;3
20;8;35333;VANDA LAGO;PMB;NÃO ELEITO;1
21;8;35333;VANDA LAGO;PMB;NÃO ELEITO;5
1;8;35353;BRUNO NOVAIS;PMB;NÃO ELEITO;13
2;8;35353;BRUNO NOVAIS;PMB;NÃO ELEITO;4
3;8;35353;BRUNO NOVAIS;PMB;NÃO ELEITO;23
4;8;35353;BRUNO NOVAIS;PMB;NÃO ELEITO;5
5;8;35353;BRUNO NOVAIS;PMB;NÃO ELEITO;1
6;8;35353;BRUNO NOVAIS;PMB;NÃO ELEITO;1
8;8;35353;BRUNO NOVAIS;PMB;NÃO ELEITO;26
9;8;35353;BRUNO NOVAIS;PMB;NÃO ELEITO;26
10;8;35353;BRUNO NOVAIS;PMB;NÃO ELEITO;34
11;8;35353;BRUNO NOVAIS;PMB;NÃO ELEITO;33
13;8;35353;BRUNO NOVAIS;PMB;NÃO ELEITO;32
14;8;35353;BRUNO NOVAIS;PMB;NÃO ELEITO;12
15;8;35353;BRUNO NOVAIS;PMB;NÃO ELEITO;83
16;8;35353;BRUNO NOVAIS;PMB;NÃO ELEITO;8
17;8;35353;BRUNO NOVAIS;PMB;NÃO ELEITO;5
18;8;35353;BRUNO NOVAIS;PMB;NÃO ELEITO;7
19;8;35353;BRUNO NOVAIS;PMB;NÃO ELEITO;58
20;8;35353;BRUNO NOVAIS;PMB;NÃO ELEITO;17
21;8;35353;BRUNO NOVAIS;PMB;NÃO ELEITO;16
1;8;35444;SUBTENENTE ANTONIO;PMB;NÃO ELEITO;1
2;8;35444;SUBTENENTE ANTONIO;PMB;NÃO ELEITO;0
3;8;35444;SUBTENENTE ANTONIO;PMB;NÃO ELEITO;0
4;8;35444;SUBTENENTE ANTONIO;PMB;NÃO ELEITO;1
5;8;35444;SUBTENENTE ANTONIO;PMB;NÃO ELEITO;0
6;8;35444;SUBTENENTE ANTONIO;PMB;NÃO ELEITO;21
8;8;35444;SUBTENENTE ANTONIO;PMB;NÃO ELEITO;0
9;8;35444;SUBTENENTE ANTONIO;PMB;NÃO ELEITO;2
10;8;35444;SUBTENENTE ANTONIO;PMB;NÃO ELEITO;0
11;8;35444;SUBTENENTE ANTONIO;PMB;NÃO ELEITO;0
13;8;35444;SUBTENENTE ANTONIO;PMB;NÃO ELEITO;2
14;8;35444;SUBTENENTE ANTONIO;PMB;NÃO ELEITO;0
15;8;35444;SUBTENENTE ANTONIO;PMB;NÃO ELEITO;0
16;8;35444;SUBTENENTE ANTONIO;PMB;NÃO ELEITO;0
17;8;35444;SUBTENENTE ANTONIO;PMB;NÃO ELEITO;3
18;8;35444;SUBTENENTE ANTONIO;PMB;NÃO ELEITO;0
19;8;35444;SUBTENENTE ANTONIO;PMB;NÃO ELEITO;1
20;8;35444;SUBTENENTE ANTONIO;PMB;NÃO ELEITO;0
21;8;35444;SUBTENENTE ANTONIO;PMB;NÃO ELEITO;2
1;8;35555;MAICON MIRANDA;PMB;NÃO ELEITO;16
2;8;35555;MAICON MIRANDA;PMB;NÃO ELEITO;39
3;8;35555;MAICON MIRANDA;PMB;NÃO ELEITO;75
4;8;35555;MAICON MIRANDA;PMB;NÃO ELEITO;23
5;8;35555;MAICON MIRANDA;PMB;NÃO ELEITO;46
6;8;35555;MAICON MIRANDA;PMB;NÃO ELEITO;14
8;8;35555;MAICON MIRANDA;PMB;NÃO ELEITO;112
9;8;35555;MAICON MIRANDA;PMB;NÃO ELEITO;85
10;8;35555;MAICON MIRANDA;PMB;NÃO ELEITO;60
11;8;35555;MAICON MIRANDA;PMB;NÃO ELEITO;37
13;8;35555;MAICON MIRANDA;PMB;NÃO ELEITO;67
14;8;35555;MAICON MIRANDA;PMB;NÃO ELEITO;37
15;8;35555;MAICON MIRANDA;PMB;NÃO ELEITO;88
16;8;35555;MAICON MIRANDA;PMB;NÃO ELEITO;137
17;8;35555;MAICON MIRANDA;PMB;NÃO ELEITO;40
18;8;35555;MAICON MIRANDA;PMB;NÃO ELEITO;21
19;8;35555;MAICON MIRANDA;PMB;NÃO ELEITO;104
20;8;35555;MAICON MIRANDA;PMB;NÃO ELEITO;74
21;8;35555;MAICON MIRANDA;PMB;NÃO ELEITO;63
1;8;35677;SAMIA WALÊSKA;PMB;NÃO ELEITO;26
2;8;35677;SAMIA WALÊSKA;PMB;NÃO ELEITO;33
3;8;35677;SAMIA WALÊSKA;PMB;NÃO ELEITO;3
4;8;35677;SAMIA WALÊSKA;PMB;NÃO ELEITO;3
5;8;35677;SAMIA WALÊSKA;PMB;NÃO ELEITO;5
6;8;35677;SAMIA WALÊSKA;PMB;NÃO ELEITO;2
8;8;35677;SAMIA WALÊSKA;PMB;NÃO ELEITO;4
9;8;35677;SAMIA WALÊSKA;PMB;NÃO ELEITO;13
10;8;35677;SAMIA WALÊSKA;PMB;NÃO ELEITO;5
11;8;35677;SAMIA WALÊSKA;PMB;NÃO ELEITO;12
13;8;35677;SAMIA WALÊSKA;PMB;NÃO ELEITO;7
14;8;35677;SAMIA WALÊSKA;PMB;NÃO ELEITO;29
15;8;35677;SAMIA WALÊSKA;PMB;NÃO ELEITO;22
16;8;35677;SAMIA WALÊSKA;PMB;NÃO ELEITO;4
17;8;35677;SAMIA WALÊSKA;PMB;NÃO ELEITO;1
18;8;35677;SAMIA WALÊSKA;PMB;NÃO ELEITO;83
19;8;35677;SAMIA WALÊSKA;PMB;NÃO ELEITO;4
20;8;35677;SAMIA WALÊSKA;PMB;NÃO ELEITO;1
21;8;35677;SAMIA WALÊSKA;PMB;NÃO ELEITO;6
1;8;35707;RIBAMAR MOREIRA;PMB;NÃO ELEITO;0
2;8;35707;RIBAMAR MOREIRA;PMB;NÃO ELEITO;1
3;8;35707;RIBAMAR MOREIRA;PMB;NÃO ELEITO;39
4;8;35707;RIBAMAR MOREIRA;PMB;NÃO ELEITO;8
5;8;35707;RIBAMAR MOREIRA;PMB;NÃO ELEITO;3
6;8;35707;RIBAMAR MOREIRA;PMB;NÃO ELEITO;3
8;8;35707;RIBAMAR MOREIRA;PMB;NÃO ELEITO;19
9;8;35707;RIBAMAR MOREIRA;PMB;NÃO ELEITO;4
10;8;35707;RIBAMAR MOREIRA;PMB;NÃO ELEITO;6
11;8;35707;RIBAMAR MOREIRA;PMB;NÃO ELEITO;3
13;8;35707;RIBAMAR MOREIRA;PMB;NÃO ELEITO;25
14;8;35707;RIBAMAR MOREIRA;PMB;NÃO ELEITO;2
15;8;35707;RIBAMAR MOREIRA;PMB;NÃO ELEITO;13
16;8;35707;RIBAMAR MOREIRA;PMB;NÃO ELEITO;20
17;8;35707;RIBAMAR MOREIRA;PMB;NÃO ELEITO;2
18;8;35707;RIBAMAR MOREIRA;PMB;NÃO ELEITO;1
19;8;35707;RIBAMAR MOREIRA;PMB;NÃO ELEITO;1
20;8;35707;RIBAMAR MOREIRA;PMB;NÃO ELEITO;6
21;8;35707;RIBAMAR MOREIRA;PMB;NÃO ELEITO;17
1;8;35777;RONY BARBOSA;PMB;NÃO ELEITO;0
2;8;35777;RONY BARBOSA;PMB;NÃO ELEITO;16
3;8;35777;RONY BARBOSA;PMB;NÃO ELEITO;138
4;8;35777;RONY BARBOSA;PMB;NÃO ELEITO;7
5;8;35777;RONY BARBOSA;PMB;NÃO ELEITO;1
6;8;35777;RONY BARBOSA;PMB;NÃO ELEITO;2
8;8;35777;RONY BARBOSA;PMB;NÃO ELEITO;17
9;8;35777;RONY BARBOSA;PMB;NÃO ELEITO;7
10;8;35777;RONY BARBOSA;PMB;NÃO ELEITO;1
11;8;35777;RONY BARBOSA;PMB;NÃO ELEITO;0
13;8;35777;RONY BARBOSA;PMB;NÃO ELEITO;12
14;8;35777;RONY BARBOSA;PMB;NÃO ELEITO;3
15;8;35777;RONY BARBOSA;PMB;NÃO ELEITO;8
16;8;35777;RONY BARBOSA;PMB;NÃO ELEITO;11
17;8;35777;RONY BARBOSA;PMB;NÃO ELEITO;0
18;8;35777;RONY BARBOSA;PMB;NÃO ELEITO;0
19;8;35777;RONY BARBOSA;PMB;NÃO ELEITO;8
20;8;35777;RONY BARBOSA;PMB;NÃO ELEITO;3
21;8;35777;RONY BARBOSA;PMB;NÃO ELEITO;11
1;8;35888;LUCY SILVA;PMB;NÃO ELEITO;0
2;8;35888;LUCY SILVA;PMB;NÃO ELEITO;1
3;8;35888;LUCY SILVA;PMB;NÃO ELEITO;0
4;8;35888;LUCY SILVA;PMB;NÃO ELEITO;0
5;8;35888;LUCY SILVA;PMB;NÃO ELEITO;0
6;8;35888;LUCY SILVA;PMB;NÃO ELEITO;0
8;8;35888;LUCY SILVA;PMB;NÃO ELEITO;5
9;8;35888;LUCY SILVA;PMB;NÃO ELEITO;6
10;8;35888;LUCY SILVA;PMB;NÃO ELEITO;0
11;8;35888;LUCY SILVA;PMB;NÃO ELEITO;2
13;8;35888;LUCY SILVA;PMB;NÃO ELEITO;3
14;8;35888;LUCY SILVA;PMB;NÃO ELEITO;0
15;8;35888;LUCY SILVA;PMB;NÃO ELEITO;0
16;8;35888;LUCY SILVA;PMB;NÃO ELEITO;0
17;8;35888;LUCY SILVA;PMB;NÃO ELEITO;1
18;8;35888;LUCY SILVA;PMB;NÃO ELEITO;1
19;8;35888;LUCY SILVA;PMB;NÃO ELEITO;0
20;8;35888;LUCY SILVA;PMB;NÃO ELEITO;1
21;8;35888;LUCY SILVA;PMB;NÃO ELEITO;0
1;8;35999;SGT SIMÕES TOTÓ LEGAL;PMB;NÃO ELEITO;7
2;8;35999;SGT SIMÕES TOTÓ LEGAL;PMB;NÃO ELEITO;13
3;8;35999;SGT SIMÕES TOTÓ LEGAL;PMB;NÃO ELEITO;8
4;8;35999;SGT SIMÕES TOTÓ LEGAL;PMB;NÃO ELEITO;14
5;8;35999;SGT SIMÕES TOTÓ LEGAL;PMB;NÃO ELEITO;21
6;8;35999;SGT SIMÕES TOTÓ LEGAL;PMB;NÃO ELEITO;9
8;8;35999;SGT SIMÕES TOTÓ LEGAL;PMB;NÃO ELEITO;7
9;8;35999;SGT SIMÕES TOTÓ LEGAL;PMB;NÃO ELEITO;12
10;8;35999;SGT SIMÕES TOTÓ LEGAL;PMB;NÃO ELEITO;19
11;8;35999;SGT SIMÕES TOTÓ LEGAL;PMB;NÃO ELEITO;48
13;8;35999;SGT SIMÕES TOTÓ LEGAL;PMB;NÃO ELEITO;65
14;8;35999;SGT SIMÕES TOTÓ LEGAL;PMB;NÃO ELEITO;59
15;8;35999;SGT SIMÕES TOTÓ LEGAL;PMB;NÃO ELEITO;18
16;8;35999;SGT SIMÕES TOTÓ LEGAL;PMB;NÃO ELEITO;21
17;8;35999;SGT SIMÕES TOTÓ LEGAL;PMB;NÃO ELEITO;17
18;8;35999;SGT SIMÕES TOTÓ LEGAL;PMB;NÃO ELEITO;4
19;8;35999;SGT SIMÕES TOTÓ LEGAL;PMB;NÃO ELEITO;5
20;8;35999;SGT SIMÕES TOTÓ LEGAL;PMB;NÃO ELEITO;16
21;8;35999;SGT SIMÕES TOTÓ LEGAL;PMB;NÃO ELEITO;27
1;8;36000;GOUDIM;AGIR;SUPLENTE;19
2;8;36000;GOUDIM;AGIR;SUPLENTE;19
3;8;36000;GOUDIM;AGIR;SUPLENTE;118
4;8;36000;GOUDIM;AGIR;SUPLENTE;42
5;8;36000;GOUDIM;AGIR;SUPLENTE;26
6;8;36000;GOUDIM;AGIR;SUPLENTE;7
8;8;36000;GOUDIM;AGIR;SUPLENTE;919
9;8;36000;GOUDIM;AGIR;SUPLENTE;40
10;8;36000;GOUDIM;AGIR;SUPLENTE;42
11;8;36000;GOUDIM;AGIR;SUPLENTE;18
13;8;36000;GOUDIM;AGIR;SUPLENTE;145
14;8;36000;GOUDIM;AGIR;SUPLENTE;23
15;8;36000;GOUDIM;AGIR;SUPLENTE;122
16;8;36000;GOUDIM;AGIR;SUPLENTE;536
17;8;36000;GOUDIM;AGIR;SUPLENTE;42
18;8;36000;GOUDIM;AGIR;SUPLENTE;27
19;8;36000;GOUDIM;AGIR;SUPLENTE;138
20;8;36000;GOUDIM;AGIR;SUPLENTE;759
21;8;36000;GOUDIM;AGIR;SUPLENTE;80
1;8;36001;SAMARA BRITO;AGIR;SUPLENTE;25
2;8;36001;SAMARA BRITO;AGIR;SUPLENTE;1537
3;8;36001;SAMARA BRITO;AGIR;SUPLENTE;10
4;8;36001;SAMARA BRITO;AGIR;SUPLENTE;10
5;8;36001;SAMARA BRITO;AGIR;SUPLENTE;63
6;8;36001;SAMARA BRITO;AGIR;SUPLENTE;37
8;8;36001;SAMARA BRITO;AGIR;SUPLENTE;20
9;8;36001;SAMARA BRITO;AGIR;SUPLENTE;48
10;8;36001;SAMARA BRITO;AGIR;SUPLENTE;14
11;8;36001;SAMARA BRITO;AGIR;SUPLENTE;19
13;8;36001;SAMARA BRITO;AGIR;SUPLENTE;28
14;8;36001;SAMARA BRITO;AGIR;SUPLENTE;36
15;8;36001;SAMARA BRITO;AGIR;SUPLENTE;43
16;8;36001;SAMARA BRITO;AGIR;SUPLENTE;28
17;8;36001;SAMARA BRITO;AGIR;SUPLENTE;10
18;8;36001;SAMARA BRITO;AGIR;SUPLENTE;61
19;8;36001;SAMARA BRITO;AGIR;SUPLENTE;25
20;8;36001;SAMARA BRITO;AGIR;SUPLENTE;10
21;8;36001;SAMARA BRITO;AGIR;SUPLENTE;17
1;8;36036;PROFESSOR ORLANDO JÚNIOR;AGIR;SUPLENTE;65
2;8;36036;PROFESSOR ORLANDO JÚNIOR;AGIR;SUPLENTE;63
3;8;36036;PROFESSOR ORLANDO JÚNIOR;AGIR;SUPLENTE;320
4;8;36036;PROFESSOR ORLANDO JÚNIOR;AGIR;SUPLENTE;129
5;8;36036;PROFESSOR ORLANDO JÚNIOR;AGIR;SUPLENTE;74
6;8;36036;PROFESSOR ORLANDO JÚNIOR;AGIR;SUPLENTE;27
8;8;36036;PROFESSOR ORLANDO JÚNIOR;AGIR;SUPLENTE;254
9;8;36036;PROFESSOR ORLANDO JÚNIOR;AGIR;SUPLENTE;266
10;8;36036;PROFESSOR ORLANDO JÚNIOR;AGIR;SUPLENTE;133
11;8;36036;PROFESSOR ORLANDO JÚNIOR;AGIR;SUPLENTE;66
13;8;36036;PROFESSOR ORLANDO JÚNIOR;AGIR;SUPLENTE;288
14;8;36036;PROFESSOR ORLANDO JÚNIOR;AGIR;SUPLENTE;62
15;8;36036;PROFESSOR ORLANDO JÚNIOR;AGIR;SUPLENTE;426
16;8;36036;PROFESSOR ORLANDO JÚNIOR;AGIR;SUPLENTE;193
17;8;36036;PROFESSOR ORLANDO JÚNIOR;AGIR;SUPLENTE;186
18;8;36036;PROFESSOR ORLANDO JÚNIOR;AGIR;SUPLENTE;45
19;8;36036;PROFESSOR ORLANDO JÚNIOR;AGIR;SUPLENTE;389
20;8;36036;PROFESSOR ORLANDO JÚNIOR;AGIR;SUPLENTE;135
21;8;36036;PROFESSOR ORLANDO JÚNIOR;AGIR;SUPLENTE;132
1;8;36100;TIA NAIR;AGIR;SUPLENTE;22
2;8;36100;TIA NAIR;AGIR;SUPLENTE;1390
3;8;36100;TIA NAIR;AGIR;SUPLENTE;47
4;8;36100;TIA NAIR;AGIR;SUPLENTE;32
5;8;36100;TIA NAIR;AGIR;SUPLENTE;125
6;8;36100;TIA NAIR;AGIR;SUPLENTE;225
8;8;36100;TIA NAIR;AGIR;SUPLENTE;150
9;8;36100;TIA NAIR;AGIR;SUPLENTE;65
10;8;36100;TIA NAIR;AGIR;SUPLENTE;58
11;8;36100;TIA NAIR;AGIR;SUPLENTE;23
13;8;36100;TIA NAIR;AGIR;SUPLENTE;129
14;8;36100;TIA NAIR;AGIR;SUPLENTE;64
15;8;36100;TIA NAIR;AGIR;SUPLENTE;46
16;8;36100;TIA NAIR;AGIR;SUPLENTE;446
17;8;36100;TIA NAIR;AGIR;SUPLENTE;43
18;8;36100;TIA NAIR;AGIR;SUPLENTE;46
19;8;36100;TIA NAIR;AGIR;SUPLENTE;72
20;8;36100;TIA NAIR;AGIR;SUPLENTE;64
21;8;36100;TIA NAIR;AGIR;SUPLENTE;108
1;8;36111;CARLOS DALVAN;AGIR;SUPLENTE;62
2;8;36111;CARLOS DALVAN;AGIR;SUPLENTE;247
3;8;36111;CARLOS DALVAN;AGIR;SUPLENTE;270
4;8;36111;CARLOS DALVAN;AGIR;SUPLENTE;303
5;8;36111;CARLOS DALVAN;AGIR;SUPLENTE;57
6;8;36111;CARLOS DALVAN;AGIR;SUPLENTE;49
8;8;36111;CARLOS DALVAN;AGIR;SUPLENTE;453
9;8;36111;CARLOS DALVAN;AGIR;SUPLENTE;196
10;8;36111;CARLOS DALVAN;AGIR;SUPLENTE;756
11;8;36111;CARLOS DALVAN;AGIR;SUPLENTE;88
13;8;36111;CARLOS DALVAN;AGIR;SUPLENTE;827
14;8;36111;CARLOS DALVAN;AGIR;SUPLENTE;62
15;8;36111;CARLOS DALVAN;AGIR;SUPLENTE;454
16;8;36111;CARLOS DALVAN;AGIR;SUPLENTE;381
17;8;36111;CARLOS DALVAN;AGIR;SUPLENTE;300
18;8;36111;CARLOS DALVAN;AGIR;SUPLENTE;124
19;8;36111;CARLOS DALVAN;AGIR;SUPLENTE;285
20;8;36111;CARLOS DALVAN;AGIR;SUPLENTE;257
21;8;36111;CARLOS DALVAN;AGIR;SUPLENTE;11056
1;8;36123;ETIENO O AGENTE DA SAÚDE;AGIR;SUPLENTE;4
2;8;36123;ETIENO O AGENTE DA SAÚDE;AGIR;SUPLENTE;66
3;8;36123;ETIENO O AGENTE DA SAÚDE;AGIR;SUPLENTE;22
4;8;36123;ETIENO O AGENTE DA SAÚDE;AGIR;SUPLENTE;138
5;8;36123;ETIENO O AGENTE DA SAÚDE;AGIR;SUPLENTE;41
6;8;36123;ETIENO O AGENTE DA SAÚDE;AGIR;SUPLENTE;548
8;8;36123;ETIENO O AGENTE DA SAÚDE;AGIR;SUPLENTE;75
9;8;36123;ETIENO O AGENTE DA SAÚDE;AGIR;SUPLENTE;33
10;8;36123;ETIENO O AGENTE DA SAÚDE;AGIR;SUPLENTE;41
11;8;36123;ETIENO O AGENTE DA SAÚDE;AGIR;SUPLENTE;2
13;8;36123;ETIENO O AGENTE DA SAÚDE;AGIR;SUPLENTE;146
14;8;36123;ETIENO O AGENTE DA SAÚDE;AGIR;SUPLENTE;9
15;8;36123;ETIENO O AGENTE DA SAÚDE;AGIR;SUPLENTE;23
16;8;36123;ETIENO O AGENTE DA SAÚDE;AGIR;SUPLENTE;99
17;8;36123;ETIENO O AGENTE DA SAÚDE;AGIR;SUPLENTE;86
18;8;36123;ETIENO O AGENTE DA SAÚDE;AGIR;SUPLENTE;49
19;8;36123;ETIENO O AGENTE DA SAÚDE;AGIR;SUPLENTE;17
20;8;36123;ETIENO O AGENTE DA SAÚDE;AGIR;SUPLENTE;35
21;8;36123;ETIENO O AGENTE DA SAÚDE;AGIR;SUPLENTE;179
1;8;36136;ALEXANDRE YANEZ;AGIR;SUPLENTE;160
2;8;36136;ALEXANDRE YANEZ;AGIR;SUPLENTE;155
3;8;36136;ALEXANDRE YANEZ;AGIR;SUPLENTE;57
4;8;36136;ALEXANDRE YANEZ;AGIR;SUPLENTE;40
5;8;36136;ALEXANDRE YANEZ;AGIR;SUPLENTE;4332
6;8;36136;ALEXANDRE YANEZ;AGIR;SUPLENTE;251
8;8;36136;ALEXANDRE YANEZ;AGIR;SUPLENTE;74
9;8;36136;ALEXANDRE YANEZ;AGIR;SUPLENTE;174
10;8;36136;ALEXANDRE YANEZ;AGIR;SUPLENTE;122
11;8;36136;ALEXANDRE YANEZ;AGIR;SUPLENTE;93
13;8;36136;ALEXANDRE YANEZ;AGIR;SUPLENTE;57
14;8;36136;ALEXANDRE YANEZ;AGIR;SUPLENTE;190
15;8;36136;ALEXANDRE YANEZ;AGIR;SUPLENTE;166
16;8;36136;ALEXANDRE YANEZ;AGIR;SUPLENTE;84
17;8;36136;ALEXANDRE YANEZ;AGIR;SUPLENTE;54
18;8;36136;ALEXANDRE YANEZ;AGIR;SUPLENTE;143
19;8;36136;ALEXANDRE YANEZ;AGIR;SUPLENTE;105
20;8;36136;ALEXANDRE YANEZ;AGIR;SUPLENTE;50
21;8;36136;ALEXANDRE YANEZ;AGIR;SUPLENTE;49
1;8;36180;ELISANGELA ALMEIDA;AGIR;SUPLENTE;2
2;8;36180;ELISANGELA ALMEIDA;AGIR;SUPLENTE;1
3;8;36180;ELISANGELA ALMEIDA;AGIR;SUPLENTE;5
4;8;36180;ELISANGELA ALMEIDA;AGIR;SUPLENTE;16
5;8;36180;ELISANGELA ALMEIDA;AGIR;SUPLENTE;1
6;8;36180;ELISANGELA ALMEIDA;AGIR;SUPLENTE;4
8;8;36180;ELISANGELA ALMEIDA;AGIR;SUPLENTE;13
9;8;36180;ELISANGELA ALMEIDA;AGIR;SUPLENTE;573
10;8;36180;ELISANGELA ALMEIDA;AGIR;SUPLENTE;5
11;8;36180;ELISANGELA ALMEIDA;AGIR;SUPLENTE;4
13;8;36180;ELISANGELA ALMEIDA;AGIR;SUPLENTE;12
14;8;36180;ELISANGELA ALMEIDA;AGIR;SUPLENTE;4
15;8;36180;ELISANGELA ALMEIDA;AGIR;SUPLENTE;5
16;8;36180;ELISANGELA ALMEIDA;AGIR;SUPLENTE;23
17;8;36180;ELISANGELA ALMEIDA;AGIR;SUPLENTE;6
18;8;36180;ELISANGELA ALMEIDA;AGIR;SUPLENTE;2
19;8;36180;ELISANGELA ALMEIDA;AGIR;SUPLENTE;20
20;8;36180;ELISANGELA ALMEIDA;AGIR;SUPLENTE;5
21;8;36180;ELISANGELA ALMEIDA;AGIR;SUPLENTE;7
1;8;36193;KLESLEY PRÓ SOCIAL;AGIR;SUPLENTE;37
2;8;36193;KLESLEY PRÓ SOCIAL;AGIR;SUPLENTE;36
3;8;36193;KLESLEY PRÓ SOCIAL;AGIR;SUPLENTE;87
4;8;36193;KLESLEY PRÓ SOCIAL;AGIR;SUPLENTE;89
5;8;36193;KLESLEY PRÓ SOCIAL;AGIR;SUPLENTE;39
6;8;36193;KLESLEY PRÓ SOCIAL;AGIR;SUPLENTE;22
8;8;36193;KLESLEY PRÓ SOCIAL;AGIR;SUPLENTE;317
9;8;36193;KLESLEY PRÓ SOCIAL;AGIR;SUPLENTE;95
10;8;36193;KLESLEY PRÓ SOCIAL;AGIR;SUPLENTE;138
11;8;36193;KLESLEY PRÓ SOCIAL;AGIR;SUPLENTE;23
13;8;36193;KLESLEY PRÓ SOCIAL;AGIR;SUPLENTE;1336
14;8;36193;KLESLEY PRÓ SOCIAL;AGIR;SUPLENTE;25
15;8;36193;KLESLEY PRÓ SOCIAL;AGIR;SUPLENTE;115
16;8;36193;KLESLEY PRÓ SOCIAL;AGIR;SUPLENTE;630
17;8;36193;KLESLEY PRÓ SOCIAL;AGIR;SUPLENTE;98
18;8;36193;KLESLEY PRÓ SOCIAL;AGIR;SUPLENTE;32
19;8;36193;KLESLEY PRÓ SOCIAL;AGIR;SUPLENTE;112
20;8;36193;KLESLEY PRÓ SOCIAL;AGIR;SUPLENTE;198
21;8;36193;KLESLEY PRÓ SOCIAL;AGIR;SUPLENTE;158
1;8;36200;RENAN JUNIOR;AGIR;SUPLENTE;12
2;8;36200;RENAN JUNIOR;AGIR;SUPLENTE;6
3;8;36200;RENAN JUNIOR;AGIR;SUPLENTE;11
4;8;36200;RENAN JUNIOR;AGIR;SUPLENTE;5
5;8;36200;RENAN JUNIOR;AGIR;SUPLENTE;7
6;8;36200;RENAN JUNIOR;AGIR;SUPLENTE;3
8;8;36200;RENAN JUNIOR;AGIR;SUPLENTE;18
9;8;36200;RENAN JUNIOR;AGIR;SUPLENTE;34
10;8;36200;RENAN JUNIOR;AGIR;SUPLENTE;290
11;8;36200;RENAN JUNIOR;AGIR;SUPLENTE;8
13;8;36200;RENAN JUNIOR;AGIR;SUPLENTE;13
14;8;36200;RENAN JUNIOR;AGIR;SUPLENTE;9
15;8;36200;RENAN JUNIOR;AGIR;SUPLENTE;96
16;8;36200;RENAN JUNIOR;AGIR;SUPLENTE;7
17;8;36200;RENAN JUNIOR;AGIR;SUPLENTE;9
18;8;36200;RENAN JUNIOR;AGIR;SUPLENTE;12
19;8;36200;RENAN JUNIOR;AGIR;SUPLENTE;29
20;8;36200;RENAN JUNIOR;AGIR;SUPLENTE;14
21;8;36200;RENAN JUNIOR;AGIR;SUPLENTE;32
1;8;36222;VÂNIA GURGEL;AGIR;SUPLENTE;27
2;8;36222;VÂNIA GURGEL;AGIR;SUPLENTE;348
3;8;36222;VÂNIA GURGEL;AGIR;SUPLENTE;15
4;8;36222;VÂNIA GURGEL;AGIR;SUPLENTE;80
5;8;36222;VÂNIA GURGEL;AGIR;SUPLENTE;108
6;8;36222;VÂNIA GURGEL;AGIR;SUPLENTE;96
8;8;36222;VÂNIA GURGEL;AGIR;SUPLENTE;88
9;8;36222;VÂNIA GURGEL;AGIR;SUPLENTE;269
10;8;36222;VÂNIA GURGEL;AGIR;SUPLENTE;100
11;8;36222;VÂNIA GURGEL;AGIR;SUPLENTE;19
13;8;36222;VÂNIA GURGEL;AGIR;SUPLENTE;60
14;8;36222;VÂNIA GURGEL;AGIR;SUPLENTE;33
15;8;36222;VÂNIA GURGEL;AGIR;SUPLENTE;43
16;8;36222;VÂNIA GURGEL;AGIR;SUPLENTE;65
17;8;36222;VÂNIA GURGEL;AGIR;SUPLENTE;95
18;8;36222;VÂNIA GURGEL;AGIR;SUPLENTE;119
19;8;36222;VÂNIA GURGEL;AGIR;SUPLENTE;29
20;8;36222;VÂNIA GURGEL;AGIR;SUPLENTE;47
21;8;36222;VÂNIA GURGEL;AGIR;SUPLENTE;53
1;8;36321;JOAO PAULO;AGIR;SUPLENTE;22
2;8;36321;JOAO PAULO;AGIR;SUPLENTE;4
3;8;36321;JOAO PAULO;AGIR;SUPLENTE;156
4;8;36321;JOAO PAULO;AGIR;SUPLENTE;24
5;8;36321;JOAO PAULO;AGIR;SUPLENTE;22
6;8;36321;JOAO PAULO;AGIR;SUPLENTE;20
8;8;36321;JOAO PAULO;AGIR;SUPLENTE;738
9;8;36321;JOAO PAULO;AGIR;SUPLENTE;53
10;8;36321;JOAO PAULO;AGIR;SUPLENTE;71
11;8;36321;JOAO PAULO;AGIR;SUPLENTE;17
13;8;36321;JOAO PAULO;AGIR;SUPLENTE;244
14;8;36321;JOAO PAULO;AGIR;SUPLENTE;16
15;8;36321;JOAO PAULO;AGIR;SUPLENTE;108
16;8;36321;JOAO PAULO;AGIR;SUPLENTE;720
17;8;36321;JOAO PAULO;AGIR;SUPLENTE;57
18;8;36321;JOAO PAULO;AGIR;SUPLENTE;17
19;8;36321;JOAO PAULO;AGIR;SUPLENTE;95
20;8;36321;JOAO PAULO;AGIR;SUPLENTE;164
21;8;36321;JOAO PAULO;AGIR;SUPLENTE;190
1;8;36333;WASHINGTON LUIZ LÍDER COMUNITÁ;AGIR;SUPLENTE;1
2;8;36333;WASHINGTON LUIZ LÍDER COMUNITÁ;AGIR;SUPLENTE;8
3;8;36333;WASHINGTON LUIZ LÍDER COMUNITÁ;AGIR;SUPLENTE;6
4;8;36333;WASHINGTON LUIZ LÍDER COMUNITÁ;AGIR;SUPLENTE;9
5;8;36333;WASHINGTON LUIZ LÍDER COMUNITÁ;AGIR;SUPLENTE;3
6;8;36333;WASHINGTON LUIZ LÍDER COMUNITÁ;AGIR;SUPLENTE;2
8;8;36333;WASHINGTON LUIZ LÍDER COMUNITÁ;AGIR;SUPLENTE;14
9;8;36333;WASHINGTON LUIZ LÍDER COMUNITÁ;AGIR;SUPLENTE;12
10;8;36333;WASHINGTON LUIZ LÍDER COMUNITÁ;AGIR;SUPLENTE;16
11;8;36333;WASHINGTON LUIZ LÍDER COMUNITÁ;AGIR;SUPLENTE;4
13;8;36333;WASHINGTON LUIZ LÍDER COMUNITÁ;AGIR;SUPLENTE;1541
14;8;36333;WASHINGTON LUIZ LÍDER COMUNITÁ;AGIR;SUPLENTE;6
15;8;36333;WASHINGTON LUIZ LÍDER COMUNITÁ;AGIR;SUPLENTE;29
16;8;36333;WASHINGTON LUIZ LÍDER COMUNITÁ;AGIR;SUPLENTE;12
17;8;36333;WASHINGTON LUIZ LÍDER COMUNITÁ;AGIR;SUPLENTE;8
18;8;36333;WASHINGTON LUIZ LÍDER COMUNITÁ;AGIR;SUPLENTE;7
19;8;36333;WASHINGTON LUIZ LÍDER COMUNITÁ;AGIR;SUPLENTE;14
20;8;36333;WASHINGTON LUIZ LÍDER COMUNITÁ;AGIR;SUPLENTE;7
21;8;36333;WASHINGTON LUIZ LÍDER COMUNITÁ;AGIR;SUPLENTE;28
1;8;36360;CRIS SANTOS;AGIR;SUPLENTE;5
2;8;36360;CRIS SANTOS;AGIR;SUPLENTE;4
3;8;36360;CRIS SANTOS;AGIR;SUPLENTE;25
4;8;36360;CRIS SANTOS;AGIR;SUPLENTE;5
5;8;36360;CRIS SANTOS;AGIR;SUPLENTE;0
6;8;36360;CRIS SANTOS;AGIR;SUPLENTE;2
8;8;36360;CRIS SANTOS;AGIR;SUPLENTE;143
9;8;36360;CRIS SANTOS;AGIR;SUPLENTE;13
10;8;36360;CRIS SANTOS;AGIR;SUPLENTE;5
11;8;36360;CRIS SANTOS;AGIR;SUPLENTE;0
13;8;36360;CRIS SANTOS;AGIR;SUPLENTE;34
14;8;36360;CRIS SANTOS;AGIR;SUPLENTE;2
15;8;36360;CRIS SANTOS;AGIR;SUPLENTE;20
16;8;36360;CRIS SANTOS;AGIR;SUPLENTE;26
17;8;36360;CRIS SANTOS;AGIR;SUPLENTE;5
18;8;36360;CRIS SANTOS;AGIR;SUPLENTE;2
19;8;36360;CRIS SANTOS;AGIR;SUPLENTE;30
20;8;36360;CRIS SANTOS;AGIR;SUPLENTE;124
21;8;36360;CRIS SANTOS;AGIR;SUPLENTE;7
1;8;36379;RAVAN LEÃO;AGIR;SUPLENTE;47
2;8;36379;RAVAN LEÃO;AGIR;SUPLENTE;28
3;8;36379;RAVAN LEÃO;AGIR;SUPLENTE;222
4;8;36379;RAVAN LEÃO;AGIR;SUPLENTE;71
5;8;36379;RAVAN LEÃO;AGIR;SUPLENTE;93
6;8;36379;RAVAN LEÃO;AGIR;SUPLENTE;72
8;8;36379;RAVAN LEÃO;AGIR;SUPLENTE;1377
9;8;36379;RAVAN LEÃO;AGIR;SUPLENTE;203
10;8;36379;RAVAN LEÃO;AGIR;SUPLENTE;130
11;8;36379;RAVAN LEÃO;AGIR;SUPLENTE;71
13;8;36379;RAVAN LEÃO;AGIR;SUPLENTE;183
14;8;36379;RAVAN LEÃO;AGIR;SUPLENTE;89
15;8;36379;RAVAN LEÃO;AGIR;SUPLENTE;279
16;8;36379;RAVAN LEÃO;AGIR;SUPLENTE;593
17;8;36379;RAVAN LEÃO;AGIR;SUPLENTE;113
18;8;36379;RAVAN LEÃO;AGIR;SUPLENTE;91
19;8;36379;RAVAN LEÃO;AGIR;SUPLENTE;254
20;8;36379;RAVAN LEÃO;AGIR;SUPLENTE;198
21;8;36379;RAVAN LEÃO;AGIR;SUPLENTE;140
1;8;36444;ARAÚJO;AGIR;SUPLENTE;14
2;8;36444;ARAÚJO;AGIR;SUPLENTE;12
3;8;36444;ARAÚJO;AGIR;SUPLENTE;36
4;8;36444;ARAÚJO;AGIR;SUPLENTE;24
5;8;36444;ARAÚJO;AGIR;SUPLENTE;19
6;8;36444;ARAÚJO;AGIR;SUPLENTE;17
8;8;36444;ARAÚJO;AGIR;SUPLENTE;89
9;8;36444;ARAÚJO;AGIR;SUPLENTE;45
10;8;36444;ARAÚJO;AGIR;SUPLENTE;73
11;8;36444;ARAÚJO;AGIR;SUPLENTE;24
13;8;36444;ARAÚJO;AGIR;SUPLENTE;51
14;8;36444;ARAÚJO;AGIR;SUPLENTE;13
15;8;36444;ARAÚJO;AGIR;SUPLENTE;65
16;8;36444;ARAÚJO;AGIR;SUPLENTE;159
17;8;36444;ARAÚJO;AGIR;SUPLENTE;23
18;8;36444;ARAÚJO;AGIR;SUPLENTE;12
19;8;36444;ARAÚJO;AGIR;SUPLENTE;93
20;8;36444;ARAÚJO;AGIR;SUPLENTE;60
21;8;36444;ARAÚJO;AGIR;SUPLENTE;36
1;8;36456;PROF GUEDES;AGIR;SUPLENTE;13
2;8;36456;PROF GUEDES;AGIR;SUPLENTE;6
3;8;36456;PROF GUEDES;AGIR;SUPLENTE;10
4;8;36456;PROF GUEDES;AGIR;SUPLENTE;132
5;8;36456;PROF GUEDES;AGIR;SUPLENTE;15
6;8;36456;PROF GUEDES;AGIR;SUPLENTE;43
8;8;36456;PROF GUEDES;AGIR;SUPLENTE;24
9;8;36456;PROF GUEDES;AGIR;SUPLENTE;12
10;8;36456;PROF GUEDES;AGIR;SUPLENTE;31
11;8;36456;PROF GUEDES;AGIR;SUPLENTE;11
13;8;36456;PROF GUEDES;AGIR;SUPLENTE;31
14;8;36456;PROF GUEDES;AGIR;SUPLENTE;30
15;8;36456;PROF GUEDES;AGIR;SUPLENTE;26
16;8;36456;PROF GUEDES;AGIR;SUPLENTE;33
17;8;36456;PROF GUEDES;AGIR;SUPLENTE;193
18;8;36456;PROF GUEDES;AGIR;SUPLENTE;19
19;8;36456;PROF GUEDES;AGIR;SUPLENTE;16
20;8;36456;PROF GUEDES;AGIR;SUPLENTE;4
21;8;36456;PROF GUEDES;AGIR;SUPLENTE;24
1;8;36555;DOUTORA JANE;AGIR;ELEITO POR MÉDIA;184
2;8;36555;DOUTORA JANE;AGIR;ELEITO POR MÉDIA;10391
3;8;36555;DOUTORA JANE;AGIR;ELEITO POR MÉDIA;163
4;8;36555;DOUTORA JANE;AGIR;ELEITO POR MÉDIA;177
5;8;36555;DOUTORA JANE;AGIR;ELEITO POR MÉDIA;3005
6;8;36555;DOUTORA JANE;AGIR;ELEITO POR MÉDIA;748
8;8;36555;DOUTORA JANE;AGIR;ELEITO POR MÉDIA;464
9;8;36555;DOUTORA JANE;AGIR;ELEITO POR MÉDIA;707
10;8;36555;DOUTORA JANE;AGIR;ELEITO POR MÉDIA;339
11;8;36555;DOUTORA JANE;AGIR;ELEITO POR MÉDIA;194
13;8;36555;DOUTORA JANE;AGIR;ELEITO POR MÉDIA;337
14;8;36555;DOUTORA JANE;AGIR;ELEITO POR MÉDIA;350
15;8;36555;DOUTORA JANE;AGIR;ELEITO POR MÉDIA;342
16;8;36555;DOUTORA JANE;AGIR;ELEITO POR MÉDIA;293
17;8;36555;DOUTORA JANE;AGIR;ELEITO POR MÉDIA;189
18;8;36555;DOUTORA JANE;AGIR;ELEITO POR MÉDIA;419
19;8;36555;DOUTORA JANE;AGIR;ELEITO POR MÉDIA;254
20;8;36555;DOUTORA JANE;AGIR;ELEITO POR MÉDIA;223
21;8;36555;DOUTORA JANE;AGIR;ELEITO POR MÉDIA;227
1;8;36591;CÉSAR RAMOS;AGIR;SUPLENTE;16
2;8;36591;CÉSAR RAMOS;AGIR;SUPLENTE;17
3;8;36591;CÉSAR RAMOS;AGIR;SUPLENTE;33
4;8;36591;CÉSAR RAMOS;AGIR;SUPLENTE;2
5;8;36591;CÉSAR RAMOS;AGIR;SUPLENTE;1368
6;8;36591;CÉSAR RAMOS;AGIR;SUPLENTE;59
8;8;36591;CÉSAR RAMOS;AGIR;SUPLENTE;17
9;8;36591;CÉSAR RAMOS;AGIR;SUPLENTE;21
10;8;36591;CÉSAR RAMOS;AGIR;SUPLENTE;17
11;8;36591;CÉSAR RAMOS;AGIR;SUPLENTE;21
13;8;36591;CÉSAR RAMOS;AGIR;SUPLENTE;11
14;8;36591;CÉSAR RAMOS;AGIR;SUPLENTE;23
15;8;36591;CÉSAR RAMOS;AGIR;SUPLENTE;19
16;8;36591;CÉSAR RAMOS;AGIR;SUPLENTE;10
17;8;36591;CÉSAR RAMOS;AGIR;SUPLENTE;10
18;8;36591;CÉSAR RAMOS;AGIR;SUPLENTE;9
19;8;36591;CÉSAR RAMOS;AGIR;SUPLENTE;27
20;8;36591;CÉSAR RAMOS;AGIR;SUPLENTE;6
21;8;36591;CÉSAR RAMOS;AGIR;SUPLENTE;14
1;8;36777;DEDÉ RORIZ;AGIR;SUPLENTE;70
2;8;36777;DEDÉ RORIZ;AGIR;SUPLENTE;51
3;8;36777;DEDÉ RORIZ;AGIR;SUPLENTE;14
4;8;36777;DEDÉ RORIZ;AGIR;SUPLENTE;22
5;8;36777;DEDÉ RORIZ;AGIR;SUPLENTE;25
6;8;36777;DEDÉ RORIZ;AGIR;SUPLENTE;20
8;8;36777;DEDÉ RORIZ;AGIR;SUPLENTE;46
9;8;36777;DEDÉ RORIZ;AGIR;SUPLENTE;53
10;8;36777;DEDÉ RORIZ;AGIR;SUPLENTE;50
11;8;36777;DEDÉ RORIZ;AGIR;SUPLENTE;47
13;8;36777;DEDÉ RORIZ;AGIR;SUPLENTE;65
14;8;36777;DEDÉ RORIZ;AGIR;SUPLENTE;42
15;8;36777;DEDÉ RORIZ;AGIR;SUPLENTE;64
16;8;36777;DEDÉ RORIZ;AGIR;SUPLENTE;33
17;8;36777;DEDÉ RORIZ;AGIR;SUPLENTE;35
18;8;36777;DEDÉ RORIZ;AGIR;SUPLENTE;125
19;8;36777;DEDÉ RORIZ;AGIR;SUPLENTE;42
20;8;36777;DEDÉ RORIZ;AGIR;SUPLENTE;20
21;8;36777;DEDÉ RORIZ;AGIR;SUPLENTE;61
1;8;36800;OSÉIAS RIBEIRO;AGIR;SUPLENTE;35
2;8;36800;OSÉIAS RIBEIRO;AGIR;SUPLENTE;109
3;8;36800;OSÉIAS RIBEIRO;AGIR;SUPLENTE;233
4;8;36800;OSÉIAS RIBEIRO;AGIR;SUPLENTE;135
5;8;36800;OSÉIAS RIBEIRO;AGIR;SUPLENTE;1214
6;8;36800;OSÉIAS RIBEIRO;AGIR;SUPLENTE;155
8;8;36800;OSÉIAS RIBEIRO;AGIR;SUPLENTE;741
9;8;36800;OSÉIAS RIBEIRO;AGIR;SUPLENTE;176
10;8;36800;OSÉIAS RIBEIRO;AGIR;SUPLENTE;239
11;8;36800;OSÉIAS RIBEIRO;AGIR;SUPLENTE;50
13;8;36800;OSÉIAS RIBEIRO;AGIR;SUPLENTE;572
14;8;36800;OSÉIAS RIBEIRO;AGIR;SUPLENTE;79
15;8;36800;OSÉIAS RIBEIRO;AGIR;SUPLENTE;233
16;8;36800;OSÉIAS RIBEIRO;AGIR;SUPLENTE;890
17;8;36800;OSÉIAS RIBEIRO;AGIR;SUPLENTE;216
18;8;36800;OSÉIAS RIBEIRO;AGIR;SUPLENTE;79
19;8;36800;OSÉIAS RIBEIRO;AGIR;SUPLENTE;323
20;8;36800;OSÉIAS RIBEIRO;AGIR;SUPLENTE;434
21;8;36800;OSÉIAS RIBEIRO;AGIR;SUPLENTE;729
1;8;36888;DRA SULA;AGIR;SUPLENTE;4
2;8;36888;DRA SULA;AGIR;SUPLENTE;17
3;8;36888;DRA SULA;AGIR;SUPLENTE;2
4;8;36888;DRA SULA;AGIR;SUPLENTE;4
5;8;36888;DRA SULA;AGIR;SUPLENTE;317
6;8;36888;DRA SULA;AGIR;SUPLENTE;343
8;8;36888;DRA SULA;AGIR;SUPLENTE;22
9;8;36888;DRA SULA;AGIR;SUPLENTE;23
10;8;36888;DRA SULA;AGIR;SUPLENTE;39
11;8;36888;DRA SULA;AGIR;SUPLENTE;13
13;8;36888;DRA SULA;AGIR;SUPLENTE;12
14;8;36888;DRA SULA;AGIR;SUPLENTE;5
15;8;36888;DRA SULA;AGIR;SUPLENTE;17
16;8;36888;DRA SULA;AGIR;SUPLENTE;16
17;8;36888;DRA SULA;AGIR;SUPLENTE;8
18;8;36888;DRA SULA;AGIR;SUPLENTE;25
19;8;36888;DRA SULA;AGIR;SUPLENTE;24
20;8;36888;DRA SULA;AGIR;SUPLENTE;8
21;8;36888;DRA SULA;AGIR;SUPLENTE;13
1;8;36900;JAQUELINE SILVA;AGIR;ELEITO POR QP;238
2;8;36900;JAQUELINE SILVA;AGIR;ELEITO POR QP;311
3;8;36900;JAQUELINE SILVA;AGIR;ELEITO POR QP;375
4;8;36900;JAQUELINE SILVA;AGIR;ELEITO POR QP;11686
5;8;36900;JAQUELINE SILVA;AGIR;ELEITO POR QP;371
6;8;36900;JAQUELINE SILVA;AGIR;ELEITO POR QP;310
8;8;36900;JAQUELINE SILVA;AGIR;ELEITO POR QP;636
9;8;36900;JAQUELINE SILVA;AGIR;ELEITO POR QP;616
10;8;36900;JAQUELINE SILVA;AGIR;ELEITO POR QP;866
11;8;36900;JAQUELINE SILVA;AGIR;ELEITO POR QP;316
13;8;36900;JAQUELINE SILVA;AGIR;ELEITO POR QP;1006
14;8;36900;JAQUELINE SILVA;AGIR;ELEITO POR QP;266
15;8;36900;JAQUELINE SILVA;AGIR;ELEITO POR QP;775
16;8;36900;JAQUELINE SILVA;AGIR;ELEITO POR QP;597
17;8;36900;JAQUELINE SILVA;AGIR;ELEITO POR QP;5409
18;8;36900;JAQUELINE SILVA;AGIR;ELEITO POR QP;497
19;8;36900;JAQUELINE SILVA;AGIR;ELEITO POR QP;635
20;8;36900;JAQUELINE SILVA;AGIR;ELEITO POR QP;380
21;8;36900;JAQUELINE SILVA;AGIR;ELEITO POR QP;1162
1;8;36999;JULIO CESAR DELEGADO;AGIR;SUPLENTE;19
2;8;36999;JULIO CESAR DELEGADO;AGIR;SUPLENTE;19
3;8;36999;JULIO CESAR DELEGADO;AGIR;SUPLENTE;62
4;8;36999;JULIO CESAR DELEGADO;AGIR;SUPLENTE;53
5;8;36999;JULIO CESAR DELEGADO;AGIR;SUPLENTE;24
6;8;36999;JULIO CESAR DELEGADO;AGIR;SUPLENTE;37
8;8;36999;JULIO CESAR DELEGADO;AGIR;SUPLENTE;172
9;8;36999;JULIO CESAR DELEGADO;AGIR;SUPLENTE;43
10;8;36999;JULIO CESAR DELEGADO;AGIR;SUPLENTE;57
11;8;36999;JULIO CESAR DELEGADO;AGIR;SUPLENTE;24
13;8;36999;JULIO CESAR DELEGADO;AGIR;SUPLENTE;69
14;8;36999;JULIO CESAR DELEGADO;AGIR;SUPLENTE;16
15;8;36999;JULIO CESAR DELEGADO;AGIR;SUPLENTE;82
16;8;36999;JULIO CESAR DELEGADO;AGIR;SUPLENTE;105
17;8;36999;JULIO CESAR DELEGADO;AGIR;SUPLENTE;25
18;8;36999;JULIO CESAR DELEGADO;AGIR;SUPLENTE;20
19;8;36999;JULIO CESAR DELEGADO;AGIR;SUPLENTE;49
20;8;36999;JULIO CESAR DELEGADO;AGIR;SUPLENTE;80
21;8;36999;JULIO CESAR DELEGADO;AGIR;SUPLENTE;24
1;8;40001;PROF MANOEL EVERTON;PSB;SUPLENTE;14
2;8;40001;PROF MANOEL EVERTON;PSB;SUPLENTE;19
3;8;40001;PROF MANOEL EVERTON;PSB;SUPLENTE;2
4;8;40001;PROF MANOEL EVERTON;PSB;SUPLENTE;10
5;8;40001;PROF MANOEL EVERTON;PSB;SUPLENTE;8
6;8;40001;PROF MANOEL EVERTON;PSB;SUPLENTE;4
8;8;40001;PROF MANOEL EVERTON;PSB;SUPLENTE;9
9;8;40001;PROF MANOEL EVERTON;PSB;SUPLENTE;22
10;8;40001;PROF MANOEL EVERTON;PSB;SUPLENTE;17
11;8;40001;PROF MANOEL EVERTON;PSB;SUPLENTE;12
13;8;40001;PROF MANOEL EVERTON;PSB;SUPLENTE;6
14;8;40001;PROF MANOEL EVERTON;PSB;SUPLENTE;21
15;8;40001;PROF MANOEL EVERTON;PSB;SUPLENTE;26
16;8;40001;PROF MANOEL EVERTON;PSB;SUPLENTE;4
17;8;40001;PROF MANOEL EVERTON;PSB;SUPLENTE;14
18;8;40001;PROF MANOEL EVERTON;PSB;SUPLENTE;375
19;8;40001;PROF MANOEL EVERTON;PSB;SUPLENTE;14
20;8;40001;PROF MANOEL EVERTON;PSB;SUPLENTE;11
21;8;40001;PROF MANOEL EVERTON;PSB;SUPLENTE;8
1;8;40004;ERIC SEBA;PSB;SUPLENTE;50
2;8;40004;ERIC SEBA;PSB;SUPLENTE;15
3;8;40004;ERIC SEBA;PSB;SUPLENTE;5
4;8;40004;ERIC SEBA;PSB;SUPLENTE;8
5;8;40004;ERIC SEBA;PSB;SUPLENTE;18
6;8;40004;ERIC SEBA;PSB;SUPLENTE;8
8;8;40004;ERIC SEBA;PSB;SUPLENTE;2
9;8;40004;ERIC SEBA;PSB;SUPLENTE;28
10;8;40004;ERIC SEBA;PSB;SUPLENTE;22
11;8;40004;ERIC SEBA;PSB;SUPLENTE;23
13;8;40004;ERIC SEBA;PSB;SUPLENTE;16
14;8;40004;ERIC SEBA;PSB;SUPLENTE;18
15;8;40004;ERIC SEBA;PSB;SUPLENTE;36
16;8;40004;ERIC SEBA;PSB;SUPLENTE;5
17;8;40004;ERIC SEBA;PSB;SUPLENTE;7
18;8;40004;ERIC SEBA;PSB;SUPLENTE;34
19;8;40004;ERIC SEBA;PSB;SUPLENTE;21
20;8;40004;ERIC SEBA;PSB;SUPLENTE;5
21;8;40004;ERIC SEBA;PSB;SUPLENTE;4
1;8;40007;DARLEY AZULIM;PSB;SUPLENTE;5
2;8;40007;DARLEY AZULIM;PSB;SUPLENTE;45
3;8;40007;DARLEY AZULIM;PSB;SUPLENTE;4
4;8;40007;DARLEY AZULIM;PSB;SUPLENTE;17
5;8;40007;DARLEY AZULIM;PSB;SUPLENTE;734
6;8;40007;DARLEY AZULIM;PSB;SUPLENTE;37
8;8;40007;DARLEY AZULIM;PSB;SUPLENTE;10
9;8;40007;DARLEY AZULIM;PSB;SUPLENTE;15
10;8;40007;DARLEY AZULIM;PSB;SUPLENTE;6
11;8;40007;DARLEY AZULIM;PSB;SUPLENTE;7
13;8;40007;DARLEY AZULIM;PSB;SUPLENTE;9
14;8;40007;DARLEY AZULIM;PSB;SUPLENTE;16
15;8;40007;DARLEY AZULIM;PSB;SUPLENTE;17
16;8;40007;DARLEY AZULIM;PSB;SUPLENTE;9
17;8;40007;DARLEY AZULIM;PSB;SUPLENTE;2
18;8;40007;DARLEY AZULIM;PSB;SUPLENTE;9
19;8;40007;DARLEY AZULIM;PSB;SUPLENTE;8
20;8;40007;DARLEY AZULIM;PSB;SUPLENTE;3
21;8;40007;DARLEY AZULIM;PSB;SUPLENTE;10
1;8;40013;PROFESSORA JANA ALMEIDA;PSB;SUPLENTE;44
2;8;40013;PROFESSORA JANA ALMEIDA;PSB;SUPLENTE;27
3;8;40013;PROFESSORA JANA ALMEIDA;PSB;SUPLENTE;17
4;8;40013;PROFESSORA JANA ALMEIDA;PSB;SUPLENTE;11
5;8;40013;PROFESSORA JANA ALMEIDA;PSB;SUPLENTE;30
6;8;40013;PROFESSORA JANA ALMEIDA;PSB;SUPLENTE;14
8;8;40013;PROFESSORA JANA ALMEIDA;PSB;SUPLENTE;32
9;8;40013;PROFESSORA JANA ALMEIDA;PSB;SUPLENTE;503
10;8;40013;PROFESSORA JANA ALMEIDA;PSB;SUPLENTE;36
11;8;40013;PROFESSORA JANA ALMEIDA;PSB;SUPLENTE;38
13;8;40013;PROFESSORA JANA ALMEIDA;PSB;SUPLENTE;29
14;8;40013;PROFESSORA JANA ALMEIDA;PSB;SUPLENTE;57
15;8;40013;PROFESSORA JANA ALMEIDA;PSB;SUPLENTE;135
16;8;40013;PROFESSORA JANA ALMEIDA;PSB;SUPLENTE;41
17;8;40013;PROFESSORA JANA ALMEIDA;PSB;SUPLENTE;15
18;8;40013;PROFESSORA JANA ALMEIDA;PSB;SUPLENTE;31
19;8;40013;PROFESSORA JANA ALMEIDA;PSB;SUPLENTE;64
20;8;40013;PROFESSORA JANA ALMEIDA;PSB;SUPLENTE;18
21;8;40013;PROFESSORA JANA ALMEIDA;PSB;SUPLENTE;14
1;8;40015;PROFESSORA ANA ÉLEN;PSB;SUPLENTE;16
2;8;40015;PROFESSORA ANA ÉLEN;PSB;SUPLENTE;15
3;8;40015;PROFESSORA ANA ÉLEN;PSB;SUPLENTE;22
4;8;40015;PROFESSORA ANA ÉLEN;PSB;SUPLENTE;143
5;8;40015;PROFESSORA ANA ÉLEN;PSB;SUPLENTE;4
6;8;40015;PROFESSORA ANA ÉLEN;PSB;SUPLENTE;9
8;8;40015;PROFESSORA ANA ÉLEN;PSB;SUPLENTE;111
9;8;40015;PROFESSORA ANA ÉLEN;PSB;SUPLENTE;34
10;8;40015;PROFESSORA ANA ÉLEN;PSB;SUPLENTE;50
11;8;40015;PROFESSORA ANA ÉLEN;PSB;SUPLENTE;6
13;8;40015;PROFESSORA ANA ÉLEN;PSB;SUPLENTE;61
14;8;40015;PROFESSORA ANA ÉLEN;PSB;SUPLENTE;8
15;8;40015;PROFESSORA ANA ÉLEN;PSB;SUPLENTE;49
16;8;40015;PROFESSORA ANA ÉLEN;PSB;SUPLENTE;37
17;8;40015;PROFESSORA ANA ÉLEN;PSB;SUPLENTE;835
18;8;40015;PROFESSORA ANA ÉLEN;PSB;SUPLENTE;18
19;8;40015;PROFESSORA ANA ÉLEN;PSB;SUPLENTE;19
20;8;40015;PROFESSORA ANA ÉLEN;PSB;SUPLENTE;61
21;8;40015;PROFESSORA ANA ÉLEN;PSB;SUPLENTE;27
1;8;40022;LUCAS LUZ;PSB;SUPLENTE;18
2;8;40022;LUCAS LUZ;PSB;SUPLENTE;9
3;8;40022;LUCAS LUZ;PSB;SUPLENTE;20
4;8;40022;LUCAS LUZ;PSB;SUPLENTE;19
5;8;40022;LUCAS LUZ;PSB;SUPLENTE;7
6;8;40022;LUCAS LUZ;PSB;SUPLENTE;6
8;8;40022;LUCAS LUZ;PSB;SUPLENTE;167
9;8;40022;LUCAS LUZ;PSB;SUPLENTE;19
10;8;40022;LUCAS LUZ;PSB;SUPLENTE;18
11;8;40022;LUCAS LUZ;PSB;SUPLENTE;9
13;8;40022;LUCAS LUZ;PSB;SUPLENTE;33
14;8;40022;LUCAS LUZ;PSB;SUPLENTE;13
15;8;40022;LUCAS LUZ;PSB;SUPLENTE;41
16;8;40022;LUCAS LUZ;PSB;SUPLENTE;82
17;8;40022;LUCAS LUZ;PSB;SUPLENTE;12
18;8;40022;LUCAS LUZ;PSB;SUPLENTE;5
19;8;40022;LUCAS LUZ;PSB;SUPLENTE;12
20;8;40022;LUCAS LUZ;PSB;SUPLENTE;30
21;8;40022;LUCAS LUZ;PSB;SUPLENTE;15
1;8;40033;GLAYCE HELENA;PSB;SUPLENTE;11
2;8;40033;GLAYCE HELENA;PSB;SUPLENTE;12
3;8;40033;GLAYCE HELENA;PSB;SUPLENTE;15
4;8;40033;GLAYCE HELENA;PSB;SUPLENTE;8
5;8;40033;GLAYCE HELENA;PSB;SUPLENTE;13
6;8;40033;GLAYCE HELENA;PSB;SUPLENTE;5
8;8;40033;GLAYCE HELENA;PSB;SUPLENTE;54
9;8;40033;GLAYCE HELENA;PSB;SUPLENTE;143
10;8;40033;GLAYCE HELENA;PSB;SUPLENTE;14
11;8;40033;GLAYCE HELENA;PSB;SUPLENTE;12
13;8;40033;GLAYCE HELENA;PSB;SUPLENTE;80
14;8;40033;GLAYCE HELENA;PSB;SUPLENTE;14
15;8;40033;GLAYCE HELENA;PSB;SUPLENTE;48
16;8;40033;GLAYCE HELENA;PSB;SUPLENTE;18
17;8;40033;GLAYCE HELENA;PSB;SUPLENTE;8
18;8;40033;GLAYCE HELENA;PSB;SUPLENTE;20
19;8;40033;GLAYCE HELENA;PSB;SUPLENTE;27
20;8;40033;GLAYCE HELENA;PSB;SUPLENTE;20
21;8;40033;GLAYCE HELENA;PSB;SUPLENTE;21
1;8;40040;THAYNARA;PSB;SUPLENTE;865
2;8;40040;THAYNARA;PSB;SUPLENTE;343
3;8;40040;THAYNARA;PSB;SUPLENTE;92
4;8;40040;THAYNARA;PSB;SUPLENTE;84
5;8;40040;THAYNARA;PSB;SUPLENTE;395
6;8;40040;THAYNARA;PSB;SUPLENTE;129
8;8;40040;THAYNARA;PSB;SUPLENTE;104
9;8;40040;THAYNARA;PSB;SUPLENTE;524
10;8;40040;THAYNARA;PSB;SUPLENTE;372
11;8;40040;THAYNARA;PSB;SUPLENTE;586
13;8;40040;THAYNARA;PSB;SUPLENTE;183
14;8;40040;THAYNARA;PSB;SUPLENTE;1071
15;8;40040;THAYNARA;PSB;SUPLENTE;639
16;8;40040;THAYNARA;PSB;SUPLENTE;124
17;8;40040;THAYNARA;PSB;SUPLENTE;185
18;8;40040;THAYNARA;PSB;SUPLENTE;646
19;8;40040;THAYNARA;PSB;SUPLENTE;242
20;8;40040;THAYNARA;PSB;SUPLENTE;55
21;8;40040;THAYNARA;PSB;SUPLENTE;78
1;8;40061;MUCIO;PSB;SUPLENTE;1002
2;8;40061;MUCIO;PSB;SUPLENTE;572
3;8;40061;MUCIO;PSB;SUPLENTE;217
4;8;40061;MUCIO;PSB;SUPLENTE;125
5;8;40061;MUCIO;PSB;SUPLENTE;516
6;8;40061;MUCIO;PSB;SUPLENTE;170
8;8;40061;MUCIO;PSB;SUPLENTE;236
9;8;40061;MUCIO;PSB;SUPLENTE;821
10;8;40061;MUCIO;PSB;SUPLENTE;589
11;8;40061;MUCIO;PSB;SUPLENTE;788
13;8;40061;MUCIO;PSB;SUPLENTE;306
14;8;40061;MUCIO;PSB;SUPLENTE;1348
15;8;40061;MUCIO;PSB;SUPLENTE;1046
16;8;40061;MUCIO;PSB;SUPLENTE;251
17;8;40061;MUCIO;PSB;SUPLENTE;248
18;8;40061;MUCIO;PSB;SUPLENTE;860
19;8;40061;MUCIO;PSB;SUPLENTE;470
20;8;40061;MUCIO;PSB;SUPLENTE;186
21;8;40061;MUCIO;PSB;SUPLENTE;205
1;8;40100;SANTOS DO POVO;PSB;SUPLENTE;7
2;8;40100;SANTOS DO POVO;PSB;SUPLENTE;16
3;8;40100;SANTOS DO POVO;PSB;SUPLENTE;28
4;8;40100;SANTOS DO POVO;PSB;SUPLENTE;13
5;8;40100;SANTOS DO POVO;PSB;SUPLENTE;11
6;8;40100;SANTOS DO POVO;PSB;SUPLENTE;11
8;8;40100;SANTOS DO POVO;PSB;SUPLENTE;73
9;8;40100;SANTOS DO POVO;PSB;SUPLENTE;19
10;8;40100;SANTOS DO POVO;PSB;SUPLENTE;16
11;8;40100;SANTOS DO POVO;PSB;SUPLENTE;6
13;8;40100;SANTOS DO POVO;PSB;SUPLENTE;34
14;8;40100;SANTOS DO POVO;PSB;SUPLENTE;24
15;8;40100;SANTOS DO POVO;PSB;SUPLENTE;20
16;8;40100;SANTOS DO POVO;PSB;SUPLENTE;116
17;8;40100;SANTOS DO POVO;PSB;SUPLENTE;5
18;8;40100;SANTOS DO POVO;PSB;SUPLENTE;23
19;8;40100;SANTOS DO POVO;PSB;SUPLENTE;17
20;8;40100;SANTOS DO POVO;PSB;SUPLENTE;28
21;8;40100;SANTOS DO POVO;PSB;SUPLENTE;19
1;8;40105;PROFESSOR FRANCELINO;PSB;SUPLENTE;252
2;8;40105;PROFESSOR FRANCELINO;PSB;SUPLENTE;260
3;8;40105;PROFESSOR FRANCELINO;PSB;SUPLENTE;453
4;8;40105;PROFESSOR FRANCELINO;PSB;SUPLENTE;255
5;8;40105;PROFESSOR FRANCELINO;PSB;SUPLENTE;483
6;8;40105;PROFESSOR FRANCELINO;PSB;SUPLENTE;418
8;8;40105;PROFESSOR FRANCELINO;PSB;SUPLENTE;651
9;8;40105;PROFESSOR FRANCELINO;PSB;SUPLENTE;746
10;8;40105;PROFESSOR FRANCELINO;PSB;SUPLENTE;518
11;8;40105;PROFESSOR FRANCELINO;PSB;SUPLENTE;369
13;8;40105;PROFESSOR FRANCELINO;PSB;SUPLENTE;699
14;8;40105;PROFESSOR FRANCELINO;PSB;SUPLENTE;391
15;8;40105;PROFESSOR FRANCELINO;PSB;SUPLENTE;1056
16;8;40105;PROFESSOR FRANCELINO;PSB;SUPLENTE;561
17;8;40105;PROFESSOR FRANCELINO;PSB;SUPLENTE;480
18;8;40105;PROFESSOR FRANCELINO;PSB;SUPLENTE;238
19;8;40105;PROFESSOR FRANCELINO;PSB;SUPLENTE;702
20;8;40105;PROFESSOR FRANCELINO;PSB;SUPLENTE;683
21;8;40105;PROFESSOR FRANCELINO;PSB;SUPLENTE;428
1;8;40107;DRA JÔ;PSB;SUPLENTE;67
2;8;40107;DRA JÔ;PSB;SUPLENTE;55
3;8;40107;DRA JÔ;PSB;SUPLENTE;39
4;8;40107;DRA JÔ;PSB;SUPLENTE;30
5;8;40107;DRA JÔ;PSB;SUPLENTE;53
6;8;40107;DRA JÔ;PSB;SUPLENTE;57
8;8;40107;DRA JÔ;PSB;SUPLENTE;41
9;8;40107;DRA JÔ;PSB;SUPLENTE;253
10;8;40107;DRA JÔ;PSB;SUPLENTE;74
11;8;40107;DRA JÔ;PSB;SUPLENTE;54
13;8;40107;DRA JÔ;PSB;SUPLENTE;55
14;8;40107;DRA JÔ;PSB;SUPLENTE;90
15;8;40107;DRA JÔ;PSB;SUPLENTE;105
16;8;40107;DRA JÔ;PSB;SUPLENTE;37
17;8;40107;DRA JÔ;PSB;SUPLENTE;42
18;8;40107;DRA JÔ;PSB;SUPLENTE;74
19;8;40107;DRA JÔ;PSB;SUPLENTE;63
20;8;40107;DRA JÔ;PSB;SUPLENTE;25
21;8;40107;DRA JÔ;PSB;SUPLENTE;49
1;8;40115;SUZELE VELOSO;PSB;SUPLENTE;204
2;8;40115;SUZELE VELOSO;PSB;SUPLENTE;285
3;8;40115;SUZELE VELOSO;PSB;SUPLENTE;511
4;8;40115;SUZELE VELOSO;PSB;SUPLENTE;397
5;8;40115;SUZELE VELOSO;PSB;SUPLENTE;519
6;8;40115;SUZELE VELOSO;PSB;SUPLENTE;667
8;8;40115;SUZELE VELOSO;PSB;SUPLENTE;833
9;8;40115;SUZELE VELOSO;PSB;SUPLENTE;567
10;8;40115;SUZELE VELOSO;PSB;SUPLENTE;635
11;8;40115;SUZELE VELOSO;PSB;SUPLENTE;253
13;8;40115;SUZELE VELOSO;PSB;SUPLENTE;788
14;8;40115;SUZELE VELOSO;PSB;SUPLENTE;272
15;8;40115;SUZELE VELOSO;PSB;SUPLENTE;763
16;8;40115;SUZELE VELOSO;PSB;SUPLENTE;904
17;8;40115;SUZELE VELOSO;PSB;SUPLENTE;659
18;8;40115;SUZELE VELOSO;PSB;SUPLENTE;342
19;8;40115;SUZELE VELOSO;PSB;SUPLENTE;623
20;8;40115;SUZELE VELOSO;PSB;SUPLENTE;477
21;8;40115;SUZELE VELOSO;PSB;SUPLENTE;607
1;8;40123;MARLON COSTA;PSB;SUPLENTE;29
2;8;40123;MARLON COSTA;PSB;SUPLENTE;35
3;8;40123;MARLON COSTA;PSB;SUPLENTE;681
4;8;40123;MARLON COSTA;PSB;SUPLENTE;12
5;8;40123;MARLON COSTA;PSB;SUPLENTE;28
6;8;40123;MARLON COSTA;PSB;SUPLENTE;21
8;8;40123;MARLON COSTA;PSB;SUPLENTE;121
9;8;40123;MARLON COSTA;PSB;SUPLENTE;48
10;8;40123;MARLON COSTA;PSB;SUPLENTE;78
11;8;40123;MARLON COSTA;PSB;SUPLENTE;23
13;8;40123;MARLON COSTA;PSB;SUPLENTE;109
14;8;40123;MARLON COSTA;PSB;SUPLENTE;25
15;8;40123;MARLON COSTA;PSB;SUPLENTE;118
16;8;40123;MARLON COSTA;PSB;SUPLENTE;109
17;8;40123;MARLON COSTA;PSB;SUPLENTE;34
18;8;40123;MARLON COSTA;PSB;SUPLENTE;35
19;8;40123;MARLON COSTA;PSB;SUPLENTE;169
20;8;40123;MARLON COSTA;PSB;SUPLENTE;97
21;8;40123;MARLON COSTA;PSB;SUPLENTE;62
1;8;40222;DAYSE AMARILIO;PSB;ELEITO POR QP;262
2;8;40222;DAYSE AMARILIO;PSB;ELEITO POR QP;345
3;8;40222;DAYSE AMARILIO;PSB;ELEITO POR QP;420
4;8;40222;DAYSE AMARILIO;PSB;ELEITO POR QP;365
5;8;40222;DAYSE AMARILIO;PSB;ELEITO POR QP;576
6;8;40222;DAYSE AMARILIO;PSB;ELEITO POR QP;566
8;8;40222;DAYSE AMARILIO;PSB;ELEITO POR QP;768
9;8;40222;DAYSE AMARILIO;PSB;ELEITO POR QP;965
10;8;40222;DAYSE AMARILIO;PSB;ELEITO POR QP;638
11;8;40222;DAYSE AMARILIO;PSB;ELEITO POR QP;384
13;8;40222;DAYSE AMARILIO;PSB;ELEITO POR QP;697
14;8;40222;DAYSE AMARILIO;PSB;ELEITO POR QP;496
15;8;40222;DAYSE AMARILIO;PSB;ELEITO POR QP;1180
16;8;40222;DAYSE AMARILIO;PSB;ELEITO POR QP;597
17;8;40222;DAYSE AMARILIO;PSB;ELEITO POR QP;724
18;8;40222;DAYSE AMARILIO;PSB;ELEITO POR QP;391
19;8;40222;DAYSE AMARILIO;PSB;ELEITO POR QP;726
20;8;40222;DAYSE AMARILIO;PSB;ELEITO POR QP;430
21;8;40222;DAYSE AMARILIO;PSB;ELEITO POR QP;482
1;8;40234;JOÃO PAULO FALANDO;PSB;SUPLENTE;6
2;8;40234;JOÃO PAULO FALANDO;PSB;SUPLENTE;28
3;8;40234;JOÃO PAULO FALANDO;PSB;SUPLENTE;38
4;8;40234;JOÃO PAULO FALANDO;PSB;SUPLENTE;9
5;8;40234;JOÃO PAULO FALANDO;PSB;SUPLENTE;11
6;8;40234;JOÃO PAULO FALANDO;PSB;SUPLENTE;37
8;8;40234;JOÃO PAULO FALANDO;PSB;SUPLENTE;290
9;8;40234;JOÃO PAULO FALANDO;PSB;SUPLENTE;42
10;8;40234;JOÃO PAULO FALANDO;PSB;SUPLENTE;20
11;8;40234;JOÃO PAULO FALANDO;PSB;SUPLENTE;1
13;8;40234;JOÃO PAULO FALANDO;PSB;SUPLENTE;45
14;8;40234;JOÃO PAULO FALANDO;PSB;SUPLENTE;8
15;8;40234;JOÃO PAULO FALANDO;PSB;SUPLENTE;36
16;8;40234;JOÃO PAULO FALANDO;PSB;SUPLENTE;151
17;8;40234;JOÃO PAULO FALANDO;PSB;SUPLENTE;27
18;8;40234;JOÃO PAULO FALANDO;PSB;SUPLENTE;7
19;8;40234;JOÃO PAULO FALANDO;PSB;SUPLENTE;24
20;8;40234;JOÃO PAULO FALANDO;PSB;SUPLENTE;324
21;8;40234;JOÃO PAULO FALANDO;PSB;SUPLENTE;44
1;8;40400;RODRIGO DIAS;PSB;SUPLENTE;317
2;8;40400;RODRIGO DIAS;PSB;SUPLENTE;130
3;8;40400;RODRIGO DIAS;PSB;SUPLENTE;32
4;8;40400;RODRIGO DIAS;PSB;SUPLENTE;70
5;8;40400;RODRIGO DIAS;PSB;SUPLENTE;121
6;8;40400;RODRIGO DIAS;PSB;SUPLENTE;77
8;8;40400;RODRIGO DIAS;PSB;SUPLENTE;53
9;8;40400;RODRIGO DIAS;PSB;SUPLENTE;192
10;8;40400;RODRIGO DIAS;PSB;SUPLENTE;114
11;8;40400;RODRIGO DIAS;PSB;SUPLENTE;184
13;8;40400;RODRIGO DIAS;PSB;SUPLENTE;40
14;8;40400;RODRIGO DIAS;PSB;SUPLENTE;425
15;8;40400;RODRIGO DIAS;PSB;SUPLENTE;192
16;8;40400;RODRIGO DIAS;PSB;SUPLENTE;55
17;8;40400;RODRIGO DIAS;PSB;SUPLENTE;47
18;8;40400;RODRIGO DIAS;PSB;SUPLENTE;195
19;8;40400;RODRIGO DIAS;PSB;SUPLENTE;90
20;8;40400;RODRIGO DIAS;PSB;SUPLENTE;22
21;8;40400;RODRIGO DIAS;PSB;SUPLENTE;44
1;8;40404;PROFESSOR RICARDO ROCHA;PSB;SUPLENTE;33
2;8;40404;PROFESSOR RICARDO ROCHA;PSB;SUPLENTE;25
3;8;40404;PROFESSOR RICARDO ROCHA;PSB;SUPLENTE;29
4;8;40404;PROFESSOR RICARDO ROCHA;PSB;SUPLENTE;2839
5;8;40404;PROFESSOR RICARDO ROCHA;PSB;SUPLENTE;21
6;8;40404;PROFESSOR RICARDO ROCHA;PSB;SUPLENTE;14
8;8;40404;PROFESSOR RICARDO ROCHA;PSB;SUPLENTE;51
9;8;40404;PROFESSOR RICARDO ROCHA;PSB;SUPLENTE;81
10;8;40404;PROFESSOR RICARDO ROCHA;PSB;SUPLENTE;66
11;8;40404;PROFESSOR RICARDO ROCHA;PSB;SUPLENTE;29
13;8;40404;PROFESSOR RICARDO ROCHA;PSB;SUPLENTE;43
14;8;40404;PROFESSOR RICARDO ROCHA;PSB;SUPLENTE;36
15;8;40404;PROFESSOR RICARDO ROCHA;PSB;SUPLENTE;61
16;8;40404;PROFESSOR RICARDO ROCHA;PSB;SUPLENTE;22
17;8;40404;PROFESSOR RICARDO ROCHA;PSB;SUPLENTE;359
18;8;40404;PROFESSOR RICARDO ROCHA;PSB;SUPLENTE;27
19;8;40404;PROFESSOR RICARDO ROCHA;PSB;SUPLENTE;33
20;8;40404;PROFESSOR RICARDO ROCHA;PSB;SUPLENTE;23
21;8;40404;PROFESSOR RICARDO ROCHA;PSB;SUPLENTE;49
1;8;40444;ESTÊVÃO ROLIM;PSB;SUPLENTE;71
2;8;40444;ESTÊVÃO ROLIM;PSB;SUPLENTE;424
3;8;40444;ESTÊVÃO ROLIM;PSB;SUPLENTE;14
4;8;40444;ESTÊVÃO ROLIM;PSB;SUPLENTE;12
5;8;40444;ESTÊVÃO ROLIM;PSB;SUPLENTE;29
6;8;40444;ESTÊVÃO ROLIM;PSB;SUPLENTE;8
8;8;40444;ESTÊVÃO ROLIM;PSB;SUPLENTE;27
9;8;40444;ESTÊVÃO ROLIM;PSB;SUPLENTE;35
10;8;40444;ESTÊVÃO ROLIM;PSB;SUPLENTE;39
11;8;40444;ESTÊVÃO ROLIM;PSB;SUPLENTE;75
13;8;40444;ESTÊVÃO ROLIM;PSB;SUPLENTE;13
14;8;40444;ESTÊVÃO ROLIM;PSB;SUPLENTE;114
15;8;40444;ESTÊVÃO ROLIM;PSB;SUPLENTE;71
16;8;40444;ESTÊVÃO ROLIM;PSB;SUPLENTE;22
17;8;40444;ESTÊVÃO ROLIM;PSB;SUPLENTE;10
18;8;40444;ESTÊVÃO ROLIM;PSB;SUPLENTE;74
19;8;40444;ESTÊVÃO ROLIM;PSB;SUPLENTE;25
20;8;40444;ESTÊVÃO ROLIM;PSB;SUPLENTE;23
21;8;40444;ESTÊVÃO ROLIM;PSB;SUPLENTE;15
1;8;40456;LUZIA DE PAULA;PSB;SUPLENTE;44
2;8;40456;LUZIA DE PAULA;PSB;SUPLENTE;29
3;8;40456;LUZIA DE PAULA;PSB;SUPLENTE;128
4;8;40456;LUZIA DE PAULA;PSB;SUPLENTE;33
5;8;40456;LUZIA DE PAULA;PSB;SUPLENTE;23
6;8;40456;LUZIA DE PAULA;PSB;SUPLENTE;14
8;8;40456;LUZIA DE PAULA;PSB;SUPLENTE;1418
9;8;40456;LUZIA DE PAULA;PSB;SUPLENTE;85
10;8;40456;LUZIA DE PAULA;PSB;SUPLENTE;66
11;8;40456;LUZIA DE PAULA;PSB;SUPLENTE;40
13;8;40456;LUZIA DE PAULA;PSB;SUPLENTE;162
14;8;40456;LUZIA DE PAULA;PSB;SUPLENTE;62
15;8;40456;LUZIA DE PAULA;PSB;SUPLENTE;165
16;8;40456;LUZIA DE PAULA;PSB;SUPLENTE;912
17;8;40456;LUZIA DE PAULA;PSB;SUPLENTE;71
18;8;40456;LUZIA DE PAULA;PSB;SUPLENTE;46
19;8;40456;LUZIA DE PAULA;PSB;SUPLENTE;172
20;8;40456;LUZIA DE PAULA;PSB;SUPLENTE;493
21;8;40456;LUZIA DE PAULA;PSB;SUPLENTE;101
1;8;40700;PERITO FABIO;PSB;SUPLENTE;71
2;8;40700;PERITO FABIO;PSB;SUPLENTE;34
3;8;40700;PERITO FABIO;PSB;SUPLENTE;20
4;8;40700;PERITO FABIO;PSB;SUPLENTE;10
5;8;40700;PERITO FABIO;PSB;SUPLENTE;38
6;8;40700;PERITO FABIO;PSB;SUPLENTE;8
8;8;40700;PERITO FABIO;PSB;SUPLENTE;27
9;8;40700;PERITO FABIO;PSB;SUPLENTE;60
10;8;40700;PERITO FABIO;PSB;SUPLENTE;29
11;8;40700;PERITO FABIO;PSB;SUPLENTE;50
13;8;40700;PERITO FABIO;PSB;SUPLENTE;21
14;8;40700;PERITO FABIO;PSB;SUPLENTE;91
15;8;40700;PERITO FABIO;PSB;SUPLENTE;79
16;8;40700;PERITO FABIO;PSB;SUPLENTE;14
17;8;40700;PERITO FABIO;PSB;SUPLENTE;15
18;8;40700;PERITO FABIO;PSB;SUPLENTE;32
19;8;40700;PERITO FABIO;PSB;SUPLENTE;44
20;8;40700;PERITO FABIO;PSB;SUPLENTE;9
21;8;40700;PERITO FABIO;PSB;SUPLENTE;5
1;8;40707;BRUNO GURGEL;PSB;SUPLENTE;16
2;8;40707;BRUNO GURGEL;PSB;SUPLENTE;5
3;8;40707;BRUNO GURGEL;PSB;SUPLENTE;6
4;8;40707;BRUNO GURGEL;PSB;SUPLENTE;1
5;8;40707;BRUNO GURGEL;PSB;SUPLENTE;21
6;8;40707;BRUNO GURGEL;PSB;SUPLENTE;2
8;8;40707;BRUNO GURGEL;PSB;SUPLENTE;3
9;8;40707;BRUNO GURGEL;PSB;SUPLENTE;21
10;8;40707;BRUNO GURGEL;PSB;SUPLENTE;15
11;8;40707;BRUNO GURGEL;PSB;SUPLENTE;2
13;8;40707;BRUNO GURGEL;PSB;SUPLENTE;19
14;8;40707;BRUNO GURGEL;PSB;SUPLENTE;9
15;8;40707;BRUNO GURGEL;PSB;SUPLENTE;9
16;8;40707;BRUNO GURGEL;PSB;SUPLENTE;3
17;8;40707;BRUNO GURGEL;PSB;SUPLENTE;6
18;8;40707;BRUNO GURGEL;PSB;SUPLENTE;10
19;8;40707;BRUNO GURGEL;PSB;SUPLENTE;11
20;8;40707;BRUNO GURGEL;PSB;SUPLENTE;1
21;8;40707;BRUNO GURGEL;PSB;SUPLENTE;5
1;8;40777;NAYERI ALBUQUERQUE;PSB;SUPLENTE;13
2;8;40777;NAYERI ALBUQUERQUE;PSB;SUPLENTE;14
3;8;40777;NAYERI ALBUQUERQUE;PSB;SUPLENTE;66
4;8;40777;NAYERI ALBUQUERQUE;PSB;SUPLENTE;21
5;8;40777;NAYERI ALBUQUERQUE;PSB;SUPLENTE;42
6;8;40777;NAYERI ALBUQUERQUE;PSB;SUPLENTE;13
8;8;40777;NAYERI ALBUQUERQUE;PSB;SUPLENTE;91
9;8;40777;NAYERI ALBUQUERQUE;PSB;SUPLENTE;69
10;8;40777;NAYERI ALBUQUERQUE;PSB;SUPLENTE;55
11;8;40777;NAYERI ALBUQUERQUE;PSB;SUPLENTE;30
13;8;40777;NAYERI ALBUQUERQUE;PSB;SUPLENTE;79
14;8;40777;NAYERI ALBUQUERQUE;PSB;SUPLENTE;43
15;8;40777;NAYERI ALBUQUERQUE;PSB;SUPLENTE;71
16;8;40777;NAYERI ALBUQUERQUE;PSB;SUPLENTE;479
17;8;40777;NAYERI ALBUQUERQUE;PSB;SUPLENTE;27
18;8;40777;NAYERI ALBUQUERQUE;PSB;SUPLENTE;35
19;8;40777;NAYERI ALBUQUERQUE;PSB;SUPLENTE;91
20;8;40777;NAYERI ALBUQUERQUE;PSB;SUPLENTE;34
21;8;40777;NAYERI ALBUQUERQUE;PSB;SUPLENTE;36
1;8;40800;GUILHERME CARVALHO;PSB;SUPLENTE;32
2;8;40800;GUILHERME CARVALHO;PSB;SUPLENTE;10
3;8;40800;GUILHERME CARVALHO;PSB;SUPLENTE;0
4;8;40800;GUILHERME CARVALHO;PSB;SUPLENTE;5
5;8;40800;GUILHERME CARVALHO;PSB;SUPLENTE;3
6;8;40800;GUILHERME CARVALHO;PSB;SUPLENTE;2
8;8;40800;GUILHERME CARVALHO;PSB;SUPLENTE;3
9;8;40800;GUILHERME CARVALHO;PSB;SUPLENTE;14
10;8;40800;GUILHERME CARVALHO;PSB;SUPLENTE;14
11;8;40800;GUILHERME CARVALHO;PSB;SUPLENTE;11
13;8;40800;GUILHERME CARVALHO;PSB;SUPLENTE;2
14;8;40800;GUILHERME CARVALHO;PSB;SUPLENTE;16
15;8;40800;GUILHERME CARVALHO;PSB;SUPLENTE;15
16;8;40800;GUILHERME CARVALHO;PSB;SUPLENTE;1
17;8;40800;GUILHERME CARVALHO;PSB;SUPLENTE;6
18;8;40800;GUILHERME CARVALHO;PSB;SUPLENTE;37
19;8;40800;GUILHERME CARVALHO;PSB;SUPLENTE;6
20;8;40800;GUILHERME CARVALHO;PSB;SUPLENTE;2
21;8;40800;GUILHERME CARVALHO;PSB;SUPLENTE;2
1;8;40888;RAISSA ROSSITER;PSB;SUPLENTE;178
2;8;40888;RAISSA ROSSITER;PSB;SUPLENTE;169
3;8;40888;RAISSA ROSSITER;PSB;SUPLENTE;18
4;8;40888;RAISSA ROSSITER;PSB;SUPLENTE;12
5;8;40888;RAISSA ROSSITER;PSB;SUPLENTE;37
6;8;40888;RAISSA ROSSITER;PSB;SUPLENTE;22
8;8;40888;RAISSA ROSSITER;PSB;SUPLENTE;25
9;8;40888;RAISSA ROSSITER;PSB;SUPLENTE;66
10;8;40888;RAISSA ROSSITER;PSB;SUPLENTE;49
11;8;40888;RAISSA ROSSITER;PSB;SUPLENTE;138
13;8;40888;RAISSA ROSSITER;PSB;SUPLENTE;21
14;8;40888;RAISSA ROSSITER;PSB;SUPLENTE;296
15;8;40888;RAISSA ROSSITER;PSB;SUPLENTE;131
16;8;40888;RAISSA ROSSITER;PSB;SUPLENTE;13
17;8;40888;RAISSA ROSSITER;PSB;SUPLENTE;26
18;8;40888;RAISSA ROSSITER;PSB;SUPLENTE;127
19;8;40888;RAISSA ROSSITER;PSB;SUPLENTE;24
20;8;40888;RAISSA ROSSITER;PSB;SUPLENTE;7
21;8;40888;RAISSA ROSSITER;PSB;SUPLENTE;24
1;8;43000;PROF. MICHELLE SALES;PV;SUPLENTE;35
2;8;43000;PROF. MICHELLE SALES;PV;SUPLENTE;34
3;8;43000;PROF. MICHELLE SALES;PV;SUPLENTE;8
4;8;43000;PROF. MICHELLE SALES;PV;SUPLENTE;8
5;8;43000;PROF. MICHELLE SALES;PV;SUPLENTE;373
6;8;43000;PROF. MICHELLE SALES;PV;SUPLENTE;37
8;8;43000;PROF. MICHELLE SALES;PV;SUPLENTE;19
9;8;43000;PROF. MICHELLE SALES;PV;SUPLENTE;45
10;8;43000;PROF. MICHELLE SALES;PV;SUPLENTE;20
11;8;43000;PROF. MICHELLE SALES;PV;SUPLENTE;30
13;8;43000;PROF. MICHELLE SALES;PV;SUPLENTE;14
14;8;43000;PROF. MICHELLE SALES;PV;SUPLENTE;86
15;8;43000;PROF. MICHELLE SALES;PV;SUPLENTE;47
16;8;43000;PROF. MICHELLE SALES;PV;SUPLENTE;17
17;8;43000;PROF. MICHELLE SALES;PV;SUPLENTE;10
18;8;43000;PROF. MICHELLE SALES;PV;SUPLENTE;30
19;8;43000;PROF. MICHELLE SALES;PV;SUPLENTE;20
20;8;43000;PROF. MICHELLE SALES;PV;SUPLENTE;27
21;8;43000;PROF. MICHELLE SALES;PV;SUPLENTE;11
1;8;43061;MARIANA ALMADA;PV;SUPLENTE;194
2;8;43061;MARIANA ALMADA;PV;SUPLENTE;79
3;8;43061;MARIANA ALMADA;PV;SUPLENTE;60
4;8;43061;MARIANA ALMADA;PV;SUPLENTE;627
5;8;43061;MARIANA ALMADA;PV;SUPLENTE;58
6;8;43061;MARIANA ALMADA;PV;SUPLENTE;26
8;8;43061;MARIANA ALMADA;PV;SUPLENTE;47
9;8;43061;MARIANA ALMADA;PV;SUPLENTE;214
10;8;43061;MARIANA ALMADA;PV;SUPLENTE;129
11;8;43061;MARIANA ALMADA;PV;SUPLENTE;163
13;8;43061;MARIANA ALMADA;PV;SUPLENTE;103
14;8;43061;MARIANA ALMADA;PV;SUPLENTE;261
15;8;43061;MARIANA ALMADA;PV;SUPLENTE;249
16;8;43061;MARIANA ALMADA;PV;SUPLENTE;30
17;8;43061;MARIANA ALMADA;PV;SUPLENTE;334
18;8;43061;MARIANA ALMADA;PV;SUPLENTE;130
19;8;43061;MARIANA ALMADA;PV;SUPLENTE;113
20;8;43061;MARIANA ALMADA;PV;SUPLENTE;41
21;8;43061;MARIANA ALMADA;PV;SUPLENTE;76
1;8;43123;WASNY;PV;SUPLENTE;645
2;8;43123;WASNY;PV;SUPLENTE;730
3;8;43123;WASNY;PV;SUPLENTE;377
4;8;43123;WASNY;PV;SUPLENTE;421
5;8;43123;WASNY;PV;SUPLENTE;587
6;8;43123;WASNY;PV;SUPLENTE;760
8;8;43123;WASNY;PV;SUPLENTE;507
9;8;43123;WASNY;PV;SUPLENTE;635
10;8;43123;WASNY;PV;SUPLENTE;722
11;8;43123;WASNY;PV;SUPLENTE;493
13;8;43123;WASNY;PV;SUPLENTE;693
14;8;43123;WASNY;PV;SUPLENTE;824
15;8;43123;WASNY;PV;SUPLENTE;1015
16;8;43123;WASNY;PV;SUPLENTE;434
17;8;43123;WASNY;PV;SUPLENTE;601
18;8;43123;WASNY;PV;SUPLENTE;412
19;8;43123;WASNY;PV;SUPLENTE;520
20;8;43123;WASNY;PV;SUPLENTE;238
21;8;43123;WASNY;PV;SUPLENTE;601
1;8;43210;WALDIR CORDEIRO;PV;SUPLENTE;49
2;8;43210;WALDIR CORDEIRO;PV;SUPLENTE;57
3;8;43210;WALDIR CORDEIRO;PV;SUPLENTE;6
4;8;43210;WALDIR CORDEIRO;PV;SUPLENTE;38
5;8;43210;WALDIR CORDEIRO;PV;SUPLENTE;28
6;8;43210;WALDIR CORDEIRO;PV;SUPLENTE;10
8;8;43210;WALDIR CORDEIRO;PV;SUPLENTE;14
9;8;43210;WALDIR CORDEIRO;PV;SUPLENTE;43
10;8;43210;WALDIR CORDEIRO;PV;SUPLENTE;26
11;8;43210;WALDIR CORDEIRO;PV;SUPLENTE;31
13;8;43210;WALDIR CORDEIRO;PV;SUPLENTE;22
14;8;43210;WALDIR CORDEIRO;PV;SUPLENTE;60
15;8;43210;WALDIR CORDEIRO;PV;SUPLENTE;25
16;8;43210;WALDIR CORDEIRO;PV;SUPLENTE;15
17;8;43210;WALDIR CORDEIRO;PV;SUPLENTE;63
18;8;43210;WALDIR CORDEIRO;PV;SUPLENTE;2161
19;8;43210;WALDIR CORDEIRO;PV;SUPLENTE;9
20;8;43210;WALDIR CORDEIRO;PV;SUPLENTE;13
21;8;43210;WALDIR CORDEIRO;PV;SUPLENTE;14
1;8;43333;SANDRA PALMEIRA;PV;SUPLENTE;22
2;8;43333;SANDRA PALMEIRA;PV;SUPLENTE;28
3;8;43333;SANDRA PALMEIRA;PV;SUPLENTE;233
4;8;43333;SANDRA PALMEIRA;PV;SUPLENTE;12
5;8;43333;SANDRA PALMEIRA;PV;SUPLENTE;10
6;8;43333;SANDRA PALMEIRA;PV;SUPLENTE;6
8;8;43333;SANDRA PALMEIRA;PV;SUPLENTE;76
9;8;43333;SANDRA PALMEIRA;PV;SUPLENTE;36
10;8;43333;SANDRA PALMEIRA;PV;SUPLENTE;27
11;8;43333;SANDRA PALMEIRA;PV;SUPLENTE;27
13;8;43333;SANDRA PALMEIRA;PV;SUPLENTE;53
14;8;43333;SANDRA PALMEIRA;PV;SUPLENTE;36
15;8;43333;SANDRA PALMEIRA;PV;SUPLENTE;96
16;8;43333;SANDRA PALMEIRA;PV;SUPLENTE;49
17;8;43333;SANDRA PALMEIRA;PV;SUPLENTE;21
18;8;43333;SANDRA PALMEIRA;PV;SUPLENTE;23
19;8;43333;SANDRA PALMEIRA;PV;SUPLENTE;98
20;8;43333;SANDRA PALMEIRA;PV;SUPLENTE;32
21;8;43333;SANDRA PALMEIRA;PV;SUPLENTE;26
1;8;43420;JEANN CUNHA;PV;SUPLENTE;157
2;8;43420;JEANN CUNHA;PV;SUPLENTE;92
3;8;43420;JEANN CUNHA;PV;SUPLENTE;11
4;8;43420;JEANN CUNHA;PV;SUPLENTE;21
5;8;43420;JEANN CUNHA;PV;SUPLENTE;67
6;8;43420;JEANN CUNHA;PV;SUPLENTE;16
8;8;43420;JEANN CUNHA;PV;SUPLENTE;28
9;8;43420;JEANN CUNHA;PV;SUPLENTE;135
10;8;43420;JEANN CUNHA;PV;SUPLENTE;59
11;8;43420;JEANN CUNHA;PV;SUPLENTE;89
13;8;43420;JEANN CUNHA;PV;SUPLENTE;13
14;8;43420;JEANN CUNHA;PV;SUPLENTE;385
15;8;43420;JEANN CUNHA;PV;SUPLENTE;108
16;8;43420;JEANN CUNHA;PV;SUPLENTE;16
17;8;43420;JEANN CUNHA;PV;SUPLENTE;26
18;8;43420;JEANN CUNHA;PV;SUPLENTE;105
19;8;43420;JEANN CUNHA;PV;SUPLENTE;47
20;8;43420;JEANN CUNHA;PV;SUPLENTE;10
21;8;43420;JEANN CUNHA;PV;SUPLENTE;13
1;8;43433;PROFESSOR MARCOS;PV;SUPLENTE;26
2;8;43433;PROFESSOR MARCOS;PV;SUPLENTE;8
3;8;43433;PROFESSOR MARCOS;PV;SUPLENTE;208
4;8;43433;PROFESSOR MARCOS;PV;SUPLENTE;9
5;8;43433;PROFESSOR MARCOS;PV;SUPLENTE;16
6;8;43433;PROFESSOR MARCOS;PV;SUPLENTE;7
8;8;43433;PROFESSOR MARCOS;PV;SUPLENTE;522
9;8;43433;PROFESSOR MARCOS;PV;SUPLENTE;36
10;8;43433;PROFESSOR MARCOS;PV;SUPLENTE;24
11;8;43433;PROFESSOR MARCOS;PV;SUPLENTE;21
13;8;43433;PROFESSOR MARCOS;PV;SUPLENTE;69
14;8;43433;PROFESSOR MARCOS;PV;SUPLENTE;18
15;8;43433;PROFESSOR MARCOS;PV;SUPLENTE;225
16;8;43433;PROFESSOR MARCOS;PV;SUPLENTE;259
17;8;43433;PROFESSOR MARCOS;PV;SUPLENTE;14
18;8;43433;PROFESSOR MARCOS;PV;SUPLENTE;26
19;8;43433;PROFESSOR MARCOS;PV;SUPLENTE;200
20;8;43433;PROFESSOR MARCOS;PV;SUPLENTE;176
21;8;43433;PROFESSOR MARCOS;PV;SUPLENTE;25
1;8;44000;EDUARDO PEDROSA;UNIÃO;ELEITO POR QP;334
2;8;44000;EDUARDO PEDROSA;UNIÃO;ELEITO POR QP;1743
3;8;44000;EDUARDO PEDROSA;UNIÃO;ELEITO POR QP;684
4;8;44000;EDUARDO PEDROSA;UNIÃO;ELEITO POR QP;1439
5;8;44000;EDUARDO PEDROSA;UNIÃO;ELEITO POR QP;1518
6;8;44000;EDUARDO PEDROSA;UNIÃO;ELEITO POR QP;1649
8;8;44000;EDUARDO PEDROSA;UNIÃO;ELEITO POR QP;961
9;8;44000;EDUARDO PEDROSA;UNIÃO;ELEITO POR QP;851
10;8;44000;EDUARDO PEDROSA;UNIÃO;ELEITO POR QP;1309
11;8;44000;EDUARDO PEDROSA;UNIÃO;ELEITO POR QP;393
13;8;44000;EDUARDO PEDROSA;UNIÃO;ELEITO POR QP;1343
14;8;44000;EDUARDO PEDROSA;UNIÃO;ELEITO POR QP;460
15;8;44000;EDUARDO PEDROSA;UNIÃO;ELEITO POR QP;869
16;8;44000;EDUARDO PEDROSA;UNIÃO;ELEITO POR QP;1275
17;8;44000;EDUARDO PEDROSA;UNIÃO;ELEITO POR QP;3175
18;8;44000;EDUARDO PEDROSA;UNIÃO;ELEITO POR QP;1342
19;8;44000;EDUARDO PEDROSA;UNIÃO;ELEITO POR QP;730
20;8;44000;EDUARDO PEDROSA;UNIÃO;ELEITO POR QP;1059
21;8;44000;EDUARDO PEDROSA;UNIÃO;ELEITO POR QP;1355
1;8;44001;ALBENES DO ATLETISMO;UNIÃO;SUPLENTE;42
2;8;44001;ALBENES DO ATLETISMO;UNIÃO;SUPLENTE;18
3;8;44001;ALBENES DO ATLETISMO;UNIÃO;SUPLENTE;27
4;8;44001;ALBENES DO ATLETISMO;UNIÃO;SUPLENTE;11
5;8;44001;ALBENES DO ATLETISMO;UNIÃO;SUPLENTE;16
6;8;44001;ALBENES DO ATLETISMO;UNIÃO;SUPLENTE;6
8;8;44001;ALBENES DO ATLETISMO;UNIÃO;SUPLENTE;246
9;8;44001;ALBENES DO ATLETISMO;UNIÃO;SUPLENTE;32
10;8;44001;ALBENES DO ATLETISMO;UNIÃO;SUPLENTE;32
11;8;44001;ALBENES DO ATLETISMO;UNIÃO;SUPLENTE;43
13;8;44001;ALBENES DO ATLETISMO;UNIÃO;SUPLENTE;49
14;8;44001;ALBENES DO ATLETISMO;UNIÃO;SUPLENTE;58
15;8;44001;ALBENES DO ATLETISMO;UNIÃO;SUPLENTE;46
16;8;44001;ALBENES DO ATLETISMO;UNIÃO;SUPLENTE;126
17;8;44001;ALBENES DO ATLETISMO;UNIÃO;SUPLENTE;6
18;8;44001;ALBENES DO ATLETISMO;UNIÃO;SUPLENTE;33
19;8;44001;ALBENES DO ATLETISMO;UNIÃO;SUPLENTE;47
20;8;44001;ALBENES DO ATLETISMO;UNIÃO;SUPLENTE;26
21;8;44001;ALBENES DO ATLETISMO;UNIÃO;SUPLENTE;36
1;8;44002;MÁRCIA GAMA;UNIÃO;SUPLENTE;1
2;8;44002;MÁRCIA GAMA;UNIÃO;SUPLENTE;9
3;8;44002;MÁRCIA GAMA;UNIÃO;SUPLENTE;4
4;8;44002;MÁRCIA GAMA;UNIÃO;SUPLENTE;3
5;8;44002;MÁRCIA GAMA;UNIÃO;SUPLENTE;5
6;8;44002;MÁRCIA GAMA;UNIÃO;SUPLENTE;3
8;8;44002;MÁRCIA GAMA;UNIÃO;SUPLENTE;8
9;8;44002;MÁRCIA GAMA;UNIÃO;SUPLENTE;28
10;8;44002;MÁRCIA GAMA;UNIÃO;SUPLENTE;2
11;8;44002;MÁRCIA GAMA;UNIÃO;SUPLENTE;3
13;8;44002;MÁRCIA GAMA;UNIÃO;SUPLENTE;2
14;8;44002;MÁRCIA GAMA;UNIÃO;SUPLENTE;4
15;8;44002;MÁRCIA GAMA;UNIÃO;SUPLENTE;5
16;8;44002;MÁRCIA GAMA;UNIÃO;SUPLENTE;1
17;8;44002;MÁRCIA GAMA;UNIÃO;SUPLENTE;44
18;8;44002;MÁRCIA GAMA;UNIÃO;SUPLENTE;0
19;8;44002;MÁRCIA GAMA;UNIÃO;SUPLENTE;2
20;8;44002;MÁRCIA GAMA;UNIÃO;SUPLENTE;1
21;8;44002;MÁRCIA GAMA;UNIÃO;SUPLENTE;2
1;8;44007;JORGE TAVARES;UNIÃO;SUPLENTE;2
2;8;44007;JORGE TAVARES;UNIÃO;SUPLENTE;1
3;8;44007;JORGE TAVARES;UNIÃO;SUPLENTE;10
4;8;44007;JORGE TAVARES;UNIÃO;SUPLENTE;3
5;8;44007;JORGE TAVARES;UNIÃO;SUPLENTE;1
6;8;44007;JORGE TAVARES;UNIÃO;SUPLENTE;3
8;8;44007;JORGE TAVARES;UNIÃO;SUPLENTE;59
9;8;44007;JORGE TAVARES;UNIÃO;SUPLENTE;6
10;8;44007;JORGE TAVARES;UNIÃO;SUPLENTE;9
11;8;44007;JORGE TAVARES;UNIÃO;SUPLENTE;5
13;8;44007;JORGE TAVARES;UNIÃO;SUPLENTE;237
14;8;44007;JORGE TAVARES;UNIÃO;SUPLENTE;1
15;8;44007;JORGE TAVARES;UNIÃO;SUPLENTE;5
16;8;44007;JORGE TAVARES;UNIÃO;SUPLENTE;39
17;8;44007;JORGE TAVARES;UNIÃO;SUPLENTE;2
18;8;44007;JORGE TAVARES;UNIÃO;SUPLENTE;5
19;8;44007;JORGE TAVARES;UNIÃO;SUPLENTE;5
20;8;44007;JORGE TAVARES;UNIÃO;SUPLENTE;17
21;8;44007;JORGE TAVARES;UNIÃO;SUPLENTE;165
1;8;44022;SANDRA FARAJ;UNIÃO;SUPLENTE;219
2;8;44022;SANDRA FARAJ;UNIÃO;SUPLENTE;289
3;8;44022;SANDRA FARAJ;UNIÃO;SUPLENTE;543
4;8;44022;SANDRA FARAJ;UNIÃO;SUPLENTE;173
5;8;44022;SANDRA FARAJ;UNIÃO;SUPLENTE;230
6;8;44022;SANDRA FARAJ;UNIÃO;SUPLENTE;218
8;8;44022;SANDRA FARAJ;UNIÃO;SUPLENTE;523
9;8;44022;SANDRA FARAJ;UNIÃO;SUPLENTE;368
10;8;44022;SANDRA FARAJ;UNIÃO;SUPLENTE;385
11;8;44022;SANDRA FARAJ;UNIÃO;SUPLENTE;247
13;8;44022;SANDRA FARAJ;UNIÃO;SUPLENTE;452
14;8;44022;SANDRA FARAJ;UNIÃO;SUPLENTE;390
15;8;44022;SANDRA FARAJ;UNIÃO;SUPLENTE;723
16;8;44022;SANDRA FARAJ;UNIÃO;SUPLENTE;525
17;8;44022;SANDRA FARAJ;UNIÃO;SUPLENTE;296
18;8;44022;SANDRA FARAJ;UNIÃO;SUPLENTE;407
19;8;44022;SANDRA FARAJ;UNIÃO;SUPLENTE;566
20;8;44022;SANDRA FARAJ;UNIÃO;SUPLENTE;405
21;8;44022;SANDRA FARAJ;UNIÃO;SUPLENTE;394
1;8;44044;DANIEL RADAR;UNIÃO;SUPLENTE;139
2;8;44044;DANIEL RADAR;UNIÃO;SUPLENTE;68
3;8;44044;DANIEL RADAR;UNIÃO;SUPLENTE;65
4;8;44044;DANIEL RADAR;UNIÃO;SUPLENTE;9232
5;8;44044;DANIEL RADAR;UNIÃO;SUPLENTE;111
6;8;44044;DANIEL RADAR;UNIÃO;SUPLENTE;38
8;8;44044;DANIEL RADAR;UNIÃO;SUPLENTE;73
9;8;44044;DANIEL RADAR;UNIÃO;SUPLENTE;161
10;8;44044;DANIEL RADAR;UNIÃO;SUPLENTE;165
11;8;44044;DANIEL RADAR;UNIÃO;SUPLENTE;102
13;8;44044;DANIEL RADAR;UNIÃO;SUPLENTE;95
14;8;44044;DANIEL RADAR;UNIÃO;SUPLENTE;117
15;8;44044;DANIEL RADAR;UNIÃO;SUPLENTE;125
16;8;44044;DANIEL RADAR;UNIÃO;SUPLENTE;51
17;8;44044;DANIEL RADAR;UNIÃO;SUPLENTE;873
18;8;44044;DANIEL RADAR;UNIÃO;SUPLENTE;99
19;8;44044;DANIEL RADAR;UNIÃO;SUPLENTE;62
20;8;44044;DANIEL RADAR;UNIÃO;SUPLENTE;61
21;8;44044;DANIEL RADAR;UNIÃO;SUPLENTE;102
1;8;44100;PROFESSOR RODRIGÃO;UNIÃO;SUPLENTE;63
2;8;44100;PROFESSOR RODRIGÃO;UNIÃO;SUPLENTE;61
3;8;44100;PROFESSOR RODRIGÃO;UNIÃO;SUPLENTE;21
4;8;44100;PROFESSOR RODRIGÃO;UNIÃO;SUPLENTE;40
5;8;44100;PROFESSOR RODRIGÃO;UNIÃO;SUPLENTE;265
6;8;44100;PROFESSOR RODRIGÃO;UNIÃO;SUPLENTE;1582
8;8;44100;PROFESSOR RODRIGÃO;UNIÃO;SUPLENTE;51
9;8;44100;PROFESSOR RODRIGÃO;UNIÃO;SUPLENTE;95
10;8;44100;PROFESSOR RODRIGÃO;UNIÃO;SUPLENTE;60
11;8;44100;PROFESSOR RODRIGÃO;UNIÃO;SUPLENTE;62
13;8;44100;PROFESSOR RODRIGÃO;UNIÃO;SUPLENTE;41
14;8;44100;PROFESSOR RODRIGÃO;UNIÃO;SUPLENTE;93
15;8;44100;PROFESSOR RODRIGÃO;UNIÃO;SUPLENTE;117
16;8;44100;PROFESSOR RODRIGÃO;UNIÃO;SUPLENTE;36
17;8;44100;PROFESSOR RODRIGÃO;UNIÃO;SUPLENTE;41
18;8;44100;PROFESSOR RODRIGÃO;UNIÃO;SUPLENTE;62
19;8;44100;PROFESSOR RODRIGÃO;UNIÃO;SUPLENTE;64
20;8;44100;PROFESSOR RODRIGÃO;UNIÃO;SUPLENTE;28
21;8;44100;PROFESSOR RODRIGÃO;UNIÃO;SUPLENTE;28
1;8;44111;VANUSA LOPES;UNIÃO;SUPLENTE;13
2;8;44111;VANUSA LOPES;UNIÃO;SUPLENTE;6
3;8;44111;VANUSA LOPES;UNIÃO;SUPLENTE;8
4;8;44111;VANUSA LOPES;UNIÃO;SUPLENTE;7
5;8;44111;VANUSA LOPES;UNIÃO;SUPLENTE;6
6;8;44111;VANUSA LOPES;UNIÃO;SUPLENTE;3
8;8;44111;VANUSA LOPES;UNIÃO;SUPLENTE;8
9;8;44111;VANUSA LOPES;UNIÃO;SUPLENTE;39
10;8;44111;VANUSA LOPES;UNIÃO;SUPLENTE;295
11;8;44111;VANUSA LOPES;UNIÃO;SUPLENTE;17
13;8;44111;VANUSA LOPES;UNIÃO;SUPLENTE;17
14;8;44111;VANUSA LOPES;UNIÃO;SUPLENTE;8
15;8;44111;VANUSA LOPES;UNIÃO;SUPLENTE;35
16;8;44111;VANUSA LOPES;UNIÃO;SUPLENTE;5
17;8;44111;VANUSA LOPES;UNIÃO;SUPLENTE;22
18;8;44111;VANUSA LOPES;UNIÃO;SUPLENTE;12
19;8;44111;VANUSA LOPES;UNIÃO;SUPLENTE;16
20;8;44111;VANUSA LOPES;UNIÃO;SUPLENTE;4
21;8;44111;VANUSA LOPES;UNIÃO;SUPLENTE;23
1;8;44122;LETÍCIA SAMPAIO;UNIÃO;SUPLENTE;69
2;8;44122;LETÍCIA SAMPAIO;UNIÃO;SUPLENTE;58
3;8;44122;LETÍCIA SAMPAIO;UNIÃO;SUPLENTE;256
4;8;44122;LETÍCIA SAMPAIO;UNIÃO;SUPLENTE;113
5;8;44122;LETÍCIA SAMPAIO;UNIÃO;SUPLENTE;56
6;8;44122;LETÍCIA SAMPAIO;UNIÃO;SUPLENTE;46
8;8;44122;LETÍCIA SAMPAIO;UNIÃO;SUPLENTE;518
9;8;44122;LETÍCIA SAMPAIO;UNIÃO;SUPLENTE;247
10;8;44122;LETÍCIA SAMPAIO;UNIÃO;SUPLENTE;280
11;8;44122;LETÍCIA SAMPAIO;UNIÃO;SUPLENTE;76
13;8;44122;LETÍCIA SAMPAIO;UNIÃO;SUPLENTE;372
14;8;44122;LETÍCIA SAMPAIO;UNIÃO;SUPLENTE;79
15;8;44122;LETÍCIA SAMPAIO;UNIÃO;SUPLENTE;326
16;8;44122;LETÍCIA SAMPAIO;UNIÃO;SUPLENTE;315
17;8;44122;LETÍCIA SAMPAIO;UNIÃO;SUPLENTE;178
18;8;44122;LETÍCIA SAMPAIO;UNIÃO;SUPLENTE;54
19;8;44122;LETÍCIA SAMPAIO;UNIÃO;SUPLENTE;359
20;8;44122;LETÍCIA SAMPAIO;UNIÃO;SUPLENTE;265
21;8;44122;LETÍCIA SAMPAIO;UNIÃO;SUPLENTE;229
1;8;44123;ALEX CARREIRO;UNIÃO;SUPLENTE;98
2;8;44123;ALEX CARREIRO;UNIÃO;SUPLENTE;187
3;8;44123;ALEX CARREIRO;UNIÃO;SUPLENTE;115
4;8;44123;ALEX CARREIRO;UNIÃO;SUPLENTE;294
5;8;44123;ALEX CARREIRO;UNIÃO;SUPLENTE;542
6;8;44123;ALEX CARREIRO;UNIÃO;SUPLENTE;244
8;8;44123;ALEX CARREIRO;UNIÃO;SUPLENTE;297
9;8;44123;ALEX CARREIRO;UNIÃO;SUPLENTE;236
10;8;44123;ALEX CARREIRO;UNIÃO;SUPLENTE;329
11;8;44123;ALEX CARREIRO;UNIÃO;SUPLENTE;109
13;8;44123;ALEX CARREIRO;UNIÃO;SUPLENTE;152
14;8;44123;ALEX CARREIRO;UNIÃO;SUPLENTE;168
15;8;44123;ALEX CARREIRO;UNIÃO;SUPLENTE;319
16;8;44123;ALEX CARREIRO;UNIÃO;SUPLENTE;362
17;8;44123;ALEX CARREIRO;UNIÃO;SUPLENTE;394
18;8;44123;ALEX CARREIRO;UNIÃO;SUPLENTE;168
19;8;44123;ALEX CARREIRO;UNIÃO;SUPLENTE;213
20;8;44123;ALEX CARREIRO;UNIÃO;SUPLENTE;140
21;8;44123;ALEX CARREIRO;UNIÃO;SUPLENTE;145
1;8;44144;HAMILTON TATU;UNIÃO;SUPLENTE;22
2;8;44144;HAMILTON TATU;UNIÃO;SUPLENTE;50
3;8;44144;HAMILTON TATU;UNIÃO;SUPLENTE;102
4;8;44144;HAMILTON TATU;UNIÃO;SUPLENTE;80
5;8;44144;HAMILTON TATU;UNIÃO;SUPLENTE;56
6;8;44144;HAMILTON TATU;UNIÃO;SUPLENTE;40
8;8;44144;HAMILTON TATU;UNIÃO;SUPLENTE;180
9;8;44144;HAMILTON TATU;UNIÃO;SUPLENTE;80
10;8;44144;HAMILTON TATU;UNIÃO;SUPLENTE;160
11;8;44144;HAMILTON TATU;UNIÃO;SUPLENTE;16
13;8;44144;HAMILTON TATU;UNIÃO;SUPLENTE;3988
14;8;44144;HAMILTON TATU;UNIÃO;SUPLENTE;28
15;8;44144;HAMILTON TATU;UNIÃO;SUPLENTE;159
16;8;44144;HAMILTON TATU;UNIÃO;SUPLENTE;138
17;8;44144;HAMILTON TATU;UNIÃO;SUPLENTE;110
18;8;44144;HAMILTON TATU;UNIÃO;SUPLENTE;43
19;8;44144;HAMILTON TATU;UNIÃO;SUPLENTE;121
20;8;44144;HAMILTON TATU;UNIÃO;SUPLENTE;138
21;8;44144;HAMILTON TATU;UNIÃO;SUPLENTE;985
1;8;44180;DEISE ANDRADE;UNIÃO;SUPLENTE;16
2;8;44180;DEISE ANDRADE;UNIÃO;SUPLENTE;4
3;8;44180;DEISE ANDRADE;UNIÃO;SUPLENTE;30
4;8;44180;DEISE ANDRADE;UNIÃO;SUPLENTE;13
5;8;44180;DEISE ANDRADE;UNIÃO;SUPLENTE;1
6;8;44180;DEISE ANDRADE;UNIÃO;SUPLENTE;8
8;8;44180;DEISE ANDRADE;UNIÃO;SUPLENTE;61
9;8;44180;DEISE ANDRADE;UNIÃO;SUPLENTE;66
10;8;44180;DEISE ANDRADE;UNIÃO;SUPLENTE;44
11;8;44180;DEISE ANDRADE;UNIÃO;SUPLENTE;12
13;8;44180;DEISE ANDRADE;UNIÃO;SUPLENTE;153
14;8;44180;DEISE ANDRADE;UNIÃO;SUPLENTE;14
15;8;44180;DEISE ANDRADE;UNIÃO;SUPLENTE;147
16;8;44180;DEISE ANDRADE;UNIÃO;SUPLENTE;149
17;8;44180;DEISE ANDRADE;UNIÃO;SUPLENTE;27
18;8;44180;DEISE ANDRADE;UNIÃO;SUPLENTE;13
19;8;44180;DEISE ANDRADE;UNIÃO;SUPLENTE;39
20;8;44180;DEISE ANDRADE;UNIÃO;SUPLENTE;21
21;8;44180;DEISE ANDRADE;UNIÃO;SUPLENTE;79
1;8;44188;PROFESSOR LACERDA;UNIÃO;SUPLENTE;46
2;8;44188;PROFESSOR LACERDA;UNIÃO;SUPLENTE;54
3;8;44188;PROFESSOR LACERDA;UNIÃO;SUPLENTE;23
4;8;44188;PROFESSOR LACERDA;UNIÃO;SUPLENTE;17
5;8;44188;PROFESSOR LACERDA;UNIÃO;SUPLENTE;27
6;8;44188;PROFESSOR LACERDA;UNIÃO;SUPLENTE;68
8;8;44188;PROFESSOR LACERDA;UNIÃO;SUPLENTE;42
9;8;44188;PROFESSOR LACERDA;UNIÃO;SUPLENTE;74
10;8;44188;PROFESSOR LACERDA;UNIÃO;SUPLENTE;44
11;8;44188;PROFESSOR LACERDA;UNIÃO;SUPLENTE;107
13;8;44188;PROFESSOR LACERDA;UNIÃO;SUPLENTE;48
14;8;44188;PROFESSOR LACERDA;UNIÃO;SUPLENTE;42
15;8;44188;PROFESSOR LACERDA;UNIÃO;SUPLENTE;93
16;8;44188;PROFESSOR LACERDA;UNIÃO;SUPLENTE;18
17;8;44188;PROFESSOR LACERDA;UNIÃO;SUPLENTE;17
18;8;44188;PROFESSOR LACERDA;UNIÃO;SUPLENTE;21
19;8;44188;PROFESSOR LACERDA;UNIÃO;SUPLENTE;37
20;8;44188;PROFESSOR LACERDA;UNIÃO;SUPLENTE;38
21;8;44188;PROFESSOR LACERDA;UNIÃO;SUPLENTE;23
1;8;44190;SOUSA JÚNIOR;UNIÃO;SUPLENTE;6
2;8;44190;SOUSA JÚNIOR;UNIÃO;SUPLENTE;27
3;8;44190;SOUSA JÚNIOR;UNIÃO;SUPLENTE;13
4;8;44190;SOUSA JÚNIOR;UNIÃO;SUPLENTE;15
5;8;44190;SOUSA JÚNIOR;UNIÃO;SUPLENTE;4
6;8;44190;SOUSA JÚNIOR;UNIÃO;SUPLENTE;13
8;8;44190;SOUSA JÚNIOR;UNIÃO;SUPLENTE;25
9;8;44190;SOUSA JÚNIOR;UNIÃO;SUPLENTE;23
10;8;44190;SOUSA JÚNIOR;UNIÃO;SUPLENTE;22
11;8;44190;SOUSA JÚNIOR;UNIÃO;SUPLENTE;1
13;8;44190;SOUSA JÚNIOR;UNIÃO;SUPLENTE;20
14;8;44190;SOUSA JÚNIOR;UNIÃO;SUPLENTE;4
15;8;44190;SOUSA JÚNIOR;UNIÃO;SUPLENTE;32
16;8;44190;SOUSA JÚNIOR;UNIÃO;SUPLENTE;753
17;8;44190;SOUSA JÚNIOR;UNIÃO;SUPLENTE;13
18;8;44190;SOUSA JÚNIOR;UNIÃO;SUPLENTE;8
19;8;44190;SOUSA JÚNIOR;UNIÃO;SUPLENTE;25
20;8;44190;SOUSA JÚNIOR;UNIÃO;SUPLENTE;18
21;8;44190;SOUSA JÚNIOR;UNIÃO;SUPLENTE;36
1;8;44193;MARCELO BATISTA;UNIÃO;SUPLENTE;199
2;8;44193;MARCELO BATISTA;UNIÃO;SUPLENTE;110
3;8;44193;MARCELO BATISTA;UNIÃO;SUPLENTE;42
4;8;44193;MARCELO BATISTA;UNIÃO;SUPLENTE;25
5;8;44193;MARCELO BATISTA;UNIÃO;SUPLENTE;99
6;8;44193;MARCELO BATISTA;UNIÃO;SUPLENTE;41
8;8;44193;MARCELO BATISTA;UNIÃO;SUPLENTE;75
9;8;44193;MARCELO BATISTA;UNIÃO;SUPLENTE;97
10;8;44193;MARCELO BATISTA;UNIÃO;SUPLENTE;70
11;8;44193;MARCELO BATISTA;UNIÃO;SUPLENTE;123
13;8;44193;MARCELO BATISTA;UNIÃO;SUPLENTE;49
14;8;44193;MARCELO BATISTA;UNIÃO;SUPLENTE;106
15;8;44193;MARCELO BATISTA;UNIÃO;SUPLENTE;196
16;8;44193;MARCELO BATISTA;UNIÃO;SUPLENTE;50
17;8;44193;MARCELO BATISTA;UNIÃO;SUPLENTE;38
18;8;44193;MARCELO BATISTA;UNIÃO;SUPLENTE;267
19;8;44193;MARCELO BATISTA;UNIÃO;SUPLENTE;101
20;8;44193;MARCELO BATISTA;UNIÃO;SUPLENTE;34
21;8;44193;MARCELO BATISTA;UNIÃO;SUPLENTE;39
1;8;44244;OLAIR FRANCISCO;UNIÃO;SUPLENTE;39
2;8;44244;OLAIR FRANCISCO;UNIÃO;SUPLENTE;19
3;8;44244;OLAIR FRANCISCO;UNIÃO;SUPLENTE;198
4;8;44244;OLAIR FRANCISCO;UNIÃO;SUPLENTE;287
5;8;44244;OLAIR FRANCISCO;UNIÃO;SUPLENTE;143
6;8;44244;OLAIR FRANCISCO;UNIÃO;SUPLENTE;47
8;8;44244;OLAIR FRANCISCO;UNIÃO;SUPLENTE;348
9;8;44244;OLAIR FRANCISCO;UNIÃO;SUPLENTE;95
10;8;44244;OLAIR FRANCISCO;UNIÃO;SUPLENTE;170
11;8;44244;OLAIR FRANCISCO;UNIÃO;SUPLENTE;39
13;8;44244;OLAIR FRANCISCO;UNIÃO;SUPLENTE;392
14;8;44244;OLAIR FRANCISCO;UNIÃO;SUPLENTE;27
15;8;44244;OLAIR FRANCISCO;UNIÃO;SUPLENTE;296
16;8;44244;OLAIR FRANCISCO;UNIÃO;SUPLENTE;481
17;8;44244;OLAIR FRANCISCO;UNIÃO;SUPLENTE;87
18;8;44244;OLAIR FRANCISCO;UNIÃO;SUPLENTE;67
19;8;44244;OLAIR FRANCISCO;UNIÃO;SUPLENTE;340
20;8;44244;OLAIR FRANCISCO;UNIÃO;SUPLENTE;195
21;8;44244;OLAIR FRANCISCO;UNIÃO;SUPLENTE;228
1;8;44321;NELSON NETO;UNIÃO;SUPLENTE;73
2;8;44321;NELSON NETO;UNIÃO;SUPLENTE;64
3;8;44321;NELSON NETO;UNIÃO;SUPLENTE;7
4;8;44321;NELSON NETO;UNIÃO;SUPLENTE;7
5;8;44321;NELSON NETO;UNIÃO;SUPLENTE;189
6;8;44321;NELSON NETO;UNIÃO;SUPLENTE;9
8;8;44321;NELSON NETO;UNIÃO;SUPLENTE;14
9;8;44321;NELSON NETO;UNIÃO;SUPLENTE;62
10;8;44321;NELSON NETO;UNIÃO;SUPLENTE;34
11;8;44321;NELSON NETO;UNIÃO;SUPLENTE;95
13;8;44321;NELSON NETO;UNIÃO;SUPLENTE;19
14;8;44321;NELSON NETO;UNIÃO;SUPLENTE;231
15;8;44321;NELSON NETO;UNIÃO;SUPLENTE;84
16;8;44321;NELSON NETO;UNIÃO;SUPLENTE;6
17;8;44321;NELSON NETO;UNIÃO;SUPLENTE;11
18;8;44321;NELSON NETO;UNIÃO;SUPLENTE;73
19;8;44321;NELSON NETO;UNIÃO;SUPLENTE;17
20;8;44321;NELSON NETO;UNIÃO;SUPLENTE;4
21;8;44321;NELSON NETO;UNIÃO;SUPLENTE;5
1;8;44333;PROFESSOR PACCO;UNIÃO;SUPLENTE;230
2;8;44333;PROFESSOR PACCO;UNIÃO;SUPLENTE;170
3;8;44333;PROFESSOR PACCO;UNIÃO;SUPLENTE;177
4;8;44333;PROFESSOR PACCO;UNIÃO;SUPLENTE;521
5;8;44333;PROFESSOR PACCO;UNIÃO;SUPLENTE;428
6;8;44333;PROFESSOR PACCO;UNIÃO;SUPLENTE;60
8;8;44333;PROFESSOR PACCO;UNIÃO;SUPLENTE;258
9;8;44333;PROFESSOR PACCO;UNIÃO;SUPLENTE;398
10;8;44333;PROFESSOR PACCO;UNIÃO;SUPLENTE;253
11;8;44333;PROFESSOR PACCO;UNIÃO;SUPLENTE;230
13;8;44333;PROFESSOR PACCO;UNIÃO;SUPLENTE;347
14;8;44333;PROFESSOR PACCO;UNIÃO;SUPLENTE;268
15;8;44333;PROFESSOR PACCO;UNIÃO;SUPLENTE;622
16;8;44333;PROFESSOR PACCO;UNIÃO;SUPLENTE;307
17;8;44333;PROFESSOR PACCO;UNIÃO;SUPLENTE;1881
18;8;44333;PROFESSOR PACCO;UNIÃO;SUPLENTE;140
19;8;44333;PROFESSOR PACCO;UNIÃO;SUPLENTE;352
20;8;44333;PROFESSOR PACCO;UNIÃO;SUPLENTE;216
21;8;44333;PROFESSOR PACCO;UNIÃO;SUPLENTE;270
1;8;44401;EDINÉZIO SANTOS;UNIÃO;SUPLENTE;3
2;8;44401;EDINÉZIO SANTOS;UNIÃO;SUPLENTE;3
3;8;44401;EDINÉZIO SANTOS;UNIÃO;SUPLENTE;39
4;8;44401;EDINÉZIO SANTOS;UNIÃO;SUPLENTE;39
5;8;44401;EDINÉZIO SANTOS;UNIÃO;SUPLENTE;42
6;8;44401;EDINÉZIO SANTOS;UNIÃO;SUPLENTE;11
8;8;44401;EDINÉZIO SANTOS;UNIÃO;SUPLENTE;68
9;8;44401;EDINÉZIO SANTOS;UNIÃO;SUPLENTE;47
10;8;44401;EDINÉZIO SANTOS;UNIÃO;SUPLENTE;53
11;8;44401;EDINÉZIO SANTOS;UNIÃO;SUPLENTE;7
13;8;44401;EDINÉZIO SANTOS;UNIÃO;SUPLENTE;538
14;8;44401;EDINÉZIO SANTOS;UNIÃO;SUPLENTE;5
15;8;44401;EDINÉZIO SANTOS;UNIÃO;SUPLENTE;65
16;8;44401;EDINÉZIO SANTOS;UNIÃO;SUPLENTE;37
17;8;44401;EDINÉZIO SANTOS;UNIÃO;SUPLENTE;14
18;8;44401;EDINÉZIO SANTOS;UNIÃO;SUPLENTE;10
19;8;44401;EDINÉZIO SANTOS;UNIÃO;SUPLENTE;48
20;8;44401;EDINÉZIO SANTOS;UNIÃO;SUPLENTE;34
21;8;44401;EDINÉZIO SANTOS;UNIÃO;SUPLENTE;309
1;8;44444;PEDRO IVO;UNIÃO;SUPLENTE;621
2;8;44444;PEDRO IVO;UNIÃO;SUPLENTE;299
3;8;44444;PEDRO IVO;UNIÃO;SUPLENTE;62
4;8;44444;PEDRO IVO;UNIÃO;SUPLENTE;91
5;8;44444;PEDRO IVO;UNIÃO;SUPLENTE;161
6;8;44444;PEDRO IVO;UNIÃO;SUPLENTE;44
8;8;44444;PEDRO IVO;UNIÃO;SUPLENTE;68
9;8;44444;PEDRO IVO;UNIÃO;SUPLENTE;264
10;8;44444;PEDRO IVO;UNIÃO;SUPLENTE;235
11;8;44444;PEDRO IVO;UNIÃO;SUPLENTE;468
13;8;44444;PEDRO IVO;UNIÃO;SUPLENTE;86
14;8;44444;PEDRO IVO;UNIÃO;SUPLENTE;832
15;8;44444;PEDRO IVO;UNIÃO;SUPLENTE;460
16;8;44444;PEDRO IVO;UNIÃO;SUPLENTE;77
17;8;44444;PEDRO IVO;UNIÃO;SUPLENTE;67
18;8;44444;PEDRO IVO;UNIÃO;SUPLENTE;536
19;8;44444;PEDRO IVO;UNIÃO;SUPLENTE;122
20;8;44444;PEDRO IVO;UNIÃO;SUPLENTE;74
21;8;44444;PEDRO IVO;UNIÃO;SUPLENTE;62
1;8;44555;JOÃO RENATO;UNIÃO;SUPLENTE;216
2;8;44555;JOÃO RENATO;UNIÃO;SUPLENTE;132
3;8;44555;JOÃO RENATO;UNIÃO;SUPLENTE;22
4;8;44555;JOÃO RENATO;UNIÃO;SUPLENTE;19
5;8;44555;JOÃO RENATO;UNIÃO;SUPLENTE;87
6;8;44555;JOÃO RENATO;UNIÃO;SUPLENTE;26
8;8;44555;JOÃO RENATO;UNIÃO;SUPLENTE;37
9;8;44555;JOÃO RENATO;UNIÃO;SUPLENTE;133
10;8;44555;JOÃO RENATO;UNIÃO;SUPLENTE;112
11;8;44555;JOÃO RENATO;UNIÃO;SUPLENTE;162
13;8;44555;JOÃO RENATO;UNIÃO;SUPLENTE;38
14;8;44555;JOÃO RENATO;UNIÃO;SUPLENTE;237
15;8;44555;JOÃO RENATO;UNIÃO;SUPLENTE;217
16;8;44555;JOÃO RENATO;UNIÃO;SUPLENTE;36
17;8;44555;JOÃO RENATO;UNIÃO;SUPLENTE;80
18;8;44555;JOÃO RENATO;UNIÃO;SUPLENTE;299
19;8;44555;JOÃO RENATO;UNIÃO;SUPLENTE;78
20;8;44555;JOÃO RENATO;UNIÃO;SUPLENTE;13
21;8;44555;JOÃO RENATO;UNIÃO;SUPLENTE;19
1;8;44566;MARIA ABADIA;UNIÃO;SUPLENTE;259
2;8;44566;MARIA ABADIA;UNIÃO;SUPLENTE;125
3;8;44566;MARIA ABADIA;UNIÃO;SUPLENTE;225
4;8;44566;MARIA ABADIA;UNIÃO;SUPLENTE;74
5;8;44566;MARIA ABADIA;UNIÃO;SUPLENTE;90
6;8;44566;MARIA ABADIA;UNIÃO;SUPLENTE;95
8;8;44566;MARIA ABADIA;UNIÃO;SUPLENTE;1270
9;8;44566;MARIA ABADIA;UNIÃO;SUPLENTE;373
10;8;44566;MARIA ABADIA;UNIÃO;SUPLENTE;241
11;8;44566;MARIA ABADIA;UNIÃO;SUPLENTE;136
13;8;44566;MARIA ABADIA;UNIÃO;SUPLENTE;237
14;8;44566;MARIA ABADIA;UNIÃO;SUPLENTE;218
15;8;44566;MARIA ABADIA;UNIÃO;SUPLENTE;323
16;8;44566;MARIA ABADIA;UNIÃO;SUPLENTE;931
17;8;44566;MARIA ABADIA;UNIÃO;SUPLENTE;88
18;8;44566;MARIA ABADIA;UNIÃO;SUPLENTE;184
19;8;44566;MARIA ABADIA;UNIÃO;SUPLENTE;322
20;8;44566;MARIA ABADIA;UNIÃO;SUPLENTE;617
21;8;44566;MARIA ABADIA;UNIÃO;SUPLENTE;198
1;8;44567;REBECA GUSMÃO;UNIÃO;SUPLENTE;79
2;8;44567;REBECA GUSMÃO;UNIÃO;SUPLENTE;34
3;8;44567;REBECA GUSMÃO;UNIÃO;SUPLENTE;52
4;8;44567;REBECA GUSMÃO;UNIÃO;SUPLENTE;30
5;8;44567;REBECA GUSMÃO;UNIÃO;SUPLENTE;52
6;8;44567;REBECA GUSMÃO;UNIÃO;SUPLENTE;13
8;8;44567;REBECA GUSMÃO;UNIÃO;SUPLENTE;137
9;8;44567;REBECA GUSMÃO;UNIÃO;SUPLENTE;155
10;8;44567;REBECA GUSMÃO;UNIÃO;SUPLENTE;85
11;8;44567;REBECA GUSMÃO;UNIÃO;SUPLENTE;84
13;8;44567;REBECA GUSMÃO;UNIÃO;SUPLENTE;60
14;8;44567;REBECA GUSMÃO;UNIÃO;SUPLENTE;117
15;8;44567;REBECA GUSMÃO;UNIÃO;SUPLENTE;94
16;8;44567;REBECA GUSMÃO;UNIÃO;SUPLENTE;71
17;8;44567;REBECA GUSMÃO;UNIÃO;SUPLENTE;57
18;8;44567;REBECA GUSMÃO;UNIÃO;SUPLENTE;80
19;8;44567;REBECA GUSMÃO;UNIÃO;SUPLENTE;55
20;8;44567;REBECA GUSMÃO;UNIÃO;SUPLENTE;60
21;8;44567;REBECA GUSMÃO;UNIÃO;SUPLENTE;63
1;8;44777;ALLAN FREIRE;UNIÃO;SUPLENTE;54
2;8;44777;ALLAN FREIRE;UNIÃO;SUPLENTE;28
3;8;44777;ALLAN FREIRE;UNIÃO;SUPLENTE;24
4;8;44777;ALLAN FREIRE;UNIÃO;SUPLENTE;108
5;8;44777;ALLAN FREIRE;UNIÃO;SUPLENTE;16
6;8;44777;ALLAN FREIRE;UNIÃO;SUPLENTE;13
8;8;44777;ALLAN FREIRE;UNIÃO;SUPLENTE;23
9;8;44777;ALLAN FREIRE;UNIÃO;SUPLENTE;74
10;8;44777;ALLAN FREIRE;UNIÃO;SUPLENTE;133
11;8;44777;ALLAN FREIRE;UNIÃO;SUPLENTE;52
13;8;44777;ALLAN FREIRE;UNIÃO;SUPLENTE;56
14;8;44777;ALLAN FREIRE;UNIÃO;SUPLENTE;35
15;8;44777;ALLAN FREIRE;UNIÃO;SUPLENTE;127
16;8;44777;ALLAN FREIRE;UNIÃO;SUPLENTE;34
17;8;44777;ALLAN FREIRE;UNIÃO;SUPLENTE;1198
18;8;44777;ALLAN FREIRE;UNIÃO;SUPLENTE;36
19;8;44777;ALLAN FREIRE;UNIÃO;SUPLENTE;56
20;8;44777;ALLAN FREIRE;UNIÃO;SUPLENTE;16
21;8;44777;ALLAN FREIRE;UNIÃO;SUPLENTE;42
1;8;44910;DANY CATUNDA;UNIÃO;SUPLENTE;18
2;8;44910;DANY CATUNDA;UNIÃO;SUPLENTE;22
3;8;44910;DANY CATUNDA;UNIÃO;SUPLENTE;24
4;8;44910;DANY CATUNDA;UNIÃO;SUPLENTE;21
5;8;44910;DANY CATUNDA;UNIÃO;SUPLENTE;19
6;8;44910;DANY CATUNDA;UNIÃO;SUPLENTE;24
8;8;44910;DANY CATUNDA;UNIÃO;SUPLENTE;27
9;8;44910;DANY CATUNDA;UNIÃO;SUPLENTE;41
10;8;44910;DANY CATUNDA;UNIÃO;SUPLENTE;52
11;8;44910;DANY CATUNDA;UNIÃO;SUPLENTE;19
13;8;44910;DANY CATUNDA;UNIÃO;SUPLENTE;38
14;8;44910;DANY CATUNDA;UNIÃO;SUPLENTE;24
15;8;44910;DANY CATUNDA;UNIÃO;SUPLENTE;44
16;8;44910;DANY CATUNDA;UNIÃO;SUPLENTE;40
17;8;44910;DANY CATUNDA;UNIÃO;SUPLENTE;26
18;8;44910;DANY CATUNDA;UNIÃO;SUPLENTE;38
19;8;44910;DANY CATUNDA;UNIÃO;SUPLENTE;26
20;8;44910;DANY CATUNDA;UNIÃO;SUPLENTE;10
21;8;44910;DANY CATUNDA;UNIÃO;SUPLENTE;21
1;8;45000;CRÍCIA CANTORA DE PENTECOSTES;PSDB;SUPLENTE;168
2;8;45000;CRÍCIA CANTORA DE PENTECOSTES;PSDB;SUPLENTE;182
3;8;45000;CRÍCIA CANTORA DE PENTECOSTES;PSDB;SUPLENTE;403
4;8;45000;CRÍCIA CANTORA DE PENTECOSTES;PSDB;SUPLENTE;280
5;8;45000;CRÍCIA CANTORA DE PENTECOSTES;PSDB;SUPLENTE;243
6;8;45000;CRÍCIA CANTORA DE PENTECOSTES;PSDB;SUPLENTE;133
8;8;45000;CRÍCIA CANTORA DE PENTECOSTES;PSDB;SUPLENTE;786
9;8;45000;CRÍCIA CANTORA DE PENTECOSTES;PSDB;SUPLENTE;567
10;8;45000;CRÍCIA CANTORA DE PENTECOSTES;PSDB;SUPLENTE;586
11;8;45000;CRÍCIA CANTORA DE PENTECOSTES;PSDB;SUPLENTE;146
13;8;45000;CRÍCIA CANTORA DE PENTECOSTES;PSDB;SUPLENTE;1157
14;8;45000;CRÍCIA CANTORA DE PENTECOSTES;PSDB;SUPLENTE;225
15;8;45000;CRÍCIA CANTORA DE PENTECOSTES;PSDB;SUPLENTE;835
16;8;45000;CRÍCIA CANTORA DE PENTECOSTES;PSDB;SUPLENTE;848
17;8;45000;CRÍCIA CANTORA DE PENTECOSTES;PSDB;SUPLENTE;258
18;8;45000;CRÍCIA CANTORA DE PENTECOSTES;PSDB;SUPLENTE;196
19;8;45000;CRÍCIA CANTORA DE PENTECOSTES;PSDB;SUPLENTE;757
20;8;45000;CRÍCIA CANTORA DE PENTECOSTES;PSDB;SUPLENTE;536
21;8;45000;CRÍCIA CANTORA DE PENTECOSTES;PSDB;SUPLENTE;946
1;8;45026;MIGUEL DA 26;PSDB;SUPLENTE;23
2;8;45026;MIGUEL DA 26;PSDB;SUPLENTE;53
3;8;45026;MIGUEL DA 26;PSDB;SUPLENTE;306
4;8;45026;MIGUEL DA 26;PSDB;SUPLENTE;28
5;8;45026;MIGUEL DA 26;PSDB;SUPLENTE;36
6;8;45026;MIGUEL DA 26;PSDB;SUPLENTE;27
8;8;45026;MIGUEL DA 26;PSDB;SUPLENTE;386
9;8;45026;MIGUEL DA 26;PSDB;SUPLENTE;271
10;8;45026;MIGUEL DA 26;PSDB;SUPLENTE;81
11;8;45026;MIGUEL DA 26;PSDB;SUPLENTE;55
13;8;45026;MIGUEL DA 26;PSDB;SUPLENTE;232
14;8;45026;MIGUEL DA 26;PSDB;SUPLENTE;40
15;8;45026;MIGUEL DA 26;PSDB;SUPLENTE;345
16;8;45026;MIGUEL DA 26;PSDB;SUPLENTE;445
17;8;45026;MIGUEL DA 26;PSDB;SUPLENTE;26
18;8;45026;MIGUEL DA 26;PSDB;SUPLENTE;30
19;8;45026;MIGUEL DA 26;PSDB;SUPLENTE;1603
20;8;45026;MIGUEL DA 26;PSDB;SUPLENTE;133
21;8;45026;MIGUEL DA 26;PSDB;SUPLENTE;132
1;8;45100;SÉRGIO IZALCI;PSDB;SUPLENTE;145
2;8;45100;SÉRGIO IZALCI;PSDB;SUPLENTE;71
3;8;45100;SÉRGIO IZALCI;PSDB;SUPLENTE;66
4;8;45100;SÉRGIO IZALCI;PSDB;SUPLENTE;30
5;8;45100;SÉRGIO IZALCI;PSDB;SUPLENTE;71
6;8;45100;SÉRGIO IZALCI;PSDB;SUPLENTE;47
8;8;45100;SÉRGIO IZALCI;PSDB;SUPLENTE;44
9;8;45100;SÉRGIO IZALCI;PSDB;SUPLENTE;314
10;8;45100;SÉRGIO IZALCI;PSDB;SUPLENTE;137
11;8;45100;SÉRGIO IZALCI;PSDB;SUPLENTE;114
13;8;45100;SÉRGIO IZALCI;PSDB;SUPLENTE;98
14;8;45100;SÉRGIO IZALCI;PSDB;SUPLENTE;175
15;8;45100;SÉRGIO IZALCI;PSDB;SUPLENTE;177
16;8;45100;SÉRGIO IZALCI;PSDB;SUPLENTE;62
17;8;45100;SÉRGIO IZALCI;PSDB;SUPLENTE;62
18;8;45100;SÉRGIO IZALCI;PSDB;SUPLENTE;217
19;8;45100;SÉRGIO IZALCI;PSDB;SUPLENTE;81
20;8;45100;SÉRGIO IZALCI;PSDB;SUPLENTE;36
21;8;45100;SÉRGIO IZALCI;PSDB;SUPLENTE;49
1;8;45101;PROFESSORA LUCIMAR CORDEIRO;PSDB;SUPLENTE;38
2;8;45101;PROFESSORA LUCIMAR CORDEIRO;PSDB;SUPLENTE;913
3;8;45101;PROFESSORA LUCIMAR CORDEIRO;PSDB;SUPLENTE;92
4;8;45101;PROFESSORA LUCIMAR CORDEIRO;PSDB;SUPLENTE;28
5;8;45101;PROFESSORA LUCIMAR CORDEIRO;PSDB;SUPLENTE;177
6;8;45101;PROFESSORA LUCIMAR CORDEIRO;PSDB;SUPLENTE;139
8;8;45101;PROFESSORA LUCIMAR CORDEIRO;PSDB;SUPLENTE;67
9;8;45101;PROFESSORA LUCIMAR CORDEIRO;PSDB;SUPLENTE;207
10;8;45101;PROFESSORA LUCIMAR CORDEIRO;PSDB;SUPLENTE;55
11;8;45101;PROFESSORA LUCIMAR CORDEIRO;PSDB;SUPLENTE;33
13;8;45101;PROFESSORA LUCIMAR CORDEIRO;PSDB;SUPLENTE;74
14;8;45101;PROFESSORA LUCIMAR CORDEIRO;PSDB;SUPLENTE;68
15;8;45101;PROFESSORA LUCIMAR CORDEIRO;PSDB;SUPLENTE;100
16;8;45101;PROFESSORA LUCIMAR CORDEIRO;PSDB;SUPLENTE;48
17;8;45101;PROFESSORA LUCIMAR CORDEIRO;PSDB;SUPLENTE;34
18;8;45101;PROFESSORA LUCIMAR CORDEIRO;PSDB;SUPLENTE;180
19;8;45101;PROFESSORA LUCIMAR CORDEIRO;PSDB;SUPLENTE;120
20;8;45101;PROFESSORA LUCIMAR CORDEIRO;PSDB;SUPLENTE;20
21;8;45101;PROFESSORA LUCIMAR CORDEIRO;PSDB;SUPLENTE;65
1;8;45123;AGENILDO NERI;PSDB;SUPLENTE;20
2;8;45123;AGENILDO NERI;PSDB;SUPLENTE;28
3;8;45123;AGENILDO NERI;PSDB;SUPLENTE;63
4;8;45123;AGENILDO NERI;PSDB;SUPLENTE;41
5;8;45123;AGENILDO NERI;PSDB;SUPLENTE;18
6;8;45123;AGENILDO NERI;PSDB;SUPLENTE;21
8;8;45123;AGENILDO NERI;PSDB;SUPLENTE;115
9;8;45123;AGENILDO NERI;PSDB;SUPLENTE;53
10;8;45123;AGENILDO NERI;PSDB;SUPLENTE;100
11;8;45123;AGENILDO NERI;PSDB;SUPLENTE;15
13;8;45123;AGENILDO NERI;PSDB;SUPLENTE;559
14;8;45123;AGENILDO NERI;PSDB;SUPLENTE;11
15;8;45123;AGENILDO NERI;PSDB;SUPLENTE;109
16;8;45123;AGENILDO NERI;PSDB;SUPLENTE;77
17;8;45123;AGENILDO NERI;PSDB;SUPLENTE;125
18;8;45123;AGENILDO NERI;PSDB;SUPLENTE;21
19;8;45123;AGENILDO NERI;PSDB;SUPLENTE;141
20;8;45123;AGENILDO NERI;PSDB;SUPLENTE;57
21;8;45123;AGENILDO NERI;PSDB;SUPLENTE;213
1;8;45222;MAX JAPÃO;PSDB;SUPLENTE;22
2;8;45222;MAX JAPÃO;PSDB;SUPLENTE;33
3;8;45222;MAX JAPÃO;PSDB;SUPLENTE;17
4;8;45222;MAX JAPÃO;PSDB;SUPLENTE;85
5;8;45222;MAX JAPÃO;PSDB;SUPLENTE;23
6;8;45222;MAX JAPÃO;PSDB;SUPLENTE;20
8;8;45222;MAX JAPÃO;PSDB;SUPLENTE;25
9;8;45222;MAX JAPÃO;PSDB;SUPLENTE;43
10;8;45222;MAX JAPÃO;PSDB;SUPLENTE;44
11;8;45222;MAX JAPÃO;PSDB;SUPLENTE;20
13;8;45222;MAX JAPÃO;PSDB;SUPLENTE;53
14;8;45222;MAX JAPÃO;PSDB;SUPLENTE;35
15;8;45222;MAX JAPÃO;PSDB;SUPLENTE;48
16;8;45222;MAX JAPÃO;PSDB;SUPLENTE;58
17;8;45222;MAX JAPÃO;PSDB;SUPLENTE;411
18;8;45222;MAX JAPÃO;PSDB;SUPLENTE;31
19;8;45222;MAX JAPÃO;PSDB;SUPLENTE;45
20;8;45222;MAX JAPÃO;PSDB;SUPLENTE;26
21;8;45222;MAX JAPÃO;PSDB;SUPLENTE;61
1;8;45456;ROGÉRIO EDUARDO;PSDB;SUPLENTE;7
2;8;45456;ROGÉRIO EDUARDO;PSDB;SUPLENTE;3
3;8;45456;ROGÉRIO EDUARDO;PSDB;SUPLENTE;37
4;8;45456;ROGÉRIO EDUARDO;PSDB;SUPLENTE;15
5;8;45456;ROGÉRIO EDUARDO;PSDB;SUPLENTE;4
6;8;45456;ROGÉRIO EDUARDO;PSDB;SUPLENTE;5
8;8;45456;ROGÉRIO EDUARDO;PSDB;SUPLENTE;18
9;8;45456;ROGÉRIO EDUARDO;PSDB;SUPLENTE;31
10;8;45456;ROGÉRIO EDUARDO;PSDB;SUPLENTE;60
11;8;45456;ROGÉRIO EDUARDO;PSDB;SUPLENTE;13
13;8;45456;ROGÉRIO EDUARDO;PSDB;SUPLENTE;89
14;8;45456;ROGÉRIO EDUARDO;PSDB;SUPLENTE;13
15;8;45456;ROGÉRIO EDUARDO;PSDB;SUPLENTE;779
16;8;45456;ROGÉRIO EDUARDO;PSDB;SUPLENTE;23
17;8;45456;ROGÉRIO EDUARDO;PSDB;SUPLENTE;18
18;8;45456;ROGÉRIO EDUARDO;PSDB;SUPLENTE;3
19;8;45456;ROGÉRIO EDUARDO;PSDB;SUPLENTE;65
20;8;45456;ROGÉRIO EDUARDO;PSDB;SUPLENTE;24
21;8;45456;ROGÉRIO EDUARDO;PSDB;SUPLENTE;59
1;8;45678;PROFESSOR NILSON;PSDB;SUPLENTE;11
2;8;45678;PROFESSOR NILSON;PSDB;SUPLENTE;5
3;8;45678;PROFESSOR NILSON;PSDB;SUPLENTE;19
4;8;45678;PROFESSOR NILSON;PSDB;SUPLENTE;13
5;8;45678;PROFESSOR NILSON;PSDB;SUPLENTE;17
6;8;45678;PROFESSOR NILSON;PSDB;SUPLENTE;11
8;8;45678;PROFESSOR NILSON;PSDB;SUPLENTE;30
9;8;45678;PROFESSOR NILSON;PSDB;SUPLENTE;31
10;8;45678;PROFESSOR NILSON;PSDB;SUPLENTE;15
11;8;45678;PROFESSOR NILSON;PSDB;SUPLENTE;20
13;8;45678;PROFESSOR NILSON;PSDB;SUPLENTE;19
14;8;45678;PROFESSOR NILSON;PSDB;SUPLENTE;14
15;8;45678;PROFESSOR NILSON;PSDB;SUPLENTE;125
16;8;45678;PROFESSOR NILSON;PSDB;SUPLENTE;1010
17;8;45678;PROFESSOR NILSON;PSDB;SUPLENTE;15
18;8;45678;PROFESSOR NILSON;PSDB;SUPLENTE;11
19;8;45678;PROFESSOR NILSON;PSDB;SUPLENTE;69
20;8;45678;PROFESSOR NILSON;PSDB;SUPLENTE;7
21;8;45678;PROFESSOR NILSON;PSDB;SUPLENTE;14
1;8;45777;DORA GOMES;PSDB;SUPLENTE;72
2;8;45777;DORA GOMES;PSDB;SUPLENTE;63
3;8;45777;DORA GOMES;PSDB;SUPLENTE;2
4;8;45777;DORA GOMES;PSDB;SUPLENTE;9
5;8;45777;DORA GOMES;PSDB;SUPLENTE;36
6;8;45777;DORA GOMES;PSDB;SUPLENTE;7
8;8;45777;DORA GOMES;PSDB;SUPLENTE;14
9;8;45777;DORA GOMES;PSDB;SUPLENTE;46
10;8;45777;DORA GOMES;PSDB;SUPLENTE;63
11;8;45777;DORA GOMES;PSDB;SUPLENTE;89
13;8;45777;DORA GOMES;PSDB;SUPLENTE;20
14;8;45777;DORA GOMES;PSDB;SUPLENTE;126
15;8;45777;DORA GOMES;PSDB;SUPLENTE;89
16;8;45777;DORA GOMES;PSDB;SUPLENTE;9
17;8;45777;DORA GOMES;PSDB;SUPLENTE;11
18;8;45777;DORA GOMES;PSDB;SUPLENTE;122
19;8;45777;DORA GOMES;PSDB;SUPLENTE;17
20;8;45777;DORA GOMES;PSDB;SUPLENTE;2
21;8;45777;DORA GOMES;PSDB;SUPLENTE;4
1;8;50000;SUSANA XAVIER - DONAS;PSOL;SUPLENTE;40
2;8;50000;SUSANA XAVIER - DONAS;PSOL;SUPLENTE;41
3;8;50000;SUSANA XAVIER - DONAS;PSOL;SUPLENTE;27
4;8;50000;SUSANA XAVIER - DONAS;PSOL;SUPLENTE;14
5;8;50000;SUSANA XAVIER - DONAS;PSOL;SUPLENTE;22
6;8;50000;SUSANA XAVIER - DONAS;PSOL;SUPLENTE;14
8;8;50000;SUSANA XAVIER - DONAS;PSOL;SUPLENTE;149
9;8;50000;SUSANA XAVIER - DONAS;PSOL;SUPLENTE;47
10;8;50000;SUSANA XAVIER - DONAS;PSOL;SUPLENTE;46
11;8;50000;SUSANA XAVIER - DONAS;PSOL;SUPLENTE;44
13;8;50000;SUSANA XAVIER - DONAS;PSOL;SUPLENTE;28
14;8;50000;SUSANA XAVIER - DONAS;PSOL;SUPLENTE;96
15;8;50000;SUSANA XAVIER - DONAS;PSOL;SUPLENTE;61
16;8;50000;SUSANA XAVIER - DONAS;PSOL;SUPLENTE;83
17;8;50000;SUSANA XAVIER - DONAS;PSOL;SUPLENTE;29
18;8;50000;SUSANA XAVIER - DONAS;PSOL;SUPLENTE;41
19;8;50000;SUSANA XAVIER - DONAS;PSOL;SUPLENTE;39
20;8;50000;SUSANA XAVIER - DONAS;PSOL;SUPLENTE;53
21;8;50000;SUSANA XAVIER - DONAS;PSOL;SUPLENTE;27
1;8;50005;RITA ANDRADE;PSOL;SUPLENTE;123
2;8;50005;RITA ANDRADE;PSOL;SUPLENTE;83
3;8;50005;RITA ANDRADE;PSOL;SUPLENTE;7
4;8;50005;RITA ANDRADE;PSOL;SUPLENTE;4
5;8;50005;RITA ANDRADE;PSOL;SUPLENTE;97
6;8;50005;RITA ANDRADE;PSOL;SUPLENTE;22
8;8;50005;RITA ANDRADE;PSOL;SUPLENTE;7
9;8;50005;RITA ANDRADE;PSOL;SUPLENTE;44
10;8;50005;RITA ANDRADE;PSOL;SUPLENTE;51
11;8;50005;RITA ANDRADE;PSOL;SUPLENTE;69
13;8;50005;RITA ANDRADE;PSOL;SUPLENTE;9
14;8;50005;RITA ANDRADE;PSOL;SUPLENTE;208
15;8;50005;RITA ANDRADE;PSOL;SUPLENTE;43
16;8;50005;RITA ANDRADE;PSOL;SUPLENTE;6
17;8;50005;RITA ANDRADE;PSOL;SUPLENTE;11
18;8;50005;RITA ANDRADE;PSOL;SUPLENTE;111
19;8;50005;RITA ANDRADE;PSOL;SUPLENTE;22
20;8;50005;RITA ANDRADE;PSOL;SUPLENTE;4
21;8;50005;RITA ANDRADE;PSOL;SUPLENTE;13
1;8;50013;DERSON MAIIA;PSOL;SUPLENTE;57
2;8;50013;DERSON MAIIA;PSOL;SUPLENTE;22
3;8;50013;DERSON MAIIA;PSOL;SUPLENTE;17
4;8;50013;DERSON MAIIA;PSOL;SUPLENTE;13
5;8;50013;DERSON MAIIA;PSOL;SUPLENTE;55
6;8;50013;DERSON MAIIA;PSOL;SUPLENTE;10
8;8;50013;DERSON MAIIA;PSOL;SUPLENTE;9
9;8;50013;DERSON MAIIA;PSOL;SUPLENTE;74
10;8;50013;DERSON MAIIA;PSOL;SUPLENTE;16
11;8;50013;DERSON MAIIA;PSOL;SUPLENTE;33
13;8;50013;DERSON MAIIA;PSOL;SUPLENTE;12
14;8;50013;DERSON MAIIA;PSOL;SUPLENTE;84
15;8;50013;DERSON MAIIA;PSOL;SUPLENTE;68
16;8;50013;DERSON MAIIA;PSOL;SUPLENTE;8
17;8;50013;DERSON MAIIA;PSOL;SUPLENTE;16
18;8;50013;DERSON MAIIA;PSOL;SUPLENTE;35
19;8;50013;DERSON MAIIA;PSOL;SUPLENTE;11
20;8;50013;DERSON MAIIA;PSOL;SUPLENTE;3
21;8;50013;DERSON MAIIA;PSOL;SUPLENTE;21
1;8;50016;JULIANA DE FREITAS;PSOL;SUPLENTE;6
2;8;50016;JULIANA DE FREITAS;PSOL;SUPLENTE;2
3;8;50016;JULIANA DE FREITAS;PSOL;SUPLENTE;11
4;8;50016;JULIANA DE FREITAS;PSOL;SUPLENTE;6
5;8;50016;JULIANA DE FREITAS;PSOL;SUPLENTE;12
6;8;50016;JULIANA DE FREITAS;PSOL;SUPLENTE;1
8;8;50016;JULIANA DE FREITAS;PSOL;SUPLENTE;12
9;8;50016;JULIANA DE FREITAS;PSOL;SUPLENTE;10
10;8;50016;JULIANA DE FREITAS;PSOL;SUPLENTE;5
11;8;50016;JULIANA DE FREITAS;PSOL;SUPLENTE;6
13;8;50016;JULIANA DE FREITAS;PSOL;SUPLENTE;52
14;8;50016;JULIANA DE FREITAS;PSOL;SUPLENTE;12
15;8;50016;JULIANA DE FREITAS;PSOL;SUPLENTE;15
16;8;50016;JULIANA DE FREITAS;PSOL;SUPLENTE;10
17;8;50016;JULIANA DE FREITAS;PSOL;SUPLENTE;9
18;8;50016;JULIANA DE FREITAS;PSOL;SUPLENTE;6
19;8;50016;JULIANA DE FREITAS;PSOL;SUPLENTE;18
20;8;50016;JULIANA DE FREITAS;PSOL;SUPLENTE;37
21;8;50016;JULIANA DE FREITAS;PSOL;SUPLENTE;14
1;8;50044;TALITA VICTOR;PSOL;SUPLENTE;539
2;8;50044;TALITA VICTOR;PSOL;SUPLENTE;284
3;8;50044;TALITA VICTOR;PSOL;SUPLENTE;95
4;8;50044;TALITA VICTOR;PSOL;SUPLENTE;99
5;8;50044;TALITA VICTOR;PSOL;SUPLENTE;189
6;8;50044;TALITA VICTOR;PSOL;SUPLENTE;77
8;8;50044;TALITA VICTOR;PSOL;SUPLENTE;67
9;8;50044;TALITA VICTOR;PSOL;SUPLENTE;398
10;8;50044;TALITA VICTOR;PSOL;SUPLENTE;201
11;8;50044;TALITA VICTOR;PSOL;SUPLENTE;421
13;8;50044;TALITA VICTOR;PSOL;SUPLENTE;119
14;8;50044;TALITA VICTOR;PSOL;SUPLENTE;975
15;8;50044;TALITA VICTOR;PSOL;SUPLENTE;490
16;8;50044;TALITA VICTOR;PSOL;SUPLENTE;70
17;8;50044;TALITA VICTOR;PSOL;SUPLENTE;106
18;8;50044;TALITA VICTOR;PSOL;SUPLENTE;416
19;8;50044;TALITA VICTOR;PSOL;SUPLENTE;196
20;8;50044;TALITA VICTOR;PSOL;SUPLENTE;58
21;8;50044;TALITA VICTOR;PSOL;SUPLENTE;65
1;8;50050;MARIVALDO PEREIRA;PSOL;SUPLENTE;1027
2;8;50050;MARIVALDO PEREIRA;PSOL;SUPLENTE;597
3;8;50050;MARIVALDO PEREIRA;PSOL;SUPLENTE;165
4;8;50050;MARIVALDO PEREIRA;PSOL;SUPLENTE;94
5;8;50050;MARIVALDO PEREIRA;PSOL;SUPLENTE;455
6;8;50050;MARIVALDO PEREIRA;PSOL;SUPLENTE;1399
8;8;50050;MARIVALDO PEREIRA;PSOL;SUPLENTE;255
9;8;50050;MARIVALDO PEREIRA;PSOL;SUPLENTE;491
10;8;50050;MARIVALDO PEREIRA;PSOL;SUPLENTE;278
11;8;50050;MARIVALDO PEREIRA;PSOL;SUPLENTE;664
13;8;50050;MARIVALDO PEREIRA;PSOL;SUPLENTE;234
14;8;50050;MARIVALDO PEREIRA;PSOL;SUPLENTE;1711
15;8;50050;MARIVALDO PEREIRA;PSOL;SUPLENTE;603
16;8;50050;MARIVALDO PEREIRA;PSOL;SUPLENTE;177
17;8;50050;MARIVALDO PEREIRA;PSOL;SUPLENTE;193
18;8;50050;MARIVALDO PEREIRA;PSOL;SUPLENTE;601
19;8;50050;MARIVALDO PEREIRA;PSOL;SUPLENTE;174
20;8;50050;MARIVALDO PEREIRA;PSOL;SUPLENTE;165
21;8;50050;MARIVALDO PEREIRA;PSOL;SUPLENTE;129
1;8;50100;MAX MACIEL;PSOL;ELEITO POR MÉDIA;1750
2;8;50100;MAX MACIEL;PSOL;ELEITO POR MÉDIA;1158
3;8;50100;MAX MACIEL;PSOL;ELEITO POR MÉDIA;1637
4;8;50100;MAX MACIEL;PSOL;ELEITO POR MÉDIA;702
5;8;50100;MAX MACIEL;PSOL;ELEITO POR MÉDIA;1391
6;8;50100;MAX MACIEL;PSOL;ELEITO POR MÉDIA;683
8;8;50100;MAX MACIEL;PSOL;ELEITO POR MÉDIA;3578
9;8;50100;MAX MACIEL;PSOL;ELEITO POR MÉDIA;2294
10;8;50100;MAX MACIEL;PSOL;ELEITO POR MÉDIA;1666
11;8;50100;MAX MACIEL;PSOL;ELEITO POR MÉDIA;1361
13;8;50100;MAX MACIEL;PSOL;ELEITO POR MÉDIA;1717
14;8;50100;MAX MACIEL;PSOL;ELEITO POR MÉDIA;2802
15;8;50100;MAX MACIEL;PSOL;ELEITO POR MÉDIA;3584
16;8;50100;MAX MACIEL;PSOL;ELEITO POR MÉDIA;2450
17;8;50100;MAX MACIEL;PSOL;ELEITO POR MÉDIA;1510
18;8;50100;MAX MACIEL;PSOL;ELEITO POR MÉDIA;1576
19;8;50100;MAX MACIEL;PSOL;ELEITO POR MÉDIA;2384
20;8;50100;MAX MACIEL;PSOL;ELEITO POR MÉDIA;2276
21;8;50100;MAX MACIEL;PSOL;ELEITO POR MÉDIA;1239
1;8;50123;FÁBIO FELIX;PSOL;ELEITO POR QP;4228
2;8;50123;FÁBIO FELIX;PSOL;ELEITO POR QP;2826
3;8;50123;FÁBIO FELIX;PSOL;ELEITO POR QP;1234
4;8;50123;FÁBIO FELIX;PSOL;ELEITO POR QP;989
5;8;50123;FÁBIO FELIX;PSOL;ELEITO POR QP;3305
6;8;50123;FÁBIO FELIX;PSOL;ELEITO POR QP;1690
8;8;50123;FÁBIO FELIX;PSOL;ELEITO POR QP;1553
9;8;50123;FÁBIO FELIX;PSOL;ELEITO POR QP;4337
10;8;50123;FÁBIO FELIX;PSOL;ELEITO POR QP;2534
11;8;50123;FÁBIO FELIX;PSOL;ELEITO POR QP;3542
13;8;50123;FÁBIO FELIX;PSOL;ELEITO POR QP;1788
14;8;50123;FÁBIO FELIX;PSOL;ELEITO POR QP;7232
15;8;50123;FÁBIO FELIX;PSOL;ELEITO POR QP;5760
16;8;50123;FÁBIO FELIX;PSOL;ELEITO POR QP;1211
17;8;50123;FÁBIO FELIX;PSOL;ELEITO POR QP;1978
18;8;50123;FÁBIO FELIX;PSOL;ELEITO POR QP;3135
19;8;50123;FÁBIO FELIX;PSOL;ELEITO POR QP;2340
20;8;50123;FÁBIO FELIX;PSOL;ELEITO POR QP;906
21;8;50123;FÁBIO FELIX;PSOL;ELEITO POR QP;1204
1;8;50160;ÂNGELO BALBINO;PSOL;SUPLENTE;1
2;8;50160;ÂNGELO BALBINO;PSOL;SUPLENTE;1
3;8;50160;ÂNGELO BALBINO;PSOL;SUPLENTE;2
4;8;50160;ÂNGELO BALBINO;PSOL;SUPLENTE;17
5;8;50160;ÂNGELO BALBINO;PSOL;SUPLENTE;0
6;8;50160;ÂNGELO BALBINO;PSOL;SUPLENTE;2
8;8;50160;ÂNGELO BALBINO;PSOL;SUPLENTE;3
9;8;50160;ÂNGELO BALBINO;PSOL;SUPLENTE;3
10;8;50160;ÂNGELO BALBINO;PSOL;SUPLENTE;3
11;8;50160;ÂNGELO BALBINO;PSOL;SUPLENTE;3
13;8;50160;ÂNGELO BALBINO;PSOL;SUPLENTE;1
14;8;50160;ÂNGELO BALBINO;PSOL;SUPLENTE;3
15;8;50160;ÂNGELO BALBINO;PSOL;SUPLENTE;5
16;8;50160;ÂNGELO BALBINO;PSOL;SUPLENTE;0
17;8;50160;ÂNGELO BALBINO;PSOL;SUPLENTE;2
18;8;50160;ÂNGELO BALBINO;PSOL;SUPLENTE;0
19;8;50160;ÂNGELO BALBINO;PSOL;SUPLENTE;6
20;8;50160;ÂNGELO BALBINO;PSOL;SUPLENTE;5
21;8;50160;ÂNGELO BALBINO;PSOL;SUPLENTE;0
1;8;50180;LUDMILA SUAID;PSOL;SUPLENTE;166
2;8;50180;LUDMILA SUAID;PSOL;SUPLENTE;68
3;8;50180;LUDMILA SUAID;PSOL;SUPLENTE;38
4;8;50180;LUDMILA SUAID;PSOL;SUPLENTE;11
5;8;50180;LUDMILA SUAID;PSOL;SUPLENTE;54
6;8;50180;LUDMILA SUAID;PSOL;SUPLENTE;12
8;8;50180;LUDMILA SUAID;PSOL;SUPLENTE;42
9;8;50180;LUDMILA SUAID;PSOL;SUPLENTE;81
10;8;50180;LUDMILA SUAID;PSOL;SUPLENTE;51
11;8;50180;LUDMILA SUAID;PSOL;SUPLENTE;115
13;8;50180;LUDMILA SUAID;PSOL;SUPLENTE;39
14;8;50180;LUDMILA SUAID;PSOL;SUPLENTE;205
15;8;50180;LUDMILA SUAID;PSOL;SUPLENTE;181
16;8;50180;LUDMILA SUAID;PSOL;SUPLENTE;24
17;8;50180;LUDMILA SUAID;PSOL;SUPLENTE;10
18;8;50180;LUDMILA SUAID;PSOL;SUPLENTE;59
19;8;50180;LUDMILA SUAID;PSOL;SUPLENTE;67
20;8;50180;LUDMILA SUAID;PSOL;SUPLENTE;29
21;8;50180;LUDMILA SUAID;PSOL;SUPLENTE;28
1;8;50300;ITAMAR OLIVEIRA;PSOL;SUPLENTE;1
2;8;50300;ITAMAR OLIVEIRA;PSOL;SUPLENTE;0
3;8;50300;ITAMAR OLIVEIRA;PSOL;SUPLENTE;10
4;8;50300;ITAMAR OLIVEIRA;PSOL;SUPLENTE;7
5;8;50300;ITAMAR OLIVEIRA;PSOL;SUPLENTE;0
6;8;50300;ITAMAR OLIVEIRA;PSOL;SUPLENTE;2
8;8;50300;ITAMAR OLIVEIRA;PSOL;SUPLENTE;67
9;8;50300;ITAMAR OLIVEIRA;PSOL;SUPLENTE;4
10;8;50300;ITAMAR OLIVEIRA;PSOL;SUPLENTE;2
11;8;50300;ITAMAR OLIVEIRA;PSOL;SUPLENTE;2
13;8;50300;ITAMAR OLIVEIRA;PSOL;SUPLENTE;5
14;8;50300;ITAMAR OLIVEIRA;PSOL;SUPLENTE;2
15;8;50300;ITAMAR OLIVEIRA;PSOL;SUPLENTE;2
16;8;50300;ITAMAR OLIVEIRA;PSOL;SUPLENTE;27
17;8;50300;ITAMAR OLIVEIRA;PSOL;SUPLENTE;0
18;8;50300;ITAMAR OLIVEIRA;PSOL;SUPLENTE;0
19;8;50300;ITAMAR OLIVEIRA;PSOL;SUPLENTE;4
20;8;50300;ITAMAR OLIVEIRA;PSOL;SUPLENTE;12
21;8;50300;ITAMAR OLIVEIRA;PSOL;SUPLENTE;2
1;8;50333;AIRY CLO DE MULHERES INDÍGENAS;PSOL;SUPLENTE;206
2;8;50333;AIRY CLO DE MULHERES INDÍGENAS;PSOL;SUPLENTE;136
3;8;50333;AIRY CLO DE MULHERES INDÍGENAS;PSOL;SUPLENTE;31
4;8;50333;AIRY CLO DE MULHERES INDÍGENAS;PSOL;SUPLENTE;31
5;8;50333;AIRY CLO DE MULHERES INDÍGENAS;PSOL;SUPLENTE;131
6;8;50333;AIRY CLO DE MULHERES INDÍGENAS;PSOL;SUPLENTE;23
8;8;50333;AIRY CLO DE MULHERES INDÍGENAS;PSOL;SUPLENTE;36
9;8;50333;AIRY CLO DE MULHERES INDÍGENAS;PSOL;SUPLENTE;138
10;8;50333;AIRY CLO DE MULHERES INDÍGENAS;PSOL;SUPLENTE;90
11;8;50333;AIRY CLO DE MULHERES INDÍGENAS;PSOL;SUPLENTE;125
13;8;50333;AIRY CLO DE MULHERES INDÍGENAS;PSOL;SUPLENTE;60
14;8;50333;AIRY CLO DE MULHERES INDÍGENAS;PSOL;SUPLENTE;383
15;8;50333;AIRY CLO DE MULHERES INDÍGENAS;PSOL;SUPLENTE;210
16;8;50333;AIRY CLO DE MULHERES INDÍGENAS;PSOL;SUPLENTE;43
17;8;50333;AIRY CLO DE MULHERES INDÍGENAS;PSOL;SUPLENTE;76
18;8;50333;AIRY CLO DE MULHERES INDÍGENAS;PSOL;SUPLENTE;158
19;8;50333;AIRY CLO DE MULHERES INDÍGENAS;PSOL;SUPLENTE;69
20;8;50333;AIRY CLO DE MULHERES INDÍGENAS;PSOL;SUPLENTE;20
21;8;50333;AIRY CLO DE MULHERES INDÍGENAS;PSOL;SUPLENTE;33
1;8;50400;FLAVÃO CERRATENSE;PSOL;SUPLENTE;33
2;8;50400;FLAVÃO CERRATENSE;PSOL;SUPLENTE;34
3;8;50400;FLAVÃO CERRATENSE;PSOL;SUPLENTE;9
4;8;50400;FLAVÃO CERRATENSE;PSOL;SUPLENTE;7
5;8;50400;FLAVÃO CERRATENSE;PSOL;SUPLENTE;43
6;8;50400;FLAVÃO CERRATENSE;PSOL;SUPLENTE;27
8;8;50400;FLAVÃO CERRATENSE;PSOL;SUPLENTE;7
9;8;50400;FLAVÃO CERRATENSE;PSOL;SUPLENTE;17
10;8;50400;FLAVÃO CERRATENSE;PSOL;SUPLENTE;10
11;8;50400;FLAVÃO CERRATENSE;PSOL;SUPLENTE;27
13;8;50400;FLAVÃO CERRATENSE;PSOL;SUPLENTE;12
14;8;50400;FLAVÃO CERRATENSE;PSOL;SUPLENTE;99
15;8;50400;FLAVÃO CERRATENSE;PSOL;SUPLENTE;35
16;8;50400;FLAVÃO CERRATENSE;PSOL;SUPLENTE;203
17;8;50400;FLAVÃO CERRATENSE;PSOL;SUPLENTE;4
18;8;50400;FLAVÃO CERRATENSE;PSOL;SUPLENTE;30
19;8;50400;FLAVÃO CERRATENSE;PSOL;SUPLENTE;26
20;8;50400;FLAVÃO CERRATENSE;PSOL;SUPLENTE;7
21;8;50400;FLAVÃO CERRATENSE;PSOL;SUPLENTE;8
1;8;50420;JUAN RICTHELLY;PSOL;SUPLENTE;13
2;8;50420;JUAN RICTHELLY;PSOL;SUPLENTE;1
3;8;50420;JUAN RICTHELLY;PSOL;SUPLENTE;2
4;8;50420;JUAN RICTHELLY;PSOL;SUPLENTE;37
5;8;50420;JUAN RICTHELLY;PSOL;SUPLENTE;2
6;8;50420;JUAN RICTHELLY;PSOL;SUPLENTE;0
8;8;50420;JUAN RICTHELLY;PSOL;SUPLENTE;2
9;8;50420;JUAN RICTHELLY;PSOL;SUPLENTE;8
10;8;50420;JUAN RICTHELLY;PSOL;SUPLENTE;14
11;8;50420;JUAN RICTHELLY;PSOL;SUPLENTE;2
13;8;50420;JUAN RICTHELLY;PSOL;SUPLENTE;8
14;8;50420;JUAN RICTHELLY;PSOL;SUPLENTE;12
15;8;50420;JUAN RICTHELLY;PSOL;SUPLENTE;10
16;8;50420;JUAN RICTHELLY;PSOL;SUPLENTE;5
17;8;50420;JUAN RICTHELLY;PSOL;SUPLENTE;219
18;8;50420;JUAN RICTHELLY;PSOL;SUPLENTE;6
19;8;50420;JUAN RICTHELLY;PSOL;SUPLENTE;9
20;8;50420;JUAN RICTHELLY;PSOL;SUPLENTE;1
21;8;50420;JUAN RICTHELLY;PSOL;SUPLENTE;2
1;8;50456;ILDEU NERY;PSOL;SUPLENTE;2
2;8;50456;ILDEU NERY;PSOL;SUPLENTE;3
3;8;50456;ILDEU NERY;PSOL;SUPLENTE;4
4;8;50456;ILDEU NERY;PSOL;SUPLENTE;2
5;8;50456;ILDEU NERY;PSOL;SUPLENTE;21
6;8;50456;ILDEU NERY;PSOL;SUPLENTE;168
8;8;50456;ILDEU NERY;PSOL;SUPLENTE;5
9;8;50456;ILDEU NERY;PSOL;SUPLENTE;2
10;8;50456;ILDEU NERY;PSOL;SUPLENTE;6
11;8;50456;ILDEU NERY;PSOL;SUPLENTE;0
13;8;50456;ILDEU NERY;PSOL;SUPLENTE;5
14;8;50456;ILDEU NERY;PSOL;SUPLENTE;3
15;8;50456;ILDEU NERY;PSOL;SUPLENTE;1
16;8;50456;ILDEU NERY;PSOL;SUPLENTE;1
17;8;50456;ILDEU NERY;PSOL;SUPLENTE;4
18;8;50456;ILDEU NERY;PSOL;SUPLENTE;11
19;8;50456;ILDEU NERY;PSOL;SUPLENTE;0
20;8;50456;ILDEU NERY;PSOL;SUPLENTE;2
21;8;50456;ILDEU NERY;PSOL;SUPLENTE;2
1;8;50999;MANDATA FEMINISTA BEM VIVER BE;PSOL;SUPLENTE;310
2;8;50999;MANDATA FEMINISTA BEM VIVER BE;PSOL;SUPLENTE;225
3;8;50999;MANDATA FEMINISTA BEM VIVER BE;PSOL;SUPLENTE;46
4;8;50999;MANDATA FEMINISTA BEM VIVER BE;PSOL;SUPLENTE;26
5;8;50999;MANDATA FEMINISTA BEM VIVER BE;PSOL;SUPLENTE;166
6;8;50999;MANDATA FEMINISTA BEM VIVER BE;PSOL;SUPLENTE;51
8;8;50999;MANDATA FEMINISTA BEM VIVER BE;PSOL;SUPLENTE;75
9;8;50999;MANDATA FEMINISTA BEM VIVER BE;PSOL;SUPLENTE;228
10;8;50999;MANDATA FEMINISTA BEM VIVER BE;PSOL;SUPLENTE;147
11;8;50999;MANDATA FEMINISTA BEM VIVER BE;PSOL;SUPLENTE;246
13;8;50999;MANDATA FEMINISTA BEM VIVER BE;PSOL;SUPLENTE;93
14;8;50999;MANDATA FEMINISTA BEM VIVER BE;PSOL;SUPLENTE;674
15;8;50999;MANDATA FEMINISTA BEM VIVER BE;PSOL;SUPLENTE;309
16;8;50999;MANDATA FEMINISTA BEM VIVER BE;PSOL;SUPLENTE;60
17;8;50999;MANDATA FEMINISTA BEM VIVER BE;PSOL;SUPLENTE;80
18;8;50999;MANDATA FEMINISTA BEM VIVER BE;PSOL;SUPLENTE;219
19;8;50999;MANDATA FEMINISTA BEM VIVER BE;PSOL;SUPLENTE;116
20;8;50999;MANDATA FEMINISTA BEM VIVER BE;PSOL;SUPLENTE;33
21;8;50999;MANDATA FEMINISTA BEM VIVER BE;PSOL;SUPLENTE;39
1;8;51000;MEU NUTRI;PATRIOTA;NÃO ELEITO;6
2;8;51000;MEU NUTRI;PATRIOTA;NÃO ELEITO;19
3;8;51000;MEU NUTRI;PATRIOTA;NÃO ELEITO;13
4;8;51000;MEU NUTRI;PATRIOTA;NÃO ELEITO;16
5;8;51000;MEU NUTRI;PATRIOTA;NÃO ELEITO;13
6;8;51000;MEU NUTRI;PATRIOTA;NÃO ELEITO;11
8;8;51000;MEU NUTRI;PATRIOTA;NÃO ELEITO;21
9;8;51000;MEU NUTRI;PATRIOTA;NÃO ELEITO;23
10;8;51000;MEU NUTRI;PATRIOTA;NÃO ELEITO;14
11;8;51000;MEU NUTRI;PATRIOTA;NÃO ELEITO;10
13;8;51000;MEU NUTRI;PATRIOTA;NÃO ELEITO;26
14;8;51000;MEU NUTRI;PATRIOTA;NÃO ELEITO;14
15;8;51000;MEU NUTRI;PATRIOTA;NÃO ELEITO;14
16;8;51000;MEU NUTRI;PATRIOTA;NÃO ELEITO;14
17;8;51000;MEU NUTRI;PATRIOTA;NÃO ELEITO;30
18;8;51000;MEU NUTRI;PATRIOTA;NÃO ELEITO;7
19;8;51000;MEU NUTRI;PATRIOTA;NÃO ELEITO;14
20;8;51000;MEU NUTRI;PATRIOTA;NÃO ELEITO;2
21;8;51000;MEU NUTRI;PATRIOTA;NÃO ELEITO;10
1;8;51007;SALVE JORGE;PATRIOTA;NÃO ELEITO;74
2;8;51007;SALVE JORGE;PATRIOTA;NÃO ELEITO;3422
3;8;51007;SALVE JORGE;PATRIOTA;NÃO ELEITO;35
4;8;51007;SALVE JORGE;PATRIOTA;NÃO ELEITO;136
5;8;51007;SALVE JORGE;PATRIOTA;NÃO ELEITO;92
6;8;51007;SALVE JORGE;PATRIOTA;NÃO ELEITO;100
8;8;51007;SALVE JORGE;PATRIOTA;NÃO ELEITO;69
9;8;51007;SALVE JORGE;PATRIOTA;NÃO ELEITO;76
10;8;51007;SALVE JORGE;PATRIOTA;NÃO ELEITO;62
11;8;51007;SALVE JORGE;PATRIOTA;NÃO ELEITO;68
13;8;51007;SALVE JORGE;PATRIOTA;NÃO ELEITO;65
14;8;51007;SALVE JORGE;PATRIOTA;NÃO ELEITO;61
15;8;51007;SALVE JORGE;PATRIOTA;NÃO ELEITO;120
16;8;51007;SALVE JORGE;PATRIOTA;NÃO ELEITO;46
17;8;51007;SALVE JORGE;PATRIOTA;NÃO ELEITO;39
18;8;51007;SALVE JORGE;PATRIOTA;NÃO ELEITO;122
19;8;51007;SALVE JORGE;PATRIOTA;NÃO ELEITO;50
20;8;51007;SALVE JORGE;PATRIOTA;NÃO ELEITO;33
21;8;51007;SALVE JORGE;PATRIOTA;NÃO ELEITO;35
1;8;51010;SGT BRUNA;PATRIOTA;NÃO ELEITO;11
2;8;51010;SGT BRUNA;PATRIOTA;NÃO ELEITO;4
3;8;51010;SGT BRUNA;PATRIOTA;NÃO ELEITO;13
4;8;51010;SGT BRUNA;PATRIOTA;NÃO ELEITO;3
5;8;51010;SGT BRUNA;PATRIOTA;NÃO ELEITO;4
6;8;51010;SGT BRUNA;PATRIOTA;NÃO ELEITO;1
8;8;51010;SGT BRUNA;PATRIOTA;NÃO ELEITO;1
9;8;51010;SGT BRUNA;PATRIOTA;NÃO ELEITO;20
10;8;51010;SGT BRUNA;PATRIOTA;NÃO ELEITO;9
11;8;51010;SGT BRUNA;PATRIOTA;NÃO ELEITO;12
13;8;51010;SGT BRUNA;PATRIOTA;NÃO ELEITO;15
14;8;51010;SGT BRUNA;PATRIOTA;NÃO ELEITO;8
15;8;51010;SGT BRUNA;PATRIOTA;NÃO ELEITO;27
16;8;51010;SGT BRUNA;PATRIOTA;NÃO ELEITO;0
17;8;51010;SGT BRUNA;PATRIOTA;NÃO ELEITO;5
18;8;51010;SGT BRUNA;PATRIOTA;NÃO ELEITO;2
19;8;51010;SGT BRUNA;PATRIOTA;NÃO ELEITO;57
20;8;51010;SGT BRUNA;PATRIOTA;NÃO ELEITO;7
21;8;51010;SGT BRUNA;PATRIOTA;NÃO ELEITO;1
1;8;51017;ELIETE AMARAL;PATRIOTA;NÃO ELEITO;0
2;8;51017;ELIETE AMARAL;PATRIOTA;NÃO ELEITO;0
3;8;51017;ELIETE AMARAL;PATRIOTA;NÃO ELEITO;1
4;8;51017;ELIETE AMARAL;PATRIOTA;NÃO ELEITO;0
5;8;51017;ELIETE AMARAL;PATRIOTA;NÃO ELEITO;1
6;8;51017;ELIETE AMARAL;PATRIOTA;NÃO ELEITO;0
8;8;51017;ELIETE AMARAL;PATRIOTA;NÃO ELEITO;4
9;8;51017;ELIETE AMARAL;PATRIOTA;NÃO ELEITO;4
10;8;51017;ELIETE AMARAL;PATRIOTA;NÃO ELEITO;2
11;8;51017;ELIETE AMARAL;PATRIOTA;NÃO ELEITO;0
13;8;51017;ELIETE AMARAL;PATRIOTA;NÃO ELEITO;1
14;8;51017;ELIETE AMARAL;PATRIOTA;NÃO ELEITO;3
15;8;51017;ELIETE AMARAL;PATRIOTA;NÃO ELEITO;2
16;8;51017;ELIETE AMARAL;PATRIOTA;NÃO ELEITO;0
17;8;51017;ELIETE AMARAL;PATRIOTA;NÃO ELEITO;1
18;8;51017;ELIETE AMARAL;PATRIOTA;NÃO ELEITO;1
19;8;51017;ELIETE AMARAL;PATRIOTA;NÃO ELEITO;34
20;8;51017;ELIETE AMARAL;PATRIOTA;NÃO ELEITO;5
21;8;51017;ELIETE AMARAL;PATRIOTA;NÃO ELEITO;1
1;8;51022;RENATO BATISTA;PATRIOTA;NÃO ELEITO;5
2;8;51022;RENATO BATISTA;PATRIOTA;NÃO ELEITO;0
3;8;51022;RENATO BATISTA;PATRIOTA;NÃO ELEITO;33
4;8;51022;RENATO BATISTA;PATRIOTA;NÃO ELEITO;12
5;8;51022;RENATO BATISTA;PATRIOTA;NÃO ELEITO;3
6;8;51022;RENATO BATISTA;PATRIOTA;NÃO ELEITO;2
8;8;51022;RENATO BATISTA;PATRIOTA;NÃO ELEITO;55
9;8;51022;RENATO BATISTA;PATRIOTA;NÃO ELEITO;18
10;8;51022;RENATO BATISTA;PATRIOTA;NÃO ELEITO;31
11;8;51022;RENATO BATISTA;PATRIOTA;NÃO ELEITO;5
13;8;51022;RENATO BATISTA;PATRIOTA;NÃO ELEITO;68
14;8;51022;RENATO BATISTA;PATRIOTA;NÃO ELEITO;18
15;8;51022;RENATO BATISTA;PATRIOTA;NÃO ELEITO;63
16;8;51022;RENATO BATISTA;PATRIOTA;NÃO ELEITO;34
17;8;51022;RENATO BATISTA;PATRIOTA;NÃO ELEITO;4
18;8;51022;RENATO BATISTA;PATRIOTA;NÃO ELEITO;1
19;8;51022;RENATO BATISTA;PATRIOTA;NÃO ELEITO;43
20;8;51022;RENATO BATISTA;PATRIOTA;NÃO ELEITO;62
21;8;51022;RENATO BATISTA;PATRIOTA;NÃO ELEITO;60
1;8;51025;DANY MARAVILHA;PATRIOTA;NÃO ELEITO;0
2;8;51025;DANY MARAVILHA;PATRIOTA;NÃO ELEITO;3
3;8;51025;DANY MARAVILHA;PATRIOTA;NÃO ELEITO;90
4;8;51025;DANY MARAVILHA;PATRIOTA;NÃO ELEITO;17
5;8;51025;DANY MARAVILHA;PATRIOTA;NÃO ELEITO;5
6;8;51025;DANY MARAVILHA;PATRIOTA;NÃO ELEITO;5
8;8;51025;DANY MARAVILHA;PATRIOTA;NÃO ELEITO;154
9;8;51025;DANY MARAVILHA;PATRIOTA;NÃO ELEITO;49
10;8;51025;DANY MARAVILHA;PATRIOTA;NÃO ELEITO;7
11;8;51025;DANY MARAVILHA;PATRIOTA;NÃO ELEITO;10
13;8;51025;DANY MARAVILHA;PATRIOTA;NÃO ELEITO;30
14;8;51025;DANY MARAVILHA;PATRIOTA;NÃO ELEITO;4
15;8;51025;DANY MARAVILHA;PATRIOTA;NÃO ELEITO;13
16;8;51025;DANY MARAVILHA;PATRIOTA;NÃO ELEITO;63
17;8;51025;DANY MARAVILHA;PATRIOTA;NÃO ELEITO;12
18;8;51025;DANY MARAVILHA;PATRIOTA;NÃO ELEITO;8
19;8;51025;DANY MARAVILHA;PATRIOTA;NÃO ELEITO;20
20;8;51025;DANY MARAVILHA;PATRIOTA;NÃO ELEITO;40
21;8;51025;DANY MARAVILHA;PATRIOTA;NÃO ELEITO;17
1;8;51031;MEIRE;PATRIOTA;NÃO ELEITO;0
2;8;51031;MEIRE;PATRIOTA;NÃO ELEITO;0
3;8;51031;MEIRE;PATRIOTA;NÃO ELEITO;0
4;8;51031;MEIRE;PATRIOTA;NÃO ELEITO;0
5;8;51031;MEIRE;PATRIOTA;NÃO ELEITO;0
6;8;51031;MEIRE;PATRIOTA;NÃO ELEITO;0
8;8;51031;MEIRE;PATRIOTA;NÃO ELEITO;0
9;8;51031;MEIRE;PATRIOTA;NÃO ELEITO;0
10;8;51031;MEIRE;PATRIOTA;NÃO ELEITO;0
11;8;51031;MEIRE;PATRIOTA;NÃO ELEITO;0
13;8;51031;MEIRE;PATRIOTA;NÃO ELEITO;0
14;8;51031;MEIRE;PATRIOTA;NÃO ELEITO;0
15;8;51031;MEIRE;PATRIOTA;NÃO ELEITO;0
16;8;51031;MEIRE;PATRIOTA;NÃO ELEITO;0
17;8;51031;MEIRE;PATRIOTA;NÃO ELEITO;0
18;8;51031;MEIRE;PATRIOTA;NÃO ELEITO;0
19;8;51031;MEIRE;PATRIOTA;NÃO ELEITO;0
20;8;51031;MEIRE;PATRIOTA;NÃO ELEITO;0
21;8;51031;MEIRE;PATRIOTA;NÃO ELEITO;0
1;8;51051;PROFESSORA MARIA ANTÔNIA;PATRIOTA;NÃO ELEITO;28
2;8;51051;PROFESSORA MARIA ANTÔNIA;PATRIOTA;NÃO ELEITO;39
3;8;51051;PROFESSORA MARIA ANTÔNIA;PATRIOTA;NÃO ELEITO;34
4;8;51051;PROFESSORA MARIA ANTÔNIA;PATRIOTA;NÃO ELEITO;206
5;8;51051;PROFESSORA MARIA ANTÔNIA;PATRIOTA;NÃO ELEITO;15
6;8;51051;PROFESSORA MARIA ANTÔNIA;PATRIOTA;NÃO ELEITO;20
8;8;51051;PROFESSORA MARIA ANTÔNIA;PATRIOTA;NÃO ELEITO;34
9;8;51051;PROFESSORA MARIA ANTÔNIA;PATRIOTA;NÃO ELEITO;129
10;8;51051;PROFESSORA MARIA ANTÔNIA;PATRIOTA;NÃO ELEITO;152
11;8;51051;PROFESSORA MARIA ANTÔNIA;PATRIOTA;NÃO ELEITO;34
13;8;51051;PROFESSORA MARIA ANTÔNIA;PATRIOTA;NÃO ELEITO;56
14;8;51051;PROFESSORA MARIA ANTÔNIA;PATRIOTA;NÃO ELEITO;47
15;8;51051;PROFESSORA MARIA ANTÔNIA;PATRIOTA;NÃO ELEITO;102
16;8;51051;PROFESSORA MARIA ANTÔNIA;PATRIOTA;NÃO ELEITO;32
17;8;51051;PROFESSORA MARIA ANTÔNIA;PATRIOTA;NÃO ELEITO;2100
18;8;51051;PROFESSORA MARIA ANTÔNIA;PATRIOTA;NÃO ELEITO;47
19;8;51051;PROFESSORA MARIA ANTÔNIA;PATRIOTA;NÃO ELEITO;63
20;8;51051;PROFESSORA MARIA ANTÔNIA;PATRIOTA;NÃO ELEITO;28
21;8;51051;PROFESSORA MARIA ANTÔNIA;PATRIOTA;NÃO ELEITO;63
1;8;51111;PÁDUA;PATRIOTA;NÃO ELEITO;191
2;8;51111;PÁDUA;PATRIOTA;NÃO ELEITO;118
3;8;51111;PÁDUA;PATRIOTA;NÃO ELEITO;27
4;8;51111;PÁDUA;PATRIOTA;NÃO ELEITO;25
5;8;51111;PÁDUA;PATRIOTA;NÃO ELEITO;105
6;8;51111;PÁDUA;PATRIOTA;NÃO ELEITO;36
8;8;51111;PÁDUA;PATRIOTA;NÃO ELEITO;35
9;8;51111;PÁDUA;PATRIOTA;NÃO ELEITO;183
10;8;51111;PÁDUA;PATRIOTA;NÃO ELEITO;99
11;8;51111;PÁDUA;PATRIOTA;NÃO ELEITO;145
13;8;51111;PÁDUA;PATRIOTA;NÃO ELEITO;34
14;8;51111;PÁDUA;PATRIOTA;NÃO ELEITO;263
15;8;51111;PÁDUA;PATRIOTA;NÃO ELEITO;218
16;8;51111;PÁDUA;PATRIOTA;NÃO ELEITO;46
17;8;51111;PÁDUA;PATRIOTA;NÃO ELEITO;48
18;8;51111;PÁDUA;PATRIOTA;NÃO ELEITO;860
19;8;51111;PÁDUA;PATRIOTA;NÃO ELEITO;63
20;8;51111;PÁDUA;PATRIOTA;NÃO ELEITO;28
21;8;51111;PÁDUA;PATRIOTA;NÃO ELEITO;14
1;8;51123;PADRE KATÊ;PATRIOTA;NÃO ELEITO;57
2;8;51123;PADRE KATÊ;PATRIOTA;NÃO ELEITO;35
3;8;51123;PADRE KATÊ;PATRIOTA;NÃO ELEITO;354
4;8;51123;PADRE KATÊ;PATRIOTA;NÃO ELEITO;46
5;8;51123;PADRE KATÊ;PATRIOTA;NÃO ELEITO;47
6;8;51123;PADRE KATÊ;PATRIOTA;NÃO ELEITO;27
8;8;51123;PADRE KATÊ;PATRIOTA;NÃO ELEITO;195
9;8;51123;PADRE KATÊ;PATRIOTA;NÃO ELEITO;151
10;8;51123;PADRE KATÊ;PATRIOTA;NÃO ELEITO;278
11;8;51123;PADRE KATÊ;PATRIOTA;NÃO ELEITO;61
13;8;51123;PADRE KATÊ;PATRIOTA;NÃO ELEITO;466
14;8;51123;PADRE KATÊ;PATRIOTA;NÃO ELEITO;53
15;8;51123;PADRE KATÊ;PATRIOTA;NÃO ELEITO;629
16;8;51123;PADRE KATÊ;PATRIOTA;NÃO ELEITO;228
17;8;51123;PADRE KATÊ;PATRIOTA;NÃO ELEITO;151
18;8;51123;PADRE KATÊ;PATRIOTA;NÃO ELEITO;91
19;8;51123;PADRE KATÊ;PATRIOTA;NÃO ELEITO;643
20;8;51123;PADRE KATÊ;PATRIOTA;NÃO ELEITO;126
21;8;51123;PADRE KATÊ;PATRIOTA;NÃO ELEITO;252
1;8;51151;DR EUFRASIO;PATRIOTA;NÃO ELEITO;23
2;8;51151;DR EUFRASIO;PATRIOTA;NÃO ELEITO;57
3;8;51151;DR EUFRASIO;PATRIOTA;NÃO ELEITO;8
4;8;51151;DR EUFRASIO;PATRIOTA;NÃO ELEITO;6
5;8;51151;DR EUFRASIO;PATRIOTA;NÃO ELEITO;1321
6;8;51151;DR EUFRASIO;PATRIOTA;NÃO ELEITO;60
8;8;51151;DR EUFRASIO;PATRIOTA;NÃO ELEITO;3
9;8;51151;DR EUFRASIO;PATRIOTA;NÃO ELEITO;27
10;8;51151;DR EUFRASIO;PATRIOTA;NÃO ELEITO;26
11;8;51151;DR EUFRASIO;PATRIOTA;NÃO ELEITO;16
13;8;51151;DR EUFRASIO;PATRIOTA;NÃO ELEITO;13
14;8;51151;DR EUFRASIO;PATRIOTA;NÃO ELEITO;36
15;8;51151;DR EUFRASIO;PATRIOTA;NÃO ELEITO;32
16;8;51151;DR EUFRASIO;PATRIOTA;NÃO ELEITO;4
17;8;51151;DR EUFRASIO;PATRIOTA;NÃO ELEITO;4
18;8;51151;DR EUFRASIO;PATRIOTA;NÃO ELEITO;19
19;8;51151;DR EUFRASIO;PATRIOTA;NÃO ELEITO;7
20;8;51151;DR EUFRASIO;PATRIOTA;NÃO ELEITO;5
21;8;51151;DR EUFRASIO;PATRIOTA;NÃO ELEITO;6
1;8;51190;PROF FABIO SILVA ABENÇOADO;PATRIOTA;NÃO ELEITO;5
2;8;51190;PROF FABIO SILVA ABENÇOADO;PATRIOTA;NÃO ELEITO;2
3;8;51190;PROF FABIO SILVA ABENÇOADO;PATRIOTA;NÃO ELEITO;16
4;8;51190;PROF FABIO SILVA ABENÇOADO;PATRIOTA;NÃO ELEITO;4
5;8;51190;PROF FABIO SILVA ABENÇOADO;PATRIOTA;NÃO ELEITO;6
6;8;51190;PROF FABIO SILVA ABENÇOADO;PATRIOTA;NÃO ELEITO;6
8;8;51190;PROF FABIO SILVA ABENÇOADO;PATRIOTA;NÃO ELEITO;70
9;8;51190;PROF FABIO SILVA ABENÇOADO;PATRIOTA;NÃO ELEITO;30
10;8;51190;PROF FABIO SILVA ABENÇOADO;PATRIOTA;NÃO ELEITO;18
11;8;51190;PROF FABIO SILVA ABENÇOADO;PATRIOTA;NÃO ELEITO;4
13;8;51190;PROF FABIO SILVA ABENÇOADO;PATRIOTA;NÃO ELEITO;12
14;8;51190;PROF FABIO SILVA ABENÇOADO;PATRIOTA;NÃO ELEITO;2
15;8;51190;PROF FABIO SILVA ABENÇOADO;PATRIOTA;NÃO ELEITO;26
16;8;51190;PROF FABIO SILVA ABENÇOADO;PATRIOTA;NÃO ELEITO;29
17;8;51190;PROF FABIO SILVA ABENÇOADO;PATRIOTA;NÃO ELEITO;18
18;8;51190;PROF FABIO SILVA ABENÇOADO;PATRIOTA;NÃO ELEITO;3
19;8;51190;PROF FABIO SILVA ABENÇOADO;PATRIOTA;NÃO ELEITO;39
20;8;51190;PROF FABIO SILVA ABENÇOADO;PATRIOTA;NÃO ELEITO;11
21;8;51190;PROF FABIO SILVA ABENÇOADO;PATRIOTA;NÃO ELEITO;9
1;8;51221;DR ROGÉRIO SOLON;PATRIOTA;NÃO ELEITO;41
2;8;51221;DR ROGÉRIO SOLON;PATRIOTA;NÃO ELEITO;27
3;8;51221;DR ROGÉRIO SOLON;PATRIOTA;NÃO ELEITO;68
4;8;51221;DR ROGÉRIO SOLON;PATRIOTA;NÃO ELEITO;24
5;8;51221;DR ROGÉRIO SOLON;PATRIOTA;NÃO ELEITO;16
6;8;51221;DR ROGÉRIO SOLON;PATRIOTA;NÃO ELEITO;15
8;8;51221;DR ROGÉRIO SOLON;PATRIOTA;NÃO ELEITO;35
9;8;51221;DR ROGÉRIO SOLON;PATRIOTA;NÃO ELEITO;78
10;8;51221;DR ROGÉRIO SOLON;PATRIOTA;NÃO ELEITO;47
11;8;51221;DR ROGÉRIO SOLON;PATRIOTA;NÃO ELEITO;33
13;8;51221;DR ROGÉRIO SOLON;PATRIOTA;NÃO ELEITO;69
14;8;51221;DR ROGÉRIO SOLON;PATRIOTA;NÃO ELEITO;53
15;8;51221;DR ROGÉRIO SOLON;PATRIOTA;NÃO ELEITO;164
16;8;51221;DR ROGÉRIO SOLON;PATRIOTA;NÃO ELEITO;60
17;8;51221;DR ROGÉRIO SOLON;PATRIOTA;NÃO ELEITO;32
18;8;51221;DR ROGÉRIO SOLON;PATRIOTA;NÃO ELEITO;40
19;8;51221;DR ROGÉRIO SOLON;PATRIOTA;NÃO ELEITO;90
20;8;51221;DR ROGÉRIO SOLON;PATRIOTA;NÃO ELEITO;32
21;8;51221;DR ROGÉRIO SOLON;PATRIOTA;NÃO ELEITO;21
1;8;51222;ROGÉRIO CONSELHEIRO;PATRIOTA;NÃO ELEITO;2
2;8;51222;ROGÉRIO CONSELHEIRO;PATRIOTA;NÃO ELEITO;573
3;8;51222;ROGÉRIO CONSELHEIRO;PATRIOTA;NÃO ELEITO;0
4;8;51222;ROGÉRIO CONSELHEIRO;PATRIOTA;NÃO ELEITO;10
5;8;51222;ROGÉRIO CONSELHEIRO;PATRIOTA;NÃO ELEITO;17
6;8;51222;ROGÉRIO CONSELHEIRO;PATRIOTA;NÃO ELEITO;11
8;8;51222;ROGÉRIO CONSELHEIRO;PATRIOTA;NÃO ELEITO;3
9;8;51222;ROGÉRIO CONSELHEIRO;PATRIOTA;NÃO ELEITO;2
10;8;51222;ROGÉRIO CONSELHEIRO;PATRIOTA;NÃO ELEITO;3
11;8;51222;ROGÉRIO CONSELHEIRO;PATRIOTA;NÃO ELEITO;8
13;8;51222;ROGÉRIO CONSELHEIRO;PATRIOTA;NÃO ELEITO;10
14;8;51222;ROGÉRIO CONSELHEIRO;PATRIOTA;NÃO ELEITO;13
15;8;51222;ROGÉRIO CONSELHEIRO;PATRIOTA;NÃO ELEITO;2
16;8;51222;ROGÉRIO CONSELHEIRO;PATRIOTA;NÃO ELEITO;4
17;8;51222;ROGÉRIO CONSELHEIRO;PATRIOTA;NÃO ELEITO;3
18;8;51222;ROGÉRIO CONSELHEIRO;PATRIOTA;NÃO ELEITO;10
19;8;51222;ROGÉRIO CONSELHEIRO;PATRIOTA;NÃO ELEITO;7
20;8;51222;ROGÉRIO CONSELHEIRO;PATRIOTA;NÃO ELEITO;3
21;8;51222;ROGÉRIO CONSELHEIRO;PATRIOTA;NÃO ELEITO;7
1;8;51234;ADRIANA FARIA;PATRIOTA;NÃO ELEITO;209
2;8;51234;ADRIANA FARIA;PATRIOTA;NÃO ELEITO;175
3;8;51234;ADRIANA FARIA;PATRIOTA;NÃO ELEITO;76
4;8;51234;ADRIANA FARIA;PATRIOTA;NÃO ELEITO;56
5;8;51234;ADRIANA FARIA;PATRIOTA;NÃO ELEITO;326
6;8;51234;ADRIANA FARIA;PATRIOTA;NÃO ELEITO;63
8;8;51234;ADRIANA FARIA;PATRIOTA;NÃO ELEITO;119
9;8;51234;ADRIANA FARIA;PATRIOTA;NÃO ELEITO;238
10;8;51234;ADRIANA FARIA;PATRIOTA;NÃO ELEITO;191
11;8;51234;ADRIANA FARIA;PATRIOTA;NÃO ELEITO;254
13;8;51234;ADRIANA FARIA;PATRIOTA;NÃO ELEITO;125
14;8;51234;ADRIANA FARIA;PATRIOTA;NÃO ELEITO;310
15;8;51234;ADRIANA FARIA;PATRIOTA;NÃO ELEITO;435
16;8;51234;ADRIANA FARIA;PATRIOTA;NÃO ELEITO;225
17;8;51234;ADRIANA FARIA;PATRIOTA;NÃO ELEITO;98
18;8;51234;ADRIANA FARIA;PATRIOTA;NÃO ELEITO;343
19;8;51234;ADRIANA FARIA;PATRIOTA;NÃO ELEITO;273
20;8;51234;ADRIANA FARIA;PATRIOTA;NÃO ELEITO;80
21;8;51234;ADRIANA FARIA;PATRIOTA;NÃO ELEITO;95
1;8;51456;LEANDRO HUNGRIA;PATRIOTA;NÃO ELEITO;121
2;8;51456;LEANDRO HUNGRIA;PATRIOTA;NÃO ELEITO;237
3;8;51456;LEANDRO HUNGRIA;PATRIOTA;NÃO ELEITO;216
4;8;51456;LEANDRO HUNGRIA;PATRIOTA;NÃO ELEITO;449
5;8;51456;LEANDRO HUNGRIA;PATRIOTA;NÃO ELEITO;286
6;8;51456;LEANDRO HUNGRIA;PATRIOTA;NÃO ELEITO;415
8;8;51456;LEANDRO HUNGRIA;PATRIOTA;NÃO ELEITO;480
9;8;51456;LEANDRO HUNGRIA;PATRIOTA;NÃO ELEITO;339
10;8;51456;LEANDRO HUNGRIA;PATRIOTA;NÃO ELEITO;394
11;8;51456;LEANDRO HUNGRIA;PATRIOTA;NÃO ELEITO;125
13;8;51456;LEANDRO HUNGRIA;PATRIOTA;NÃO ELEITO;545
14;8;51456;LEANDRO HUNGRIA;PATRIOTA;NÃO ELEITO;139
15;8;51456;LEANDRO HUNGRIA;PATRIOTA;NÃO ELEITO;322
16;8;51456;LEANDRO HUNGRIA;PATRIOTA;NÃO ELEITO;416
17;8;51456;LEANDRO HUNGRIA;PATRIOTA;NÃO ELEITO;456
18;8;51456;LEANDRO HUNGRIA;PATRIOTA;NÃO ELEITO;192
19;8;51456;LEANDRO HUNGRIA;PATRIOTA;NÃO ELEITO;309
20;8;51456;LEANDRO HUNGRIA;PATRIOTA;NÃO ELEITO;269
21;8;51456;LEANDRO HUNGRIA;PATRIOTA;NÃO ELEITO;331
1;8;51511;DR RICARDO;PATRIOTA;NÃO ELEITO;20
2;8;51511;DR RICARDO;PATRIOTA;NÃO ELEITO;14
3;8;51511;DR RICARDO;PATRIOTA;NÃO ELEITO;60
4;8;51511;DR RICARDO;PATRIOTA;NÃO ELEITO;3
5;8;51511;DR RICARDO;PATRIOTA;NÃO ELEITO;25
6;8;51511;DR RICARDO;PATRIOTA;NÃO ELEITO;0
8;8;51511;DR RICARDO;PATRIOTA;NÃO ELEITO;38
9;8;51511;DR RICARDO;PATRIOTA;NÃO ELEITO;43
10;8;51511;DR RICARDO;PATRIOTA;NÃO ELEITO;30
11;8;51511;DR RICARDO;PATRIOTA;NÃO ELEITO;24
13;8;51511;DR RICARDO;PATRIOTA;NÃO ELEITO;46
14;8;51511;DR RICARDO;PATRIOTA;NÃO ELEITO;20
15;8;51511;DR RICARDO;PATRIOTA;NÃO ELEITO;179
16;8;51511;DR RICARDO;PATRIOTA;NÃO ELEITO;45
17;8;51511;DR RICARDO;PATRIOTA;NÃO ELEITO;8
18;8;51511;DR RICARDO;PATRIOTA;NÃO ELEITO;10
19;8;51511;DR RICARDO;PATRIOTA;NÃO ELEITO;92
20;8;51511;DR RICARDO;PATRIOTA;NÃO ELEITO;10
21;8;51511;DR RICARDO;PATRIOTA;NÃO ELEITO;24
1;8;51512;COUBERT BRAZ;PATRIOTA;NÃO ELEITO;1
2;8;51512;COUBERT BRAZ;PATRIOTA;NÃO ELEITO;4
3;8;51512;COUBERT BRAZ;PATRIOTA;NÃO ELEITO;22
4;8;51512;COUBERT BRAZ;PATRIOTA;NÃO ELEITO;1
5;8;51512;COUBERT BRAZ;PATRIOTA;NÃO ELEITO;0
6;8;51512;COUBERT BRAZ;PATRIOTA;NÃO ELEITO;0
8;8;51512;COUBERT BRAZ;PATRIOTA;NÃO ELEITO;0
9;8;51512;COUBERT BRAZ;PATRIOTA;NÃO ELEITO;0
10;8;51512;COUBERT BRAZ;PATRIOTA;NÃO ELEITO;2
11;8;51512;COUBERT BRAZ;PATRIOTA;NÃO ELEITO;2
13;8;51512;COUBERT BRAZ;PATRIOTA;NÃO ELEITO;2
14;8;51512;COUBERT BRAZ;PATRIOTA;NÃO ELEITO;0
15;8;51512;COUBERT BRAZ;PATRIOTA;NÃO ELEITO;1
16;8;51512;COUBERT BRAZ;PATRIOTA;NÃO ELEITO;1
17;8;51512;COUBERT BRAZ;PATRIOTA;NÃO ELEITO;3
18;8;51512;COUBERT BRAZ;PATRIOTA;NÃO ELEITO;32
19;8;51512;COUBERT BRAZ;PATRIOTA;NÃO ELEITO;1
20;8;51512;COUBERT BRAZ;PATRIOTA;NÃO ELEITO;0
21;8;51512;COUBERT BRAZ;PATRIOTA;NÃO ELEITO;2
1;8;51515;GREGORY BRITO;PATRIOTA;NÃO ELEITO;12
2;8;51515;GREGORY BRITO;PATRIOTA;NÃO ELEITO;34
3;8;51515;GREGORY BRITO;PATRIOTA;NÃO ELEITO;38
4;8;51515;GREGORY BRITO;PATRIOTA;NÃO ELEITO;20
5;8;51515;GREGORY BRITO;PATRIOTA;NÃO ELEITO;25
6;8;51515;GREGORY BRITO;PATRIOTA;NÃO ELEITO;15
8;8;51515;GREGORY BRITO;PATRIOTA;NÃO ELEITO;57
9;8;51515;GREGORY BRITO;PATRIOTA;NÃO ELEITO;35
10;8;51515;GREGORY BRITO;PATRIOTA;NÃO ELEITO;67
11;8;51515;GREGORY BRITO;PATRIOTA;NÃO ELEITO;47
13;8;51515;GREGORY BRITO;PATRIOTA;NÃO ELEITO;112
14;8;51515;GREGORY BRITO;PATRIOTA;NÃO ELEITO;52
15;8;51515;GREGORY BRITO;PATRIOTA;NÃO ELEITO;101
16;8;51515;GREGORY BRITO;PATRIOTA;NÃO ELEITO;85
17;8;51515;GREGORY BRITO;PATRIOTA;NÃO ELEITO;58
18;8;51515;GREGORY BRITO;PATRIOTA;NÃO ELEITO;14
19;8;51515;GREGORY BRITO;PATRIOTA;NÃO ELEITO;57
20;8;51515;GREGORY BRITO;PATRIOTA;NÃO ELEITO;39
21;8;51515;GREGORY BRITO;PATRIOTA;NÃO ELEITO;191
1;8;51533;ALCIONE FERNANDES;PATRIOTA;NÃO ELEITO;2
2;8;51533;ALCIONE FERNANDES;PATRIOTA;NÃO ELEITO;0
3;8;51533;ALCIONE FERNANDES;PATRIOTA;NÃO ELEITO;39
4;8;51533;ALCIONE FERNANDES;PATRIOTA;NÃO ELEITO;3
5;8;51533;ALCIONE FERNANDES;PATRIOTA;NÃO ELEITO;1
6;8;51533;ALCIONE FERNANDES;PATRIOTA;NÃO ELEITO;0
8;8;51533;ALCIONE FERNANDES;PATRIOTA;NÃO ELEITO;117
9;8;51533;ALCIONE FERNANDES;PATRIOTA;NÃO ELEITO;3
10;8;51533;ALCIONE FERNANDES;PATRIOTA;NÃO ELEITO;18
11;8;51533;ALCIONE FERNANDES;PATRIOTA;NÃO ELEITO;9
13;8;51533;ALCIONE FERNANDES;PATRIOTA;NÃO ELEITO;32
14;8;51533;ALCIONE FERNANDES;PATRIOTA;NÃO ELEITO;2
15;8;51533;ALCIONE FERNANDES;PATRIOTA;NÃO ELEITO;15
16;8;51533;ALCIONE FERNANDES;PATRIOTA;NÃO ELEITO;317
17;8;51533;ALCIONE FERNANDES;PATRIOTA;NÃO ELEITO;7
18;8;51533;ALCIONE FERNANDES;PATRIOTA;NÃO ELEITO;4
19;8;51533;ALCIONE FERNANDES;PATRIOTA;NÃO ELEITO;26
20;8;51533;ALCIONE FERNANDES;PATRIOTA;NÃO ELEITO;19
21;8;51533;ALCIONE FERNANDES;PATRIOTA;NÃO ELEITO;35
1;8;51762;ARY COUTINHO;PATRIOTA;NÃO ELEITO;25
2;8;51762;ARY COUTINHO;PATRIOTA;NÃO ELEITO;15
3;8;51762;ARY COUTINHO;PATRIOTA;NÃO ELEITO;6
4;8;51762;ARY COUTINHO;PATRIOTA;NÃO ELEITO;5
5;8;51762;ARY COUTINHO;PATRIOTA;NÃO ELEITO;22
6;8;51762;ARY COUTINHO;PATRIOTA;NÃO ELEITO;66
8;8;51762;ARY COUTINHO;PATRIOTA;NÃO ELEITO;11
9;8;51762;ARY COUTINHO;PATRIOTA;NÃO ELEITO;17
10;8;51762;ARY COUTINHO;PATRIOTA;NÃO ELEITO;20
11;8;51762;ARY COUTINHO;PATRIOTA;NÃO ELEITO;135
13;8;51762;ARY COUTINHO;PATRIOTA;NÃO ELEITO;16
14;8;51762;ARY COUTINHO;PATRIOTA;NÃO ELEITO;85
15;8;51762;ARY COUTINHO;PATRIOTA;NÃO ELEITO;34
16;8;51762;ARY COUTINHO;PATRIOTA;NÃO ELEITO;25
17;8;51762;ARY COUTINHO;PATRIOTA;NÃO ELEITO;7
18;8;51762;ARY COUTINHO;PATRIOTA;NÃO ELEITO;25
19;8;51762;ARY COUTINHO;PATRIOTA;NÃO ELEITO;18
20;8;51762;ARY COUTINHO;PATRIOTA;NÃO ELEITO;9
21;8;51762;ARY COUTINHO;PATRIOTA;NÃO ELEITO;9
1;8;51777;PROFESSOR IVAN MORAES;PATRIOTA;NÃO ELEITO;147
2;8;51777;PROFESSOR IVAN MORAES;PATRIOTA;NÃO ELEITO;359
3;8;51777;PROFESSOR IVAN MORAES;PATRIOTA;NÃO ELEITO;830
4;8;51777;PROFESSOR IVAN MORAES;PATRIOTA;NÃO ELEITO;380
5;8;51777;PROFESSOR IVAN MORAES;PATRIOTA;NÃO ELEITO;202
6;8;51777;PROFESSOR IVAN MORAES;PATRIOTA;NÃO ELEITO;154
8;8;51777;PROFESSOR IVAN MORAES;PATRIOTA;NÃO ELEITO;520
9;8;51777;PROFESSOR IVAN MORAES;PATRIOTA;NÃO ELEITO;362
10;8;51777;PROFESSOR IVAN MORAES;PATRIOTA;NÃO ELEITO;411
11;8;51777;PROFESSOR IVAN MORAES;PATRIOTA;NÃO ELEITO;172
13;8;51777;PROFESSOR IVAN MORAES;PATRIOTA;NÃO ELEITO;692
14;8;51777;PROFESSOR IVAN MORAES;PATRIOTA;NÃO ELEITO;197
15;8;51777;PROFESSOR IVAN MORAES;PATRIOTA;NÃO ELEITO;923
16;8;51777;PROFESSOR IVAN MORAES;PATRIOTA;NÃO ELEITO;862
17;8;51777;PROFESSOR IVAN MORAES;PATRIOTA;NÃO ELEITO;228
18;8;51777;PROFESSOR IVAN MORAES;PATRIOTA;NÃO ELEITO;138
19;8;51777;PROFESSOR IVAN MORAES;PATRIOTA;NÃO ELEITO;713
20;8;51777;PROFESSOR IVAN MORAES;PATRIOTA;NÃO ELEITO;281
21;8;51777;PROFESSOR IVAN MORAES;PATRIOTA;NÃO ELEITO;323
1;8;51999;LENNON;PATRIOTA;NÃO ELEITO;26
2;8;51999;LENNON;PATRIOTA;NÃO ELEITO;17
3;8;51999;LENNON;PATRIOTA;NÃO ELEITO;23
4;8;51999;LENNON;PATRIOTA;NÃO ELEITO;16
5;8;51999;LENNON;PATRIOTA;NÃO ELEITO;43
6;8;51999;LENNON;PATRIOTA;NÃO ELEITO;14
8;8;51999;LENNON;PATRIOTA;NÃO ELEITO;17
9;8;51999;LENNON;PATRIOTA;NÃO ELEITO;206
10;8;51999;LENNON;PATRIOTA;NÃO ELEITO;37
11;8;51999;LENNON;PATRIOTA;NÃO ELEITO;38
13;8;51999;LENNON;PATRIOTA;NÃO ELEITO;21
14;8;51999;LENNON;PATRIOTA;NÃO ELEITO;33
15;8;51999;LENNON;PATRIOTA;NÃO ELEITO;73
16;8;51999;LENNON;PATRIOTA;NÃO ELEITO;27
17;8;51999;LENNON;PATRIOTA;NÃO ELEITO;17
18;8;51999;LENNON;PATRIOTA;NÃO ELEITO;29
19;8;51999;LENNON;PATRIOTA;NÃO ELEITO;59
20;8;51999;LENNON;PATRIOTA;NÃO ELEITO;4
21;8;51999;LENNON;PATRIOTA;NÃO ELEITO;12
1;8;55000;ROBÉRIO NEGREIROS;PSD;ELEITO POR QP;719
2;8;55000;ROBÉRIO NEGREIROS;PSD;ELEITO POR QP;1722
3;8;55000;ROBÉRIO NEGREIROS;PSD;ELEITO POR QP;733
4;8;55000;ROBÉRIO NEGREIROS;PSD;ELEITO POR QP;1359
5;8;55000;ROBÉRIO NEGREIROS;PSD;ELEITO POR QP;2473
6;8;55000;ROBÉRIO NEGREIROS;PSD;ELEITO POR QP;2621
8;8;55000;ROBÉRIO NEGREIROS;PSD;ELEITO POR QP;2129
9;8;55000;ROBÉRIO NEGREIROS;PSD;ELEITO POR QP;1608
10;8;55000;ROBÉRIO NEGREIROS;PSD;ELEITO POR QP;1613
11;8;55000;ROBÉRIO NEGREIROS;PSD;ELEITO POR QP;472
13;8;55000;ROBÉRIO NEGREIROS;PSD;ELEITO POR QP;2223
14;8;55000;ROBÉRIO NEGREIROS;PSD;ELEITO POR QP;654
15;8;55000;ROBÉRIO NEGREIROS;PSD;ELEITO POR QP;1262
16;8;55000;ROBÉRIO NEGREIROS;PSD;ELEITO POR QP;3564
17;8;55000;ROBÉRIO NEGREIROS;PSD;ELEITO POR QP;2281
18;8;55000;ROBÉRIO NEGREIROS;PSD;ELEITO POR QP;1317
19;8;55000;ROBÉRIO NEGREIROS;PSD;ELEITO POR QP;799
20;8;55000;ROBÉRIO NEGREIROS;PSD;ELEITO POR QP;1974
21;8;55000;ROBÉRIO NEGREIROS;PSD;ELEITO POR QP;1818
1;8;55010;FERNANDO CHEREGATHY;PSD;SUPLENTE;12
2;8;55010;FERNANDO CHEREGATHY;PSD;SUPLENTE;19
3;8;55010;FERNANDO CHEREGATHY;PSD;SUPLENTE;2
4;8;55010;FERNANDO CHEREGATHY;PSD;SUPLENTE;8
5;8;55010;FERNANDO CHEREGATHY;PSD;SUPLENTE;9
6;8;55010;FERNANDO CHEREGATHY;PSD;SUPLENTE;4
8;8;55010;FERNANDO CHEREGATHY;PSD;SUPLENTE;7
9;8;55010;FERNANDO CHEREGATHY;PSD;SUPLENTE;10
10;8;55010;FERNANDO CHEREGATHY;PSD;SUPLENTE;8
11;8;55010;FERNANDO CHEREGATHY;PSD;SUPLENTE;27
13;8;55010;FERNANDO CHEREGATHY;PSD;SUPLENTE;8
14;8;55010;FERNANDO CHEREGATHY;PSD;SUPLENTE;10
15;8;55010;FERNANDO CHEREGATHY;PSD;SUPLENTE;10
16;8;55010;FERNANDO CHEREGATHY;PSD;SUPLENTE;11
17;8;55010;FERNANDO CHEREGATHY;PSD;SUPLENTE;3
18;8;55010;FERNANDO CHEREGATHY;PSD;SUPLENTE;220
19;8;55010;FERNANDO CHEREGATHY;PSD;SUPLENTE;14
20;8;55010;FERNANDO CHEREGATHY;PSD;SUPLENTE;6
21;8;55010;FERNANDO CHEREGATHY;PSD;SUPLENTE;3
1;8;55011;PRISCILLA MARTINS;PSD;SUPLENTE;5
2;8;55011;PRISCILLA MARTINS;PSD;SUPLENTE;1
3;8;55011;PRISCILLA MARTINS;PSD;SUPLENTE;0
4;8;55011;PRISCILLA MARTINS;PSD;SUPLENTE;0
5;8;55011;PRISCILLA MARTINS;PSD;SUPLENTE;1
6;8;55011;PRISCILLA MARTINS;PSD;SUPLENTE;1
8;8;55011;PRISCILLA MARTINS;PSD;SUPLENTE;0
9;8;55011;PRISCILLA MARTINS;PSD;SUPLENTE;0
10;8;55011;PRISCILLA MARTINS;PSD;SUPLENTE;1
11;8;55011;PRISCILLA MARTINS;PSD;SUPLENTE;0
13;8;55011;PRISCILLA MARTINS;PSD;SUPLENTE;1
14;8;55011;PRISCILLA MARTINS;PSD;SUPLENTE;0
15;8;55011;PRISCILLA MARTINS;PSD;SUPLENTE;0
16;8;55011;PRISCILLA MARTINS;PSD;SUPLENTE;0
17;8;55011;PRISCILLA MARTINS;PSD;SUPLENTE;1
18;8;55011;PRISCILLA MARTINS;PSD;SUPLENTE;1
19;8;55011;PRISCILLA MARTINS;PSD;SUPLENTE;0
20;8;55011;PRISCILLA MARTINS;PSD;SUPLENTE;0
21;8;55011;PRISCILLA MARTINS;PSD;SUPLENTE;0
1;8;55055;ANDREIA SALLES;PSD;SUPLENTE;59
2;8;55055;ANDREIA SALLES;PSD;SUPLENTE;32
3;8;55055;ANDREIA SALLES;PSD;SUPLENTE;5
4;8;55055;ANDREIA SALLES;PSD;SUPLENTE;22
5;8;55055;ANDREIA SALLES;PSD;SUPLENTE;34
6;8;55055;ANDREIA SALLES;PSD;SUPLENTE;27
8;8;55055;ANDREIA SALLES;PSD;SUPLENTE;22
9;8;55055;ANDREIA SALLES;PSD;SUPLENTE;48
10;8;55055;ANDREIA SALLES;PSD;SUPLENTE;37
11;8;55055;ANDREIA SALLES;PSD;SUPLENTE;36
13;8;55055;ANDREIA SALLES;PSD;SUPLENTE;30
14;8;55055;ANDREIA SALLES;PSD;SUPLENTE;107
15;8;55055;ANDREIA SALLES;PSD;SUPLENTE;82
16;8;55055;ANDREIA SALLES;PSD;SUPLENTE;11
17;8;55055;ANDREIA SALLES;PSD;SUPLENTE;16
18;8;55055;ANDREIA SALLES;PSD;SUPLENTE;84
19;8;55055;ANDREIA SALLES;PSD;SUPLENTE;32
20;8;55055;ANDREIA SALLES;PSD;SUPLENTE;12
21;8;55055;ANDREIA SALLES;PSD;SUPLENTE;17
1;8;55111;NARCISIO DOURADO;PSD;SUPLENTE;0
2;8;55111;NARCISIO DOURADO;PSD;SUPLENTE;22
3;8;55111;NARCISIO DOURADO;PSD;SUPLENTE;9
4;8;55111;NARCISIO DOURADO;PSD;SUPLENTE;5
5;8;55111;NARCISIO DOURADO;PSD;SUPLENTE;17
6;8;55111;NARCISIO DOURADO;PSD;SUPLENTE;20
8;8;55111;NARCISIO DOURADO;PSD;SUPLENTE;32
9;8;55111;NARCISIO DOURADO;PSD;SUPLENTE;5
10;8;55111;NARCISIO DOURADO;PSD;SUPLENTE;14
11;8;55111;NARCISIO DOURADO;PSD;SUPLENTE;3
13;8;55111;NARCISIO DOURADO;PSD;SUPLENTE;38
14;8;55111;NARCISIO DOURADO;PSD;SUPLENTE;1
15;8;55111;NARCISIO DOURADO;PSD;SUPLENTE;9
16;8;55111;NARCISIO DOURADO;PSD;SUPLENTE;44
17;8;55111;NARCISIO DOURADO;PSD;SUPLENTE;24
18;8;55111;NARCISIO DOURADO;PSD;SUPLENTE;16
19;8;55111;NARCISIO DOURADO;PSD;SUPLENTE;8
20;8;55111;NARCISIO DOURADO;PSD;SUPLENTE;15
21;8;55111;NARCISIO DOURADO;PSD;SUPLENTE;21
1;8;55123;CLAUDIO ABRANTES;PSD;SUPLENTE;401
2;8;55123;CLAUDIO ABRANTES;PSD;SUPLENTE;460
3;8;55123;CLAUDIO ABRANTES;PSD;SUPLENTE;327
4;8;55123;CLAUDIO ABRANTES;PSD;SUPLENTE;313
5;8;55123;CLAUDIO ABRANTES;PSD;SUPLENTE;1474
6;8;55123;CLAUDIO ABRANTES;PSD;SUPLENTE;10667
8;8;55123;CLAUDIO ABRANTES;PSD;SUPLENTE;500
9;8;55123;CLAUDIO ABRANTES;PSD;SUPLENTE;691
10;8;55123;CLAUDIO ABRANTES;PSD;SUPLENTE;520
11;8;55123;CLAUDIO ABRANTES;PSD;SUPLENTE;450
13;8;55123;CLAUDIO ABRANTES;PSD;SUPLENTE;481
14;8;55123;CLAUDIO ABRANTES;PSD;SUPLENTE;685
15;8;55123;CLAUDIO ABRANTES;PSD;SUPLENTE;861
16;8;55123;CLAUDIO ABRANTES;PSD;SUPLENTE;359
17;8;55123;CLAUDIO ABRANTES;PSD;SUPLENTE;440
18;8;55123;CLAUDIO ABRANTES;PSD;SUPLENTE;445
19;8;55123;CLAUDIO ABRANTES;PSD;SUPLENTE;629
20;8;55123;CLAUDIO ABRANTES;PSD;SUPLENTE;286
21;8;55123;CLAUDIO ABRANTES;PSD;SUPLENTE;265
1;8;55175;CARMEM SANTANA;PSD;SUPLENTE;5
2;8;55175;CARMEM SANTANA;PSD;SUPLENTE;4
3;8;55175;CARMEM SANTANA;PSD;SUPLENTE;12
4;8;55175;CARMEM SANTANA;PSD;SUPLENTE;45
5;8;55175;CARMEM SANTANA;PSD;SUPLENTE;5
6;8;55175;CARMEM SANTANA;PSD;SUPLENTE;2
8;8;55175;CARMEM SANTANA;PSD;SUPLENTE;1
9;8;55175;CARMEM SANTANA;PSD;SUPLENTE;1
10;8;55175;CARMEM SANTANA;PSD;SUPLENTE;7
11;8;55175;CARMEM SANTANA;PSD;SUPLENTE;2
13;8;55175;CARMEM SANTANA;PSD;SUPLENTE;3
14;8;55175;CARMEM SANTANA;PSD;SUPLENTE;0
15;8;55175;CARMEM SANTANA;PSD;SUPLENTE;9
16;8;55175;CARMEM SANTANA;PSD;SUPLENTE;7
17;8;55175;CARMEM SANTANA;PSD;SUPLENTE;100
18;8;55175;CARMEM SANTANA;PSD;SUPLENTE;4
19;8;55175;CARMEM SANTANA;PSD;SUPLENTE;1
20;8;55175;CARMEM SANTANA;PSD;SUPLENTE;3
21;8;55175;CARMEM SANTANA;PSD;SUPLENTE;5
1;8;55192;JORGE VIANNA;PSD;ELEITO POR MÉDIA;469
2;8;55192;JORGE VIANNA;PSD;ELEITO POR MÉDIA;749
3;8;55192;JORGE VIANNA;PSD;ELEITO POR MÉDIA;1611
4;8;55192;JORGE VIANNA;PSD;ELEITO POR MÉDIA;1199
5;8;55192;JORGE VIANNA;PSD;ELEITO POR MÉDIA;1470
6;8;55192;JORGE VIANNA;PSD;ELEITO POR MÉDIA;1672
8;8;55192;JORGE VIANNA;PSD;ELEITO POR MÉDIA;2265
9;8;55192;JORGE VIANNA;PSD;ELEITO POR MÉDIA;1448
10;8;55192;JORGE VIANNA;PSD;ELEITO POR MÉDIA;1535
11;8;55192;JORGE VIANNA;PSD;ELEITO POR MÉDIA;673
13;8;55192;JORGE VIANNA;PSD;ELEITO POR MÉDIA;3426
14;8;55192;JORGE VIANNA;PSD;ELEITO POR MÉDIA;757
15;8;55192;JORGE VIANNA;PSD;ELEITO POR MÉDIA;2456
16;8;55192;JORGE VIANNA;PSD;ELEITO POR MÉDIA;2119
17;8;55192;JORGE VIANNA;PSD;ELEITO POR MÉDIA;2683
18;8;55192;JORGE VIANNA;PSD;ELEITO POR MÉDIA;868
19;8;55192;JORGE VIANNA;PSD;ELEITO POR MÉDIA;1806
20;8;55192;JORGE VIANNA;PSD;ELEITO POR MÉDIA;1463
21;8;55192;JORGE VIANNA;PSD;ELEITO POR MÉDIA;1971
1;8;55200;NAGELA MARIA;PSD;SUPLENTE;127
2;8;55200;NAGELA MARIA;PSD;SUPLENTE;8
3;8;55200;NAGELA MARIA;PSD;SUPLENTE;1
4;8;55200;NAGELA MARIA;PSD;SUPLENTE;5
5;8;55200;NAGELA MARIA;PSD;SUPLENTE;7
6;8;55200;NAGELA MARIA;PSD;SUPLENTE;3
8;8;55200;NAGELA MARIA;PSD;SUPLENTE;3
9;8;55200;NAGELA MARIA;PSD;SUPLENTE;30
10;8;55200;NAGELA MARIA;PSD;SUPLENTE;18
11;8;55200;NAGELA MARIA;PSD;SUPLENTE;25
13;8;55200;NAGELA MARIA;PSD;SUPLENTE;2
14;8;55200;NAGELA MARIA;PSD;SUPLENTE;25
15;8;55200;NAGELA MARIA;PSD;SUPLENTE;11
16;8;55200;NAGELA MARIA;PSD;SUPLENTE;0
17;8;55200;NAGELA MARIA;PSD;SUPLENTE;2
18;8;55200;NAGELA MARIA;PSD;SUPLENTE;32
19;8;55200;NAGELA MARIA;PSD;SUPLENTE;5
20;8;55200;NAGELA MARIA;PSD;SUPLENTE;6
21;8;55200;NAGELA MARIA;PSD;SUPLENTE;5
1;8;55222;ADRIANO MARROCOS;PSD;SUPLENTE;59
2;8;55222;ADRIANO MARROCOS;PSD;SUPLENTE;21
3;8;55222;ADRIANO MARROCOS;PSD;SUPLENTE;23
4;8;55222;ADRIANO MARROCOS;PSD;SUPLENTE;9
5;8;55222;ADRIANO MARROCOS;PSD;SUPLENTE;30
6;8;55222;ADRIANO MARROCOS;PSD;SUPLENTE;12
8;8;55222;ADRIANO MARROCOS;PSD;SUPLENTE;42
9;8;55222;ADRIANO MARROCOS;PSD;SUPLENTE;67
10;8;55222;ADRIANO MARROCOS;PSD;SUPLENTE;43
11;8;55222;ADRIANO MARROCOS;PSD;SUPLENTE;49
13;8;55222;ADRIANO MARROCOS;PSD;SUPLENTE;38
14;8;55222;ADRIANO MARROCOS;PSD;SUPLENTE;42
15;8;55222;ADRIANO MARROCOS;PSD;SUPLENTE;112
16;8;55222;ADRIANO MARROCOS;PSD;SUPLENTE;32
17;8;55222;ADRIANO MARROCOS;PSD;SUPLENTE;21
18;8;55222;ADRIANO MARROCOS;PSD;SUPLENTE;34
19;8;55222;ADRIANO MARROCOS;PSD;SUPLENTE;92
20;8;55222;ADRIANO MARROCOS;PSD;SUPLENTE;16
21;8;55222;ADRIANO MARROCOS;PSD;SUPLENTE;23
1;8;55234;DEBORAH CARVALHIDO;PSD;SUPLENTE;172
2;8;55234;DEBORAH CARVALHIDO;PSD;SUPLENTE;52
3;8;55234;DEBORAH CARVALHIDO;PSD;SUPLENTE;7
4;8;55234;DEBORAH CARVALHIDO;PSD;SUPLENTE;11
5;8;55234;DEBORAH CARVALHIDO;PSD;SUPLENTE;11
6;8;55234;DEBORAH CARVALHIDO;PSD;SUPLENTE;11
8;8;55234;DEBORAH CARVALHIDO;PSD;SUPLENTE;20
9;8;55234;DEBORAH CARVALHIDO;PSD;SUPLENTE;48
10;8;55234;DEBORAH CARVALHIDO;PSD;SUPLENTE;39
11;8;55234;DEBORAH CARVALHIDO;PSD;SUPLENTE;77
13;8;55234;DEBORAH CARVALHIDO;PSD;SUPLENTE;20
14;8;55234;DEBORAH CARVALHIDO;PSD;SUPLENTE;118
15;8;55234;DEBORAH CARVALHIDO;PSD;SUPLENTE;70
16;8;55234;DEBORAH CARVALHIDO;PSD;SUPLENTE;3
17;8;55234;DEBORAH CARVALHIDO;PSD;SUPLENTE;11
18;8;55234;DEBORAH CARVALHIDO;PSD;SUPLENTE;207
19;8;55234;DEBORAH CARVALHIDO;PSD;SUPLENTE;23
20;8;55234;DEBORAH CARVALHIDO;PSD;SUPLENTE;5
21;8;55234;DEBORAH CARVALHIDO;PSD;SUPLENTE;31
1;8;55255;DAI NASTEOLI;PSD;SUPLENTE;13
2;8;55255;DAI NASTEOLI;PSD;SUPLENTE;14
3;8;55255;DAI NASTEOLI;PSD;SUPLENTE;19
4;8;55255;DAI NASTEOLI;PSD;SUPLENTE;11
5;8;55255;DAI NASTEOLI;PSD;SUPLENTE;12
6;8;55255;DAI NASTEOLI;PSD;SUPLENTE;3
8;8;55255;DAI NASTEOLI;PSD;SUPLENTE;29
9;8;55255;DAI NASTEOLI;PSD;SUPLENTE;20
10;8;55255;DAI NASTEOLI;PSD;SUPLENTE;21
11;8;55255;DAI NASTEOLI;PSD;SUPLENTE;10
13;8;55255;DAI NASTEOLI;PSD;SUPLENTE;21
14;8;55255;DAI NASTEOLI;PSD;SUPLENTE;23
15;8;55255;DAI NASTEOLI;PSD;SUPLENTE;48
16;8;55255;DAI NASTEOLI;PSD;SUPLENTE;14
17;8;55255;DAI NASTEOLI;PSD;SUPLENTE;14
18;8;55255;DAI NASTEOLI;PSD;SUPLENTE;17
19;8;55255;DAI NASTEOLI;PSD;SUPLENTE;32
20;8;55255;DAI NASTEOLI;PSD;SUPLENTE;32
21;8;55255;DAI NASTEOLI;PSD;SUPLENTE;27
1;8;55283;JUSSARA FAVIERO;PSD;SUPLENTE;4
2;8;55283;JUSSARA FAVIERO;PSD;SUPLENTE;4
3;8;55283;JUSSARA FAVIERO;PSD;SUPLENTE;5
4;8;55283;JUSSARA FAVIERO;PSD;SUPLENTE;5
5;8;55283;JUSSARA FAVIERO;PSD;SUPLENTE;2
6;8;55283;JUSSARA FAVIERO;PSD;SUPLENTE;1
8;8;55283;JUSSARA FAVIERO;PSD;SUPLENTE;3
9;8;55283;JUSSARA FAVIERO;PSD;SUPLENTE;16
10;8;55283;JUSSARA FAVIERO;PSD;SUPLENTE;14
11;8;55283;JUSSARA FAVIERO;PSD;SUPLENTE;84
13;8;55283;JUSSARA FAVIERO;PSD;SUPLENTE;7
14;8;55283;JUSSARA FAVIERO;PSD;SUPLENTE;13
15;8;55283;JUSSARA FAVIERO;PSD;SUPLENTE;9
16;8;55283;JUSSARA FAVIERO;PSD;SUPLENTE;2
17;8;55283;JUSSARA FAVIERO;PSD;SUPLENTE;5
18;8;55283;JUSSARA FAVIERO;PSD;SUPLENTE;14
19;8;55283;JUSSARA FAVIERO;PSD;SUPLENTE;14
20;8;55283;JUSSARA FAVIERO;PSD;SUPLENTE;10
21;8;55283;JUSSARA FAVIERO;PSD;SUPLENTE;7
1;8;55321;DR LUCIMIR;PSD;SUPLENTE;141
2;8;55321;DR LUCIMIR;PSD;SUPLENTE;41
3;8;55321;DR LUCIMIR;PSD;SUPLENTE;125
4;8;55321;DR LUCIMIR;PSD;SUPLENTE;132
5;8;55321;DR LUCIMIR;PSD;SUPLENTE;74
6;8;55321;DR LUCIMIR;PSD;SUPLENTE;34
8;8;55321;DR LUCIMIR;PSD;SUPLENTE;156
9;8;55321;DR LUCIMIR;PSD;SUPLENTE;311
10;8;55321;DR LUCIMIR;PSD;SUPLENTE;193
11;8;55321;DR LUCIMIR;PSD;SUPLENTE;140
13;8;55321;DR LUCIMIR;PSD;SUPLENTE;156
14;8;55321;DR LUCIMIR;PSD;SUPLENTE;75
15;8;55321;DR LUCIMIR;PSD;SUPLENTE;191
16;8;55321;DR LUCIMIR;PSD;SUPLENTE;86
17;8;55321;DR LUCIMIR;PSD;SUPLENTE;417
18;8;55321;DR LUCIMIR;PSD;SUPLENTE;171
19;8;55321;DR LUCIMIR;PSD;SUPLENTE;101
20;8;55321;DR LUCIMIR;PSD;SUPLENTE;88
21;8;55321;DR LUCIMIR;PSD;SUPLENTE;136
1;8;55444;OSVALDÃO DO POVO;PSD;SUPLENTE;26
2;8;55444;OSVALDÃO DO POVO;PSD;SUPLENTE;47
3;8;55444;OSVALDÃO DO POVO;PSD;SUPLENTE;19
4;8;55444;OSVALDÃO DO POVO;PSD;SUPLENTE;8
5;8;55444;OSVALDÃO DO POVO;PSD;SUPLENTE;35
6;8;55444;OSVALDÃO DO POVO;PSD;SUPLENTE;12
8;8;55444;OSVALDÃO DO POVO;PSD;SUPLENTE;54
9;8;55444;OSVALDÃO DO POVO;PSD;SUPLENTE;48
10;8;55444;OSVALDÃO DO POVO;PSD;SUPLENTE;29
11;8;55444;OSVALDÃO DO POVO;PSD;SUPLENTE;25
13;8;55444;OSVALDÃO DO POVO;PSD;SUPLENTE;38
14;8;55444;OSVALDÃO DO POVO;PSD;SUPLENTE;94
15;8;55444;OSVALDÃO DO POVO;PSD;SUPLENTE;50
16;8;55444;OSVALDÃO DO POVO;PSD;SUPLENTE;22
17;8;55444;OSVALDÃO DO POVO;PSD;SUPLENTE;8
18;8;55444;OSVALDÃO DO POVO;PSD;SUPLENTE;31
19;8;55444;OSVALDÃO DO POVO;PSD;SUPLENTE;21
20;8;55444;OSVALDÃO DO POVO;PSD;SUPLENTE;24
21;8;55444;OSVALDÃO DO POVO;PSD;SUPLENTE;12
1;8;55456;LIPPE VIANA;PSD;SUPLENTE;1
2;8;55456;LIPPE VIANA;PSD;SUPLENTE;11
3;8;55456;LIPPE VIANA;PSD;SUPLENTE;1
4;8;55456;LIPPE VIANA;PSD;SUPLENTE;2
5;8;55456;LIPPE VIANA;PSD;SUPLENTE;0
6;8;55456;LIPPE VIANA;PSD;SUPLENTE;3
8;8;55456;LIPPE VIANA;PSD;SUPLENTE;4
9;8;55456;LIPPE VIANA;PSD;SUPLENTE;2
10;8;55456;LIPPE VIANA;PSD;SUPLENTE;7
11;8;55456;LIPPE VIANA;PSD;SUPLENTE;2
13;8;55456;LIPPE VIANA;PSD;SUPLENTE;3
14;8;55456;LIPPE VIANA;PSD;SUPLENTE;5
15;8;55456;LIPPE VIANA;PSD;SUPLENTE;0
16;8;55456;LIPPE VIANA;PSD;SUPLENTE;3
17;8;55456;LIPPE VIANA;PSD;SUPLENTE;5
18;8;55456;LIPPE VIANA;PSD;SUPLENTE;682
19;8;55456;LIPPE VIANA;PSD;SUPLENTE;1
20;8;55456;LIPPE VIANA;PSD;SUPLENTE;3
21;8;55456;LIPPE VIANA;PSD;SUPLENTE;1
1;8;55500;ARILSON DE OLIVEIRA DA SAÚDE;PSD;SUPLENTE;7
2;8;55500;ARILSON DE OLIVEIRA DA SAÚDE;PSD;SUPLENTE;7
3;8;55500;ARILSON DE OLIVEIRA DA SAÚDE;PSD;SUPLENTE;25
4;8;55500;ARILSON DE OLIVEIRA DA SAÚDE;PSD;SUPLENTE;30
5;8;55500;ARILSON DE OLIVEIRA DA SAÚDE;PSD;SUPLENTE;10
6;8;55500;ARILSON DE OLIVEIRA DA SAÚDE;PSD;SUPLENTE;6
8;8;55500;ARILSON DE OLIVEIRA DA SAÚDE;PSD;SUPLENTE;64
9;8;55500;ARILSON DE OLIVEIRA DA SAÚDE;PSD;SUPLENTE;27
10;8;55500;ARILSON DE OLIVEIRA DA SAÚDE;PSD;SUPLENTE;27
11;8;55500;ARILSON DE OLIVEIRA DA SAÚDE;PSD;SUPLENTE;19
13;8;55500;ARILSON DE OLIVEIRA DA SAÚDE;PSD;SUPLENTE;322
14;8;55500;ARILSON DE OLIVEIRA DA SAÚDE;PSD;SUPLENTE;9
15;8;55500;ARILSON DE OLIVEIRA DA SAÚDE;PSD;SUPLENTE;53
16;8;55500;ARILSON DE OLIVEIRA DA SAÚDE;PSD;SUPLENTE;37
17;8;55500;ARILSON DE OLIVEIRA DA SAÚDE;PSD;SUPLENTE;10
18;8;55500;ARILSON DE OLIVEIRA DA SAÚDE;PSD;SUPLENTE;8
19;8;55500;ARILSON DE OLIVEIRA DA SAÚDE;PSD;SUPLENTE;47
20;8;55500;ARILSON DE OLIVEIRA DA SAÚDE;PSD;SUPLENTE;27
21;8;55500;ARILSON DE OLIVEIRA DA SAÚDE;PSD;SUPLENTE;65
1;8;55511;RENATINHO;PSD;SUPLENTE;3
2;8;55511;RENATINHO;PSD;SUPLENTE;14
3;8;55511;RENATINHO;PSD;SUPLENTE;11
4;8;55511;RENATINHO;PSD;SUPLENTE;20
5;8;55511;RENATINHO;PSD;SUPLENTE;36
6;8;55511;RENATINHO;PSD;SUPLENTE;372
8;8;55511;RENATINHO;PSD;SUPLENTE;40
9;8;55511;RENATINHO;PSD;SUPLENTE;8
10;8;55511;RENATINHO;PSD;SUPLENTE;20
11;8;55511;RENATINHO;PSD;SUPLENTE;4
13;8;55511;RENATINHO;PSD;SUPLENTE;53
14;8;55511;RENATINHO;PSD;SUPLENTE;6
15;8;55511;RENATINHO;PSD;SUPLENTE;13
16;8;55511;RENATINHO;PSD;SUPLENTE;32
17;8;55511;RENATINHO;PSD;SUPLENTE;28
18;8;55511;RENATINHO;PSD;SUPLENTE;10
19;8;55511;RENATINHO;PSD;SUPLENTE;9
20;8;55511;RENATINHO;PSD;SUPLENTE;25
21;8;55511;RENATINHO;PSD;SUPLENTE;42
1;8;55550;JAQUELINE BERNARDO;PSD;SUPLENTE;2
2;8;55550;JAQUELINE BERNARDO;PSD;SUPLENTE;0
3;8;55550;JAQUELINE BERNARDO;PSD;SUPLENTE;11
4;8;55550;JAQUELINE BERNARDO;PSD;SUPLENTE;3
5;8;55550;JAQUELINE BERNARDO;PSD;SUPLENTE;1
6;8;55550;JAQUELINE BERNARDO;PSD;SUPLENTE;0
8;8;55550;JAQUELINE BERNARDO;PSD;SUPLENTE;5
9;8;55550;JAQUELINE BERNARDO;PSD;SUPLENTE;12
10;8;55550;JAQUELINE BERNARDO;PSD;SUPLENTE;2
11;8;55550;JAQUELINE BERNARDO;PSD;SUPLENTE;4
13;8;55550;JAQUELINE BERNARDO;PSD;SUPLENTE;4
14;8;55550;JAQUELINE BERNARDO;PSD;SUPLENTE;4
15;8;55550;JAQUELINE BERNARDO;PSD;SUPLENTE;21
16;8;55550;JAQUELINE BERNARDO;PSD;SUPLENTE;6
17;8;55550;JAQUELINE BERNARDO;PSD;SUPLENTE;2
18;8;55550;JAQUELINE BERNARDO;PSD;SUPLENTE;0
19;8;55550;JAQUELINE BERNARDO;PSD;SUPLENTE;27
20;8;55550;JAQUELINE BERNARDO;PSD;SUPLENTE;0
21;8;55550;JAQUELINE BERNARDO;PSD;SUPLENTE;7
1;8;55555;RILDO DO WI FI;PSD;SUPLENTE;36
2;8;55555;RILDO DO WI FI;PSD;SUPLENTE;28
3;8;55555;RILDO DO WI FI;PSD;SUPLENTE;22
4;8;55555;RILDO DO WI FI;PSD;SUPLENTE;25
5;8;55555;RILDO DO WI FI;PSD;SUPLENTE;19
6;8;55555;RILDO DO WI FI;PSD;SUPLENTE;33
8;8;55555;RILDO DO WI FI;PSD;SUPLENTE;37
9;8;55555;RILDO DO WI FI;PSD;SUPLENTE;45
10;8;55555;RILDO DO WI FI;PSD;SUPLENTE;38
11;8;55555;RILDO DO WI FI;PSD;SUPLENTE;25
13;8;55555;RILDO DO WI FI;PSD;SUPLENTE;42
14;8;55555;RILDO DO WI FI;PSD;SUPLENTE;35
15;8;55555;RILDO DO WI FI;PSD;SUPLENTE;52
16;8;55555;RILDO DO WI FI;PSD;SUPLENTE;38
17;8;55555;RILDO DO WI FI;PSD;SUPLENTE;34
18;8;55555;RILDO DO WI FI;PSD;SUPLENTE;37
19;8;55555;RILDO DO WI FI;PSD;SUPLENTE;20
20;8;55555;RILDO DO WI FI;PSD;SUPLENTE;20
21;8;55555;RILDO DO WI FI;PSD;SUPLENTE;33
1;8;55666;JOAO LEAL;PSD;SUPLENTE;106
2;8;55666;JOAO LEAL;PSD;SUPLENTE;45
3;8;55666;JOAO LEAL;PSD;SUPLENTE;1
4;8;55666;JOAO LEAL;PSD;SUPLENTE;6
5;8;55666;JOAO LEAL;PSD;SUPLENTE;6
6;8;55666;JOAO LEAL;PSD;SUPLENTE;1
8;8;55666;JOAO LEAL;PSD;SUPLENTE;7
9;8;55666;JOAO LEAL;PSD;SUPLENTE;25
10;8;55666;JOAO LEAL;PSD;SUPLENTE;24
11;8;55666;JOAO LEAL;PSD;SUPLENTE;54
13;8;55666;JOAO LEAL;PSD;SUPLENTE;10
14;8;55666;JOAO LEAL;PSD;SUPLENTE;117
15;8;55666;JOAO LEAL;PSD;SUPLENTE;31
16;8;55666;JOAO LEAL;PSD;SUPLENTE;4
17;8;55666;JOAO LEAL;PSD;SUPLENTE;8
18;8;55666;JOAO LEAL;PSD;SUPLENTE;141
19;8;55666;JOAO LEAL;PSD;SUPLENTE;15
20;8;55666;JOAO LEAL;PSD;SUPLENTE;1
21;8;55666;JOAO LEAL;PSD;SUPLENTE;4
1;8;55678;ESTEFANE O CABEÇA BRANCA;PSD;SUPLENTE;23
2;8;55678;ESTEFANE O CABEÇA BRANCA;PSD;SUPLENTE;55
3;8;55678;ESTEFANE O CABEÇA BRANCA;PSD;SUPLENTE;2
4;8;55678;ESTEFANE O CABEÇA BRANCA;PSD;SUPLENTE;8
5;8;55678;ESTEFANE O CABEÇA BRANCA;PSD;SUPLENTE;48
6;8;55678;ESTEFANE O CABEÇA BRANCA;PSD;SUPLENTE;9
8;8;55678;ESTEFANE O CABEÇA BRANCA;PSD;SUPLENTE;6
9;8;55678;ESTEFANE O CABEÇA BRANCA;PSD;SUPLENTE;11
10;8;55678;ESTEFANE O CABEÇA BRANCA;PSD;SUPLENTE;15
11;8;55678;ESTEFANE O CABEÇA BRANCA;PSD;SUPLENTE;26
13;8;55678;ESTEFANE O CABEÇA BRANCA;PSD;SUPLENTE;6
14;8;55678;ESTEFANE O CABEÇA BRANCA;PSD;SUPLENTE;76
15;8;55678;ESTEFANE O CABEÇA BRANCA;PSD;SUPLENTE;34
16;8;55678;ESTEFANE O CABEÇA BRANCA;PSD;SUPLENTE;2
17;8;55678;ESTEFANE O CABEÇA BRANCA;PSD;SUPLENTE;3
18;8;55678;ESTEFANE O CABEÇA BRANCA;PSD;SUPLENTE;9
19;8;55678;ESTEFANE O CABEÇA BRANCA;PSD;SUPLENTE;7
20;8;55678;ESTEFANE O CABEÇA BRANCA;PSD;SUPLENTE;15
21;8;55678;ESTEFANE O CABEÇA BRANCA;PSD;SUPLENTE;1
1;8;55777;JAPA DA BIKE;PSD;SUPLENTE;51
2;8;55777;JAPA DA BIKE;PSD;SUPLENTE;15
3;8;55777;JAPA DA BIKE;PSD;SUPLENTE;18
4;8;55777;JAPA DA BIKE;PSD;SUPLENTE;11
5;8;55777;JAPA DA BIKE;PSD;SUPLENTE;29
6;8;55777;JAPA DA BIKE;PSD;SUPLENTE;8
8;8;55777;JAPA DA BIKE;PSD;SUPLENTE;26
9;8;55777;JAPA DA BIKE;PSD;SUPLENTE;239
10;8;55777;JAPA DA BIKE;PSD;SUPLENTE;39
11;8;55777;JAPA DA BIKE;PSD;SUPLENTE;54
13;8;55777;JAPA DA BIKE;PSD;SUPLENTE;28
14;8;55777;JAPA DA BIKE;PSD;SUPLENTE;79
15;8;55777;JAPA DA BIKE;PSD;SUPLENTE;98
16;8;55777;JAPA DA BIKE;PSD;SUPLENTE;25
17;8;55777;JAPA DA BIKE;PSD;SUPLENTE;13
18;8;55777;JAPA DA BIKE;PSD;SUPLENTE;42
19;8;55777;JAPA DA BIKE;PSD;SUPLENTE;36
20;8;55777;JAPA DA BIKE;PSD;SUPLENTE;14
21;8;55777;JAPA DA BIKE;PSD;SUPLENTE;12
1;8;55789;PASTOR HENRIQUE;PSD;SUPLENTE;4
2;8;55789;PASTOR HENRIQUE;PSD;SUPLENTE;597
3;8;55789;PASTOR HENRIQUE;PSD;SUPLENTE;5
4;8;55789;PASTOR HENRIQUE;PSD;SUPLENTE;20
5;8;55789;PASTOR HENRIQUE;PSD;SUPLENTE;5
6;8;55789;PASTOR HENRIQUE;PSD;SUPLENTE;21
8;8;55789;PASTOR HENRIQUE;PSD;SUPLENTE;4
9;8;55789;PASTOR HENRIQUE;PSD;SUPLENTE;8
10;8;55789;PASTOR HENRIQUE;PSD;SUPLENTE;5
11;8;55789;PASTOR HENRIQUE;PSD;SUPLENTE;5
13;8;55789;PASTOR HENRIQUE;PSD;SUPLENTE;17
14;8;55789;PASTOR HENRIQUE;PSD;SUPLENTE;3
15;8;55789;PASTOR HENRIQUE;PSD;SUPLENTE;2
16;8;55789;PASTOR HENRIQUE;PSD;SUPLENTE;4
17;8;55789;PASTOR HENRIQUE;PSD;SUPLENTE;8
18;8;55789;PASTOR HENRIQUE;PSD;SUPLENTE;9
19;8;55789;PASTOR HENRIQUE;PSD;SUPLENTE;1
20;8;55789;PASTOR HENRIQUE;PSD;SUPLENTE;1
21;8;55789;PASTOR HENRIQUE;PSD;SUPLENTE;7
1;8;65123;COLETIVO COMUNS E PROF. ELIAS ;PC do B;SUPLENTE;103
2;8;65123;COLETIVO COMUNS E PROF. ELIAS ;PC do B;SUPLENTE;85
3;8;65123;COLETIVO COMUNS E PROF. ELIAS ;PC do B;SUPLENTE;54
4;8;65123;COLETIVO COMUNS E PROF. ELIAS ;PC do B;SUPLENTE;123
5;8;65123;COLETIVO COMUNS E PROF. ELIAS ;PC do B;SUPLENTE;93
6;8;65123;COLETIVO COMUNS E PROF. ELIAS ;PC do B;SUPLENTE;120
8;8;65123;COLETIVO COMUNS E PROF. ELIAS ;PC do B;SUPLENTE;91
9;8;65123;COLETIVO COMUNS E PROF. ELIAS ;PC do B;SUPLENTE;269
10;8;65123;COLETIVO COMUNS E PROF. ELIAS ;PC do B;SUPLENTE;99
11;8;65123;COLETIVO COMUNS E PROF. ELIAS ;PC do B;SUPLENTE;90
13;8;65123;COLETIVO COMUNS E PROF. ELIAS ;PC do B;SUPLENTE;82
14;8;65123;COLETIVO COMUNS E PROF. ELIAS ;PC do B;SUPLENTE;213
15;8;65123;COLETIVO COMUNS E PROF. ELIAS ;PC do B;SUPLENTE;250
16;8;65123;COLETIVO COMUNS E PROF. ELIAS ;PC do B;SUPLENTE;78
17;8;65123;COLETIVO COMUNS E PROF. ELIAS ;PC do B;SUPLENTE;254
18;8;65123;COLETIVO COMUNS E PROF. ELIAS ;PC do B;SUPLENTE;688
19;8;65123;COLETIVO COMUNS E PROF. ELIAS ;PC do B;SUPLENTE;88
20;8;65123;COLETIVO COMUNS E PROF. ELIAS ;PC do B;SUPLENTE;70
21;8;65123;COLETIVO COMUNS E PROF. ELIAS ;PC do B;SUPLENTE;180
1;8;65555;VERÔNICA GOULART COLETIVO;PC do B;SUPLENTE;55
2;8;65555;VERÔNICA GOULART COLETIVO;PC do B;SUPLENTE;37
3;8;65555;VERÔNICA GOULART COLETIVO;PC do B;SUPLENTE;11
4;8;65555;VERÔNICA GOULART COLETIVO;PC do B;SUPLENTE;14
5;8;65555;VERÔNICA GOULART COLETIVO;PC do B;SUPLENTE;25
6;8;65555;VERÔNICA GOULART COLETIVO;PC do B;SUPLENTE;23
8;8;65555;VERÔNICA GOULART COLETIVO;PC do B;SUPLENTE;35
9;8;65555;VERÔNICA GOULART COLETIVO;PC do B;SUPLENTE;25
10;8;65555;VERÔNICA GOULART COLETIVO;PC do B;SUPLENTE;29
11;8;65555;VERÔNICA GOULART COLETIVO;PC do B;SUPLENTE;31
13;8;65555;VERÔNICA GOULART COLETIVO;PC do B;SUPLENTE;25
14;8;65555;VERÔNICA GOULART COLETIVO;PC do B;SUPLENTE;57
15;8;65555;VERÔNICA GOULART COLETIVO;PC do B;SUPLENTE;69
16;8;65555;VERÔNICA GOULART COLETIVO;PC do B;SUPLENTE;93
17;8;65555;VERÔNICA GOULART COLETIVO;PC do B;SUPLENTE;31
18;8;65555;VERÔNICA GOULART COLETIVO;PC do B;SUPLENTE;62
19;8;65555;VERÔNICA GOULART COLETIVO;PC do B;SUPLENTE;27
20;8;65555;VERÔNICA GOULART COLETIVO;PC do B;SUPLENTE;10
21;8;65555;VERÔNICA GOULART COLETIVO;PC do B;SUPLENTE;17
1;8;70000;BIRA NOGUEIRA;AVANTE;SUPLENTE;50
2;8;70000;BIRA NOGUEIRA;AVANTE;SUPLENTE;103
3;8;70000;BIRA NOGUEIRA;AVANTE;SUPLENTE;141
4;8;70000;BIRA NOGUEIRA;AVANTE;SUPLENTE;382
5;8;70000;BIRA NOGUEIRA;AVANTE;SUPLENTE;106
6;8;70000;BIRA NOGUEIRA;AVANTE;SUPLENTE;129
8;8;70000;BIRA NOGUEIRA;AVANTE;SUPLENTE;100
9;8;70000;BIRA NOGUEIRA;AVANTE;SUPLENTE;138
10;8;70000;BIRA NOGUEIRA;AVANTE;SUPLENTE;250
11;8;70000;BIRA NOGUEIRA;AVANTE;SUPLENTE;57
13;8;70000;BIRA NOGUEIRA;AVANTE;SUPLENTE;196
14;8;70000;BIRA NOGUEIRA;AVANTE;SUPLENTE;58
15;8;70000;BIRA NOGUEIRA;AVANTE;SUPLENTE;249
16;8;70000;BIRA NOGUEIRA;AVANTE;SUPLENTE;130
17;8;70000;BIRA NOGUEIRA;AVANTE;SUPLENTE;318
18;8;70000;BIRA NOGUEIRA;AVANTE;SUPLENTE;63
19;8;70000;BIRA NOGUEIRA;AVANTE;SUPLENTE;106
20;8;70000;BIRA NOGUEIRA;AVANTE;SUPLENTE;77
21;8;70000;BIRA NOGUEIRA;AVANTE;SUPLENTE;223
1;8;70022;JULIANA  PORCARO SABOIA;AVANTE;SUPLENTE;21
2;8;70022;JULIANA  PORCARO SABOIA;AVANTE;SUPLENTE;14
3;8;70022;JULIANA  PORCARO SABOIA;AVANTE;SUPLENTE;3
4;8;70022;JULIANA  PORCARO SABOIA;AVANTE;SUPLENTE;4
5;8;70022;JULIANA  PORCARO SABOIA;AVANTE;SUPLENTE;9
6;8;70022;JULIANA  PORCARO SABOIA;AVANTE;SUPLENTE;10
8;8;70022;JULIANA  PORCARO SABOIA;AVANTE;SUPLENTE;1
9;8;70022;JULIANA  PORCARO SABOIA;AVANTE;SUPLENTE;13
10;8;70022;JULIANA  PORCARO SABOIA;AVANTE;SUPLENTE;15
11;8;70022;JULIANA  PORCARO SABOIA;AVANTE;SUPLENTE;18
13;8;70022;JULIANA  PORCARO SABOIA;AVANTE;SUPLENTE;4
14;8;70022;JULIANA  PORCARO SABOIA;AVANTE;SUPLENTE;28
15;8;70022;JULIANA  PORCARO SABOIA;AVANTE;SUPLENTE;26
16;8;70022;JULIANA  PORCARO SABOIA;AVANTE;SUPLENTE;4
17;8;70022;JULIANA  PORCARO SABOIA;AVANTE;SUPLENTE;6
18;8;70022;JULIANA  PORCARO SABOIA;AVANTE;SUPLENTE;60
19;8;70022;JULIANA  PORCARO SABOIA;AVANTE;SUPLENTE;15
20;8;70022;JULIANA  PORCARO SABOIA;AVANTE;SUPLENTE;1
21;8;70022;JULIANA  PORCARO SABOIA;AVANTE;SUPLENTE;2
1;8;70070;PACO BRITTO;AVANTE;SUPLENTE;345
2;8;70070;PACO BRITTO;AVANTE;SUPLENTE;238
3;8;70070;PACO BRITTO;AVANTE;SUPLENTE;138
4;8;70070;PACO BRITTO;AVANTE;SUPLENTE;175
5;8;70070;PACO BRITTO;AVANTE;SUPLENTE;389
6;8;70070;PACO BRITTO;AVANTE;SUPLENTE;286
8;8;70070;PACO BRITTO;AVANTE;SUPLENTE;346
9;8;70070;PACO BRITTO;AVANTE;SUPLENTE;339
10;8;70070;PACO BRITTO;AVANTE;SUPLENTE;345
11;8;70070;PACO BRITTO;AVANTE;SUPLENTE;211
13;8;70070;PACO BRITTO;AVANTE;SUPLENTE;274
14;8;70070;PACO BRITTO;AVANTE;SUPLENTE;243
15;8;70070;PACO BRITTO;AVANTE;SUPLENTE;309
16;8;70070;PACO BRITTO;AVANTE;SUPLENTE;310
17;8;70070;PACO BRITTO;AVANTE;SUPLENTE;125
18;8;70070;PACO BRITTO;AVANTE;SUPLENTE;620
19;8;70070;PACO BRITTO;AVANTE;SUPLENTE;216
20;8;70070;PACO BRITTO;AVANTE;SUPLENTE;333
21;8;70070;PACO BRITTO;AVANTE;SUPLENTE;202
1;8;70100;MARCOS MAURÍCIO;AVANTE;SUPLENTE;205
2;8;70100;MARCOS MAURÍCIO;AVANTE;SUPLENTE;99
3;8;70100;MARCOS MAURÍCIO;AVANTE;SUPLENTE;158
4;8;70100;MARCOS MAURÍCIO;AVANTE;SUPLENTE;52
5;8;70100;MARCOS MAURÍCIO;AVANTE;SUPLENTE;58
6;8;70100;MARCOS MAURÍCIO;AVANTE;SUPLENTE;23
8;8;70100;MARCOS MAURÍCIO;AVANTE;SUPLENTE;163
9;8;70100;MARCOS MAURÍCIO;AVANTE;SUPLENTE;243
10;8;70100;MARCOS MAURÍCIO;AVANTE;SUPLENTE;204
11;8;70100;MARCOS MAURÍCIO;AVANTE;SUPLENTE;137
13;8;70100;MARCOS MAURÍCIO;AVANTE;SUPLENTE;191
14;8;70100;MARCOS MAURÍCIO;AVANTE;SUPLENTE;212
15;8;70100;MARCOS MAURÍCIO;AVANTE;SUPLENTE;907
16;8;70100;MARCOS MAURÍCIO;AVANTE;SUPLENTE;170
17;8;70100;MARCOS MAURÍCIO;AVANTE;SUPLENTE;66
18;8;70100;MARCOS MAURÍCIO;AVANTE;SUPLENTE;197
19;8;70100;MARCOS MAURÍCIO;AVANTE;SUPLENTE;342
20;8;70100;MARCOS MAURÍCIO;AVANTE;SUPLENTE;62
21;8;70100;MARCOS MAURÍCIO;AVANTE;SUPLENTE;91
1;8;70111;SILENE DA SAÚDE;AVANTE;SUPLENTE;121
2;8;70111;SILENE DA SAÚDE;AVANTE;SUPLENTE;154
3;8;70111;SILENE DA SAÚDE;AVANTE;SUPLENTE;285
4;8;70111;SILENE DA SAÚDE;AVANTE;SUPLENTE;156
5;8;70111;SILENE DA SAÚDE;AVANTE;SUPLENTE;148
6;8;70111;SILENE DA SAÚDE;AVANTE;SUPLENTE;93
8;8;70111;SILENE DA SAÚDE;AVANTE;SUPLENTE;275
9;8;70111;SILENE DA SAÚDE;AVANTE;SUPLENTE;277
10;8;70111;SILENE DA SAÚDE;AVANTE;SUPLENTE;270
11;8;70111;SILENE DA SAÚDE;AVANTE;SUPLENTE;167
13;8;70111;SILENE DA SAÚDE;AVANTE;SUPLENTE;282
14;8;70111;SILENE DA SAÚDE;AVANTE;SUPLENTE;166
15;8;70111;SILENE DA SAÚDE;AVANTE;SUPLENTE;519
16;8;70111;SILENE DA SAÚDE;AVANTE;SUPLENTE;283
17;8;70111;SILENE DA SAÚDE;AVANTE;SUPLENTE;273
18;8;70111;SILENE DA SAÚDE;AVANTE;SUPLENTE;199
19;8;70111;SILENE DA SAÚDE;AVANTE;SUPLENTE;500
20;8;70111;SILENE DA SAÚDE;AVANTE;SUPLENTE;226
21;8;70111;SILENE DA SAÚDE;AVANTE;SUPLENTE;176
1;8;70122;EDUARDO MENDES REI DOS FARÓIS;AVANTE;SUPLENTE;1
2;8;70122;EDUARDO MENDES REI DOS FARÓIS;AVANTE;SUPLENTE;9
3;8;70122;EDUARDO MENDES REI DOS FARÓIS;AVANTE;SUPLENTE;310
4;8;70122;EDUARDO MENDES REI DOS FARÓIS;AVANTE;SUPLENTE;9
5;8;70122;EDUARDO MENDES REI DOS FARÓIS;AVANTE;SUPLENTE;10
6;8;70122;EDUARDO MENDES REI DOS FARÓIS;AVANTE;SUPLENTE;36
8;8;70122;EDUARDO MENDES REI DOS FARÓIS;AVANTE;SUPLENTE;99
9;8;70122;EDUARDO MENDES REI DOS FARÓIS;AVANTE;SUPLENTE;28
10;8;70122;EDUARDO MENDES REI DOS FARÓIS;AVANTE;SUPLENTE;35
11;8;70122;EDUARDO MENDES REI DOS FARÓIS;AVANTE;SUPLENTE;9
13;8;70122;EDUARDO MENDES REI DOS FARÓIS;AVANTE;SUPLENTE;117
14;8;70122;EDUARDO MENDES REI DOS FARÓIS;AVANTE;SUPLENTE;4
15;8;70122;EDUARDO MENDES REI DOS FARÓIS;AVANTE;SUPLENTE;39
16;8;70122;EDUARDO MENDES REI DOS FARÓIS;AVANTE;SUPLENTE;75
17;8;70122;EDUARDO MENDES REI DOS FARÓIS;AVANTE;SUPLENTE;20
18;8;70122;EDUARDO MENDES REI DOS FARÓIS;AVANTE;SUPLENTE;8
19;8;70122;EDUARDO MENDES REI DOS FARÓIS;AVANTE;SUPLENTE;156
20;8;70122;EDUARDO MENDES REI DOS FARÓIS;AVANTE;SUPLENTE;14
21;8;70122;EDUARDO MENDES REI DOS FARÓIS;AVANTE;SUPLENTE;56
1;8;70123;WILSON AMIGÃO;AVANTE;SUPLENTE;181
2;8;70123;WILSON AMIGÃO;AVANTE;SUPLENTE;310
3;8;70123;WILSON AMIGÃO;AVANTE;SUPLENTE;301
4;8;70123;WILSON AMIGÃO;AVANTE;SUPLENTE;579
5;8;70123;WILSON AMIGÃO;AVANTE;SUPLENTE;645
6;8;70123;WILSON AMIGÃO;AVANTE;SUPLENTE;204
8;8;70123;WILSON AMIGÃO;AVANTE;SUPLENTE;333
9;8;70123;WILSON AMIGÃO;AVANTE;SUPLENTE;428
10;8;70123;WILSON AMIGÃO;AVANTE;SUPLENTE;585
11;8;70123;WILSON AMIGÃO;AVANTE;SUPLENTE;204
13;8;70123;WILSON AMIGÃO;AVANTE;SUPLENTE;388
14;8;70123;WILSON AMIGÃO;AVANTE;SUPLENTE;233
15;8;70123;WILSON AMIGÃO;AVANTE;SUPLENTE;446
16;8;70123;WILSON AMIGÃO;AVANTE;SUPLENTE;365
17;8;70123;WILSON AMIGÃO;AVANTE;SUPLENTE;1473
18;8;70123;WILSON AMIGÃO;AVANTE;SUPLENTE;272
19;8;70123;WILSON AMIGÃO;AVANTE;SUPLENTE;300
20;8;70123;WILSON AMIGÃO;AVANTE;SUPLENTE;286
21;8;70123;WILSON AMIGÃO;AVANTE;SUPLENTE;567
1;8;70200;THAY EVANGELISTA;AVANTE;SUPLENTE;16
2;8;70200;THAY EVANGELISTA;AVANTE;SUPLENTE;4
3;8;70200;THAY EVANGELISTA;AVANTE;SUPLENTE;6
4;8;70200;THAY EVANGELISTA;AVANTE;SUPLENTE;8
5;8;70200;THAY EVANGELISTA;AVANTE;SUPLENTE;3
6;8;70200;THAY EVANGELISTA;AVANTE;SUPLENTE;1
8;8;70200;THAY EVANGELISTA;AVANTE;SUPLENTE;5
9;8;70200;THAY EVANGELISTA;AVANTE;SUPLENTE;19
10;8;70200;THAY EVANGELISTA;AVANTE;SUPLENTE;5
11;8;70200;THAY EVANGELISTA;AVANTE;SUPLENTE;15
13;8;70200;THAY EVANGELISTA;AVANTE;SUPLENTE;17
14;8;70200;THAY EVANGELISTA;AVANTE;SUPLENTE;20
15;8;70200;THAY EVANGELISTA;AVANTE;SUPLENTE;29
16;8;70200;THAY EVANGELISTA;AVANTE;SUPLENTE;4
17;8;70200;THAY EVANGELISTA;AVANTE;SUPLENTE;12
18;8;70200;THAY EVANGELISTA;AVANTE;SUPLENTE;38
19;8;70200;THAY EVANGELISTA;AVANTE;SUPLENTE;14
20;8;70200;THAY EVANGELISTA;AVANTE;SUPLENTE;2
21;8;70200;THAY EVANGELISTA;AVANTE;SUPLENTE;7
1;8;70222;EMANUELL RESOLVE;AVANTE;SUPLENTE;20
2;8;70222;EMANUELL RESOLVE;AVANTE;SUPLENTE;133
3;8;70222;EMANUELL RESOLVE;AVANTE;SUPLENTE;42
4;8;70222;EMANUELL RESOLVE;AVANTE;SUPLENTE;7
5;8;70222;EMANUELL RESOLVE;AVANTE;SUPLENTE;25
6;8;70222;EMANUELL RESOLVE;AVANTE;SUPLENTE;13
8;8;70222;EMANUELL RESOLVE;AVANTE;SUPLENTE;18
9;8;70222;EMANUELL RESOLVE;AVANTE;SUPLENTE;121
10;8;70222;EMANUELL RESOLVE;AVANTE;SUPLENTE;33
11;8;70222;EMANUELL RESOLVE;AVANTE;SUPLENTE;20
13;8;70222;EMANUELL RESOLVE;AVANTE;SUPLENTE;33
14;8;70222;EMANUELL RESOLVE;AVANTE;SUPLENTE;29
15;8;70222;EMANUELL RESOLVE;AVANTE;SUPLENTE;86
16;8;70222;EMANUELL RESOLVE;AVANTE;SUPLENTE;23
17;8;70222;EMANUELL RESOLVE;AVANTE;SUPLENTE;22
18;8;70222;EMANUELL RESOLVE;AVANTE;SUPLENTE;23
19;8;70222;EMANUELL RESOLVE;AVANTE;SUPLENTE;57
20;8;70222;EMANUELL RESOLVE;AVANTE;SUPLENTE;16
21;8;70222;EMANUELL RESOLVE;AVANTE;SUPLENTE;23
1;8;70269;MARIANA SIQUEIRA SURDA;AVANTE;SUPLENTE;49
2;8;70269;MARIANA SIQUEIRA SURDA;AVANTE;SUPLENTE;25
3;8;70269;MARIANA SIQUEIRA SURDA;AVANTE;SUPLENTE;27
4;8;70269;MARIANA SIQUEIRA SURDA;AVANTE;SUPLENTE;27
5;8;70269;MARIANA SIQUEIRA SURDA;AVANTE;SUPLENTE;71
6;8;70269;MARIANA SIQUEIRA SURDA;AVANTE;SUPLENTE;46
8;8;70269;MARIANA SIQUEIRA SURDA;AVANTE;SUPLENTE;51
9;8;70269;MARIANA SIQUEIRA SURDA;AVANTE;SUPLENTE;67
10;8;70269;MARIANA SIQUEIRA SURDA;AVANTE;SUPLENTE;46
11;8;70269;MARIANA SIQUEIRA SURDA;AVANTE;SUPLENTE;59
13;8;70269;MARIANA SIQUEIRA SURDA;AVANTE;SUPLENTE;51
14;8;70269;MARIANA SIQUEIRA SURDA;AVANTE;SUPLENTE;61
15;8;70269;MARIANA SIQUEIRA SURDA;AVANTE;SUPLENTE;65
16;8;70269;MARIANA SIQUEIRA SURDA;AVANTE;SUPLENTE;51
17;8;70269;MARIANA SIQUEIRA SURDA;AVANTE;SUPLENTE;32
18;8;70269;MARIANA SIQUEIRA SURDA;AVANTE;SUPLENTE;34
19;8;70269;MARIANA SIQUEIRA SURDA;AVANTE;SUPLENTE;47
20;8;70269;MARIANA SIQUEIRA SURDA;AVANTE;SUPLENTE;36
21;8;70269;MARIANA SIQUEIRA SURDA;AVANTE;SUPLENTE;42
1;8;70300;ELEN FRANCO;AVANTE;SUPLENTE;3
2;8;70300;ELEN FRANCO;AVANTE;SUPLENTE;3
3;8;70300;ELEN FRANCO;AVANTE;SUPLENTE;6
4;8;70300;ELEN FRANCO;AVANTE;SUPLENTE;1
5;8;70300;ELEN FRANCO;AVANTE;SUPLENTE;122
6;8;70300;ELEN FRANCO;AVANTE;SUPLENTE;7
8;8;70300;ELEN FRANCO;AVANTE;SUPLENTE;16
9;8;70300;ELEN FRANCO;AVANTE;SUPLENTE;20
10;8;70300;ELEN FRANCO;AVANTE;SUPLENTE;2
11;8;70300;ELEN FRANCO;AVANTE;SUPLENTE;3
13;8;70300;ELEN FRANCO;AVANTE;SUPLENTE;1
14;8;70300;ELEN FRANCO;AVANTE;SUPLENTE;8
15;8;70300;ELEN FRANCO;AVANTE;SUPLENTE;14
16;8;70300;ELEN FRANCO;AVANTE;SUPLENTE;8
17;8;70300;ELEN FRANCO;AVANTE;SUPLENTE;2
18;8;70300;ELEN FRANCO;AVANTE;SUPLENTE;4
19;8;70300;ELEN FRANCO;AVANTE;SUPLENTE;6
20;8;70300;ELEN FRANCO;AVANTE;SUPLENTE;0
21;8;70300;ELEN FRANCO;AVANTE;SUPLENTE;5
1;8;70321;WALTER MARCELO;AVANTE;SUPLENTE;1
2;8;70321;WALTER MARCELO;AVANTE;SUPLENTE;3
3;8;70321;WALTER MARCELO;AVANTE;SUPLENTE;19
4;8;70321;WALTER MARCELO;AVANTE;SUPLENTE;2
5;8;70321;WALTER MARCELO;AVANTE;SUPLENTE;4
6;8;70321;WALTER MARCELO;AVANTE;SUPLENTE;7
8;8;70321;WALTER MARCELO;AVANTE;SUPLENTE;70
9;8;70321;WALTER MARCELO;AVANTE;SUPLENTE;4
10;8;70321;WALTER MARCELO;AVANTE;SUPLENTE;5
11;8;70321;WALTER MARCELO;AVANTE;SUPLENTE;1
13;8;70321;WALTER MARCELO;AVANTE;SUPLENTE;25
14;8;70321;WALTER MARCELO;AVANTE;SUPLENTE;1
15;8;70321;WALTER MARCELO;AVANTE;SUPLENTE;9
16;8;70321;WALTER MARCELO;AVANTE;SUPLENTE;206
17;8;70321;WALTER MARCELO;AVANTE;SUPLENTE;2
18;8;70321;WALTER MARCELO;AVANTE;SUPLENTE;2
19;8;70321;WALTER MARCELO;AVANTE;SUPLENTE;12
20;8;70321;WALTER MARCELO;AVANTE;SUPLENTE;43
21;8;70321;WALTER MARCELO;AVANTE;SUPLENTE;9
1;8;70358;RAFAEL SANTANA FILHO SAMAMBAIA;AVANTE;SUPLENTE;0
2;8;70358;RAFAEL SANTANA FILHO SAMAMBAIA;AVANTE;SUPLENTE;2
3;8;70358;RAFAEL SANTANA FILHO SAMAMBAIA;AVANTE;SUPLENTE;9
4;8;70358;RAFAEL SANTANA FILHO SAMAMBAIA;AVANTE;SUPLENTE;3
5;8;70358;RAFAEL SANTANA FILHO SAMAMBAIA;AVANTE;SUPLENTE;3
6;8;70358;RAFAEL SANTANA FILHO SAMAMBAIA;AVANTE;SUPLENTE;0
8;8;70358;RAFAEL SANTANA FILHO SAMAMBAIA;AVANTE;SUPLENTE;17
9;8;70358;RAFAEL SANTANA FILHO SAMAMBAIA;AVANTE;SUPLENTE;1
10;8;70358;RAFAEL SANTANA FILHO SAMAMBAIA;AVANTE;SUPLENTE;8
11;8;70358;RAFAEL SANTANA FILHO SAMAMBAIA;AVANTE;SUPLENTE;0
13;8;70358;RAFAEL SANTANA FILHO SAMAMBAIA;AVANTE;SUPLENTE;280
14;8;70358;RAFAEL SANTANA FILHO SAMAMBAIA;AVANTE;SUPLENTE;0
15;8;70358;RAFAEL SANTANA FILHO SAMAMBAIA;AVANTE;SUPLENTE;9
16;8;70358;RAFAEL SANTANA FILHO SAMAMBAIA;AVANTE;SUPLENTE;2
17;8;70358;RAFAEL SANTANA FILHO SAMAMBAIA;AVANTE;SUPLENTE;3
18;8;70358;RAFAEL SANTANA FILHO SAMAMBAIA;AVANTE;SUPLENTE;0
19;8;70358;RAFAEL SANTANA FILHO SAMAMBAIA;AVANTE;SUPLENTE;13
20;8;70358;RAFAEL SANTANA FILHO SAMAMBAIA;AVANTE;SUPLENTE;4
21;8;70358;RAFAEL SANTANA FILHO SAMAMBAIA;AVANTE;SUPLENTE;70
1;8;70369;MC BANDIDA VALÉRIA SANTANA;AVANTE;SUPLENTE;1
2;8;70369;MC BANDIDA VALÉRIA SANTANA;AVANTE;SUPLENTE;25
3;8;70369;MC BANDIDA VALÉRIA SANTANA;AVANTE;SUPLENTE;2
4;8;70369;MC BANDIDA VALÉRIA SANTANA;AVANTE;SUPLENTE;4
5;8;70369;MC BANDIDA VALÉRIA SANTANA;AVANTE;SUPLENTE;6
6;8;70369;MC BANDIDA VALÉRIA SANTANA;AVANTE;SUPLENTE;4
8;8;70369;MC BANDIDA VALÉRIA SANTANA;AVANTE;SUPLENTE;8
9;8;70369;MC BANDIDA VALÉRIA SANTANA;AVANTE;SUPLENTE;10
10;8;70369;MC BANDIDA VALÉRIA SANTANA;AVANTE;SUPLENTE;16
11;8;70369;MC BANDIDA VALÉRIA SANTANA;AVANTE;SUPLENTE;0
13;8;70369;MC BANDIDA VALÉRIA SANTANA;AVANTE;SUPLENTE;13
14;8;70369;MC BANDIDA VALÉRIA SANTANA;AVANTE;SUPLENTE;7
15;8;70369;MC BANDIDA VALÉRIA SANTANA;AVANTE;SUPLENTE;11
16;8;70369;MC BANDIDA VALÉRIA SANTANA;AVANTE;SUPLENTE;12
17;8;70369;MC BANDIDA VALÉRIA SANTANA;AVANTE;SUPLENTE;7
18;8;70369;MC BANDIDA VALÉRIA SANTANA;AVANTE;SUPLENTE;9
19;8;70369;MC BANDIDA VALÉRIA SANTANA;AVANTE;SUPLENTE;8
20;8;70369;MC BANDIDA VALÉRIA SANTANA;AVANTE;SUPLENTE;5
21;8;70369;MC BANDIDA VALÉRIA SANTANA;AVANTE;SUPLENTE;12
1;8;70400;JOAB SANTA LUZIA E ESTRUTURAL;AVANTE;SUPLENTE;2
2;8;70400;JOAB SANTA LUZIA E ESTRUTURAL;AVANTE;SUPLENTE;7
3;8;70400;JOAB SANTA LUZIA E ESTRUTURAL;AVANTE;SUPLENTE;3
4;8;70400;JOAB SANTA LUZIA E ESTRUTURAL;AVANTE;SUPLENTE;2
5;8;70400;JOAB SANTA LUZIA E ESTRUTURAL;AVANTE;SUPLENTE;8
6;8;70400;JOAB SANTA LUZIA E ESTRUTURAL;AVANTE;SUPLENTE;5
8;8;70400;JOAB SANTA LUZIA E ESTRUTURAL;AVANTE;SUPLENTE;10
9;8;70400;JOAB SANTA LUZIA E ESTRUTURAL;AVANTE;SUPLENTE;469
10;8;70400;JOAB SANTA LUZIA E ESTRUTURAL;AVANTE;SUPLENTE;9
11;8;70400;JOAB SANTA LUZIA E ESTRUTURAL;AVANTE;SUPLENTE;8
13;8;70400;JOAB SANTA LUZIA E ESTRUTURAL;AVANTE;SUPLENTE;13
14;8;70400;JOAB SANTA LUZIA E ESTRUTURAL;AVANTE;SUPLENTE;12
15;8;70400;JOAB SANTA LUZIA E ESTRUTURAL;AVANTE;SUPLENTE;11
16;8;70400;JOAB SANTA LUZIA E ESTRUTURAL;AVANTE;SUPLENTE;8
17;8;70400;JOAB SANTA LUZIA E ESTRUTURAL;AVANTE;SUPLENTE;2
18;8;70400;JOAB SANTA LUZIA E ESTRUTURAL;AVANTE;SUPLENTE;3
19;8;70400;JOAB SANTA LUZIA E ESTRUTURAL;AVANTE;SUPLENTE;5
20;8;70400;JOAB SANTA LUZIA E ESTRUTURAL;AVANTE;SUPLENTE;2
21;8;70400;JOAB SANTA LUZIA E ESTRUTURAL;AVANTE;SUPLENTE;3
1;8;70456;DIVINO ROSA;AVANTE;SUPLENTE;5
2;8;70456;DIVINO ROSA;AVANTE;SUPLENTE;11
3;8;70456;DIVINO ROSA;AVANTE;SUPLENTE;57
4;8;70456;DIVINO ROSA;AVANTE;SUPLENTE;4
5;8;70456;DIVINO ROSA;AVANTE;SUPLENTE;15
6;8;70456;DIVINO ROSA;AVANTE;SUPLENTE;4
8;8;70456;DIVINO ROSA;AVANTE;SUPLENTE;90
9;8;70456;DIVINO ROSA;AVANTE;SUPLENTE;30
10;8;70456;DIVINO ROSA;AVANTE;SUPLENTE;29
11;8;70456;DIVINO ROSA;AVANTE;SUPLENTE;8
13;8;70456;DIVINO ROSA;AVANTE;SUPLENTE;118
14;8;70456;DIVINO ROSA;AVANTE;SUPLENTE;7
15;8;70456;DIVINO ROSA;AVANTE;SUPLENTE;97
16;8;70456;DIVINO ROSA;AVANTE;SUPLENTE;158
17;8;70456;DIVINO ROSA;AVANTE;SUPLENTE;6
18;8;70456;DIVINO ROSA;AVANTE;SUPLENTE;1
19;8;70456;DIVINO ROSA;AVANTE;SUPLENTE;158
20;8;70456;DIVINO ROSA;AVANTE;SUPLENTE;32
21;8;70456;DIVINO ROSA;AVANTE;SUPLENTE;64
1;8;70500;LORENA RAIZAMA;AVANTE;SUPLENTE;25
2;8;70500;LORENA RAIZAMA;AVANTE;SUPLENTE;8
3;8;70500;LORENA RAIZAMA;AVANTE;SUPLENTE;26
4;8;70500;LORENA RAIZAMA;AVANTE;SUPLENTE;50
5;8;70500;LORENA RAIZAMA;AVANTE;SUPLENTE;14
6;8;70500;LORENA RAIZAMA;AVANTE;SUPLENTE;10
8;8;70500;LORENA RAIZAMA;AVANTE;SUPLENTE;77
9;8;70500;LORENA RAIZAMA;AVANTE;SUPLENTE;40
10;8;70500;LORENA RAIZAMA;AVANTE;SUPLENTE;39
11;8;70500;LORENA RAIZAMA;AVANTE;SUPLENTE;28
13;8;70500;LORENA RAIZAMA;AVANTE;SUPLENTE;32
14;8;70500;LORENA RAIZAMA;AVANTE;SUPLENTE;16
15;8;70500;LORENA RAIZAMA;AVANTE;SUPLENTE;147
16;8;70500;LORENA RAIZAMA;AVANTE;SUPLENTE;44
17;8;70500;LORENA RAIZAMA;AVANTE;SUPLENTE;27
18;8;70500;LORENA RAIZAMA;AVANTE;SUPLENTE;10
19;8;70500;LORENA RAIZAMA;AVANTE;SUPLENTE;53
20;8;70500;LORENA RAIZAMA;AVANTE;SUPLENTE;26
21;8;70500;LORENA RAIZAMA;AVANTE;SUPLENTE;18
1;8;70700;JUNIOR CAPÃO COMPRIDO;AVANTE;SUPLENTE;10
2;8;70700;JUNIOR CAPÃO COMPRIDO;AVANTE;SUPLENTE;131
3;8;70700;JUNIOR CAPÃO COMPRIDO;AVANTE;SUPLENTE;7
4;8;70700;JUNIOR CAPÃO COMPRIDO;AVANTE;SUPLENTE;15
5;8;70700;JUNIOR CAPÃO COMPRIDO;AVANTE;SUPLENTE;24
6;8;70700;JUNIOR CAPÃO COMPRIDO;AVANTE;SUPLENTE;17
8;8;70700;JUNIOR CAPÃO COMPRIDO;AVANTE;SUPLENTE;10
9;8;70700;JUNIOR CAPÃO COMPRIDO;AVANTE;SUPLENTE;11
10;8;70700;JUNIOR CAPÃO COMPRIDO;AVANTE;SUPLENTE;24
11;8;70700;JUNIOR CAPÃO COMPRIDO;AVANTE;SUPLENTE;8
13;8;70700;JUNIOR CAPÃO COMPRIDO;AVANTE;SUPLENTE;28
14;8;70700;JUNIOR CAPÃO COMPRIDO;AVANTE;SUPLENTE;9
15;8;70700;JUNIOR CAPÃO COMPRIDO;AVANTE;SUPLENTE;14
16;8;70700;JUNIOR CAPÃO COMPRIDO;AVANTE;SUPLENTE;14
17;8;70700;JUNIOR CAPÃO COMPRIDO;AVANTE;SUPLENTE;52
18;8;70700;JUNIOR CAPÃO COMPRIDO;AVANTE;SUPLENTE;2206
19;8;70700;JUNIOR CAPÃO COMPRIDO;AVANTE;SUPLENTE;19
20;8;70700;JUNIOR CAPÃO COMPRIDO;AVANTE;SUPLENTE;11
21;8;70700;JUNIOR CAPÃO COMPRIDO;AVANTE;SUPLENTE;25
1;8;70777;EDIMAR PIRENEUS;AVANTE;SUPLENTE;15
2;8;70777;EDIMAR PIRENEUS;AVANTE;SUPLENTE;19
3;8;70777;EDIMAR PIRENEUS;AVANTE;SUPLENTE;17
4;8;70777;EDIMAR PIRENEUS;AVANTE;SUPLENTE;3
5;8;70777;EDIMAR PIRENEUS;AVANTE;SUPLENTE;1
6;8;70777;EDIMAR PIRENEUS;AVANTE;SUPLENTE;2
8;8;70777;EDIMAR PIRENEUS;AVANTE;SUPLENTE;38
9;8;70777;EDIMAR PIRENEUS;AVANTE;SUPLENTE;45
10;8;70777;EDIMAR PIRENEUS;AVANTE;SUPLENTE;12
11;8;70777;EDIMAR PIRENEUS;AVANTE;SUPLENTE;22
13;8;70777;EDIMAR PIRENEUS;AVANTE;SUPLENTE;22
14;8;70777;EDIMAR PIRENEUS;AVANTE;SUPLENTE;9
15;8;70777;EDIMAR PIRENEUS;AVANTE;SUPLENTE;35
16;8;70777;EDIMAR PIRENEUS;AVANTE;SUPLENTE;1102
17;8;70777;EDIMAR PIRENEUS;AVANTE;SUPLENTE;19
18;8;70777;EDIMAR PIRENEUS;AVANTE;SUPLENTE;7
19;8;70777;EDIMAR PIRENEUS;AVANTE;SUPLENTE;42
20;8;70777;EDIMAR PIRENEUS;AVANTE;SUPLENTE;22
21;8;70777;EDIMAR PIRENEUS;AVANTE;SUPLENTE;26
1;8;70789;GILVAN MACHO;AVANTE;SUPLENTE;8
2;8;70789;GILVAN MACHO;AVANTE;SUPLENTE;7
3;8;70789;GILVAN MACHO;AVANTE;SUPLENTE;12
4;8;70789;GILVAN MACHO;AVANTE;SUPLENTE;17
5;8;70789;GILVAN MACHO;AVANTE;SUPLENTE;14
6;8;70789;GILVAN MACHO;AVANTE;SUPLENTE;24
8;8;70789;GILVAN MACHO;AVANTE;SUPLENTE;31
9;8;70789;GILVAN MACHO;AVANTE;SUPLENTE;28
10;8;70789;GILVAN MACHO;AVANTE;SUPLENTE;79
11;8;70789;GILVAN MACHO;AVANTE;SUPLENTE;6
13;8;70789;GILVAN MACHO;AVANTE;SUPLENTE;30
14;8;70789;GILVAN MACHO;AVANTE;SUPLENTE;12
15;8;70789;GILVAN MACHO;AVANTE;SUPLENTE;26
16;8;70789;GILVAN MACHO;AVANTE;SUPLENTE;35
17;8;70789;GILVAN MACHO;AVANTE;SUPLENTE;29
18;8;70789;GILVAN MACHO;AVANTE;SUPLENTE;3
19;8;70789;GILVAN MACHO;AVANTE;SUPLENTE;50
20;8;70789;GILVAN MACHO;AVANTE;SUPLENTE;28
21;8;70789;GILVAN MACHO;AVANTE;SUPLENTE;37
1;8;70800;SUED MOBILIDADE;AVANTE;SUPLENTE;46
2;8;70800;SUED MOBILIDADE;AVANTE;SUPLENTE;90
3;8;70800;SUED MOBILIDADE;AVANTE;SUPLENTE;54
4;8;70800;SUED MOBILIDADE;AVANTE;SUPLENTE;134
5;8;70800;SUED MOBILIDADE;AVANTE;SUPLENTE;47
6;8;70800;SUED MOBILIDADE;AVANTE;SUPLENTE;42
8;8;70800;SUED MOBILIDADE;AVANTE;SUPLENTE;63
9;8;70800;SUED MOBILIDADE;AVANTE;SUPLENTE;122
10;8;70800;SUED MOBILIDADE;AVANTE;SUPLENTE;231
11;8;70800;SUED MOBILIDADE;AVANTE;SUPLENTE;61
13;8;70800;SUED MOBILIDADE;AVANTE;SUPLENTE;95
14;8;70800;SUED MOBILIDADE;AVANTE;SUPLENTE;41
15;8;70800;SUED MOBILIDADE;AVANTE;SUPLENTE;69
16;8;70800;SUED MOBILIDADE;AVANTE;SUPLENTE;66
17;8;70800;SUED MOBILIDADE;AVANTE;SUPLENTE;158
18;8;70800;SUED MOBILIDADE;AVANTE;SUPLENTE;58
19;8;70800;SUED MOBILIDADE;AVANTE;SUPLENTE;70
20;8;70800;SUED MOBILIDADE;AVANTE;SUPLENTE;74
21;8;70800;SUED MOBILIDADE;AVANTE;SUPLENTE;86
1;8;70888;JOAO CARDOSO PROFESSOR AUDITOR;AVANTE;ELEITO POR MÉDIA;380
2;8;70888;JOAO CARDOSO PROFESSOR AUDITOR;AVANTE;ELEITO POR MÉDIA;671
3;8;70888;JOAO CARDOSO PROFESSOR AUDITOR;AVANTE;ELEITO POR MÉDIA;379
4;8;70888;JOAO CARDOSO PROFESSOR AUDITOR;AVANTE;ELEITO POR MÉDIA;194
5;8;70888;JOAO CARDOSO PROFESSOR AUDITOR;AVANTE;ELEITO POR MÉDIA;8080
6;8;70888;JOAO CARDOSO PROFESSOR AUDITOR;AVANTE;ELEITO POR MÉDIA;1352
8;8;70888;JOAO CARDOSO PROFESSOR AUDITOR;AVANTE;ELEITO POR MÉDIA;384
9;8;70888;JOAO CARDOSO PROFESSOR AUDITOR;AVANTE;ELEITO POR MÉDIA;567
10;8;70888;JOAO CARDOSO PROFESSOR AUDITOR;AVANTE;ELEITO POR MÉDIA;352
11;8;70888;JOAO CARDOSO PROFESSOR AUDITOR;AVANTE;ELEITO POR MÉDIA;427
13;8;70888;JOAO CARDOSO PROFESSOR AUDITOR;AVANTE;ELEITO POR MÉDIA;529
14;8;70888;JOAO CARDOSO PROFESSOR AUDITOR;AVANTE;ELEITO POR MÉDIA;773
15;8;70888;JOAO CARDOSO PROFESSOR AUDITOR;AVANTE;ELEITO POR MÉDIA;916
16;8;70888;JOAO CARDOSO PROFESSOR AUDITOR;AVANTE;ELEITO POR MÉDIA;394
17;8;70888;JOAO CARDOSO PROFESSOR AUDITOR;AVANTE;ELEITO POR MÉDIA;446
18;8;70888;JOAO CARDOSO PROFESSOR AUDITOR;AVANTE;ELEITO POR MÉDIA;450
19;8;70888;JOAO CARDOSO PROFESSOR AUDITOR;AVANTE;ELEITO POR MÉDIA;602
20;8;70888;JOAO CARDOSO PROFESSOR AUDITOR;AVANTE;ELEITO POR MÉDIA;398
21;8;70888;JOAO CARDOSO PROFESSOR AUDITOR;AVANTE;ELEITO POR MÉDIA;285
1;8;70900;IVANA GUIMARÃES;AVANTE;SUPLENTE;35
2;8;70900;IVANA GUIMARÃES;AVANTE;SUPLENTE;44
3;8;70900;IVANA GUIMARÃES;AVANTE;SUPLENTE;0
4;8;70900;IVANA GUIMARÃES;AVANTE;SUPLENTE;0
5;8;70900;IVANA GUIMARÃES;AVANTE;SUPLENTE;20
6;8;70900;IVANA GUIMARÃES;AVANTE;SUPLENTE;28
8;8;70900;IVANA GUIMARÃES;AVANTE;SUPLENTE;2
9;8;70900;IVANA GUIMARÃES;AVANTE;SUPLENTE;7
10;8;70900;IVANA GUIMARÃES;AVANTE;SUPLENTE;3
11;8;70900;IVANA GUIMARÃES;AVANTE;SUPLENTE;10
13;8;70900;IVANA GUIMARÃES;AVANTE;SUPLENTE;1
14;8;70900;IVANA GUIMARÃES;AVANTE;SUPLENTE;24
15;8;70900;IVANA GUIMARÃES;AVANTE;SUPLENTE;5
16;8;70900;IVANA GUIMARÃES;AVANTE;SUPLENTE;0
17;8;70900;IVANA GUIMARÃES;AVANTE;SUPLENTE;0
18;8;70900;IVANA GUIMARÃES;AVANTE;SUPLENTE;14
19;8;70900;IVANA GUIMARÃES;AVANTE;SUPLENTE;2
20;8;70900;IVANA GUIMARÃES;AVANTE;SUPLENTE;2
21;8;70900;IVANA GUIMARÃES;AVANTE;SUPLENTE;2
1;8;70999;BISPO VIEIRA REIS;AVANTE;SUPLENTE;14
2;8;70999;BISPO VIEIRA REIS;AVANTE;SUPLENTE;85
3;8;70999;BISPO VIEIRA REIS;AVANTE;SUPLENTE;46
4;8;70999;BISPO VIEIRA REIS;AVANTE;SUPLENTE;84
5;8;70999;BISPO VIEIRA REIS;AVANTE;SUPLENTE;86
6;8;70999;BISPO VIEIRA REIS;AVANTE;SUPLENTE;75
8;8;70999;BISPO VIEIRA REIS;AVANTE;SUPLENTE;88
9;8;70999;BISPO VIEIRA REIS;AVANTE;SUPLENTE;44
10;8;70999;BISPO VIEIRA REIS;AVANTE;SUPLENTE;73
11;8;70999;BISPO VIEIRA REIS;AVANTE;SUPLENTE;7
13;8;70999;BISPO VIEIRA REIS;AVANTE;SUPLENTE;82
14;8;70999;BISPO VIEIRA REIS;AVANTE;SUPLENTE;26
15;8;70999;BISPO VIEIRA REIS;AVANTE;SUPLENTE;116
16;8;70999;BISPO VIEIRA REIS;AVANTE;SUPLENTE;84
17;8;70999;BISPO VIEIRA REIS;AVANTE;SUPLENTE;88
18;8;70999;BISPO VIEIRA REIS;AVANTE;SUPLENTE;54
19;8;70999;BISPO VIEIRA REIS;AVANTE;SUPLENTE;74
20;8;70999;BISPO VIEIRA REIS;AVANTE;SUPLENTE;54
21;8;70999;BISPO VIEIRA REIS;AVANTE;SUPLENTE;77
1;8;77000;MATEUS MOURA;SOLIDARIEDADE;NÃO ELEITO;3
2;8;77000;MATEUS MOURA;SOLIDARIEDADE;NÃO ELEITO;2
3;8;77000;MATEUS MOURA;SOLIDARIEDADE;NÃO ELEITO;10
4;8;77000;MATEUS MOURA;SOLIDARIEDADE;NÃO ELEITO;7
5;8;77000;MATEUS MOURA;SOLIDARIEDADE;NÃO ELEITO;2
6;8;77000;MATEUS MOURA;SOLIDARIEDADE;NÃO ELEITO;1
8;8;77000;MATEUS MOURA;SOLIDARIEDADE;NÃO ELEITO;3
9;8;77000;MATEUS MOURA;SOLIDARIEDADE;NÃO ELEITO;5
10;8;77000;MATEUS MOURA;SOLIDARIEDADE;NÃO ELEITO;16
11;8;77000;MATEUS MOURA;SOLIDARIEDADE;NÃO ELEITO;1
13;8;77000;MATEUS MOURA;SOLIDARIEDADE;NÃO ELEITO;11
14;8;77000;MATEUS MOURA;SOLIDARIEDADE;NÃO ELEITO;0
15;8;77000;MATEUS MOURA;SOLIDARIEDADE;NÃO ELEITO;23
16;8;77000;MATEUS MOURA;SOLIDARIEDADE;NÃO ELEITO;132
17;8;77000;MATEUS MOURA;SOLIDARIEDADE;NÃO ELEITO;10
18;8;77000;MATEUS MOURA;SOLIDARIEDADE;NÃO ELEITO;3
19;8;77000;MATEUS MOURA;SOLIDARIEDADE;NÃO ELEITO;14
20;8;77000;MATEUS MOURA;SOLIDARIEDADE;NÃO ELEITO;6
21;8;77000;MATEUS MOURA;SOLIDARIEDADE;NÃO ELEITO;4
1;8;77007;ERICK PÉTER;SOLIDARIEDADE;NÃO ELEITO;11
2;8;77007;ERICK PÉTER;SOLIDARIEDADE;NÃO ELEITO;12
3;8;77007;ERICK PÉTER;SOLIDARIEDADE;NÃO ELEITO;104
4;8;77007;ERICK PÉTER;SOLIDARIEDADE;NÃO ELEITO;15
5;8;77007;ERICK PÉTER;SOLIDARIEDADE;NÃO ELEITO;20
6;8;77007;ERICK PÉTER;SOLIDARIEDADE;NÃO ELEITO;10
8;8;77007;ERICK PÉTER;SOLIDARIEDADE;NÃO ELEITO;62
9;8;77007;ERICK PÉTER;SOLIDARIEDADE;NÃO ELEITO;30
10;8;77007;ERICK PÉTER;SOLIDARIEDADE;NÃO ELEITO;32
11;8;77007;ERICK PÉTER;SOLIDARIEDADE;NÃO ELEITO;19
13;8;77007;ERICK PÉTER;SOLIDARIEDADE;NÃO ELEITO;40
14;8;77007;ERICK PÉTER;SOLIDARIEDADE;NÃO ELEITO;16
15;8;77007;ERICK PÉTER;SOLIDARIEDADE;NÃO ELEITO;77
16;8;77007;ERICK PÉTER;SOLIDARIEDADE;NÃO ELEITO;39
17;8;77007;ERICK PÉTER;SOLIDARIEDADE;NÃO ELEITO;68
18;8;77007;ERICK PÉTER;SOLIDARIEDADE;NÃO ELEITO;11
19;8;77007;ERICK PÉTER;SOLIDARIEDADE;NÃO ELEITO;72
20;8;77007;ERICK PÉTER;SOLIDARIEDADE;NÃO ELEITO;60
21;8;77007;ERICK PÉTER;SOLIDARIEDADE;NÃO ELEITO;26
1;8;77089;TIO LUIZ;SOLIDARIEDADE;NÃO ELEITO;0
2;8;77089;TIO LUIZ;SOLIDARIEDADE;NÃO ELEITO;0
3;8;77089;TIO LUIZ;SOLIDARIEDADE;NÃO ELEITO;24
4;8;77089;TIO LUIZ;SOLIDARIEDADE;NÃO ELEITO;0
5;8;77089;TIO LUIZ;SOLIDARIEDADE;NÃO ELEITO;3
6;8;77089;TIO LUIZ;SOLIDARIEDADE;NÃO ELEITO;0
8;8;77089;TIO LUIZ;SOLIDARIEDADE;NÃO ELEITO;8
9;8;77089;TIO LUIZ;SOLIDARIEDADE;NÃO ELEITO;2
10;8;77089;TIO LUIZ;SOLIDARIEDADE;NÃO ELEITO;3
11;8;77089;TIO LUIZ;SOLIDARIEDADE;NÃO ELEITO;1
13;8;77089;TIO LUIZ;SOLIDARIEDADE;NÃO ELEITO;3
14;8;77089;TIO LUIZ;SOLIDARIEDADE;NÃO ELEITO;1
15;8;77089;TIO LUIZ;SOLIDARIEDADE;NÃO ELEITO;6
16;8;77089;TIO LUIZ;SOLIDARIEDADE;NÃO ELEITO;1
17;8;77089;TIO LUIZ;SOLIDARIEDADE;NÃO ELEITO;0
18;8;77089;TIO LUIZ;SOLIDARIEDADE;NÃO ELEITO;1
19;8;77089;TIO LUIZ;SOLIDARIEDADE;NÃO ELEITO;14
20;8;77089;TIO LUIZ;SOLIDARIEDADE;NÃO ELEITO;2
21;8;77089;TIO LUIZ;SOLIDARIEDADE;NÃO ELEITO;3
1;8;77100;BLENDA LARA;SOLIDARIEDADE;NÃO ELEITO;8
2;8;77100;BLENDA LARA;SOLIDARIEDADE;NÃO ELEITO;5
3;8;77100;BLENDA LARA;SOLIDARIEDADE;NÃO ELEITO;3
4;8;77100;BLENDA LARA;SOLIDARIEDADE;NÃO ELEITO;2
5;8;77100;BLENDA LARA;SOLIDARIEDADE;NÃO ELEITO;0
6;8;77100;BLENDA LARA;SOLIDARIEDADE;NÃO ELEITO;3
8;8;77100;BLENDA LARA;SOLIDARIEDADE;NÃO ELEITO;3
9;8;77100;BLENDA LARA;SOLIDARIEDADE;NÃO ELEITO;3
10;8;77100;BLENDA LARA;SOLIDARIEDADE;NÃO ELEITO;3
11;8;77100;BLENDA LARA;SOLIDARIEDADE;NÃO ELEITO;3
13;8;77100;BLENDA LARA;SOLIDARIEDADE;NÃO ELEITO;1
14;8;77100;BLENDA LARA;SOLIDARIEDADE;NÃO ELEITO;22
15;8;77100;BLENDA LARA;SOLIDARIEDADE;NÃO ELEITO;9
16;8;77100;BLENDA LARA;SOLIDARIEDADE;NÃO ELEITO;2
17;8;77100;BLENDA LARA;SOLIDARIEDADE;NÃO ELEITO;10
18;8;77100;BLENDA LARA;SOLIDARIEDADE;NÃO ELEITO;6
19;8;77100;BLENDA LARA;SOLIDARIEDADE;NÃO ELEITO;6
20;8;77100;BLENDA LARA;SOLIDARIEDADE;NÃO ELEITO;7
21;8;77100;BLENDA LARA;SOLIDARIEDADE;NÃO ELEITO;1
1;8;77123;CHICO LOPES;SOLIDARIEDADE;NÃO ELEITO;17
2;8;77123;CHICO LOPES;SOLIDARIEDADE;NÃO ELEITO;1
3;8;77123;CHICO LOPES;SOLIDARIEDADE;NÃO ELEITO;6
4;8;77123;CHICO LOPES;SOLIDARIEDADE;NÃO ELEITO;4
5;8;77123;CHICO LOPES;SOLIDARIEDADE;NÃO ELEITO;5
6;8;77123;CHICO LOPES;SOLIDARIEDADE;NÃO ELEITO;9
8;8;77123;CHICO LOPES;SOLIDARIEDADE;NÃO ELEITO;13
9;8;77123;CHICO LOPES;SOLIDARIEDADE;NÃO ELEITO;17
10;8;77123;CHICO LOPES;SOLIDARIEDADE;NÃO ELEITO;22
11;8;77123;CHICO LOPES;SOLIDARIEDADE;NÃO ELEITO;5
13;8;77123;CHICO LOPES;SOLIDARIEDADE;NÃO ELEITO;14
14;8;77123;CHICO LOPES;SOLIDARIEDADE;NÃO ELEITO;11
15;8;77123;CHICO LOPES;SOLIDARIEDADE;NÃO ELEITO;20
16;8;77123;CHICO LOPES;SOLIDARIEDADE;NÃO ELEITO;6
17;8;77123;CHICO LOPES;SOLIDARIEDADE;NÃO ELEITO;4
18;8;77123;CHICO LOPES;SOLIDARIEDADE;NÃO ELEITO;6
19;8;77123;CHICO LOPES;SOLIDARIEDADE;NÃO ELEITO;11
20;8;77123;CHICO LOPES;SOLIDARIEDADE;NÃO ELEITO;7
21;8;77123;CHICO LOPES;SOLIDARIEDADE;NÃO ELEITO;159
1;8;77190;TEN. DANIEL BRANDÃO;SOLIDARIEDADE;NÃO ELEITO;2
2;8;77190;TEN. DANIEL BRANDÃO;SOLIDARIEDADE;NÃO ELEITO;2
3;8;77190;TEN. DANIEL BRANDÃO;SOLIDARIEDADE;NÃO ELEITO;14
4;8;77190;TEN. DANIEL BRANDÃO;SOLIDARIEDADE;NÃO ELEITO;3
5;8;77190;TEN. DANIEL BRANDÃO;SOLIDARIEDADE;NÃO ELEITO;7
6;8;77190;TEN. DANIEL BRANDÃO;SOLIDARIEDADE;NÃO ELEITO;2
8;8;77190;TEN. DANIEL BRANDÃO;SOLIDARIEDADE;NÃO ELEITO;27
9;8;77190;TEN. DANIEL BRANDÃO;SOLIDARIEDADE;NÃO ELEITO;7
10;8;77190;TEN. DANIEL BRANDÃO;SOLIDARIEDADE;NÃO ELEITO;12
11;8;77190;TEN. DANIEL BRANDÃO;SOLIDARIEDADE;NÃO ELEITO;3
13;8;77190;TEN. DANIEL BRANDÃO;SOLIDARIEDADE;NÃO ELEITO;58
14;8;77190;TEN. DANIEL BRANDÃO;SOLIDARIEDADE;NÃO ELEITO;2
15;8;77190;TEN. DANIEL BRANDÃO;SOLIDARIEDADE;NÃO ELEITO;45
16;8;77190;TEN. DANIEL BRANDÃO;SOLIDARIEDADE;NÃO ELEITO;11
17;8;77190;TEN. DANIEL BRANDÃO;SOLIDARIEDADE;NÃO ELEITO;4
18;8;77190;TEN. DANIEL BRANDÃO;SOLIDARIEDADE;NÃO ELEITO;5
19;8;77190;TEN. DANIEL BRANDÃO;SOLIDARIEDADE;NÃO ELEITO;18
20;8;77190;TEN. DANIEL BRANDÃO;SOLIDARIEDADE;NÃO ELEITO;246
21;8;77190;TEN. DANIEL BRANDÃO;SOLIDARIEDADE;NÃO ELEITO;17
1;8;77191;DEUSINHA DE OTÁVIA;SOLIDARIEDADE;NÃO ELEITO;2
2;8;77191;DEUSINHA DE OTÁVIA;SOLIDARIEDADE;NÃO ELEITO;8
3;8;77191;DEUSINHA DE OTÁVIA;SOLIDARIEDADE;NÃO ELEITO;2
4;8;77191;DEUSINHA DE OTÁVIA;SOLIDARIEDADE;NÃO ELEITO;6
5;8;77191;DEUSINHA DE OTÁVIA;SOLIDARIEDADE;NÃO ELEITO;1
6;8;77191;DEUSINHA DE OTÁVIA;SOLIDARIEDADE;NÃO ELEITO;0
8;8;77191;DEUSINHA DE OTÁVIA;SOLIDARIEDADE;NÃO ELEITO;8
9;8;77191;DEUSINHA DE OTÁVIA;SOLIDARIEDADE;NÃO ELEITO;7
10;8;77191;DEUSINHA DE OTÁVIA;SOLIDARIEDADE;NÃO ELEITO;7
11;8;77191;DEUSINHA DE OTÁVIA;SOLIDARIEDADE;NÃO ELEITO;8
13;8;77191;DEUSINHA DE OTÁVIA;SOLIDARIEDADE;NÃO ELEITO;28
14;8;77191;DEUSINHA DE OTÁVIA;SOLIDARIEDADE;NÃO ELEITO;3
15;8;77191;DEUSINHA DE OTÁVIA;SOLIDARIEDADE;NÃO ELEITO;7
16;8;77191;DEUSINHA DE OTÁVIA;SOLIDARIEDADE;NÃO ELEITO;11
17;8;77191;DEUSINHA DE OTÁVIA;SOLIDARIEDADE;NÃO ELEITO;0
18;8;77191;DEUSINHA DE OTÁVIA;SOLIDARIEDADE;NÃO ELEITO;8
19;8;77191;DEUSINHA DE OTÁVIA;SOLIDARIEDADE;NÃO ELEITO;3
20;8;77191;DEUSINHA DE OTÁVIA;SOLIDARIEDADE;NÃO ELEITO;2
21;8;77191;DEUSINHA DE OTÁVIA;SOLIDARIEDADE;NÃO ELEITO;15
1;8;77193;WAGNER GONÇALVES - JACA;SOLIDARIEDADE;NÃO ELEITO;2
2;8;77193;WAGNER GONÇALVES - JACA;SOLIDARIEDADE;NÃO ELEITO;0
3;8;77193;WAGNER GONÇALVES - JACA;SOLIDARIEDADE;NÃO ELEITO;8
4;8;77193;WAGNER GONÇALVES - JACA;SOLIDARIEDADE;NÃO ELEITO;0
5;8;77193;WAGNER GONÇALVES - JACA;SOLIDARIEDADE;NÃO ELEITO;13
6;8;77193;WAGNER GONÇALVES - JACA;SOLIDARIEDADE;NÃO ELEITO;1
8;8;77193;WAGNER GONÇALVES - JACA;SOLIDARIEDADE;NÃO ELEITO;14
9;8;77193;WAGNER GONÇALVES - JACA;SOLIDARIEDADE;NÃO ELEITO;10
10;8;77193;WAGNER GONÇALVES - JACA;SOLIDARIEDADE;NÃO ELEITO;8
11;8;77193;WAGNER GONÇALVES - JACA;SOLIDARIEDADE;NÃO ELEITO;0
13;8;77193;WAGNER GONÇALVES - JACA;SOLIDARIEDADE;NÃO ELEITO;8
14;8;77193;WAGNER GONÇALVES - JACA;SOLIDARIEDADE;NÃO ELEITO;8
15;8;77193;WAGNER GONÇALVES - JACA;SOLIDARIEDADE;NÃO ELEITO;8
16;8;77193;WAGNER GONÇALVES - JACA;SOLIDARIEDADE;NÃO ELEITO;3
17;8;77193;WAGNER GONÇALVES - JACA;SOLIDARIEDADE;NÃO ELEITO;0
18;8;77193;WAGNER GONÇALVES - JACA;SOLIDARIEDADE;NÃO ELEITO;38
19;8;77193;WAGNER GONÇALVES - JACA;SOLIDARIEDADE;NÃO ELEITO;0
20;8;77193;WAGNER GONÇALVES - JACA;SOLIDARIEDADE;NÃO ELEITO;0
21;8;77193;WAGNER GONÇALVES - JACA;SOLIDARIEDADE;NÃO ELEITO;2
1;8;77222;DR SAMI YASSINE;SOLIDARIEDADE;NÃO ELEITO;1
2;8;77222;DR SAMI YASSINE;SOLIDARIEDADE;NÃO ELEITO;9
3;8;77222;DR SAMI YASSINE;SOLIDARIEDADE;NÃO ELEITO;0
4;8;77222;DR SAMI YASSINE;SOLIDARIEDADE;NÃO ELEITO;2
5;8;77222;DR SAMI YASSINE;SOLIDARIEDADE;NÃO ELEITO;5
6;8;77222;DR SAMI YASSINE;SOLIDARIEDADE;NÃO ELEITO;44
8;8;77222;DR SAMI YASSINE;SOLIDARIEDADE;NÃO ELEITO;1
9;8;77222;DR SAMI YASSINE;SOLIDARIEDADE;NÃO ELEITO;3
10;8;77222;DR SAMI YASSINE;SOLIDARIEDADE;NÃO ELEITO;2
11;8;77222;DR SAMI YASSINE;SOLIDARIEDADE;NÃO ELEITO;0
13;8;77222;DR SAMI YASSINE;SOLIDARIEDADE;NÃO ELEITO;1
14;8;77222;DR SAMI YASSINE;SOLIDARIEDADE;NÃO ELEITO;2
15;8;77222;DR SAMI YASSINE;SOLIDARIEDADE;NÃO ELEITO;2
16;8;77222;DR SAMI YASSINE;SOLIDARIEDADE;NÃO ELEITO;2
17;8;77222;DR SAMI YASSINE;SOLIDARIEDADE;NÃO ELEITO;6
18;8;77222;DR SAMI YASSINE;SOLIDARIEDADE;NÃO ELEITO;3
19;8;77222;DR SAMI YASSINE;SOLIDARIEDADE;NÃO ELEITO;1
20;8;77222;DR SAMI YASSINE;SOLIDARIEDADE;NÃO ELEITO;0
21;8;77222;DR SAMI YASSINE;SOLIDARIEDADE;NÃO ELEITO;0
1;8;77277;SILVESTRE ARAÚJO;SOLIDARIEDADE;NÃO ELEITO;0
2;8;77277;SILVESTRE ARAÚJO;SOLIDARIEDADE;NÃO ELEITO;2
3;8;77277;SILVESTRE ARAÚJO;SOLIDARIEDADE;NÃO ELEITO;18
4;8;77277;SILVESTRE ARAÚJO;SOLIDARIEDADE;NÃO ELEITO;3
5;8;77277;SILVESTRE ARAÚJO;SOLIDARIEDADE;NÃO ELEITO;0
6;8;77277;SILVESTRE ARAÚJO;SOLIDARIEDADE;NÃO ELEITO;0
8;8;77277;SILVESTRE ARAÚJO;SOLIDARIEDADE;NÃO ELEITO;8
9;8;77277;SILVESTRE ARAÚJO;SOLIDARIEDADE;NÃO ELEITO;6
10;8;77277;SILVESTRE ARAÚJO;SOLIDARIEDADE;NÃO ELEITO;13
11;8;77277;SILVESTRE ARAÚJO;SOLIDARIEDADE;NÃO ELEITO;7
13;8;77277;SILVESTRE ARAÚJO;SOLIDARIEDADE;NÃO ELEITO;13
14;8;77277;SILVESTRE ARAÚJO;SOLIDARIEDADE;NÃO ELEITO;6
15;8;77277;SILVESTRE ARAÚJO;SOLIDARIEDADE;NÃO ELEITO;26
16;8;77277;SILVESTRE ARAÚJO;SOLIDARIEDADE;NÃO ELEITO;10
17;8;77277;SILVESTRE ARAÚJO;SOLIDARIEDADE;NÃO ELEITO;4
18;8;77277;SILVESTRE ARAÚJO;SOLIDARIEDADE;NÃO ELEITO;4
19;8;77277;SILVESTRE ARAÚJO;SOLIDARIEDADE;NÃO ELEITO;77
20;8;77277;SILVESTRE ARAÚJO;SOLIDARIEDADE;NÃO ELEITO;4
21;8;77277;SILVESTRE ARAÚJO;SOLIDARIEDADE;NÃO ELEITO;12
1;8;77345;TIA MARIA;SOLIDARIEDADE;NÃO ELEITO;1
2;8;77345;TIA MARIA;SOLIDARIEDADE;NÃO ELEITO;0
3;8;77345;TIA MARIA;SOLIDARIEDADE;NÃO ELEITO;3
4;8;77345;TIA MARIA;SOLIDARIEDADE;NÃO ELEITO;2
5;8;77345;TIA MARIA;SOLIDARIEDADE;NÃO ELEITO;0
6;8;77345;TIA MARIA;SOLIDARIEDADE;NÃO ELEITO;1
8;8;77345;TIA MARIA;SOLIDARIEDADE;NÃO ELEITO;13
9;8;77345;TIA MARIA;SOLIDARIEDADE;NÃO ELEITO;1
10;8;77345;TIA MARIA;SOLIDARIEDADE;NÃO ELEITO;9
11;8;77345;TIA MARIA;SOLIDARIEDADE;NÃO ELEITO;1
13;8;77345;TIA MARIA;SOLIDARIEDADE;NÃO ELEITO;12
14;8;77345;TIA MARIA;SOLIDARIEDADE;NÃO ELEITO;2
15;8;77345;TIA MARIA;SOLIDARIEDADE;NÃO ELEITO;4
16;8;77345;TIA MARIA;SOLIDARIEDADE;NÃO ELEITO;4
17;8;77345;TIA MARIA;SOLIDARIEDADE;NÃO ELEITO;2
18;8;77345;TIA MARIA;SOLIDARIEDADE;NÃO ELEITO;1
19;8;77345;TIA MARIA;SOLIDARIEDADE;NÃO ELEITO;1
20;8;77345;TIA MARIA;SOLIDARIEDADE;NÃO ELEITO;5
21;8;77345;TIA MARIA;SOLIDARIEDADE;NÃO ELEITO;77
1;8;77373;TUANY BITERNCOURT;SOLIDARIEDADE;NÃO ELEITO;3
2;8;77373;TUANY BITERNCOURT;SOLIDARIEDADE;NÃO ELEITO;0
3;8;77373;TUANY BITERNCOURT;SOLIDARIEDADE;NÃO ELEITO;27
4;8;77373;TUANY BITERNCOURT;SOLIDARIEDADE;NÃO ELEITO;0
5;8;77373;TUANY BITERNCOURT;SOLIDARIEDADE;NÃO ELEITO;1
6;8;77373;TUANY BITERNCOURT;SOLIDARIEDADE;NÃO ELEITO;0
8;8;77373;TUANY BITERNCOURT;SOLIDARIEDADE;NÃO ELEITO;19
9;8;77373;TUANY BITERNCOURT;SOLIDARIEDADE;NÃO ELEITO;5
10;8;77373;TUANY BITERNCOURT;SOLIDARIEDADE;NÃO ELEITO;4
11;8;77373;TUANY BITERNCOURT;SOLIDARIEDADE;NÃO ELEITO;6
13;8;77373;TUANY BITERNCOURT;SOLIDARIEDADE;NÃO ELEITO;8
14;8;77373;TUANY BITERNCOURT;SOLIDARIEDADE;NÃO ELEITO;1
15;8;77373;TUANY BITERNCOURT;SOLIDARIEDADE;NÃO ELEITO;9
16;8;77373;TUANY BITERNCOURT;SOLIDARIEDADE;NÃO ELEITO;12
17;8;77373;TUANY BITERNCOURT;SOLIDARIEDADE;NÃO ELEITO;0
18;8;77373;TUANY BITERNCOURT;SOLIDARIEDADE;NÃO ELEITO;0
19;8;77373;TUANY BITERNCOURT;SOLIDARIEDADE;NÃO ELEITO;3
20;8;77373;TUANY BITERNCOURT;SOLIDARIEDADE;NÃO ELEITO;12
21;8;77373;TUANY BITERNCOURT;SOLIDARIEDADE;NÃO ELEITO;11
1;8;77456;ANTONIO MENDES;SOLIDARIEDADE;NÃO ELEITO;2
2;8;77456;ANTONIO MENDES;SOLIDARIEDADE;NÃO ELEITO;1
3;8;77456;ANTONIO MENDES;SOLIDARIEDADE;NÃO ELEITO;2
4;8;77456;ANTONIO MENDES;SOLIDARIEDADE;NÃO ELEITO;3
5;8;77456;ANTONIO MENDES;SOLIDARIEDADE;NÃO ELEITO;2
6;8;77456;ANTONIO MENDES;SOLIDARIEDADE;NÃO ELEITO;0
8;8;77456;ANTONIO MENDES;SOLIDARIEDADE;NÃO ELEITO;7
9;8;77456;ANTONIO MENDES;SOLIDARIEDADE;NÃO ELEITO;4
10;8;77456;ANTONIO MENDES;SOLIDARIEDADE;NÃO ELEITO;32
11;8;77456;ANTONIO MENDES;SOLIDARIEDADE;NÃO ELEITO;2
13;8;77456;ANTONIO MENDES;SOLIDARIEDADE;NÃO ELEITO;1
14;8;77456;ANTONIO MENDES;SOLIDARIEDADE;NÃO ELEITO;3
15;8;77456;ANTONIO MENDES;SOLIDARIEDADE;NÃO ELEITO;3
16;8;77456;ANTONIO MENDES;SOLIDARIEDADE;NÃO ELEITO;4
17;8;77456;ANTONIO MENDES;SOLIDARIEDADE;NÃO ELEITO;7
18;8;77456;ANTONIO MENDES;SOLIDARIEDADE;NÃO ELEITO;2
19;8;77456;ANTONIO MENDES;SOLIDARIEDADE;NÃO ELEITO;1
20;8;77456;ANTONIO MENDES;SOLIDARIEDADE;NÃO ELEITO;1
21;8;77456;ANTONIO MENDES;SOLIDARIEDADE;NÃO ELEITO;2
1;8;77555;MARCIO GUIMARÃES;SOLIDARIEDADE;NÃO ELEITO;1
2;8;77555;MARCIO GUIMARÃES;SOLIDARIEDADE;NÃO ELEITO;0
3;8;77555;MARCIO GUIMARÃES;SOLIDARIEDADE;NÃO ELEITO;33
4;8;77555;MARCIO GUIMARÃES;SOLIDARIEDADE;NÃO ELEITO;4
5;8;77555;MARCIO GUIMARÃES;SOLIDARIEDADE;NÃO ELEITO;6
6;8;77555;MARCIO GUIMARÃES;SOLIDARIEDADE;NÃO ELEITO;0
8;8;77555;MARCIO GUIMARÃES;SOLIDARIEDADE;NÃO ELEITO;10
9;8;77555;MARCIO GUIMARÃES;SOLIDARIEDADE;NÃO ELEITO;10
10;8;77555;MARCIO GUIMARÃES;SOLIDARIEDADE;NÃO ELEITO;6
11;8;77555;MARCIO GUIMARÃES;SOLIDARIEDADE;NÃO ELEITO;6
13;8;77555;MARCIO GUIMARÃES;SOLIDARIEDADE;NÃO ELEITO;15
14;8;77555;MARCIO GUIMARÃES;SOLIDARIEDADE;NÃO ELEITO;2
15;8;77555;MARCIO GUIMARÃES;SOLIDARIEDADE;NÃO ELEITO;14
16;8;77555;MARCIO GUIMARÃES;SOLIDARIEDADE;NÃO ELEITO;31
17;8;77555;MARCIO GUIMARÃES;SOLIDARIEDADE;NÃO ELEITO;6
18;8;77555;MARCIO GUIMARÃES;SOLIDARIEDADE;NÃO ELEITO;0
19;8;77555;MARCIO GUIMARÃES;SOLIDARIEDADE;NÃO ELEITO;15
20;8;77555;MARCIO GUIMARÃES;SOLIDARIEDADE;NÃO ELEITO;4
21;8;77555;MARCIO GUIMARÃES;SOLIDARIEDADE;NÃO ELEITO;15
1;8;77577;NETO TÔ CONTIGO;SOLIDARIEDADE;NÃO ELEITO;1
2;8;77577;NETO TÔ CONTIGO;SOLIDARIEDADE;NÃO ELEITO;1
3;8;77577;NETO TÔ CONTIGO;SOLIDARIEDADE;NÃO ELEITO;4
4;8;77577;NETO TÔ CONTIGO;SOLIDARIEDADE;NÃO ELEITO;1
5;8;77577;NETO TÔ CONTIGO;SOLIDARIEDADE;NÃO ELEITO;3
6;8;77577;NETO TÔ CONTIGO;SOLIDARIEDADE;NÃO ELEITO;5
8;8;77577;NETO TÔ CONTIGO;SOLIDARIEDADE;NÃO ELEITO;6
9;8;77577;NETO TÔ CONTIGO;SOLIDARIEDADE;NÃO ELEITO;2
10;8;77577;NETO TÔ CONTIGO;SOLIDARIEDADE;NÃO ELEITO;3
11;8;77577;NETO TÔ CONTIGO;SOLIDARIEDADE;NÃO ELEITO;1
13;8;77577;NETO TÔ CONTIGO;SOLIDARIEDADE;NÃO ELEITO;171
14;8;77577;NETO TÔ CONTIGO;SOLIDARIEDADE;NÃO ELEITO;2
15;8;77577;NETO TÔ CONTIGO;SOLIDARIEDADE;NÃO ELEITO;1
16;8;77577;NETO TÔ CONTIGO;SOLIDARIEDADE;NÃO ELEITO;7
17;8;77577;NETO TÔ CONTIGO;SOLIDARIEDADE;NÃO ELEITO;3
18;8;77577;NETO TÔ CONTIGO;SOLIDARIEDADE;NÃO ELEITO;1
19;8;77577;NETO TÔ CONTIGO;SOLIDARIEDADE;NÃO ELEITO;0
20;8;77577;NETO TÔ CONTIGO;SOLIDARIEDADE;NÃO ELEITO;1
21;8;77577;NETO TÔ CONTIGO;SOLIDARIEDADE;NÃO ELEITO;5
1;8;77666;MARLY MEDEIROS;SOLIDARIEDADE;NÃO ELEITO;7
2;8;77666;MARLY MEDEIROS;SOLIDARIEDADE;NÃO ELEITO;15
3;8;77666;MARLY MEDEIROS;SOLIDARIEDADE;NÃO ELEITO;0
4;8;77666;MARLY MEDEIROS;SOLIDARIEDADE;NÃO ELEITO;1
5;8;77666;MARLY MEDEIROS;SOLIDARIEDADE;NÃO ELEITO;1
6;8;77666;MARLY MEDEIROS;SOLIDARIEDADE;NÃO ELEITO;2
8;8;77666;MARLY MEDEIROS;SOLIDARIEDADE;NÃO ELEITO;3
9;8;77666;MARLY MEDEIROS;SOLIDARIEDADE;NÃO ELEITO;10
10;8;77666;MARLY MEDEIROS;SOLIDARIEDADE;NÃO ELEITO;4
11;8;77666;MARLY MEDEIROS;SOLIDARIEDADE;NÃO ELEITO;10
13;8;77666;MARLY MEDEIROS;SOLIDARIEDADE;NÃO ELEITO;0
14;8;77666;MARLY MEDEIROS;SOLIDARIEDADE;NÃO ELEITO;4
15;8;77666;MARLY MEDEIROS;SOLIDARIEDADE;NÃO ELEITO;6
16;8;77666;MARLY MEDEIROS;SOLIDARIEDADE;NÃO ELEITO;1
17;8;77666;MARLY MEDEIROS;SOLIDARIEDADE;NÃO ELEITO;1
18;8;77666;MARLY MEDEIROS;SOLIDARIEDADE;NÃO ELEITO;0
19;8;77666;MARLY MEDEIROS;SOLIDARIEDADE;NÃO ELEITO;0
20;8;77666;MARLY MEDEIROS;SOLIDARIEDADE;NÃO ELEITO;0
21;8;77666;MARLY MEDEIROS;SOLIDARIEDADE;NÃO ELEITO;0
1;8;77677;ANGELINA JOLIE;SOLIDARIEDADE;NÃO ELEITO;1
2;8;77677;ANGELINA JOLIE;SOLIDARIEDADE;NÃO ELEITO;2
3;8;77677;ANGELINA JOLIE;SOLIDARIEDADE;NÃO ELEITO;9
4;8;77677;ANGELINA JOLIE;SOLIDARIEDADE;NÃO ELEITO;1
5;8;77677;ANGELINA JOLIE;SOLIDARIEDADE;NÃO ELEITO;3
6;8;77677;ANGELINA JOLIE;SOLIDARIEDADE;NÃO ELEITO;0
8;8;77677;ANGELINA JOLIE;SOLIDARIEDADE;NÃO ELEITO;9
9;8;77677;ANGELINA JOLIE;SOLIDARIEDADE;NÃO ELEITO;5
10;8;77677;ANGELINA JOLIE;SOLIDARIEDADE;NÃO ELEITO;1
11;8;77677;ANGELINA JOLIE;SOLIDARIEDADE;NÃO ELEITO;2
13;8;77677;ANGELINA JOLIE;SOLIDARIEDADE;NÃO ELEITO;9
14;8;77677;ANGELINA JOLIE;SOLIDARIEDADE;NÃO ELEITO;5
15;8;77677;ANGELINA JOLIE;SOLIDARIEDADE;NÃO ELEITO;9
16;8;77677;ANGELINA JOLIE;SOLIDARIEDADE;NÃO ELEITO;13
17;8;77677;ANGELINA JOLIE;SOLIDARIEDADE;NÃO ELEITO;0
18;8;77677;ANGELINA JOLIE;SOLIDARIEDADE;NÃO ELEITO;1
19;8;77677;ANGELINA JOLIE;SOLIDARIEDADE;NÃO ELEITO;20
20;8;77677;ANGELINA JOLIE;SOLIDARIEDADE;NÃO ELEITO;5
21;8;77677;ANGELINA JOLIE;SOLIDARIEDADE;NÃO ELEITO;0
1;8;77713;CLAUDIA IDEANE;SOLIDARIEDADE;NÃO ELEITO;0
2;8;77713;CLAUDIA IDEANE;SOLIDARIEDADE;NÃO ELEITO;0
3;8;77713;CLAUDIA IDEANE;SOLIDARIEDADE;NÃO ELEITO;17
4;8;77713;CLAUDIA IDEANE;SOLIDARIEDADE;NÃO ELEITO;1
5;8;77713;CLAUDIA IDEANE;SOLIDARIEDADE;NÃO ELEITO;6
6;8;77713;CLAUDIA IDEANE;SOLIDARIEDADE;NÃO ELEITO;0
8;8;77713;CLAUDIA IDEANE;SOLIDARIEDADE;NÃO ELEITO;3
9;8;77713;CLAUDIA IDEANE;SOLIDARIEDADE;NÃO ELEITO;13
10;8;77713;CLAUDIA IDEANE;SOLIDARIEDADE;NÃO ELEITO;6
11;8;77713;CLAUDIA IDEANE;SOLIDARIEDADE;NÃO ELEITO;1
13;8;77713;CLAUDIA IDEANE;SOLIDARIEDADE;NÃO ELEITO;2
14;8;77713;CLAUDIA IDEANE;SOLIDARIEDADE;NÃO ELEITO;5
15;8;77713;CLAUDIA IDEANE;SOLIDARIEDADE;NÃO ELEITO;11
16;8;77713;CLAUDIA IDEANE;SOLIDARIEDADE;NÃO ELEITO;3
17;8;77713;CLAUDIA IDEANE;SOLIDARIEDADE;NÃO ELEITO;5
18;8;77713;CLAUDIA IDEANE;SOLIDARIEDADE;NÃO ELEITO;0
19;8;77713;CLAUDIA IDEANE;SOLIDARIEDADE;NÃO ELEITO;11
20;8;77713;CLAUDIA IDEANE;SOLIDARIEDADE;NÃO ELEITO;5
21;8;77713;CLAUDIA IDEANE;SOLIDARIEDADE;NÃO ELEITO;2
1;8;77727;EDNA BORGES;SOLIDARIEDADE;NÃO ELEITO;0
2;8;77727;EDNA BORGES;SOLIDARIEDADE;NÃO ELEITO;22
3;8;77727;EDNA BORGES;SOLIDARIEDADE;NÃO ELEITO;0
4;8;77727;EDNA BORGES;SOLIDARIEDADE;NÃO ELEITO;0
5;8;77727;EDNA BORGES;SOLIDARIEDADE;NÃO ELEITO;56
6;8;77727;EDNA BORGES;SOLIDARIEDADE;NÃO ELEITO;11
8;8;77727;EDNA BORGES;SOLIDARIEDADE;NÃO ELEITO;1
9;8;77727;EDNA BORGES;SOLIDARIEDADE;NÃO ELEITO;0
10;8;77727;EDNA BORGES;SOLIDARIEDADE;NÃO ELEITO;1
11;8;77727;EDNA BORGES;SOLIDARIEDADE;NÃO ELEITO;2
13;8;77727;EDNA BORGES;SOLIDARIEDADE;NÃO ELEITO;1
14;8;77727;EDNA BORGES;SOLIDARIEDADE;NÃO ELEITO;3
15;8;77727;EDNA BORGES;SOLIDARIEDADE;NÃO ELEITO;0
16;8;77727;EDNA BORGES;SOLIDARIEDADE;NÃO ELEITO;1
17;8;77727;EDNA BORGES;SOLIDARIEDADE;NÃO ELEITO;0
18;8;77727;EDNA BORGES;SOLIDARIEDADE;NÃO ELEITO;4
19;8;77727;EDNA BORGES;SOLIDARIEDADE;NÃO ELEITO;1
20;8;77727;EDNA BORGES;SOLIDARIEDADE;NÃO ELEITO;1
21;8;77727;EDNA BORGES;SOLIDARIEDADE;NÃO ELEITO;2
1;8;77745;LACI SILVA;SOLIDARIEDADE;NÃO ELEITO;3
2;8;77745;LACI SILVA;SOLIDARIEDADE;NÃO ELEITO;0
3;8;77745;LACI SILVA;SOLIDARIEDADE;NÃO ELEITO;0
4;8;77745;LACI SILVA;SOLIDARIEDADE;NÃO ELEITO;1
5;8;77745;LACI SILVA;SOLIDARIEDADE;NÃO ELEITO;1
6;8;77745;LACI SILVA;SOLIDARIEDADE;NÃO ELEITO;0
8;8;77745;LACI SILVA;SOLIDARIEDADE;NÃO ELEITO;3
9;8;77745;LACI SILVA;SOLIDARIEDADE;NÃO ELEITO;7
10;8;77745;LACI SILVA;SOLIDARIEDADE;NÃO ELEITO;7
11;8;77745;LACI SILVA;SOLIDARIEDADE;NÃO ELEITO;0
13;8;77745;LACI SILVA;SOLIDARIEDADE;NÃO ELEITO;1
14;8;77745;LACI SILVA;SOLIDARIEDADE;NÃO ELEITO;0
15;8;77745;LACI SILVA;SOLIDARIEDADE;NÃO ELEITO;2
16;8;77745;LACI SILVA;SOLIDARIEDADE;NÃO ELEITO;4
17;8;77745;LACI SILVA;SOLIDARIEDADE;NÃO ELEITO;1
18;8;77745;LACI SILVA;SOLIDARIEDADE;NÃO ELEITO;4
19;8;77745;LACI SILVA;SOLIDARIEDADE;NÃO ELEITO;4
20;8;77745;LACI SILVA;SOLIDARIEDADE;NÃO ELEITO;0
21;8;77745;LACI SILVA;SOLIDARIEDADE;NÃO ELEITO;3
1;8;77770;SÉRGIO DE OLIVEIRA SORP;SOLIDARIEDADE;NÃO ELEITO;1
2;8;77770;SÉRGIO DE OLIVEIRA SORP;SOLIDARIEDADE;NÃO ELEITO;5
3;8;77770;SÉRGIO DE OLIVEIRA SORP;SOLIDARIEDADE;NÃO ELEITO;0
4;8;77770;SÉRGIO DE OLIVEIRA SORP;SOLIDARIEDADE;NÃO ELEITO;2
5;8;77770;SÉRGIO DE OLIVEIRA SORP;SOLIDARIEDADE;NÃO ELEITO;2
6;8;77770;SÉRGIO DE OLIVEIRA SORP;SOLIDARIEDADE;NÃO ELEITO;2
8;8;77770;SÉRGIO DE OLIVEIRA SORP;SOLIDARIEDADE;NÃO ELEITO;1
9;8;77770;SÉRGIO DE OLIVEIRA SORP;SOLIDARIEDADE;NÃO ELEITO;8
10;8;77770;SÉRGIO DE OLIVEIRA SORP;SOLIDARIEDADE;NÃO ELEITO;0
11;8;77770;SÉRGIO DE OLIVEIRA SORP;SOLIDARIEDADE;NÃO ELEITO;1
13;8;77770;SÉRGIO DE OLIVEIRA SORP;SOLIDARIEDADE;NÃO ELEITO;2
14;8;77770;SÉRGIO DE OLIVEIRA SORP;SOLIDARIEDADE;NÃO ELEITO;3
15;8;77770;SÉRGIO DE OLIVEIRA SORP;SOLIDARIEDADE;NÃO ELEITO;2
16;8;77770;SÉRGIO DE OLIVEIRA SORP;SOLIDARIEDADE;NÃO ELEITO;1
17;8;77770;SÉRGIO DE OLIVEIRA SORP;SOLIDARIEDADE;NÃO ELEITO;1
18;8;77770;SÉRGIO DE OLIVEIRA SORP;SOLIDARIEDADE;NÃO ELEITO;1
19;8;77770;SÉRGIO DE OLIVEIRA SORP;SOLIDARIEDADE;NÃO ELEITO;3
20;8;77770;SÉRGIO DE OLIVEIRA SORP;SOLIDARIEDADE;NÃO ELEITO;0
21;8;77770;SÉRGIO DE OLIVEIRA SORP;SOLIDARIEDADE;NÃO ELEITO;1
1;8;77777;ALEXANDRE LIRA;SOLIDARIEDADE;NÃO ELEITO;5
2;8;77777;ALEXANDRE LIRA;SOLIDARIEDADE;NÃO ELEITO;4
3;8;77777;ALEXANDRE LIRA;SOLIDARIEDADE;NÃO ELEITO;12
4;8;77777;ALEXANDRE LIRA;SOLIDARIEDADE;NÃO ELEITO;4
5;8;77777;ALEXANDRE LIRA;SOLIDARIEDADE;NÃO ELEITO;6
6;8;77777;ALEXANDRE LIRA;SOLIDARIEDADE;NÃO ELEITO;3
8;8;77777;ALEXANDRE LIRA;SOLIDARIEDADE;NÃO ELEITO;10
9;8;77777;ALEXANDRE LIRA;SOLIDARIEDADE;NÃO ELEITO;14
10;8;77777;ALEXANDRE LIRA;SOLIDARIEDADE;NÃO ELEITO;9
11;8;77777;ALEXANDRE LIRA;SOLIDARIEDADE;NÃO ELEITO;5
13;8;77777;ALEXANDRE LIRA;SOLIDARIEDADE;NÃO ELEITO;21
14;8;77777;ALEXANDRE LIRA;SOLIDARIEDADE;NÃO ELEITO;5
15;8;77777;ALEXANDRE LIRA;SOLIDARIEDADE;NÃO ELEITO;10
16;8;77777;ALEXANDRE LIRA;SOLIDARIEDADE;NÃO ELEITO;7
17;8;77777;ALEXANDRE LIRA;SOLIDARIEDADE;NÃO ELEITO;9
18;8;77777;ALEXANDRE LIRA;SOLIDARIEDADE;NÃO ELEITO;9
19;8;77777;ALEXANDRE LIRA;SOLIDARIEDADE;NÃO ELEITO;16
20;8;77777;ALEXANDRE LIRA;SOLIDARIEDADE;NÃO ELEITO;7
21;8;77777;ALEXANDRE LIRA;SOLIDARIEDADE;NÃO ELEITO;14
1;8;80180;GABI DO MOVIMENTO OLGA;UP;NÃO ELEITO;69
2;8;80180;GABI DO MOVIMENTO OLGA;UP;NÃO ELEITO;55
3;8;80180;GABI DO MOVIMENTO OLGA;UP;NÃO ELEITO;38
4;8;80180;GABI DO MOVIMENTO OLGA;UP;NÃO ELEITO;21
5;8;80180;GABI DO MOVIMENTO OLGA;UP;NÃO ELEITO;84
6;8;80180;GABI DO MOVIMENTO OLGA;UP;NÃO ELEITO;71
8;8;80180;GABI DO MOVIMENTO OLGA;UP;NÃO ELEITO;33
9;8;80180;GABI DO MOVIMENTO OLGA;UP;NÃO ELEITO;84
10;8;80180;GABI DO MOVIMENTO OLGA;UP;NÃO ELEITO;81
11;8;80180;GABI DO MOVIMENTO OLGA;UP;NÃO ELEITO;36
13;8;80180;GABI DO MOVIMENTO OLGA;UP;NÃO ELEITO;48
14;8;80180;GABI DO MOVIMENTO OLGA;UP;NÃO ELEITO;93
15;8;80180;GABI DO MOVIMENTO OLGA;UP;NÃO ELEITO;109
16;8;80180;GABI DO MOVIMENTO OLGA;UP;NÃO ELEITO;41
17;8;80180;GABI DO MOVIMENTO OLGA;UP;NÃO ELEITO;52
18;8;80180;GABI DO MOVIMENTO OLGA;UP;NÃO ELEITO;39
19;8;80180;GABI DO MOVIMENTO OLGA;UP;NÃO ELEITO;65
20;8;80180;GABI DO MOVIMENTO OLGA;UP;NÃO ELEITO;37
21;8;80180;GABI DO MOVIMENTO OLGA;UP;NÃO ELEITO;47
1;8;90000;SILVESTRE;PROS;NÃO ELEITO;459
2;8;90000;SILVESTRE;PROS;NÃO ELEITO;107
3;8;90000;SILVESTRE;PROS;NÃO ELEITO;46
4;8;90000;SILVESTRE;PROS;NÃO ELEITO;24
5;8;90000;SILVESTRE;PROS;NÃO ELEITO;44
6;8;90000;SILVESTRE;PROS;NÃO ELEITO;24
8;8;90000;SILVESTRE;PROS;NÃO ELEITO;68
9;8;90000;SILVESTRE;PROS;NÃO ELEITO;196
10;8;90000;SILVESTRE;PROS;NÃO ELEITO;112
11;8;90000;SILVESTRE;PROS;NÃO ELEITO;204
13;8;90000;SILVESTRE;PROS;NÃO ELEITO;57
14;8;90000;SILVESTRE;PROS;NÃO ELEITO;219
15;8;90000;SILVESTRE;PROS;NÃO ELEITO;120
16;8;90000;SILVESTRE;PROS;NÃO ELEITO;72
17;8;90000;SILVESTRE;PROS;NÃO ELEITO;32
18;8;90000;SILVESTRE;PROS;NÃO ELEITO;561
19;8;90000;SILVESTRE;PROS;NÃO ELEITO;73
20;8;90000;SILVESTRE;PROS;NÃO ELEITO;40
21;8;90000;SILVESTRE;PROS;NÃO ELEITO;36
1;8;90007;SARGENTO MOACIR;PROS;NÃO ELEITO;0
2;8;90007;SARGENTO MOACIR;PROS;NÃO ELEITO;0
3;8;90007;SARGENTO MOACIR;PROS;NÃO ELEITO;1
4;8;90007;SARGENTO MOACIR;PROS;NÃO ELEITO;0
5;8;90007;SARGENTO MOACIR;PROS;NÃO ELEITO;0
6;8;90007;SARGENTO MOACIR;PROS;NÃO ELEITO;0
8;8;90007;SARGENTO MOACIR;PROS;NÃO ELEITO;45
9;8;90007;SARGENTO MOACIR;PROS;NÃO ELEITO;6
10;8;90007;SARGENTO MOACIR;PROS;NÃO ELEITO;13
11;8;90007;SARGENTO MOACIR;PROS;NÃO ELEITO;3
13;8;90007;SARGENTO MOACIR;PROS;NÃO ELEITO;26
14;8;90007;SARGENTO MOACIR;PROS;NÃO ELEITO;2
15;8;90007;SARGENTO MOACIR;PROS;NÃO ELEITO;6
16;8;90007;SARGENTO MOACIR;PROS;NÃO ELEITO;8
17;8;90007;SARGENTO MOACIR;PROS;NÃO ELEITO;2
18;8;90007;SARGENTO MOACIR;PROS;NÃO ELEITO;0
19;8;90007;SARGENTO MOACIR;PROS;NÃO ELEITO;23
20;8;90007;SARGENTO MOACIR;PROS;NÃO ELEITO;4
21;8;90007;SARGENTO MOACIR;PROS;NÃO ELEITO;57
1;8;90013;GUERREIRO FRANCISCO;PROS;NÃO ELEITO;1
2;8;90013;GUERREIRO FRANCISCO;PROS;NÃO ELEITO;24
3;8;90013;GUERREIRO FRANCISCO;PROS;NÃO ELEITO;4
4;8;90013;GUERREIRO FRANCISCO;PROS;NÃO ELEITO;4
5;8;90013;GUERREIRO FRANCISCO;PROS;NÃO ELEITO;0
6;8;90013;GUERREIRO FRANCISCO;PROS;NÃO ELEITO;4
8;8;90013;GUERREIRO FRANCISCO;PROS;NÃO ELEITO;2
9;8;90013;GUERREIRO FRANCISCO;PROS;NÃO ELEITO;2
10;8;90013;GUERREIRO FRANCISCO;PROS;NÃO ELEITO;2
11;8;90013;GUERREIRO FRANCISCO;PROS;NÃO ELEITO;2
13;8;90013;GUERREIRO FRANCISCO;PROS;NÃO ELEITO;6
14;8;90013;GUERREIRO FRANCISCO;PROS;NÃO ELEITO;4
15;8;90013;GUERREIRO FRANCISCO;PROS;NÃO ELEITO;0
16;8;90013;GUERREIRO FRANCISCO;PROS;NÃO ELEITO;7
17;8;90013;GUERREIRO FRANCISCO;PROS;NÃO ELEITO;4
18;8;90013;GUERREIRO FRANCISCO;PROS;NÃO ELEITO;159
19;8;90013;GUERREIRO FRANCISCO;PROS;NÃO ELEITO;1
20;8;90013;GUERREIRO FRANCISCO;PROS;NÃO ELEITO;1
21;8;90013;GUERREIRO FRANCISCO;PROS;NÃO ELEITO;3
1;8;90022;DONNY SILVA;PROS;NÃO ELEITO;2
2;8;90022;DONNY SILVA;PROS;NÃO ELEITO;4
3;8;90022;DONNY SILVA;PROS;NÃO ELEITO;16
4;8;90022;DONNY SILVA;PROS;NÃO ELEITO;10
5;8;90022;DONNY SILVA;PROS;NÃO ELEITO;11
6;8;90022;DONNY SILVA;PROS;NÃO ELEITO;1
8;8;90022;DONNY SILVA;PROS;NÃO ELEITO;18
9;8;90022;DONNY SILVA;PROS;NÃO ELEITO;31
10;8;90022;DONNY SILVA;PROS;NÃO ELEITO;103
11;8;90022;DONNY SILVA;PROS;NÃO ELEITO;9
13;8;90022;DONNY SILVA;PROS;NÃO ELEITO;53
14;8;90022;DONNY SILVA;PROS;NÃO ELEITO;11
15;8;90022;DONNY SILVA;PROS;NÃO ELEITO;68
16;8;90022;DONNY SILVA;PROS;NÃO ELEITO;11
17;8;90022;DONNY SILVA;PROS;NÃO ELEITO;40
18;8;90022;DONNY SILVA;PROS;NÃO ELEITO;17
19;8;90022;DONNY SILVA;PROS;NÃO ELEITO;26
20;8;90022;DONNY SILVA;PROS;NÃO ELEITO;14
21;8;90022;DONNY SILVA;PROS;NÃO ELEITO;24
1;8;90090;SERGIO LEITE;PROS;NÃO ELEITO;1
2;8;90090;SERGIO LEITE;PROS;NÃO ELEITO;0
3;8;90090;SERGIO LEITE;PROS;NÃO ELEITO;0
4;8;90090;SERGIO LEITE;PROS;NÃO ELEITO;1
5;8;90090;SERGIO LEITE;PROS;NÃO ELEITO;0
6;8;90090;SERGIO LEITE;PROS;NÃO ELEITO;0
8;8;90090;SERGIO LEITE;PROS;NÃO ELEITO;0
9;8;90090;SERGIO LEITE;PROS;NÃO ELEITO;0
10;8;90090;SERGIO LEITE;PROS;NÃO ELEITO;0
11;8;90090;SERGIO LEITE;PROS;NÃO ELEITO;0
13;8;90090;SERGIO LEITE;PROS;NÃO ELEITO;0
14;8;90090;SERGIO LEITE;PROS;NÃO ELEITO;0
15;8;90090;SERGIO LEITE;PROS;NÃO ELEITO;0
16;8;90090;SERGIO LEITE;PROS;NÃO ELEITO;2
17;8;90090;SERGIO LEITE;PROS;NÃO ELEITO;0
18;8;90090;SERGIO LEITE;PROS;NÃO ELEITO;0
19;8;90090;SERGIO LEITE;PROS;NÃO ELEITO;1
20;8;90090;SERGIO LEITE;PROS;NÃO ELEITO;0
21;8;90090;SERGIO LEITE;PROS;NÃO ELEITO;0
1;8;90123;JACKSON DA EXPANSÃO;PROS;NÃO ELEITO;2
2;8;90123;JACKSON DA EXPANSÃO;PROS;NÃO ELEITO;2
3;8;90123;JACKSON DA EXPANSÃO;PROS;NÃO ELEITO;13
4;8;90123;JACKSON DA EXPANSÃO;PROS;NÃO ELEITO;6
5;8;90123;JACKSON DA EXPANSÃO;PROS;NÃO ELEITO;1
6;8;90123;JACKSON DA EXPANSÃO;PROS;NÃO ELEITO;5
8;8;90123;JACKSON DA EXPANSÃO;PROS;NÃO ELEITO;71
9;8;90123;JACKSON DA EXPANSÃO;PROS;NÃO ELEITO;7
10;8;90123;JACKSON DA EXPANSÃO;PROS;NÃO ELEITO;20
11;8;90123;JACKSON DA EXPANSÃO;PROS;NÃO ELEITO;1
13;8;90123;JACKSON DA EXPANSÃO;PROS;NÃO ELEITO;16
14;8;90123;JACKSON DA EXPANSÃO;PROS;NÃO ELEITO;2
15;8;90123;JACKSON DA EXPANSÃO;PROS;NÃO ELEITO;16
16;8;90123;JACKSON DA EXPANSÃO;PROS;NÃO ELEITO;970
17;8;90123;JACKSON DA EXPANSÃO;PROS;NÃO ELEITO;5
18;8;90123;JACKSON DA EXPANSÃO;PROS;NÃO ELEITO;3
19;8;90123;JACKSON DA EXPANSÃO;PROS;NÃO ELEITO;15
20;8;90123;JACKSON DA EXPANSÃO;PROS;NÃO ELEITO;21
21;8;90123;JACKSON DA EXPANSÃO;PROS;NÃO ELEITO;15
1;8;90145;ALESSIO AUTO RACK;PROS;NÃO ELEITO;13
2;8;90145;ALESSIO AUTO RACK;PROS;NÃO ELEITO;2
3;8;90145;ALESSIO AUTO RACK;PROS;NÃO ELEITO;2
4;8;90145;ALESSIO AUTO RACK;PROS;NÃO ELEITO;350
5;8;90145;ALESSIO AUTO RACK;PROS;NÃO ELEITO;3
6;8;90145;ALESSIO AUTO RACK;PROS;NÃO ELEITO;4
8;8;90145;ALESSIO AUTO RACK;PROS;NÃO ELEITO;31
9;8;90145;ALESSIO AUTO RACK;PROS;NÃO ELEITO;8
10;8;90145;ALESSIO AUTO RACK;PROS;NÃO ELEITO;13
11;8;90145;ALESSIO AUTO RACK;PROS;NÃO ELEITO;3
13;8;90145;ALESSIO AUTO RACK;PROS;NÃO ELEITO;14
14;8;90145;ALESSIO AUTO RACK;PROS;NÃO ELEITO;4
15;8;90145;ALESSIO AUTO RACK;PROS;NÃO ELEITO;13
16;8;90145;ALESSIO AUTO RACK;PROS;NÃO ELEITO;24
17;8;90145;ALESSIO AUTO RACK;PROS;NÃO ELEITO;72
18;8;90145;ALESSIO AUTO RACK;PROS;NÃO ELEITO;5
19;8;90145;ALESSIO AUTO RACK;PROS;NÃO ELEITO;7
20;8;90145;ALESSIO AUTO RACK;PROS;NÃO ELEITO;10
21;8;90145;ALESSIO AUTO RACK;PROS;NÃO ELEITO;6
1;8;90156;DAVIZINHO DO SOL NASCENTE;PROS;NÃO ELEITO;3
2;8;90156;DAVIZINHO DO SOL NASCENTE;PROS;NÃO ELEITO;1
3;8;90156;DAVIZINHO DO SOL NASCENTE;PROS;NÃO ELEITO;3
4;8;90156;DAVIZINHO DO SOL NASCENTE;PROS;NÃO ELEITO;1
5;8;90156;DAVIZINHO DO SOL NASCENTE;PROS;NÃO ELEITO;1
6;8;90156;DAVIZINHO DO SOL NASCENTE;PROS;NÃO ELEITO;0
8;8;90156;DAVIZINHO DO SOL NASCENTE;PROS;NÃO ELEITO;76
9;8;90156;DAVIZINHO DO SOL NASCENTE;PROS;NÃO ELEITO;2
10;8;90156;DAVIZINHO DO SOL NASCENTE;PROS;NÃO ELEITO;8
11;8;90156;DAVIZINHO DO SOL NASCENTE;PROS;NÃO ELEITO;0
13;8;90156;DAVIZINHO DO SOL NASCENTE;PROS;NÃO ELEITO;12
14;8;90156;DAVIZINHO DO SOL NASCENTE;PROS;NÃO ELEITO;2
15;8;90156;DAVIZINHO DO SOL NASCENTE;PROS;NÃO ELEITO;5
16;8;90156;DAVIZINHO DO SOL NASCENTE;PROS;NÃO ELEITO;410
17;8;90156;DAVIZINHO DO SOL NASCENTE;PROS;NÃO ELEITO;0
18;8;90156;DAVIZINHO DO SOL NASCENTE;PROS;NÃO ELEITO;0
19;8;90156;DAVIZINHO DO SOL NASCENTE;PROS;NÃO ELEITO;11
20;8;90156;DAVIZINHO DO SOL NASCENTE;PROS;NÃO ELEITO;11
21;8;90156;DAVIZINHO DO SOL NASCENTE;PROS;NÃO ELEITO;14
1;8;90180;FRAN MENDONÇA;PROS;NÃO ELEITO;11
2;8;90180;FRAN MENDONÇA;PROS;NÃO ELEITO;2
3;8;90180;FRAN MENDONÇA;PROS;NÃO ELEITO;3
4;8;90180;FRAN MENDONÇA;PROS;NÃO ELEITO;0
5;8;90180;FRAN MENDONÇA;PROS;NÃO ELEITO;3
6;8;90180;FRAN MENDONÇA;PROS;NÃO ELEITO;1
8;8;90180;FRAN MENDONÇA;PROS;NÃO ELEITO;7
9;8;90180;FRAN MENDONÇA;PROS;NÃO ELEITO;7
10;8;90180;FRAN MENDONÇA;PROS;NÃO ELEITO;8
11;8;90180;FRAN MENDONÇA;PROS;NÃO ELEITO;4
13;8;90180;FRAN MENDONÇA;PROS;NÃO ELEITO;6
14;8;90180;FRAN MENDONÇA;PROS;NÃO ELEITO;6
15;8;90180;FRAN MENDONÇA;PROS;NÃO ELEITO;20
16;8;90180;FRAN MENDONÇA;PROS;NÃO ELEITO;7
17;8;90180;FRAN MENDONÇA;PROS;NÃO ELEITO;0
18;8;90180;FRAN MENDONÇA;PROS;NÃO ELEITO;15
19;8;90180;FRAN MENDONÇA;PROS;NÃO ELEITO;7
20;8;90180;FRAN MENDONÇA;PROS;NÃO ELEITO;1
21;8;90180;FRAN MENDONÇA;PROS;NÃO ELEITO;10
1;8;90190;DELEGADO FERNANDO FERNANDES;PROS;NÃO ELEITO;64
2;8;90190;DELEGADO FERNANDO FERNANDES;PROS;NÃO ELEITO;59
3;8;90190;DELEGADO FERNANDO FERNANDES;PROS;NÃO ELEITO;748
4;8;90190;DELEGADO FERNANDO FERNANDES;PROS;NÃO ELEITO;78
5;8;90190;DELEGADO FERNANDO FERNANDES;PROS;NÃO ELEITO;86
6;8;90190;DELEGADO FERNANDO FERNANDES;PROS;NÃO ELEITO;49
8;8;90190;DELEGADO FERNANDO FERNANDES;PROS;NÃO ELEITO;3614
9;8;90190;DELEGADO FERNANDO FERNANDES;PROS;NÃO ELEITO;237
10;8;90190;DELEGADO FERNANDO FERNANDES;PROS;NÃO ELEITO;292
11;8;90190;DELEGADO FERNANDO FERNANDES;PROS;NÃO ELEITO;81
13;8;90190;DELEGADO FERNANDO FERNANDES;PROS;NÃO ELEITO;498
14;8;90190;DELEGADO FERNANDO FERNANDES;PROS;NÃO ELEITO;77
15;8;90190;DELEGADO FERNANDO FERNANDES;PROS;NÃO ELEITO;464
16;8;90190;DELEGADO FERNANDO FERNANDES;PROS;NÃO ELEITO;3725
17;8;90190;DELEGADO FERNANDO FERNANDES;PROS;NÃO ELEITO;121
18;8;90190;DELEGADO FERNANDO FERNANDES;PROS;NÃO ELEITO;93
19;8;90190;DELEGADO FERNANDO FERNANDES;PROS;NÃO ELEITO;746
20;8;90190;DELEGADO FERNANDO FERNANDES;PROS;NÃO ELEITO;1050
21;8;90190;DELEGADO FERNANDO FERNANDES;PROS;NÃO ELEITO;301
1;8;90199;PASTOR ROBERTO;PROS;NÃO ELEITO;0
2;8;90199;PASTOR ROBERTO;PROS;NÃO ELEITO;3
3;8;90199;PASTOR ROBERTO;PROS;NÃO ELEITO;5
4;8;90199;PASTOR ROBERTO;PROS;NÃO ELEITO;1
5;8;90199;PASTOR ROBERTO;PROS;NÃO ELEITO;1
6;8;90199;PASTOR ROBERTO;PROS;NÃO ELEITO;0
8;8;90199;PASTOR ROBERTO;PROS;NÃO ELEITO;52
9;8;90199;PASTOR ROBERTO;PROS;NÃO ELEITO;4
10;8;90199;PASTOR ROBERTO;PROS;NÃO ELEITO;6
11;8;90199;PASTOR ROBERTO;PROS;NÃO ELEITO;1
13;8;90199;PASTOR ROBERTO;PROS;NÃO ELEITO;0
14;8;90199;PASTOR ROBERTO;PROS;NÃO ELEITO;1
15;8;90199;PASTOR ROBERTO;PROS;NÃO ELEITO;3
16;8;90199;PASTOR ROBERTO;PROS;NÃO ELEITO;17
17;8;90199;PASTOR ROBERTO;PROS;NÃO ELEITO;1
18;8;90199;PASTOR ROBERTO;PROS;NÃO ELEITO;0
19;8;90199;PASTOR ROBERTO;PROS;NÃO ELEITO;7
20;8;90199;PASTOR ROBERTO;PROS;NÃO ELEITO;11
21;8;90199;PASTOR ROBERTO;PROS;NÃO ELEITO;9
1;8;90222;BERINALDO PONTES;PROS;NÃO ELEITO;6
2;8;90222;BERINALDO PONTES;PROS;NÃO ELEITO;258
3;8;90222;BERINALDO PONTES;PROS;NÃO ELEITO;26
4;8;90222;BERINALDO PONTES;PROS;NÃO ELEITO;26
5;8;90222;BERINALDO PONTES;PROS;NÃO ELEITO;65
6;8;90222;BERINALDO PONTES;PROS;NÃO ELEITO;1258
8;8;90222;BERINALDO PONTES;PROS;NÃO ELEITO;16
9;8;90222;BERINALDO PONTES;PROS;NÃO ELEITO;39
10;8;90222;BERINALDO PONTES;PROS;NÃO ELEITO;20
11;8;90222;BERINALDO PONTES;PROS;NÃO ELEITO;8
13;8;90222;BERINALDO PONTES;PROS;NÃO ELEITO;59
14;8;90222;BERINALDO PONTES;PROS;NÃO ELEITO;19
15;8;90222;BERINALDO PONTES;PROS;NÃO ELEITO;16
16;8;90222;BERINALDO PONTES;PROS;NÃO ELEITO;18
17;8;90222;BERINALDO PONTES;PROS;NÃO ELEITO;15
18;8;90222;BERINALDO PONTES;PROS;NÃO ELEITO;9
19;8;90222;BERINALDO PONTES;PROS;NÃO ELEITO;26
20;8;90222;BERINALDO PONTES;PROS;NÃO ELEITO;14
21;8;90222;BERINALDO PONTES;PROS;NÃO ELEITO;66
1;8;90321;ALINE DE OLIVEIRA;PROS;NÃO ELEITO;8
2;8;90321;ALINE DE OLIVEIRA;PROS;NÃO ELEITO;7
3;8;90321;ALINE DE OLIVEIRA;PROS;NÃO ELEITO;63
4;8;90321;ALINE DE OLIVEIRA;PROS;NÃO ELEITO;8
5;8;90321;ALINE DE OLIVEIRA;PROS;NÃO ELEITO;7
6;8;90321;ALINE DE OLIVEIRA;PROS;NÃO ELEITO;12
8;8;90321;ALINE DE OLIVEIRA;PROS;NÃO ELEITO;34
9;8;90321;ALINE DE OLIVEIRA;PROS;NÃO ELEITO;10
10;8;90321;ALINE DE OLIVEIRA;PROS;NÃO ELEITO;19
11;8;90321;ALINE DE OLIVEIRA;PROS;NÃO ELEITO;7
13;8;90321;ALINE DE OLIVEIRA;PROS;NÃO ELEITO;33
14;8;90321;ALINE DE OLIVEIRA;PROS;NÃO ELEITO;5
15;8;90321;ALINE DE OLIVEIRA;PROS;NÃO ELEITO;49
16;8;90321;ALINE DE OLIVEIRA;PROS;NÃO ELEITO;24
17;8;90321;ALINE DE OLIVEIRA;PROS;NÃO ELEITO;13
18;8;90321;ALINE DE OLIVEIRA;PROS;NÃO ELEITO;13
19;8;90321;ALINE DE OLIVEIRA;PROS;NÃO ELEITO;36
20;8;90321;ALINE DE OLIVEIRA;PROS;NÃO ELEITO;19
21;8;90321;ALINE DE OLIVEIRA;PROS;NÃO ELEITO;30
1;8;90333;ROBERTA OLIVEIRA;PROS;NÃO ELEITO;7
2;8;90333;ROBERTA OLIVEIRA;PROS;NÃO ELEITO;7
3;8;90333;ROBERTA OLIVEIRA;PROS;NÃO ELEITO;7
4;8;90333;ROBERTA OLIVEIRA;PROS;NÃO ELEITO;1
5;8;90333;ROBERTA OLIVEIRA;PROS;NÃO ELEITO;13
6;8;90333;ROBERTA OLIVEIRA;PROS;NÃO ELEITO;1
8;8;90333;ROBERTA OLIVEIRA;PROS;NÃO ELEITO;5
9;8;90333;ROBERTA OLIVEIRA;PROS;NÃO ELEITO;8
10;8;90333;ROBERTA OLIVEIRA;PROS;NÃO ELEITO;5
11;8;90333;ROBERTA OLIVEIRA;PROS;NÃO ELEITO;14
13;8;90333;ROBERTA OLIVEIRA;PROS;NÃO ELEITO;3
14;8;90333;ROBERTA OLIVEIRA;PROS;NÃO ELEITO;12
15;8;90333;ROBERTA OLIVEIRA;PROS;NÃO ELEITO;7
16;8;90333;ROBERTA OLIVEIRA;PROS;NÃO ELEITO;3
17;8;90333;ROBERTA OLIVEIRA;PROS;NÃO ELEITO;5
18;8;90333;ROBERTA OLIVEIRA;PROS;NÃO ELEITO;4
19;8;90333;ROBERTA OLIVEIRA;PROS;NÃO ELEITO;5
20;8;90333;ROBERTA OLIVEIRA;PROS;NÃO ELEITO;1
21;8;90333;ROBERTA OLIVEIRA;PROS;NÃO ELEITO;1
1;8;90391;PASTOR OMAR;PROS;NÃO ELEITO;3
2;8;90391;PASTOR OMAR;PROS;NÃO ELEITO;4
3;8;90391;PASTOR OMAR;PROS;NÃO ELEITO;42
4;8;90391;PASTOR OMAR;PROS;NÃO ELEITO;3
5;8;90391;PASTOR OMAR;PROS;NÃO ELEITO;10
6;8;90391;PASTOR OMAR;PROS;NÃO ELEITO;4
8;8;90391;PASTOR OMAR;PROS;NÃO ELEITO;35
9;8;90391;PASTOR OMAR;PROS;NÃO ELEITO;23
10;8;90391;PASTOR OMAR;PROS;NÃO ELEITO;26
11;8;90391;PASTOR OMAR;PROS;NÃO ELEITO;5
13;8;90391;PASTOR OMAR;PROS;NÃO ELEITO;70
14;8;90391;PASTOR OMAR;PROS;NÃO ELEITO;4
15;8;90391;PASTOR OMAR;PROS;NÃO ELEITO;15
16;8;90391;PASTOR OMAR;PROS;NÃO ELEITO;1069
17;8;90391;PASTOR OMAR;PROS;NÃO ELEITO;7
18;8;90391;PASTOR OMAR;PROS;NÃO ELEITO;11
19;8;90391;PASTOR OMAR;PROS;NÃO ELEITO;36
20;8;90391;PASTOR OMAR;PROS;NÃO ELEITO;22
21;8;90391;PASTOR OMAR;PROS;NÃO ELEITO;39
1;8;90444;HELENA CANTANHEDE;PROS;NÃO ELEITO;3
2;8;90444;HELENA CANTANHEDE;PROS;NÃO ELEITO;5
3;8;90444;HELENA CANTANHEDE;PROS;NÃO ELEITO;8
4;8;90444;HELENA CANTANHEDE;PROS;NÃO ELEITO;3
5;8;90444;HELENA CANTANHEDE;PROS;NÃO ELEITO;0
6;8;90444;HELENA CANTANHEDE;PROS;NÃO ELEITO;2
8;8;90444;HELENA CANTANHEDE;PROS;NÃO ELEITO;12
9;8;90444;HELENA CANTANHEDE;PROS;NÃO ELEITO;137
10;8;90444;HELENA CANTANHEDE;PROS;NÃO ELEITO;7
11;8;90444;HELENA CANTANHEDE;PROS;NÃO ELEITO;5
13;8;90444;HELENA CANTANHEDE;PROS;NÃO ELEITO;7
14;8;90444;HELENA CANTANHEDE;PROS;NÃO ELEITO;2
15;8;90444;HELENA CANTANHEDE;PROS;NÃO ELEITO;9
16;8;90444;HELENA CANTANHEDE;PROS;NÃO ELEITO;5
17;8;90444;HELENA CANTANHEDE;PROS;NÃO ELEITO;10
18;8;90444;HELENA CANTANHEDE;PROS;NÃO ELEITO;4
19;8;90444;HELENA CANTANHEDE;PROS;NÃO ELEITO;20
20;8;90444;HELENA CANTANHEDE;PROS;NÃO ELEITO;8
21;8;90444;HELENA CANTANHEDE;PROS;NÃO ELEITO;3
1;8;90500;KARINY ALVES;PROS;NÃO ELEITO;71
2;8;90500;KARINY ALVES;PROS;NÃO ELEITO;56
3;8;90500;KARINY ALVES;PROS;NÃO ELEITO;38
4;8;90500;KARINY ALVES;PROS;NÃO ELEITO;11
5;8;90500;KARINY ALVES;PROS;NÃO ELEITO;45
6;8;90500;KARINY ALVES;PROS;NÃO ELEITO;20
8;8;90500;KARINY ALVES;PROS;NÃO ELEITO;86
9;8;90500;KARINY ALVES;PROS;NÃO ELEITO;76
10;8;90500;KARINY ALVES;PROS;NÃO ELEITO;30
11;8;90500;KARINY ALVES;PROS;NÃO ELEITO;52
13;8;90500;KARINY ALVES;PROS;NÃO ELEITO;113
14;8;90500;KARINY ALVES;PROS;NÃO ELEITO;55
15;8;90500;KARINY ALVES;PROS;NÃO ELEITO;130
16;8;90500;KARINY ALVES;PROS;NÃO ELEITO;169
17;8;90500;KARINY ALVES;PROS;NÃO ELEITO;95
18;8;90500;KARINY ALVES;PROS;NÃO ELEITO;47
19;8;90500;KARINY ALVES;PROS;NÃO ELEITO;100
20;8;90500;KARINY ALVES;PROS;NÃO ELEITO;35
21;8;90500;KARINY ALVES;PROS;NÃO ELEITO;84
1;8;90555;LUCIANO VIGILANTE;PROS;NÃO ELEITO;1
2;8;90555;LUCIANO VIGILANTE;PROS;NÃO ELEITO;3
3;8;90555;LUCIANO VIGILANTE;PROS;NÃO ELEITO;3
4;8;90555;LUCIANO VIGILANTE;PROS;NÃO ELEITO;20
5;8;90555;LUCIANO VIGILANTE;PROS;NÃO ELEITO;35
6;8;90555;LUCIANO VIGILANTE;PROS;NÃO ELEITO;8
8;8;90555;LUCIANO VIGILANTE;PROS;NÃO ELEITO;3
9;8;90555;LUCIANO VIGILANTE;PROS;NÃO ELEITO;2
10;8;90555;LUCIANO VIGILANTE;PROS;NÃO ELEITO;5
11;8;90555;LUCIANO VIGILANTE;PROS;NÃO ELEITO;0
13;8;90555;LUCIANO VIGILANTE;PROS;NÃO ELEITO;1
14;8;90555;LUCIANO VIGILANTE;PROS;NÃO ELEITO;1
15;8;90555;LUCIANO VIGILANTE;PROS;NÃO ELEITO;2
16;8;90555;LUCIANO VIGILANTE;PROS;NÃO ELEITO;8
17;8;90555;LUCIANO VIGILANTE;PROS;NÃO ELEITO;4
18;8;90555;LUCIANO VIGILANTE;PROS;NÃO ELEITO;1
19;8;90555;LUCIANO VIGILANTE;PROS;NÃO ELEITO;0
20;8;90555;LUCIANO VIGILANTE;PROS;NÃO ELEITO;2
21;8;90555;LUCIANO VIGILANTE;PROS;NÃO ELEITO;4
1;8;90762;CLARA DE ÁGUAS CLARAS;PROS;NÃO ELEITO;4
2;8;90762;CLARA DE ÁGUAS CLARAS;PROS;NÃO ELEITO;0
3;8;90762;CLARA DE ÁGUAS CLARAS;PROS;NÃO ELEITO;2
4;8;90762;CLARA DE ÁGUAS CLARAS;PROS;NÃO ELEITO;2
5;8;90762;CLARA DE ÁGUAS CLARAS;PROS;NÃO ELEITO;3
6;8;90762;CLARA DE ÁGUAS CLARAS;PROS;NÃO ELEITO;0
8;8;90762;CLARA DE ÁGUAS CLARAS;PROS;NÃO ELEITO;3
9;8;90762;CLARA DE ÁGUAS CLARAS;PROS;NÃO ELEITO;5
10;8;90762;CLARA DE ÁGUAS CLARAS;PROS;NÃO ELEITO;4
11;8;90762;CLARA DE ÁGUAS CLARAS;PROS;NÃO ELEITO;0
13;8;90762;CLARA DE ÁGUAS CLARAS;PROS;NÃO ELEITO;3
14;8;90762;CLARA DE ÁGUAS CLARAS;PROS;NÃO ELEITO;6
15;8;90762;CLARA DE ÁGUAS CLARAS;PROS;NÃO ELEITO;63
16;8;90762;CLARA DE ÁGUAS CLARAS;PROS;NÃO ELEITO;4
17;8;90762;CLARA DE ÁGUAS CLARAS;PROS;NÃO ELEITO;1
18;8;90762;CLARA DE ÁGUAS CLARAS;PROS;NÃO ELEITO;2
19;8;90762;CLARA DE ÁGUAS CLARAS;PROS;NÃO ELEITO;0
20;8;90762;CLARA DE ÁGUAS CLARAS;PROS;NÃO ELEITO;0
21;8;90762;CLARA DE ÁGUAS CLARAS;PROS;NÃO ELEITO;0
1;8;90777;VIVIAN NOGUEIRA;PROS;NÃO ELEITO;9
2;8;90777;VIVIAN NOGUEIRA;PROS;NÃO ELEITO;33
3;8;90777;VIVIAN NOGUEIRA;PROS;NÃO ELEITO;14
4;8;90777;VIVIAN NOGUEIRA;PROS;NÃO ELEITO;552
5;8;90777;VIVIAN NOGUEIRA;PROS;NÃO ELEITO;12
6;8;90777;VIVIAN NOGUEIRA;PROS;NÃO ELEITO;7
8;8;90777;VIVIAN NOGUEIRA;PROS;NÃO ELEITO;22
9;8;90777;VIVIAN NOGUEIRA;PROS;NÃO ELEITO;45
10;8;90777;VIVIAN NOGUEIRA;PROS;NÃO ELEITO;25
11;8;90777;VIVIAN NOGUEIRA;PROS;NÃO ELEITO;10
13;8;90777;VIVIAN NOGUEIRA;PROS;NÃO ELEITO;13
14;8;90777;VIVIAN NOGUEIRA;PROS;NÃO ELEITO;10
15;8;90777;VIVIAN NOGUEIRA;PROS;NÃO ELEITO;37
16;8;90777;VIVIAN NOGUEIRA;PROS;NÃO ELEITO;18
17;8;90777;VIVIAN NOGUEIRA;PROS;NÃO ELEITO;59
18;8;90777;VIVIAN NOGUEIRA;PROS;NÃO ELEITO;5
19;8;90777;VIVIAN NOGUEIRA;PROS;NÃO ELEITO;24
20;8;90777;VIVIAN NOGUEIRA;PROS;NÃO ELEITO;15
21;8;90777;VIVIAN NOGUEIRA;PROS;NÃO ELEITO;42
1;8;90789;DRA. KAREN RECHMANN;PROS;NÃO ELEITO;7
2;8;90789;DRA. KAREN RECHMANN;PROS;NÃO ELEITO;3
3;8;90789;DRA. KAREN RECHMANN;PROS;NÃO ELEITO;1
4;8;90789;DRA. KAREN RECHMANN;PROS;NÃO ELEITO;4
5;8;90789;DRA. KAREN RECHMANN;PROS;NÃO ELEITO;3
6;8;90789;DRA. KAREN RECHMANN;PROS;NÃO ELEITO;1
8;8;90789;DRA. KAREN RECHMANN;PROS;NÃO ELEITO;1
9;8;90789;DRA. KAREN RECHMANN;PROS;NÃO ELEITO;5
10;8;90789;DRA. KAREN RECHMANN;PROS;NÃO ELEITO;3
11;8;90789;DRA. KAREN RECHMANN;PROS;NÃO ELEITO;6
13;8;90789;DRA. KAREN RECHMANN;PROS;NÃO ELEITO;1
14;8;90789;DRA. KAREN RECHMANN;PROS;NÃO ELEITO;3
15;8;90789;DRA. KAREN RECHMANN;PROS;NÃO ELEITO;16
16;8;90789;DRA. KAREN RECHMANN;PROS;NÃO ELEITO;11
17;8;90789;DRA. KAREN RECHMANN;PROS;NÃO ELEITO;1
18;8;90789;DRA. KAREN RECHMANN;PROS;NÃO ELEITO;2
19;8;90789;DRA. KAREN RECHMANN;PROS;NÃO ELEITO;3
20;8;90789;DRA. KAREN RECHMANN;PROS;NÃO ELEITO;5
21;8;90789;DRA. KAREN RECHMANN;PROS;NÃO ELEITO;4
1;8;90888;ANA CRISTINA;PROS;NÃO ELEITO;3
2;8;90888;ANA CRISTINA;PROS;NÃO ELEITO;2
3;8;90888;ANA CRISTINA;PROS;NÃO ELEITO;1
4;8;90888;ANA CRISTINA;PROS;NÃO ELEITO;1
5;8;90888;ANA CRISTINA;PROS;NÃO ELEITO;2
6;8;90888;ANA CRISTINA;PROS;NÃO ELEITO;3
8;8;90888;ANA CRISTINA;PROS;NÃO ELEITO;0
9;8;90888;ANA CRISTINA;PROS;NÃO ELEITO;6
10;8;90888;ANA CRISTINA;PROS;NÃO ELEITO;8
11;8;90888;ANA CRISTINA;PROS;NÃO ELEITO;4
13;8;90888;ANA CRISTINA;PROS;NÃO ELEITO;1
14;8;90888;ANA CRISTINA;PROS;NÃO ELEITO;1
15;8;90888;ANA CRISTINA;PROS;NÃO ELEITO;5
16;8;90888;ANA CRISTINA;PROS;NÃO ELEITO;1
17;8;90888;ANA CRISTINA;PROS;NÃO ELEITO;1
18;8;90888;ANA CRISTINA;PROS;NÃO ELEITO;8
19;8;90888;ANA CRISTINA;PROS;NÃO ELEITO;2
20;8;90888;ANA CRISTINA;PROS;NÃO ELEITO;0
21;8;90888;ANA CRISTINA;PROS;NÃO ELEITO;1
1;8;90901;ISMAR CARVALHO;PROS;NÃO ELEITO;2
2;8;90901;ISMAR CARVALHO;PROS;NÃO ELEITO;0
3;8;90901;ISMAR CARVALHO;PROS;NÃO ELEITO;4
4;8;90901;ISMAR CARVALHO;PROS;NÃO ELEITO;1
5;8;90901;ISMAR CARVALHO;PROS;NÃO ELEITO;0
6;8;90901;ISMAR CARVALHO;PROS;NÃO ELEITO;0
8;8;90901;ISMAR CARVALHO;PROS;NÃO ELEITO;9
9;8;90901;ISMAR CARVALHO;PROS;NÃO ELEITO;2
10;8;90901;ISMAR CARVALHO;PROS;NÃO ELEITO;0
11;8;90901;ISMAR CARVALHO;PROS;NÃO ELEITO;7
13;8;90901;ISMAR CARVALHO;PROS;NÃO ELEITO;2
14;8;90901;ISMAR CARVALHO;PROS;NÃO ELEITO;3
15;8;90901;ISMAR CARVALHO;PROS;NÃO ELEITO;12
16;8;90901;ISMAR CARVALHO;PROS;NÃO ELEITO;2
17;8;90901;ISMAR CARVALHO;PROS;NÃO ELEITO;1
18;8;90901;ISMAR CARVALHO;PROS;NÃO ELEITO;1
19;8;90901;ISMAR CARVALHO;PROS;NÃO ELEITO;6
20;8;90901;ISMAR CARVALHO;PROS;NÃO ELEITO;65
21;8;90901;ISMAR CARVALHO;PROS;NÃO ELEITO;1
1;8;90902;PROFESSOR AMILTON GOMES;PROS;NÃO ELEITO;2
2;8;90902;PROFESSOR AMILTON GOMES;PROS;NÃO ELEITO;4
3;8;90902;PROFESSOR AMILTON GOMES;PROS;NÃO ELEITO;0
4;8;90902;PROFESSOR AMILTON GOMES;PROS;NÃO ELEITO;0
5;8;90902;PROFESSOR AMILTON GOMES;PROS;NÃO ELEITO;5
6;8;90902;PROFESSOR AMILTON GOMES;PROS;NÃO ELEITO;1
8;8;90902;PROFESSOR AMILTON GOMES;PROS;NÃO ELEITO;5
9;8;90902;PROFESSOR AMILTON GOMES;PROS;NÃO ELEITO;2
10;8;90902;PROFESSOR AMILTON GOMES;PROS;NÃO ELEITO;4
11;8;90902;PROFESSOR AMILTON GOMES;PROS;NÃO ELEITO;0
13;8;90902;PROFESSOR AMILTON GOMES;PROS;NÃO ELEITO;6
14;8;90902;PROFESSOR AMILTON GOMES;PROS;NÃO ELEITO;3
15;8;90902;PROFESSOR AMILTON GOMES;PROS;NÃO ELEITO;33
16;8;90902;PROFESSOR AMILTON GOMES;PROS;NÃO ELEITO;2
17;8;90902;PROFESSOR AMILTON GOMES;PROS;NÃO ELEITO;2
18;8;90902;PROFESSOR AMILTON GOMES;PROS;NÃO ELEITO;0
19;8;90902;PROFESSOR AMILTON GOMES;PROS;NÃO ELEITO;5
20;8;90902;PROFESSOR AMILTON GOMES;PROS;NÃO ELEITO;3
21;8;90902;PROFESSOR AMILTON GOMES;PROS;NÃO ELEITO;9
1;8;90999;ANGELA TEIXEIRA;PROS;NÃO ELEITO;1
2;8;90999;ANGELA TEIXEIRA;PROS;NÃO ELEITO;4
3;8;90999;ANGELA TEIXEIRA;PROS;NÃO ELEITO;5
4;8;90999;ANGELA TEIXEIRA;PROS;NÃO ELEITO;6
5;8;90999;ANGELA TEIXEIRA;PROS;NÃO ELEITO;6
6;8;90999;ANGELA TEIXEIRA;PROS;NÃO ELEITO;3
8;8;90999;ANGELA TEIXEIRA;PROS;NÃO ELEITO;13
9;8;90999;ANGELA TEIXEIRA;PROS;NÃO ELEITO;14
10;8;90999;ANGELA TEIXEIRA;PROS;NÃO ELEITO;21
11;8;90999;ANGELA TEIXEIRA;PROS;NÃO ELEITO;1
13;8;90999;ANGELA TEIXEIRA;PROS;NÃO ELEITO;11
14;8;90999;ANGELA TEIXEIRA;PROS;NÃO ELEITO;0
15;8;90999;ANGELA TEIXEIRA;PROS;NÃO ELEITO;5
16;8;90999;ANGELA TEIXEIRA;PROS;NÃO ELEITO;8
17;8;90999;ANGELA TEIXEIRA;PROS;NÃO ELEITO;3
18;8;90999;ANGELA TEIXEIRA;PROS;NÃO ELEITO;3
19;8;90999;ANGELA TEIXEIRA;PROS;NÃO ELEITO;6
20;8;90999;ANGELA TEIXEIRA;PROS;NÃO ELEITO;0
21;8;90999;ANGELA TEIXEIRA;PROS;NÃO ELEITO;4
